packet_counter,timestamp_s,q_w,q_x,q_y,q_z,acc_x,acc_y,acc_z,gyr_x,gyr_y,gyr_z,mag_x,mag_y,mag_z
22978,0.000,0.9999974706152547,0.0012268450086931244,-0.0011133143806253203,-0.0015212315759221982,0.08361406269363902,-0.272100614050591,9.774914226051933,0.002023814310496834,-0.00036049024189014375,-0.001597436351797929,0.4796606795633977,0.6019363659433404,-1.0630014520351132
22979,0.008,0.9999974885493387,0.0012313044737790326,-0.0011133899584339964,-0.0015057048544149228,0.1493011553405764,-0.2566939399683941,9.750370597354562,0.0033538794376462545,0.0006052289092468011,0.003979341469463548,0.48535697722622706,0.608586147455265,-1.068995263240083
22980,0.017,0.9999974707514941,0.0012307382194536789,-0.0011191248545131607,-0.0015137151680929017,0.1176503176548922,-0.2829515286948711,9.75421381137581,0.0020238176474930347,-0.0003605431168851522,-0.0015974251941356541,0.48580053901730463,0.595988430256202,-1.0656646144730495
22982,0.033,0.9999974984702982,0.0012267875152432214,-0.0011156001538903304,-0.0015011601629746595,0.1148494579113609,-0.277539340197405,9.767647450440515,0.001724964871467601,0.0012078616928549554,0.0018303165766824195,0.4833871234694922,0.5995878140016919,-1.067763678279585
22983,0.042,0.9999974890842867,0.0012187134327919255,-0.0011203107783529648,-0.0015104523994325409,0.10904045569457994,-0.29958247194338455,9.791056888834298,0.0001734462689299678,-0.00033162413961364414,-0.0017935399163704828,0.48753395896098217,0.6076557673227917,-1.067471268131571
22984,0.050,0.9999974735257282,0.001220278462695074,-0.0011051534917041147,-0.0015305222617274634,0.11187484245606062,-0.27209058341223397,9.78108378664708,0.0024854361926566356,0.00473907243911585,-0.004347122724756041,0.47970607492619655,0.6084259216195809,-1.0663791106019773
22985,0.058,0.999997465641895,0.001232797342425314,-0.0011144275393426492,-0.0015188718707358695,0.12018498655847012,-0.25477585006861714,9.744263261995721,0.005281650986055219,-0.001565538989581292,0.0027008060214806966,0.48654836327207424,0.6093867729930789,-1.0668057125585206
22986,0.067,0.9999974673225657,0.0012318372584708896,-0.001111056265612599,-0.0015210126222659113,0.10872887862064841,-0.29885988760978566,9.791082436643714,0.0019464399241117766,0.0017814852158659173,-0.00012261829802392657,0.4836437417420569,0.605909526031992,-1.0686904416712129
22987,0.075,0.9999974726684527,0.0012306999411714104,-0.0011066549758880723,-0.001521627131439005,0.14264682268178083,-0.30999069970299753,9.770379767798147,0.0019464452026492795,0.001781488215623027,-0.00012261728389835263,0.48771608078229817,0.6007162572008271,-1.0628550958300365
22988,0.083,0.9999974719320802,0.0012443056534363335,-0.0011018924027856943,-0.0015144853984927493,0.13705631283042755,-0.29930470251228875,9.797242187765868,0.005473753636183011,0.0020553589797973858,0.002063294062988666,0.4780233805248509,0.6003046436266873,-1.0683467094673524
22989,0.092,0.9999974793500008,0.001243866482250023,-0.0010900812195301234,-0.0015184902876480397,0.11663254866896802,-0.2811000018953607,9.754279567829304,0.002042553157766368,0.003591886515700063,-0.0004414890709648971,0.4865393476539697,0.6035454866495278,-1.0661349021970923
22990,0.100,0.9999974756748486,0.0012424721724950114,-0.001094209256593714,-0.00151908292524463,0.1451192135834956,-0.28184711379025057,9.76042932388167,0.0018504042138325725,-2.89229773917222e-05,0.00019624165149499602,0.4862620262871658,0.6026455777580797,-1.0636677175089655
22991,0.108,0.999997496526535,0.001232501097756718,-0.001095447676152304,-0.0015125726745868777,0.08784221800128815,-0.2799688286764522,9.748144455650252,-0.00017353845489851495,0.00033178135693530695,0.0017935019706775178,0.47942301388668473,0.6094934223366661,-1.063484863467441
22992,0.117,0.999997481668344,0.0012469355302552679,-0.0010922916677588784,-0.0015128475357976726,0.1450185488314418,-0.28155875830694577,9.760439143381502,0.0056473222397621205,0.001723602915497598,0.0002698587456662098,0.48110725065569865,0.6056423990324175,-1.0616320250323574
22993,0.125,0.9999974887021362,0.0012375267362479477,-0.0010954498517977542,-0.0015136401887145782,0.10787554264160586,-0.2974141241606612,9.791135898597735,7.285838599102589e-16,-6.245004513516507e-16,-1.2197274440461925e-17,0.4896865555470586,0.5955460936207341,-1.0641328871197266
22994,0.133,0.9999974820829158,0.0012442640433273978,-0.001092185998836499,-0.0015148480329374222,0.17049923526084024,-0.30945869682966676,9.776580835245657,0.0037969305579839945,0.0017525433507419338,7.360262431071434e-05,0.48427689522075507,0.6120022001139989,-1.0612994187362184
22995,0.142,0.9999974805392043,0.0012362988904807651,-0.001089048524356028,-0.0015246158889187387,0.11068312463034008,-0.269714318480342,9.781163158105779,0.00026967157080199375,0.0014785428324383676,-0.0021124321168045075,0.4815872945647641,0.5939369729145464,-1.0610158415931044
22996,0.150,0.9999974715257385,0.0012344700358806818,-0.0011006755268423833,-0.00152365981933189,0.11069962239025505,-0.26963109454056056,9.78116526606053,0.0017543219670437503,-0.0018393019303600882,0.0005152337407023396,0.4846336404934298,0.6066111200364751,-1.0696761681802887
22997,0.158,0.9999974958183019,0.0012250756477951673,-0.0010946412968577191,-0.0015196404883563682,0.11611870667646294,-0.27995284207739535,9.75431868944644,-7.746811355075408e-05,0.0021422592677425812,0.0014745227846208492,0.48333782776913947,0.6072743731693738,-1.0640958136709464
22998,0.167,0.9999974920985272,0.0012236813825098696,-0.0010987688423301626,-0.0015202327327577838,0.1136058194491857,-0.2421143204245605,9.771184938098115,0.001850417907248557,-2.8918817079002836e-05,0.00019628965392435013,0.48603696606209856,0.6089520541678674,-1.0650890421799002
22999,0.175,0.9999974048804311,0.00122072122502577,-0.0012297010618319913,-0.0014791576634049849,0.11595955018039752,-0.27972730797926953,9.754327053170016,0.0019465338425253473,0.0017814742107166272,-0.00012268295840338572,0.48240726406916024,0.6071677238257864,-1.0675249333553811
23000,0.183,0.999997378352532,0.001227852709926329,-0.0012356222482318628,-0.0014862380178454326,0.11590476009066515,-0.27948999032355554,9.754334507326494,0.0038744363710492475,-0.00038972023231965367,-0.0014008661555799406,0.487069700843929,0.6100426601360245,-1.0692619991972316
23001,0.192,0.999997376632738,0.0012262603546736722,-0.001238844602100085,-0.0014860273337585102,0.10204608078189803,-0.2858518701430901,9.818023500261315,0.0018504274714197832,-2.889633162612797e-05,0.00019630310603011703,0.48721974598301576,0.6048874803561407,-1.0622591496262865
23003,0.208,0.9999973801334695,0.0012307714654416508,-0.0012382570312855507,-0.0014804213325887135,0.1313662785372383,-0.2982969150867156,9.748993466910202,0.002736908700918634,0.00102782028101446,0.0010316753932982712,0.48823372953145,0.6004036751600184,-1.065036914266788
23004,0.217,0.9999973809598551,0.00122926888586387,-0.0012407252160622794,-0.0014790444126827804,0.11575317705566436,-0.27866355296020556,9.754359951765881,0.0018504360946985416,-2.8901766533027553e-05,0.0001963216409836935,0.4808626202108859,0.6044222902899042,-1.061597220347707
23005,0.225,0.9999973765623692,0.0012278736043613197,-0.0012449311158039048,-0.001479642290484855,0.11274574881180528,-0.3058897627366611,9.764353295447203,0.001850438717370517,-2.8900276418745574e-05,0.00019632214462928454,0.484863310900843,0.6034693085469656,-1.0685978658124122
23006,0.233,0.9999973578532547,0.0012417932450277337,-0.0012483956937582254,-0.0014777497211398006,0.13594571827558682,-0.2960995417585168,9.797355053519757,0.005551331889398975,-8.669188848694274e-05,0.0005889694558370128,0.48189617736319723,0.5996487564837418,-1.0658313661413565
23007,0.242,0.9999973893580617,0.0012263074967005577,-0.0012298888620913494,-0.0014848637553459458,0.11554112332974951,-0.27805046406405953,9.754379962164183,-0.0015620301966186617,0.005459992963141185,-0.001153741208633882,0.48142433347001884,0.6074269811948017,-1.0670576747608467
23008,0.250,0.9999973634937389,0.001239840836993935,-0.001240956556795118,-0.0014818323435968222,0.13558191818335727,-0.29577730255201595,9.797369828364843,0.005455195010081906,-0.001897029647652819,0.0009082229829823683,0.4855931039194036,0.6051850785967404,-1.0683973431750267
23009,0.258,0.9999973450548261,0.0012392755935542387,-0.00124677045606788,-0.0014898465464508871,0.08685862725342998,-0.2766837523472485,9.748247063490638,0.0020240772546625528,-0.00036096457582249377,-0.0015970855257886932,0.48672351694115873,0.6014864114976162,-1.0616710723424443
23010,0.267,0.9999973644859972,0.0012374306905145883,-0.0012407240475926437,-0.001483371222555202,0.115417849612316,-0.27743351201912586,9.754398987695003,0.00177296163598819,0.002113581782977794,0.0016706052012209745,0.4884804074421356,0.6065042188725845,-1.065224061398325
23011,0.275,0.9999973518070702,0.0012437326900233553,-0.0012450369270814064,-0.0014830343530275259,0.1355168444873583,-0.29509433662519935,9.797391322670329,0.003700913660386337,-5.775981877789504e-05,0.00039273672538537446,0.48437179441462547,0.6034769263572217,-1.0683604279539731
23012,0.283,0.999997379377211,0.0012341608341513465,-0.0012389168627119202,-0.0014775556685060758,0.08661465052021691,-0.27616145960056093,9.74826404451546,-7.748207833883027e-05,0.0021424898100390888,0.0014742055958069818,0.480489364334281,0.6046437104279413,-1.070159006386911
23013,0.292,0.9999973889520706,0.0012319356248275373,-0.0012415139041119377,-0.0014707368506792526,0.10669505056850416,-0.29397956972835,9.791252558233843,0.0016768124900572434,0.0003032490970935322,0.001989812238348901,0.48587309037597404,0.6046132391869163,-1.0710628248416694
23014,0.300,0.9999973699800223,0.0012395253821606777,-0.001239111751775305,-0.0014792606030979809,0.12895414947379588,-0.2701947150756654,9.69073882935357,0.003970755639483607,0.0014203978805726596,-0.0017198787014465792,0.48538731017833253,0.6104697611509801,-1.0712521976320764
23015,0.308,0.999997400697889,0.0012304724673916079,-0.0012266028470295654,-0.0014764756782590291,0.1148535178628634,-0.27661049274752864,9.754429022447349,1.8696722879679884e-05,0.003952879019076088,0.0011548952281587865,0.47554233092059583,0.5991759486072488,-1.0654134365753594
23016,0.317,0.9999973749269573,0.0012375586576891101,-0.0012317931631139693,-0.0014836688870933372,0.1348908487324394,-0.2943314913826559,9.797422908358694,0.003874613616314291,-0.00038996180525590463,-0.0014005508979481073,0.48238021383071494,0.597460178557474,-1.0655122504735328
23017,0.325,0.9999973837548741,0.0012417657168669928,-0.0012403875619153976,-0.0014669492178811354,0.11778178550339602,-0.24878974426287875,9.744447279755784,0.00325738715684968,-0.0012036707704157024,0.00429896917967974,0.4824372899013848,0.6083192722759936,-1.0697590163803414
23018,0.333,0.99999739548868,0.0012331304921304946,-0.0012361251343461798,-0.0014698298193812228,0.07766266140114142,-0.2920978913756722,9.785137234672778,9.621299508891896e-05,0.0018103389222991074,-0.0003193138653092928,0.48359762638207093,0.6055281318785738,-1.065259211450375
23019,0.342,0.9999973884164048,0.0012462998687651147,-0.0012389362579235483,-0.001461141319570223,0.14027306689545227,-0.30408604206633194,9.770599690635548,0.005377744653012854,0.0002455483271734167,0.0023827155834518893,0.4834614335254112,0.6016920923745344,-1.0551257321546563
23020,0.350,0.9999973874419712,0.001244708390855481,-0.001242019269342321,-0.0014605472906950195,0.11464349323590917,-0.27551521169925625,9.75446249057026,0.0018504795441614246,-2.890833770122055e-05,0.0001964402479701504,0.4861063472327966,0.6021958751326586,-1.0702513735534085
23021,0.358,0.9999973821329223,0.001245013431953986,-0.001232835385769285,-0.0014716608874341865,0.10606499914947526,-0.29231961478014856,9.791309102769501,0.0022166334881147803,0.0032594580395562695,-0.002235689618073365,0.4779710102415571,0.6084868641016308,-1.0644500793908203
23022,0.367,0.999997396000193,0.0012281289503636747,-0.001235978432216613,-0.0014737874438835912,0.10894602964992353,-0.2649305984376406,9.781313400281185,-0.0018504798499764854,2.8887749202189707e-05,-0.0001964661657735727,0.4778262986661353,0.6028822335166291,-1.0718497747163604
23023,0.375,0.9999973686026459,0.0012416936368796418,-0.0012478973171138718,-0.0014709646435318298,0.1485260281038055,-0.28649372275600293,9.733781223785709,0.0054552231873759675,-0.0018969906397038679,0.0009087687037937259,0.48015321978255177,0.6043689656181105,-1.063315061116996
23024,0.383,0.999997427481073,0.001230966069977067,-0.0012315019193783559,-0.0014536701115369184,0.06881108179291154,-0.30801451707321803,9.822012672439937,-0.00032860297831274087,0.004617670478992377,0.004741339599158851,0.4840747970706507,0.6026227243273109,-1.064429244990354
23025,0.392,0.999997407497425,0.001238533791233215,-0.0012299248198836845,-0.0014622986748428878,0.13970887440741456,-0.3031119182960601,9.770638042540416,0.003970961110860415,0.0014201394558685106,-0.001719810557373893,0.48158882339590525,0.6132299266667682,-1.0611295948331432
23026,0.400,0.9999973999647054,0.001236379048111,-0.0012406095262480973,-0.0014602461031371801,0.10867326795110101,-0.26419668358616755,9.78133628543385,0.001754224547471132,-0.0018392242682885225,0.0005159363727211413,0.4834251411868847,0.6041404313104236,-1.0705924004425305
23027,0.408,0.9999974085382668,0.0012358541173049914,-0.0012298166499846931,-0.0014639441107121675,0.0769586964667382,-0.29050923254416633,9.785190091202377,0.002043028207940183,0.003591734660510608,-0.0004424084466072067,0.4833936787444173,0.6073888921435203,-1.068251425907186
23028,0.417,0.999997405089896,0.0012408337381385603,-0.0012391422856301312,-0.0014541910139195867,0.11094021457808342,-0.3015971195823529,9.764507508372384,0.003430979691440468,-0.001535711688779237,0.0025058673435366255,0.47800205980671806,0.6120786300368645,-1.066760333639224
23029,0.425,0.9999974191156618,0.001247175930380308,-0.001226847045080959,-0.0014495380445253506,0.1424829360877442,-0.2748417926907926,9.760667937407124,0.0037198569676454313,0.0038952335243152498,0.0015474047205859742,0.4908199224272036,0.6017766437482627,-1.0757934122060957
23030,0.433,0.9999974324022083,0.0012367545395710004,-0.001235949205118909,-0.0014415466562459056,0.11073617905613896,-0.30116939000621235,9.76452302601446,-0.00027005241625863076,-0.0014778492288764775,0.002112875245496336,0.4754793036623674,0.6054288485249397,-1.0607238703823263
23031,0.442,0.9999974059895889,0.0012438875593847505,-0.0012418714768492789,-0.0014486245434653386,0.13400237902509143,-0.2915211502855027,9.797519124476098,0.0038747387244427436,-0.0003903237152297876,-0.0014003089062948313,0.476764766531604,0.6035683400802965,-1.0655341401422005
23032,0.450,0.9999974515659735,0.001232134228097031,-0.0012405183652518432,-0.0014282230175414413,0.11621980107072788,-0.31129629246656493,9.737690720421144,-0.0005211845926742719,0.0009974631424624926,0.005380072696763892,0.48313910793772546,0.6059476150832731,-1.067477004962445
23033,0.458,0.9999974684956026,0.0012239123316374377,-0.001229618672019543,-0.0014328569057724496,0.11360389197746895,-0.27353320758135813,9.754530433994585,0.0001927057989374884,0.0036206045534909904,-0.0006390757425269746,0.4725857486004593,0.6048570091151158,-1.0634320041008969
23034,0.467,0.9999974348029257,0.0012385948324638498,-0.001234984426275245,-0.0014391260808129147,0.10803693176332924,-0.26288327990552113,9.781378722494695,0.005725272522101872,-0.0004193454106153351,-0.0012036723619590912,0.4796639588929263,0.6019287481330841,-1.0632454517476952
23035,0.475,0.999997442288896,0.0012445021307569885,-0.0012301879937475142,-0.001432922751939302,0.13659742729523902,-0.26340844836619004,9.787542805000612,0.003623622076041098,0.0020849614555553944,0.0018668864295561922,0.4789826358201056,0.6062068724522883,-1.0670523984198386
23036,0.483,0.9999974527451765,0.001242182403259083,-0.0012320228198884856,-0.001426045513693018,0.13347905568374133,-0.29056439563720426,9.797554688791381,0.0016767529984885933,0.00030361878470510484,0.0019899184587440985,0.48145220946307676,0.6034540729264531,-1.0691317982165758
23037,0.492,0.9999974554601704,0.001239521930316676,-0.0012421171145850882,-0.0014176754361171302,0.1133499769652248,-0.272568184020354,9.754560400691307,0.0015803784626545131,-0.0015066671786603582,0.0023095388967411625,0.4819107245232905,0.6108509034840949,-1.0669137529069426
23038,0.500,0.9999974492758258,0.0012542339835667077,-0.0012307140487325555,-0.0014190425951392189,0.1418940076136828,-0.27317827155397667,9.76072321674804,0.005744364511388075,0.003533665729979672,-4.955467639105384e-05,0.48658330979065734,0.6066187378467313,-1.0694059210511357
23039,0.508,0.9999974229281133,0.0012613673988995525,-0.0012366370047606737,-0.0014261200284883,0.1101214402116671,-0.29924890229439904,9.764589023537573,0.0038748264355718417,-0.00039055453708767673,-0.001400130293669531,0.4890092250326901,0.6093410661315416,-1.0682369015632993
23040,0.517,0.9999974157617799,0.0012593652052373958,-0.0012471786217427942,-0.0014237326037558659,0.11866976439972968,-0.28206394904423504,9.727749237202666,0.0017541407162376132,-0.001839219426703889,0.0005162997070645971,0.4731196916239598,0.6042623162745234,-1.0668262039782144
23041,0.525,0.9999974250071695,0.001257139895331187,-0.0012497734693379336,-0.0014169137550935624,0.10785118400905876,-0.26109874162414537,9.78142856963186,0.0016767801374711142,0.00030373003922216446,0.0019899052097369094,0.47822056475686026,0.5979710754852481,-1.0648512613406882
23042,0.533,0.9999974131311935,0.0012570647848628288,-0.0012475634766055828,-0.0014272716699898422,0.11020122532905548,-0.29872656967483635,9.764604116775777,0.002120701720249245,0.0014486228042913602,-0.0019164617541275791,0.4774787805264158,0.5989700159100273,-1.0641595734735336
23043,0.542,0.9999973866051077,0.001264198404363192,-0.0012534865097108354,-0.001434348953099073,0.13879124267166096,-0.29938674347174365,9.770765974597825,0.003874853689024153,-0.0003905801424709086,-0.0014001171435149087,0.48798684349004523,0.6016314017127877,-1.064834281092999
23044,0.550,0.9999974060918962,0.0012543339384363745,-0.001254990061928629,-0.001428095163094768,0.10774209922258088,-0.2605474963923999,9.781444470745202,-0.0001737703647633707,0.00033273022482478546,0.0017933095856169378,0.4881861775612211,0.6044222902899042,-1.0614987925355663
23045,0.558,0.9999973913440022,0.0012687698563908457,-0.0012519106490132843,-0.0014283724896750052,0.10463843916629131,-0.2876931373801986,9.791461482019722,0.005648044623613703,0.0017234586099505276,0.0002700280845303944,0.4763099369099617,0.6049562924687503,-1.06802640185623
23046,0.567,0.9999973892554201,0.0012672383112851523,-0.001255164548385639,-0.0014283386723937645,0.11544810196914435,-0.3082207036069212,9.737797734857631,0.0018505516082227079,-2.8929641210594035e-05,0.0001966150171383501,0.47871402633565696,0.6025998708965422,-1.0652334245236703
23047,0.575,0.999997407041804,0.001257315417241543,-0.001257651735977977,-0.0014224555253313537,0.1130115746673724,-0.27036933918212547,9.754625520490334,-0.00017377975742481107,0.0003327880811913587,0.0017932984655099988,0.4759875239161082,0.6061152069089102,-1.0622041581707091
23048,0.583,0.9999973798244859,0.0012707281274538529,-0.0012688794024479817,-0.0014196968870330612,0.1302251742501732,-0.31537866775048773,9.807645065126161,0.005455247850670018,-0.0018970755008607398,0.0009096821226628975,0.4916500553913238,0.605047706191825,-1.0648917068997492
23049,0.592,0.9999973684962299,0.0012705999369551021,-0.001267196822867503,-0.0014292615673831418,0.11853080044650237,-0.28026590763492165,9.727802900793245,0.0021207530221386502,0.001448476297671812,-0.0019165549764149905,0.490996915431442,0.6060849874881886,-1.070795628394655
23050,0.600,0.999997390844791,0.0012605849477033487,-0.0012682727500035805,-0.0014215180025803423,0.11000106111589217,-0.2971351362687366,9.764654930139496,-0.00017377773713941373,0.00033284399737970545,0.001793288296851594,0.4775407772834442,0.605909526031992,-1.068772464847997
23051,0.608,0.9999973709679504,0.0012681544455716263,-0.0012666971532858352,-0.00143014677962624,0.10448994910603214,-0.2865616677940889,9.79149624673001,0.003971338722758562,0.0014195302020798117,-0.0017199293716746275,0.48381192387477806,0.6048646269253721,-1.063037081743032
23052,0.617,0.9999973612968902,0.0012678849864626032,-0.0012641886517146855,-0.0014393380323372864,0.1499222724172312,-0.2533227896194205,9.723961015741615,0.002120783191048106,0.0014484542508913685,-0.001916559389713231,0.48239404437775263,0.6069541733183086,-1.0665413173827083
23053,0.625,0.9999973478403336,0.0012758900897259645,-0.0012551142023169814,-0.0014495189260693444,0.10720881750083668,-0.2586911420945005,9.781499602274836,0.004067778035763974,0.003229804388787737,-0.002039837963871908,0.4784394724319133,0.6004722354523245,-1.0629721539364037
23054,0.633,0.9999973435607553,0.0012808336713811851,-0.001264471449027918,-0.0014399473925567883,0.10956250556142895,-0.29617265458227277,9.764689101598002,0.0034309099622438916,-0.001535076771006264,0.0025065655269013287,0.4720187051617931,0.6047958148127628,-1.0575749557307257
23055,0.642,0.9999973166755274,0.0012879678628209973,-0.0012703945607504498,-0.0014470239076621685,0.1497446056909827,-0.25247073030034917,9.723985913574088,0.003874982687350457,-0.0003907190664765488,-0.0013999437612011642,0.4812068624052086,0.6005258119444211,-1.069043673675515
23056,0.650,0.9999973776103456,0.0012707359563927706,-0.0012480097107592475,-0.0014396090868074563,0.10940489731878841,-0.2957963913968519,9.764702274713693,-0.0019089859053467509,0.006125501504986397,0.0024298329083995477,0.484550428775694,0.6038733043108491,-1.0634847698976047
23057,0.658,0.999997359483902,0.0012701724942589798,-0.001253825998561088,-0.0014476212985195035,0.10916936880292871,-0.29579207383542566,9.764705040481948,0.0020244374143516134,-0.00036185215376115796,-0.0015965533527981966,0.48505967276237133,0.6069998801798461,-1.0650412289094309
23058,0.667,0.9999973649328949,0.001269030784459072,-0.0012494094622293502,-0.0014486766825721467,0.1175743817655511,-0.27868696918126484,9.727859869699437,0.001947011221882348,0.0017813526995480056,-0.00012330392550470852,0.48362242779218767,0.6020508849174869,-1.0671045694382109
23059,0.675,0.9999973861020517,0.0012741073876254472,-0.0012429989043057468,-0.001435058588681325,0.10651493319001529,-0.25762345002607123,9.781535361534212,0.0034498576737014603,0.002418455045832061,0.0036599205599743504,0.4838849972523111,0.5912606033115768,-1.068474133116063
23060,0.683,0.9999974027164885,0.0012726344211385645,-0.0012371391358284684,-0.0014298421822085793,0.10874752360775705,-0.2952016468978348,9.764727615008624,0.0017731721770797458,0.0021143459626831755,0.0016699393770748282,0.4867043528304561,0.6027522271016668,-1.0602451596786737
23061,0.692,0.9999973688750855,0.0012810357771121331,-0.0012371757121776952,-0.0014458860609721216,0.1318042363432396,-0.2854397584813671,9.797728002065766,0.004145450891178997,0.001086349520081147,-0.0035130318030637472,0.48048434465876044,0.6005029585136525,-1.0697855155944753
23062,0.700,0.9999974112095491,0.0012625895984027754,-0.0012369207089337824,-0.001432992974934828,0.12871189577378778,-0.312724651358251,9.807750024781805,-0.0021984046363962336,0.0006949942174232964,0.0033897075110342874,0.4870011420437118,0.6109346993969134,-1.0641608566000411
23063,0.708,0.9999973846674813,0.0012697241710870849,-0.001242844166690321,-0.0014400684373777474,0.1371603012112312,-0.2957178703366215,9.770900734042009,0.0038750836711631304,-0.00039085154034551345,-0.0013996992423674602,0.4808527822223005,0.6044451437206729,-1.060865221209961
23064,0.717,0.9999973861414095,0.001284690027863615,-0.0012236544760570276,-0.0014422037318688324,0.11135307692509934,-0.26705332176690233,9.754735941612172,0.005841231364228927,0.005344007333394012,-0.00036999362909859146,0.4780378286957822,0.6034464551161969,-1.0694217309081568
23065,0.725,0.9999973905475958,0.0012755978454827889,-0.0012277517468334625,-0.0014437360505704456,0.10811609078931682,-0.29417946415066026,9.76476547496306,1.040834085586084e-15,-4.163336342344338e-16,-9.735457882562026e-16,0.4804731724332259,0.6051698429762279,-1.0689542420686895
23066,0.733,0.9999973710200951,0.0012831596879729682,-0.0012255342463802906,-0.0014524186464484569,0.10261554995081527,-0.2835899792896289,9.791602589014536,0.003971636110729717,0.0014193529651482166,-0.0017197384573494014,0.48545834428885487,0.604765343571738,-1.0583705035921287
23067,0.742,0.999997386951514,0.0012813698463885524,-0.0012206275382262632,-0.0014471523325880896,0.1450097296993418,-0.27775109618760246,9.73408763262724,0.0017731210992186378,0.002114502715089862,0.001669869066891098,0.48633816747937647,0.6041785203617048,-1.0693330307547635
23068,0.750,0.9999973786054062,0.0012810872609370122,-0.0012177520744275471,-0.001455567803607527,0.10777207869754211,-0.293624788026735,9.76478597275733,0.0021210784718219077,0.0014481878296029986,-0.0019165512823132332,0.4809715580825131,0.598062741028626,-1.0697027825168892
23070,0.767,0.9999973913757568,0.0012714724069242188,-0.001211055863187981,-0.0014608022782795903,0.1233936907422187,-0.28022417380596937,9.762863102708222,0.0010217940866230596,0.0017957883002049947,-0.00022176974013841705,0.47874589488716723,0.6081438108197971,-1.0676046157508288
23071,0.775,0.9999973941977399,0.0012769261259012214,-0.001212601713233602,-0.0014528091700072247,0.09894309731118658,-0.3101619304416632,9.801655274829859,0.0035271912826039336,0.0002755099043460187,0.0021869643441925282,0.4818789583450738,0.6055509853093427,-1.0645501788021283
23072,0.783,0.9999973663712183,0.0012904914406802403,-0.001224518101509631,-0.0014499785819035852,0.1360998427998582,-0.2937673525508841,9.770974401089623,0.0054553180947200025,-0.0018967527873951838,0.0009108923805254873,0.4824277590326803,0.6090741909522703,-1.0690498686096281
23073,0.792,0.9999973773132936,0.001289753794866342,-0.0012128377882853097,-0.001452902674775241,0.1336047185047909,-0.25566907538574063,9.787789338269764,0.0020436531473584634,0.0035915458854385907,-0.0004436835612861219,0.4941162473314729,0.6020585027277433,-1.0667194898615602
23074,0.800,0.9999973505800585,0.0012968887410521794,-0.0012187612972992473,-0.001459977177024679,0.13590222074126043,-0.2932202991369165,9.77099358326158,0.0038752638189831416,-0.00039095611069560674,-0.0013993823468528412,0.4779013253351098,0.6066946641289904,-1.059265148447842
23075,0.808,0.9999973699589567,0.0012949227862433855,-0.0012126264547538713,-0.0014535429916717071,0.10720466226032849,-0.2920880858019184,9.764838305986238,0.0017731081483495117,0.0021146678505707833,0.0016697581995215082,0.4781882799439119,0.6070836760926646,-1.0624490980290262
23076,0.817,0.9999973720630244,0.0012939644606783755,-0.0012093316190610666,-0.0014556922939696361,0.13022364092528316,-0.28240701121554085,9.797837021088865,0.0019471537615398274,0.0017813556885037582,-0.00012341623710695934,0.4815598246807489,0.6067022819392466,-1.0589719348291895
23077,0.825,0.9999974066500982,0.0012828489700790625,-0.0012092916284995733,-0.0014417369230566995,0.1099623413782,-0.26451258777061293,9.754820942245559,-0.0003480998145425775,0.0006666636690791568,0.0035863444049618266,0.48647376106340007,0.6036978428546524,-1.061254907945451
23078,0.833,0.9999973863356135,0.0012904200868690905,-0.0012077167640446138,-0.0014503648365011487,0.140927968854969,-0.30306388312070814,9.744188643262591,0.0039718608382259355,0.0014191395482913121,-0.001719643225135161,0.4843290607574617,0.60333193614205,-1.065180814568062
23079,0.842,0.999997434890705,0.001278709223420664,-0.0012057973620156043,-0.001428694317975306,0.10675043800744839,-0.2915885568257993,9.764858211243482,-0.0005221770843539292,0.0010000873803801093,0.005379499197633339,0.4817131341822383,0.6043920708691825,-1.070378984341792
23080,0.850,0.9999974196411227,0.0012931468299099908,-0.0012027163102632447,-0.0014289702060091532,0.12678791805404074,-0.3092122682557398,9.807886450278376,0.005648483349940147,0.001723544333402442,0.00027050194095764094,0.4824242749565644,0.6085937652655211,-1.0687906346523575
23081,0.858,0.999997388746257,0.001299750869976359,-0.001215348674906265,-0.0014339023475283606,0.1383031902370578,-0.2645418492225975,9.761012642885555,0.00377873670403431,-0.0022013307733794174,-0.0010788047039352482,0.47844541346707664,0.606809183103137,-1.0634141988299386
23082,0.867,0.999997390905522,0.0012987927147235226,-0.0012120538242349997,-0.001436051935046871,0.13832159739150904,-0.2643082759118752,9.761018709188551,0.0019472296758891157,0.0017813122159013653,-0.00012348292707736633,0.4813604906095731,0.6039113933621302,-1.062307423386622
23083,0.875,0.9999973861533125,0.0013053054324236675,-0.0012080186487211898,-0.0014368560175457715,0.13515458807931255,-0.2914343959269629,9.771057383566252,0.003797878962020985,0.0017524607032937043,7.348909392541133e-05,0.4858452177670478,0.6007698336929238,-1.0689889531835033
23084,0.883,0.9999973820298392,0.0013039110723704836,-0.0012122221689962103,-0.0014374514934574274,0.143556111853025,-0.2742827096282546,9.734207526470088,0.001850645165098187,-2.88504794345007e-05,0.00019698547782101713,0.4843350017926249,0.6096688837928628,-1.0656228594615968
23085,0.892,0.9999974180992073,0.0012866308882171552,-0.0012060567595935778,-0.0014331095453763811,0.1349950261444164,-0.291208564366635,9.771066322199635,-0.0019281243582680045,0.002172506300613303,0.0012756617945665705,0.4881893511333242,0.6119869644934863,-1.0617349233282412
23086,0.900,0.9999973702868964,0.0012958659518040585,-0.0012077093500190053,-0.0014565674900641726,0.10080517689284058,-0.2797683862114816,9.791731330871823,0.004320195560026732,0.000752019071098208,-0.005305898430140511,0.48650706284102135,0.6126580872569444,-1.0637327388854303
23087,0.908,0.999997347780071,0.001308873264251506,-0.0012183086145851308,-0.0014515535545415233,0.11175563641746487,-0.300245488869132,9.738089973492867,0.005455376691836979,-0.0018966038783198972,0.0009115396632812529,0.48054881672609406,0.6026300903172639,-1.0564155703318003
23088,0.917,0.9999973662145499,0.001298948954131993,-0.0012207911911979073,-0.0014456709327121456,0.12652105346139159,-0.30741430993117624,9.807946414531111,-0.00017409689235125885,0.0003335442225592185,0.0017931284595109995,0.4839985385380205,0.603698346495259,-1.0769222139931773
23089,0.925,0.9999973334560004,0.0013073444027398543,-0.0012199510720190341,-0.001461386630293233,0.13493745211157326,-0.29033227735763667,9.77109319452444,0.004146109114729014,0.0010854185765642116,-0.0035128076499918045,0.4899729949052607,0.6025313106042361,-1.0672784992916262
23090,0.933,0.9999973431451116,0.0013051180510392237,-0.001222540146588477,-0.001454567008068607,0.13245601972002233,-0.25229527363209675,9.787892496198829,0.0016765498573333426,0.00030477826325684136,0.001990130742914769,0.4797814995053516,0.6082507119836875,-1.071991103991365
23091,0.942,0.9999973426655813,0.0012972610576022817,-0.0012197913755255358,-0.0014642009851134105,0.11163362058277501,-0.29955445830158783,9.738112653482231,0.00027070025820737586,0.0014765661606932943,-0.002113712307810027,0.4775555325742565,0.6097834027670095,-1.0698703376558347
23092,0.950,0.9999973360073598,0.0013040009671741308,-0.001216602605616083,-0.0014654138531819984,0.14013145519612294,-0.3002894122060452,9.744286026648552,0.003797906658908902,0.0017525770738787566,7.345373455945688e-05,0.48257329636271484,0.6009983680006108,-1.0617116138579688
23093,0.958,0.9999973484455934,0.001295202331224778,-0.0012124330973280085,-0.0014681821033211743,0.14301000453452878,-0.272773004015172,9.734257986987663,9.658254681116696e-05,0.0018101497327094869,-0.0003206218081709322,0.4764577264524565,0.602248947984149,-1.0608557237961467
23094,0.967,0.9999973452412483,0.0012873781316781218,-0.0012106448990909836,-0.0014786841886879874,0.12048090414598249,-0.2961481667694629,9.83480453728657,0.0002707404337202931,0.0014765379944223114,-0.0021137302717858892,0.4886996256212015,0.6019211303228278,-1.0633680571586368
23095,0.975,0.9999973584435972,0.00130650083312259,-0.0012092977954317019,-0.001453877657631692,0.13430462634284474,-0.2893843456718341,9.771130034293352,0.006880175939769865,0.0008857976782919842,0.0061675838239812,0.48081691772820623,0.5972006693681557,-1.05819671041381
23096,0.983,0.9999973480104903,0.001304669963239964,-0.001220998856458243,-0.0014529177767280232,0.13190870079145836,-0.25123558686098313,9.787927145004334,0.001754055035901869,-0.0018389402626030902,0.0005177481232439905,0.484072746220646,0.6055586031195989,-1.064276650745904
23097,0.992,0.9999973568749507,0.0013105040281986102,-0.001215155290441219,-0.0014464508027145378,0.1111470172738967,-0.29836162943567873,9.738154839485107,0.0036238345955092333,0.002086224245087404,0.0018665307991743698,0.4764558837331709,0.5978565565111014,-1.0607186155939483
23098,1.000,0.9999973601322882,0.0013078411843147754,-0.0012252418622801823,-0.001438075891768895,0.12884324222315646,-0.27816447970556696,9.79797663542014,0.001579888496088639,-0.0015052243290524015,0.0023108842552853922,0.49069069433864376,0.6067177693800623,-1.0661781490273554
23099,1.008,0.9999973691942965,0.0013136915785218048,-0.0012193915229610705,-0.0014313990487472596,0.11411480698838715,-0.27058663892302376,9.728129753144467,0.0036238876048022353,0.0020862136730934993,0.0018664984050387277,0.49020061446266916,0.6023253779070146,-1.0660476026793
23100,1.017,0.9999973438977983,0.0013143979620202782,-0.0012193250986281023,-0.0014483789732463225,0.13111177316886788,-0.31551420651201273,9.781207770292792,0.0022956665685264057,0.0011137719711119534,-0.0037098370471069226,0.4784580189187223,0.6055586031195987,-1.0643521120685453
23101,1.025,0.9999973395952448,0.0013210472812212638,-0.0012150926474672518,-0.0014488569190990869,0.1108501418958646,-0.2974532267257822,9.738186012962935,0.00379803290622787,0.0017525244272679373,7.341888009560648e-05,0.48448359535434293,0.6117662998163589,-1.0766790177512333
23102,1.033,0.9999973354588909,0.0013196529817990482,-0.00121929508363346,-0.00144945183616409,0.1083534173869506,-0.2594207817913703,9.754975686144848,0.00185069462169763,-2.879543769853946e-05,0.00019710893951693122,0.48136028586298574,0.6034233498651249,-1.0622921891419335
23103,1.042,0.9999973386957033,0.0013249748483010896,-0.0012211542556055965,-0.001440772516990639,0.09986403133870118,-0.2761107791842798,9.791844795466691,0.003527217291489938,0.0002762298185518053,0.002187290288294002,0.4818723963018851,0.6133825346921962,-1.064061927579401
23104,1.050,0.9999972951730278,0.001341077943714891,-0.001221301438380567,-0.0014558775271819588,0.14236523647742771,-0.27016580356305586,9.734340148523813,0.005997147197965047,0.0010560161906100064,-0.003315627920390034,0.48868578830590026,0.6080597630866752,-1.062338486654335
23105,1.058,0.9999973199471424,0.0013242486636548113,-0.0012166263885198618,-0.001458178398006993,0.10514937329599536,-0.28599656740992474,9.765040962714606,-0.0017540551002797476,0.0018388794882658603,-0.0005180045871299682,0.48408156047629497,0.6030955322038039,-1.0649324786602068
23106,1.067,0.9999973296636655,0.0013220220115897042,-0.0012192135703128699,-0.001451358539087169,0.09658289957578252,-0.30290589808377344,9.801905735177993,0.0016764971495757048,0.0003051028184957822,0.0019901941740623603,0.4812917304469004,0.5964990753636727,-1.0571912983423057
23107,1.075,0.9999973115021863,0.0013278899053538909,-0.0012299696095772893,-0.001449438359452702,0.12829442295451773,-0.2762372374631836,9.798038362006373,0.0036047520365335,-0.0018676687684492457,0.0007151605880779581,0.480477069386648,0.5988100418946465,-1.0692441963129007
23108,1.083,0.999997321132736,0.0013256633277839505,-0.0012325566048869922,-0.0014426185597694859,0.1338068017683914,-0.2864739584284013,9.771222623888812,0.0016765240288878157,0.0003051336596127348,0.0019901785530286233,0.48412901007323017,0.5988328953254152,-1.068462983269084
23109,1.092,0.9999973098096002,0.0013257981104602564,-0.001230071146975683,-0.0014524317217064102,0.0996578090326832,-0.2749671589341235,9.791879077326811,0.0021215906233164757,0.001447377706577857,-0.0019168396735677101,0.4831983406158254,0.6062985379956664,-1.071884234033611
23110,1.100,0.9999973443506577,0.0013300419816461434,-0.0012220359623153726,-0.001431400735676401,0.1188653032280933,-0.27875023426823115,9.701380898386363,0.0032755115346361175,0.002754383293713828,0.005452485454285815,0.48033287787655676,0.6072055610567644,-1.0585155742840708
23111,1.108,0.999997361556911,0.001329727055876372,-0.0012028619653425064,-0.0014359067749181462,0.13624966250893908,-0.2585298008682563,9.761202608099417,0.002140894256976807,0.0054014746614204,-0.0007657098533193343,0.48789143242970656,0.6089365667270514,-1.0577351862635225
23112,1.117,0.9999973527338761,0.0013214669239029096,-0.0012085728609867274,-0.0014448536425823418,0.10439398003497109,-0.2848867737577858,9.765081507617813,0.00017425247979949794,-0.00033398980407736364,-0.0017930325765556524,0.4828878130764303,0.6123150339751107,-1.0669463319327233
23113,1.125,0.9999973289189503,0.0013345420715668548,-0.0012192982684356383,-0.0014403000230829588,0.10751272663982758,-0.2573037354033252,9.7550410588631,0.005455451952828627,-0.0018964556431809395,0.0009125880818468106,0.49044729237335477,0.6084259216195808,-1.066234749810837
23114,1.133,0.9999973373708997,0.001334021386031202,-0.0012085039926517482,-0.0014440069779871746,0.13304146657807298,-0.28525323855153506,9.771268787652248,0.002044169728571516,0.0035913894929527675,-0.00044483737316451,0.4808242919894806,0.6069539214980054,-1.0587453950201657
23115,1.142,0.9999973142923406,0.001340820507143045,-0.0012132357207860656,-0.0014497129229861425,0.10428824997797506,-0.2841107210254043,9.765105247503682,0.0038757270758766555,-0.0003916029643589823,-0.0013985789213053483,0.47672899764253984,0.6122005150009641,-1.0628727428732676
23116,1.150,0.9999972963279679,0.0013402585791477324,-0.001219052998807,-0.0014577220179411367,0.13294765179539345,-0.2847692981898981,9.771284179890351,0.0020250030062161166,-0.0003628341653569681,-0.0015957958824934703,0.4765668656865392,0.6041937559822174,-1.068976268412454
23117,1.158,0.9999973089469157,0.001331336656304512,-0.0012151146186157524,-0.0014605266510503698,0.127436722005524,-0.27422608654899644,9.798106048708528,9.670226765721751e-05,0.001810081024123999,-0.0003210727183116781,0.4797236010642008,0.6032557580394878,-1.0676831493082386
23118,1.167,0.999997303357618,0.0013363711380405385,-0.0012253050155012245,-0.00145121235294147,0.13287714747602544,-0.2845394594882475,9.771291834773157,0.003430490752504259,-0.0015334835082303014,0.002508545820190582,0.4869422198696246,0.6034995279676872,-1.0597767306934711
23119,1.175,0.999997278318751,0.0013434189415456577,-0.0012302144238123802,-0.0014577904888620737,0.13295420984419087,-0.284242609518155,9.771299426308989,0.0038757544610932533,-0.00039162851379842285,-0.0013985657290249806,0.4887001374876698,0.603141239065341,-1.0634061427703585
23120,1.183,0.999997326323114,0.0013253996172344945,-0.0012234729899327917,-0.001446988707994022,0.10424100357775862,-0.2832713886843619,9.765130135692406,-0.0021025667701313395,0.0025070975961813493,0.0030676576469597597,0.48459059971638496,0.6057340645757955,-1.0664737034273444
23121,1.192,0.999997310669881,0.0013478688663708274,-0.0012118139660045194,-0.0014468619273166163,0.12716287164654952,-0.27349146607441277,9.798130141285705,0.007596466190907456,0.0035050854579795703,0.0001467312790154061,0.4823983508243494,0.6015704592307379,-1.066861740116297
23122,1.200,0.9999973036660064,0.0013546098698181545,-0.0012086238922646999,-0.0014480749652798284,0.1354311167219937,-0.2561342051678011,9.761277152992406,0.0037982531120729175,0.001752554078003981,7.336947293981265e-05,0.48023551014064464,0.6049105856072128,-1.0694379052985807
23123,1.208,0.9999972931205459,0.0013545204666989912,-0.0012061854856959017,-0.0014574438104695236,0.10062254395945422,-0.30969525043978813,9.775215659354428,0.0021218256487092785,0.0014470971455276245,-0.00191689499677845,0.488483993891545,0.6072286663078363,-1.0654909124779401
23124,1.217,0.9999972798573886,0.001360824545345479,-0.0012104932634248106,-0.0014571000101988763,0.13222032606230166,-0.28300566497028634,9.771345288116827,0.0037015157505728823,-5.746548455568084e-05,0.00039458934309252936,0.4822940299033317,0.5954620458876122,-1.0590997038452996
23125,1.225,0.9999972716832427,0.0013589562170030663,-0.0012210205035236353,-0.0014556692622990914,0.10912734897324952,-0.2923459794733561,9.738360131099897,0.0017540172361348028,-0.0018387865793725716,0.0005185322363502647,0.48212574201318503,0.6040792370080706,-1.0647451948535729
23126,1.233,0.9999972801075518,0.0013584360290218025,-0.0012102257483689075,-0.0014593775013834111,0.11828552832633502,-0.2890569430446474,9.835042160428253,0.0020442606681509317,0.003591376993479025,-0.0004452190816229607,0.4833926550114809,0.6049486746584939,-1.0681752546837426
23127,1.242,0.9999972779450946,0.0013736732946607376,-0.0011912514831035068,-0.0014622051786780655,0.10323771265112436,-0.2814090920953969,9.765194640118867,0.0058425714461203294,0.00534399618105064,-0.00037185689293029134,0.4808523727291259,0.6034690567266623,-1.0608347527205837
23128,1.250,0.9999972678620368,0.00137184187367261,-0.00120295040206751,-0.0014612421652514273,0.14020481609332305,-0.265112002988811,9.734510453406411,0.0017540070156114168,-0.0018387619630040439,0.0005186585059360447,0.4750585981888273,0.6099129055413655,-1.065755151812653
23129,1.258,0.9999972747535936,0.0013624803941615568,-0.0012063571296687973,-0.001462475653493886,0.10014087010366296,-0.3083787838248859,9.77526222459555,8.326672684688674e-16,1.0408340855860845e-15,2.693564772268675e-16,0.48106676921099495,0.6108658872843041,-1.0586199883380216
23130,1.267,0.9999972597953297,0.0013752131325082016,-0.0012166523019056306,-0.0014522216940041624,0.1348824599592918,-0.2543644167143051,9.76133102851295,0.005281198968032571,-0.0015618398099375142,0.0027062970363759854,0.47048869925391146,0.6085328227834714,-1.0709033977795108
23131,1.275,0.9999972575344568,0.0013734510572298915,-0.00122032956833839,-0.0014523606657553434,0.10329083007473241,-0.2805262587818405,9.765219477906795,0.0018507823506981557,-2.8725801983636093e-05,0.00019733050195129044,0.4787657756109253,0.6085861474552651,-1.0690838482710099
23132,1.283,0.9999972659694369,0.0013729310802989396,-0.0012095349371405778,-0.001456069756466446,0.12631372321546305,-0.2708011143584788,9.798215848502073,0.002044350217204007,0.003591346557947639,-0.00044541544888809835,0.4777689087073209,0.6069237020772839,-1.0675796538473925
23133,1.292,0.9999972618555313,0.0013777918639854927,-0.0012191379035597079,-0.0014462620065666559,0.10851697414061688,-0.2906118627931115,9.738418855674352,0.0034304099813687507,-0.0015330532902521612,0.0025090478926689153,0.4851350973415263,0.6068246705439527,-1.0706532222988185
23134,1.300,0.999997271933193,0.001370843566169747,-0.0012023560267102494,-0.0014598815273488828,0.13153957585840337,-0.2808860333242333,9.771415636610179,0.0004647766537497535,0.005095646971560706,-0.0027571766251274716,0.47676753399466426,0.602340613527527,-1.0657400542430608
23135,1.308,0.9999973032778919,0.0013681948096122573,-0.0011950685750890392,-0.0014468210005617686,0.10503595163126243,-0.3177188846079374,9.748489983285852,0.001598778460642814,0.0024502111347215376,0.003461842562415506,0.47706801541475485,0.603675241244187,-1.0699304711639508
23136,1.317,0.9999973054056686,0.001367237780906989,-0.0011917719266291422,-0.0014489727145883505,0.09697290087955211,-0.2692934426923755,9.792063714092235,0.0019476158168472988,0.0017812976343991175,-0.00012401588897377306,0.4833427484554981,0.6033547895728189,-1.0644619391386012
23137,1.325,0.9999973256002098,0.001357307728032727,-0.0011935105321029902,-0.0014429278460151404,0.13096724683939376,-0.28058855347765393,9.771431870360294,-0.00017442560078381853,0.0003344749271445028,0.00179292647215381,0.48164129605249273,0.6052917279403275,-1.0650338420320193
23138,1.333,0.9999973139227272,0.001357183756078112,-0.0011918311463880139,-0.001452493752587926,0.09681216665837013,-0.2691422559294868,9.792069461193831,0.0021220602252846393,0.001446811267930606,-0.0019169373322949126,0.47554745296940987,0.6035607222700403,-1.0657945444901396
23139,1.342,0.9999973018290275,0.0013633920099578873,-0.001195444496638112,-0.0014520362763701603,0.14478880191226065,-0.2738598137509442,9.707757038435743,0.0037015828477864063,-5.7448762750906106e-05,0.0003948745486532734,0.47874067046505936,0.6035150154085029,-1.0672158907137042
23140,1.350,0.9999973099895572,0.0013628724916756485,-0.0011846500400790553,-0.0014557460299814099,0.09904191595274237,-0.3064862736399926,9.775332940628775,0.002044476715705482,0.0035913268219279503,-0.000445519054378241,0.4852895479163718,0.6043461121873419,-1.0639781607862433
23141,1.358,0.9999973123812594,0.0013682761044919753,-0.0011864393051073058,-0.001447553983423776,0.1359965873258553,-0.29028097133428593,9.7446478955393,0.0035271276836031165,0.000277102926778402,0.0021878454123615675,0.48692592559527575,0.6037816387674709,-1.058564349252905
23142,1.367,0.9999973067850341,0.0013733100107748016,-0.0011966270894291926,-0.0014382370812104366,0.16769699277336694,-0.2635532007661072,9.740772931581203,0.003430280400768433,-0.0015329067502022676,0.0025093666551521407,0.48310600752255967,0.6052917279403276,-1.0650141564695914
23143,1.375,0.9999973409014365,0.0013640592857987596,-0.0011829237942033433,-0.0014346510440216634,0.10185599666750908,-0.27849264239694965,9.765292757521147,1.9312983440729345e-05,0.00395461524490597,0.0011498142017479355,0.48434617063402774,0.6128183130926285,-1.0664538811898194
23144,1.383,0.9999972847080981,0.0013792910990904183,-0.0011980705661339308,-0.0014466372777670812,0.1328526872578482,-0.3169725819875241,9.754732240522983,0.005804469848003983,-0.0025654362777241565,-0.0026717866315097635,0.48044488694699333,0.6081666642505658,-1.066849650123583
23145,1.392,0.9999973144747792,0.0013844571552149695,-0.0011832542119064669,-0.001433258903498957,0.12489610986376605,-0.2683012998229937,9.798302791609485,0.003546456880499325,0.004231841833617461,0.003337559675619153,0.48676050754148303,0.6114151250836625,-1.0644233714843834
23146,1.400,0.9999973199709861,0.0013753642460604786,-0.0011873488438323555,-0.0014347915385442523,0.13017994226158827,-0.2786313361439809,9.771498396572943,1.3530843112619097e-15,6.245004513516508e-16,-5.124888144067421e-16,0.48902408608092784,0.6056426508527207,-1.0693426432910447
23147,1.408,0.999997324474978,0.0013805922831841386,-0.0011888212229395235,-0.001425381328858273,0.10700307081667533,-0.2880628951441797,9.738511339398059,0.003527151176784169,0.00027718766622782245,0.0021879013870928746,0.4862346621605761,0.6078385947689413,-1.061631679664958
23148,1.417,0.9999973341718333,0.0013783648803601528,-0.0011914041769649755,-0.0014185610917155096,0.11000775669946303,-0.2605079029654314,9.728452175462596,0.0016763420940362564,0.0003059432784428542,0.001990393129068663,0.48195838225094473,0.5992599963403707,-1.0704597435580716
23149,1.425,0.9999973416451163,0.0013692401913067205,-0.00119449805539415,-0.0014195275251523173,0.12708916498350287,-0.30555776803897483,9.781576956102125,-3.018418848199644e-15,6.245004513516506e-16,4.3991503148599333e-16,0.4786847171164879,0.6031564746858536,-1.0630526613551203
23150,1.433,0.999997346011764,0.0013815770206998717,-0.0011956753813536346,-0.001403415386379663,0.09297686147987726,-0.29397230622198645,9.802212601286588,0.00520352704830361,0.0005831363959937924,0.004178303639004627,0.4829233772189072,0.6031948155574379,-1.0695924949569673
23151,1.442,0.9999973763121608,0.0013789440006982299,-0.0011883505219673976,-0.0013905773171028319,0.13845689939782363,-0.2608608288073759,9.734650319782189,0.0015988673031174505,0.0024507080229404774,0.003461578671867101,0.49237431348376387,0.6092189293471386,-1.0642793560606427
23152,1.450,0.9999973595731806,0.0013933850901103912,-0.0011852664679068987,-0.0013908515582842476,0.1297875420638941,-0.2774366446933215,9.77153761055397,0.005649498932424386,0.0017235601785618535,0.00027091980397030797,0.48061378569277,0.6088299173834644,-1.0612496100518127
23153,1.458,0.9999973620352546,0.0013851813813003178,-0.0011822441727934324,-0.001399819198672531,0.13512016350986353,-0.2876721427245336,9.74473745137304,0.0002715018090878524,0.0014751659617799938,-0.002114603418369455,0.4835772304077127,0.6116820002629337,-1.063741641520909
23154,1.467,0.9999973654496395,0.001382516354142134,-0.0011923242177824265,-0.0013914399989024644,0.12116402031884704,-0.29398585590349385,9.808425745466044,0.0015793328628984373,-0.0015039516897017967,0.0023121699386068712,0.47909476561509357,0.5967430971121754,-1.0572284438082926
23155,1.475,0.9999973695676526,0.0013813454283251375,-0.001188050587634366,-0.0013932976655450255,0.09556299757019442,-0.26559743353782433,9.792178521627237,0.0019478504807948509,0.0017811742403876507,-0.0001242002952884238,0.48679791440324555,0.6066872981390373,-1.0672066427108258
23156,1.483,0.9999973717985097,0.0013803890031133259,-0.0011847537123592634,-0.0013954500759191806,0.12950181314525647,-0.27681815345163424,9.771558941501482,0.0019478558147060807,0.0017811772628859438,-0.0001241992732623813,0.4792103611349395,0.5984286477412285,-1.0658293707274198
23157,1.492,0.9999973620268324,0.0013802959296222014,-0.001182164159242287,-0.0014047100852302766,0.12937275937958775,-0.27665133381849843,9.77156537538005,0.0021223786887717947,0.0014463258034446904,-0.0019170491364771986,0.4797344627857226,0.6056731220937457,-1.0684913196694281
23158,1.500,0.9999974138085924,0.0013691406714249961,-0.0011739049956466631,-0.0013855601791844267,0.1231227278573043,-0.33127141046305986,9.79170993338213,-0.0004265748940832792,0.002814583461894249,0.005056744326099919,0.48680283508960415,0.6027677145424826,-1.0675727681784803
23159,1.508,0.9999974178502775,0.0013681751555435807,-0.0011697227698382125,-0.0013871330733926908,0.10038036573353769,-0.27562304638077817,9.7653894520172,0.0019478946792965866,0.0017811584731274453,-0.0001241747173225578,0.4766009898346414,0.6072898606101894,-1.0715152881287513
23160,1.517,0.9999974099677568,0.0013599157493976736,-0.0011754359819084426,-0.0013960792189416397,0.13440857417915947,-0.2869170439459401,9.744769553997514,0.0001745533031517709,-0.0003348868211923344,-0.0017928423968003597,0.48039610988137244,0.6014407046360787,-1.0632203747217923
23161,1.525,0.9999973976828481,0.0013661846173868395,-0.0011791307306988632,-0.0013956424482302002,0.12592688506978528,-0.303622055759615,9.781652264728125,0.0037016854121365607,-5.759004401176894e-05,0.0003952607246670189,0.4793110956065478,0.6038126136491025,-1.073324555918802
23162,1.533,0.9999973844448391,0.0013724894242906666,-0.0011834375948301323,-0.0013952962838382874,0.12593057962039597,-0.30332073163881024,9.781661565606454,0.0037016960042279322,-5.758404140648089e-05,0.00039526275422555203,0.48281321086775625,0.6066261038366842,-1.0613955273196534
23163,1.542,0.9999974017316215,0.0013706214701144678,-0.0011777457728454719,-0.0013895472953615346,0.10875874384289236,-0.2579936576076908,9.728533220134045,0.0017733518569579328,0.0021161145612169172,0.00166860064125719,0.4772733962785194,0.6052307854582777,-1.0670448964199606
23164,1.550,0.9999974172573327,0.0013688318773107556,-0.001172829847522452,-0.0013842861355496082,0.12566736652995,-0.3029558635961894,9.78167625796421,0.0017733598100547606,0.002116119068050782,0.0016686021652994449,0.4798541715885722,0.6064506423804877,-1.0592312839089266
23165,1.558,0.9999974127592529,0.001373641377052657,-0.0011822748917352402,-0.0013747036948174923,0.13110102170273713,-0.3132288236772949,9.754876870033412,0.003430051927725965,-0.0015325999407263037,0.002510046295881006,0.4784173361115631,0.6024777341121392,-1.061325092927084
23166,1.567,0.9999974352875963,0.001370580432594445,-0.001183237235496568,-0.001360469460360487,0.12870573874009847,-0.275206211602698,9.77161499080178,0.0015017513272324327,0.0006411854388473078,0.0037833002434120213,0.48305066841375016,0.6063973177086941,-1.0608966298450733
23167,1.575,0.9999974129020249,0.0013710792633507202,-0.001182249701697963,-0.001377177023457481,0.09697297774668756,-0.30149116312565866,9.775509017513748,0.0022970999421761656,0.0011110619989451278,-0.003709903501167916,0.4833476691418567,0.5994352059762641,-1.0648280646062558
23168,1.583,0.9999974050598619,0.0013628200413678476,-0.0011879635081055123,-0.0013861232921558002,0.12860901941179198,-0.27494799786299945,9.771623533056164,0.00017457101770659405,-0.0003350305133659122,-0.0017928148893847384,0.48408493879498526,0.6111482499043913,-1.06518384369757
23169,1.592,0.9999974291042668,0.0013613256721140485,-0.001174542808431306,-0.0013816752378041624,0.16012406744095686,-0.24842419996670959,9.767739145593447,0.0018704822672187711,0.00392612516328913,0.0013465966124464092,0.4830987322504472,0.6035988113213215,-1.0644728371880168
23170,1.600,0.9999974119195876,0.0013607653297311555,-0.0011803628225984675,-0.001389681780679279,0.09969652646120378,-0.27380438256590245,9.765447618636827,0.0020254618939345775,-0.00036385627864412163,-0.0015951101269891025,0.4852932367390748,0.6053145813710962,-1.0642526289882028
23171,1.608,0.9999973916641184,0.0013746512146147044,-0.0011837253846909313,-0.0013877295169451892,0.13380172204484772,-0.28488225015865937,9.744837604340304,0.005552607758494353,-8.638146283340367e-05,0.0005930932630014374,0.4872765183179364,0.6071981950668114,-1.0664833159636253
23172,1.617,0.9999973898597454,0.0013668300524284538,-0.0011819417353369451,-0.001398235687866841,0.09966122638982627,-0.27325799935879513,9.765463283129007,0.0002717048693058717,0.0014748386115757523,-0.0021148110447457395,0.48410123645346587,0.6030498253422664,-1.0663964769356993
23173,1.625,0.9999973719630003,0.0013743137461863573,-0.0011792854639344418,-0.0014059212688671836,0.11966730798087882,-0.2908381808829464,9.808537959502482,0.0039734599688101,0.0014172945273418747,-0.0017193891760531419,0.48572029274095285,0.6081435589994937,-1.0596938609407884
23174,1.633,0.9999973492140484,0.0013883176109377592,-0.0011836977820422554,-0.0014046347030633461,0.12507886328288711,-0.3009359296475696,9.781746153671355,0.00555264193088376,-8.625963333606903e-05,0.0005931693515295733,0.4855848015302228,0.6088682582550489,-1.0677796008724458
23175,1.642,0.999997371991218,0.001378061026840907,-0.0011850136428690299,-0.0013973908294213793,0.12810411546227068,-0.27337766355414406,9.771674224095438,-0.0001746269167212825,0.0003351693826956991,0.0017927825023225127,0.48749204767429916,0.6016466373333003,-1.0643528435219773
23176,1.650,0.9999973640104146,0.0013698018424879977,-0.0011907273311492301,-0.0014063369287979843,0.1281041154901077,-0.2733776635398301,9.771674224095477,0.00017462691671888862,-0.0003351693826940337,-0.0017927825023228434,0.4826383710868162,0.599625903052973,-1.0665535224978886
23177,1.658,0.9999973561751524,0.0013830690122326272,-0.0011924546442769178,-0.0013974314775247695,0.13903590536585578,-0.2941297424109595,9.718073452011195,0.005378038916252392,0.0002489232905594054,0.00238595643040258,0.48454489046544175,0.614145071178729,-1.063072689898321
23178,1.667,0.9999973718377715,0.0013812793604814889,-0.001187537080811109,-0.0013921711674829797,0.12496702492015682,-0.30020261665930437,9.781770115349872,0.0017733797961333884,0.0021163748513701097,0.0016683790566162358,0.48563450672374997,0.6021577860813776,-1.0714779339704616
23179,1.675,0.9999973774153095,0.001380106545763637,-0.0011832207630425118,-0.0013930028898497487,0.11630195805121438,-0.3169010315096571,9.818660296298134,0.001948021442477065,0.0017811506411983841,-0.00012439121489208563,0.47398497585325045,0.6052533870687432,-1.0585399414091716
23180,1.683,0.9999973774487654,0.0013855777184514746,-0.0011859064246421368,-0.0013852421915274478,0.15638109572975176,-0.27339070025590034,9.777891898431097,0.003527146401067492,0.0002777138263029431,0.002188287819005885,0.4856284599311613,0.6033931304444032,-1.0710280201570193
23181,1.692,0.9999974075591804,0.001382851011281084,-0.001178615076832614,-0.001372393711538284,0.1276418812648791,-0.27228467552116925,9.771710790011362,0.0015987640504961011,0.002451683821019133,0.003461113722564404,0.48310682650890885,0.6072439019283488,-1.0650750934483462
23182,1.700,0.9999973669984997,0.0013758216888535033,-0.001195067109991062,-0.0013946058048975598,0.12765851394272346,-0.27220135606462237,9.771712894043485,0.00042679339412365344,-0.002815771199542809,-0.005056089918453347,0.4823852301221036,0.6094172442341039,-1.0658854894684056
23183,1.708,0.9999973700102347,0.001381017649939107,-0.001196830916297139,-0.0013857700464897846,0.09610362711086945,-0.2984774703318311,9.775610084655206,0.00352716383149855,0.0002777647743256214,0.0021882831806262753,0.48332020264197334,0.6043842012386231,-1.0627844096399042
23185,1.725,0.9999973817180532,0.001377834069964912,-0.0011961125744300268,-0.0013811028286389976,0.11183321909338469,-0.2849688124023381,9.77367265431857,0.0018121649805845962,0.0010438391198380097,0.0009330337123744238,0.4833700068246624,0.6057340645757955,-1.0664901080627012
23186,1.733,0.9999974137684629,0.001375016673544084,-0.0011881376372993979,-0.0013675212937706166,0.1560948046174251,-0.27244097614479973,9.777922981087515,0.0015987818058355934,0.0024518119536628045,0.0034610374220748474,0.48024381252982534,0.6012274059489041,-1.070055647601162
23187,1.742,0.9999974292381197,0.0013732270995725265,-0.001183219457005453,-0.0013622614289750309,0.13274718787773174,-0.2818996903398189,9.744938761649149,0.0017734556821007985,0.002116457562037388,0.0016682935865200764,0.48188295428765787,0.607251519738605,-1.0648474983711207
23188,1.750,0.9999974398855394,0.0013709795491534755,-0.0011850456977526862,-0.0013551029987494978,0.12171299254804084,-0.26077215104952894,9.79854611862701,0.0016762411019248132,0.0003065638228000166,0.0019905619460577634,0.4826838722070403,0.5985431667153751,-1.0699390499846604
23189,1.758,0.9999974588716092,0.0013760551302837486,-0.0011786126979385764,-0.0013414897356374595,0.13494964683046723,-0.31938956129322077,9.728235996455533,0.003449736050375486,0.0024230318321402182,0.0036588475861653743,0.47783275495189853,0.6026229761476142,-1.07233015701918
23190,1.767,0.9999974836436667,0.0013668282725715535,-0.0011729946166263595,-0.001337374456562797,0.10371451670812319,-0.2805196080247604,9.738767121184864,-7.740482878811445e-05,0.0021453151750841985,0.0014704313063173683,0.4867315088263268,0.6048874803561407,-1.0622657114804293
23191,1.775,0.9999974574157876,0.0013739678546042166,-0.0011789216512633754,-0.0013444396731197544,0.12375394031164483,-0.2981090633772826,9.781849564919321,0.0038765248731893165,-0.0003931437549283608,-0.001397015468276747,0.47895056252200807,0.6001748890320282,-1.064665972947991
23192,1.783,0.9999974586094775,0.0013793830386384723,-0.0011806259665195276,-0.0013364876903030065,0.1322680631275475,-0.2809681267309232,9.74497218022515,0.00352715687410067,0.00027776828063919484,0.002188443748384055,0.47508954876482645,0.6054443359657554,-1.0680580407362754
23193,1.792,0.9999974703820353,0.0013707288158603683,-0.001177222690071259,-0.001339581569611508,0.10051574229907395,-0.30725574582368936,9.748873026357186,9.72941061203568e-05,0.0018098814417338003,-0.0003223577527916696,0.4806573417204149,0.6031107678243162,-1.064490412214042
23194,1.800,0.9999974734842685,0.0013697081291611725,-0.001173341345798808,-0.0013417133848980783,0.0979481891077077,-0.26933805158738977,9.765589516117696,0.0019482219216063062,0.001781031450402817,-0.00012448235881347267,0.48018601307783654,0.6042927875155483,-1.0657550582428166
23195,1.808,0.999997479306383,0.001375618055405518,-0.0011685288752312538,-0.0013355134270436081,0.12640953336316602,-0.270014831849267,9.77178979426149,0.003624443302627408,0.0020876860418786603,0.0018661270589778395,0.48720540018537806,0.6019896906151339,-1.0611917453078261
23196,1.817,0.9999974928436752,0.0013668765232556005,-0.001164086335691636,-0.0013382294037777088,0.12320384735292882,-0.2972002194157649,9.781884163952785,9.73203760239012e-05,0.001809877746757808,-0.0003223966862129976,0.47814319170099406,0.6013261856619321,-1.0590942908291952
23197,1.825,0.9999974666623876,0.0013740163625179074,-0.0011700135702171434,-0.0013452940525643157,0.12861601143508958,-0.30753676201059943,9.755091059849278,0.003876599538738172,-0.0003932311858337977,-0.0013968681165873252,0.48249192736426466,0.6026529437480325,-1.0556573237774831
23198,1.833,0.999997470900989,0.0013861458753340076,-0.0011701882356218696,-0.0013294550505243692,0.09451643248391083,-0.29576601770604954,9.775707971782913,0.00520333527451153,0.000584606071883732,0.00417917081157586,0.47982752745916973,0.605535497868527,-1.0572488177188928
23199,1.842,0.9999974497302939,0.0013804331472059427,-0.0011641523934735089,-0.0013563504116222479,0.1260543172665004,-0.26909107284371664,9.77181986430121,0.0007189039357847472,0.002612944753407339,-0.006023021510324373,0.4808520622251132,0.6105533052434953,-1.0608116495559874
23200,1.850,0.9999974710971437,0.0013700442724467092,-0.001165672006216337,-0.0013498099062305398,0.11742536852377845,-0.2859009951216194,9.808710206191622,-0.00017476798070365402,0.00033559578981948016,0.0017926942452334187,0.48550353828919807,0.6029505419886321,-1.0617331797118674
23201,1.858,0.9999974639114814,0.001376788418571538,-0.001162480435914488,-0.0013510231279810884,0.12827537314264925,-0.30675678131584233,9.755120103375578,0.0037992032017410133,0.0017522185202838427,7.343178249730814e-05,0.48160163697827,0.6046510764178944,-1.0620829941140015
23202,1.867,0.999997484616119,0.0013667013880166265,-0.0011638795313018602,-0.0013447204867003302,0.09714450323994397,-0.26787144325185525,9.765637883043214,-0.00017477835312480525,0.000335625701667479,0.00179268815741898,0.47948870285054807,0.6095850878800442,-1.068372474841427
23203,1.875,0.9999974963974583,0.0013730499442680725,-0.0011515690126003566,-0.0013400826374865477,0.15663197937136844,-0.30737043938336583,9.761327609892104,0.0037217978783027268,0.003897692270648505,0.0015436377079092196,0.48953558904832895,0.598505077664094,-1.0710671825895726
23204,1.883,0.9999975075669478,0.0013708777387326752,-0.0011532425936591941,-0.0013325110273678207,0.12541356515887078,-0.2684129018755054,9.771846760282124,0.0016761447292148964,0.0003068169625712499,0.001990679080621161,0.47960493434554546,0.5942495549553553,-1.0588537087187808
23205,1.892,0.9999975320577386,0.001361389294796415,-0.0011482171090476856,-0.001328192414776311,0.09364261123324166,-0.2947810155403796,9.775746132376728,-7.741808870346796e-05,0.0021455332060714262,0.0014701486473459983,0.49072871544016805,0.603454072926453,-1.069007122987864
23206,1.900,0.9999975129449855,0.0013691151702369152,-0.001145538125795394,-0.001336925539023406,0.10201529960947564,-0.2777917235845469,9.738863262015654,0.003974099466452085,0.0014164603430768352,-0.0017191703080039953,0.47454822809591984,0.6041020904388393,-1.064114904455039
23207,1.908,0.9999974962316711,0.0013835589767276976,-0.001142452291802654,-0.0013371977073700194,0.1280862067689711,-0.2404643299687963,9.761774880379338,0.005650243762051629,0.0017233280357275393,0.0002715343113559829,0.48854117571964023,0.6105154680125175,-1.0697455473046562
23208,1.917,0.9999975312305093,0.0013678867957843985,-0.0011231595507788465,-0.0013434772881491188,0.09855163768556927,-0.3045678780073469,9.748977422782362,-0.0015587630393712063,0.0054583993203048,-0.0011658396608440226,0.47684367857100657,0.5960572423688113,-1.0714056192864219
23209,1.925,0.9999975158676082,0.0013806184636445732,-0.0011334454103904836,-0.0013332114507857225,0.130058755712191,-0.2779861362071999,9.745087437258078,0.005280578743408243,-0.0015606154715515303,0.002709506193252265,0.48752186875993647,0.6023101422865021,-1.066571692302249
23210,1.933,0.9999975182542028,0.001379939703274578,-0.0011293839349342742,-0.0013355687098578393,0.12457517838050872,-0.2671874236430228,9.771891068902946,0.0019483745601649798,0.0017810057838795375,-0.0001245470805881769,0.4821064755291888,0.6051010308636185,-1.063311665067458
23211,1.942,0.9999975298590499,0.0013712859113935035,-0.0011259802485899715,-0.001338663224162634,0.11895741379365579,-0.25659709108866285,9.798690181496058,9.742052372757384e-05,0.0018098482106611155,-0.000322637632199023,0.4769968938980647,0.6062830505548507,-1.0646386487105888
23212,1.950,0.9999975031363224,0.001384646099487132,-0.0011371428701745301,-0.0013354334102429566,0.15000341184798324,-0.2951132871887334,9.788195770198637,0.005455461091271563,-0.0018963542631234972,0.0009169557740314805,0.4782520238151958,0.6025389284144923,-1.0671919840784696
23213,1.958,0.999997502827665,0.001390117497185822,-0.0011398254552903223,-0.0013276707835606616,0.1299664712663869,-0.2770224970541347,9.745116108831041,0.003527064675474445,0.0002781629197953612,0.0021888293040196664,0.4857097381393119,0.6064582601907439,-1.0589085419466318
23214,1.967,0.99999752925806,0.0013804562247945672,-0.0011338655565089856,-0.0013229388824615486,0.0927234885862176,-0.2928049227759895,9.775814281291474,-7.742699905998327e-05,0.002145695657518516,0.0014699319824791782,0.4838247374571429,0.5962857766764982,-1.0639904810238905
23215,1.975,0.9999975032675374,0.0013875968313577763,-0.0011397933490098597,-0.001330001822170795,0.12432059366974667,-0.26622076800898775,9.771920694225722,0.003876826135176262,-0.00039357409930018786,-0.0013964095243472704,0.487934575580045,0.6100576439362339,-1.0609452681388114
23216,1.983,0.9999975359193822,0.0013784269427515206,-0.0011260665929391396,-0.001326675678500865,0.12659890279814703,-0.3039037609460023,9.755231301539549,2.0015902799837157e-05,0.00395555338437027,0.0011471650738643798,0.48316995614043096,0.6012350237591606,-1.0697722767637232
23217,1.992,0.9999975323177532,0.001377033579579287,-0.0011302656277988456,-0.0013272665654139226,0.11001920697814657,-0.2722981980070341,9.83561635779799,0.0018509727599823364,-2.8849022551345053e-05,0.00019814221613884266,0.48142207787342683,0.6098748164900843,-1.0668898462717078
23218,2.000,0.9999975211937127,0.0013832704981166367,-0.0011337777367033952,-0.0013261663558259888,0.12949009120309904,-0.2762714086001949,9.745143772562813,0.0037019534897263116,-5.7693531198510266e-05,0.0003962859607020947,0.4798942401559695,0.6080673808969315,-1.062212600316322
23219,2.008,0.9999975291505852,0.0013827552811858772,-0.001122982920187156,-0.001329883422880819,0.12082365533786825,-0.29285801634866704,9.782044816376986,0.002045926063711875,0.0035908094892000584,-0.00044740139428398783,0.4876460853718383,0.6060083057450197,-1.057647061722462
23220,2.017,0.9999975189848082,0.0013886703468715025,-0.001126150254975465,-0.0013286852521783986,0.1206797123868144,-0.29262371498608647,9.7820536049255,0.0037019638058682124,-5.767411148579658e-05,0.00039634493469177106,0.48575985282601364,0.6007238750110833,-1.062637343534025
23221,2.025,0.9999975153963258,0.0013872769392805808,-0.001130349051101597,-0.001329276078127207,0.15477498378948962,-0.30381252274788817,9.761468614546082,0.001850985888624364,-2.883479840677438e-05,0.00019817323156040966,0.4865924277820554,0.6127040459387851,-1.0700843485349085
23222,2.033,0.999997498243444,0.0013946746466564203,-0.0011276783089424027,-0.0013366866179757673,0.1291515278825692,-0.2753420558930536,9.745174567972217,0.003974396589317595,0.0014161650206877792,-0.0017190872621550392,0.47841385203544734,0.6019973084253902,-1.0610658589698132
23223,2.042,0.9999974695447339,0.001408240988249762,-0.0011395853586886658,-0.0013338315705304703,0.12917194163591791,-0.27495872383987113,9.745185121034202,0.005455515052383622,-0.001896251155143839,0.0009174170479678917,0.48022413316852275,0.6090894265727826,-1.0685913975281063
23224,2.050,0.9999975015959084,0.0013990222233138461,-0.0011263660244277027,-0.001330728499276663,0.12361209630606712,-0.26422257082043477,9.771983915489038,2.0023073549872936e-05,0.0039556738841600055,0.0011467973907091297,0.48010187661632614,0.6071750898157394,-1.0594948540614704
23225,2.058,0.9999975037710205,0.0013980679801745696,-0.0011230677895464002,-0.0013328827369426517,0.09718258532209237,-0.3010863241358928,9.749099310418316,0.0019484943270336986,0.0017809886960602548,-0.00012469222230667226,0.48213250541882924,0.6045520448845634,-1.0652484285234258
23226,2.067,0.9999975054149923,0.0014032836363881025,-0.0011248619466433067,-0.0013246299216467044,0.1403336211794053,-0.3089663960963815,9.825196843157121,0.003527032736537956,0.0002784443559986764,0.0021890263057513636,0.47945396446268396,0.6050248527610562,-1.0657877523910635
23227,2.075,0.9999975018550593,0.00140189021605003,-0.0011290605207908454,-0.0013252206621242658,0.11780396431135555,-0.2531868248284699,9.79879282688516,0.0018510051131106387,-2.882741696215212e-05,0.00019822232931701394,0.4855195220595341,0.6097526797056815,-1.0629224579878371
23228,2.083,0.9999975194739935,0.0013998285142496243,-0.0011232194387976293,-0.0013190542381012014,0.0969960434854771,-0.3005007594692605,9.749119234855689,0.0017735593053387168,0.0021170933439389173,0.0016678535968216446,0.48369436829522694,0.6013952495948446,-1.0724573288703279
23229,2.092,0.99999752553367,0.001390735568542486,-0.00112731220577949,-0.001320586349425112,0.11762854052441965,-0.2529681620211576,9.798800581706294,-1.1449174941446927e-15,8.326672684688676e-16,1.6080073470675638e-16,0.4876303029639577,0.607510525287317,-1.0564727658936177
23230,2.100,0.9999975077361678,0.0013981996895877599,-0.0011246226887732776,-0.0013284513122947365,0.11999601980024807,-0.2906516158617555,9.782120810791746,0.003974535596786583,0.001415994854963968,-0.0017190591284930903,0.486871189143234,0.6013876317845883,-1.0726586765309822
23231,2.108,0.9999974790046996,0.001411766002324602,-0.0011365292819426023,-0.0013255950330754245,0.0999245726898063,-0.27255524961575234,9.739032894666291,0.00545552165953523,-0.0018962380489818524,0.0009177502270168764,0.48123135331131267,0.6041328135001675,-1.0708659284987545
23232,2.117,0.9999974993768894,0.0014020202823537187,-0.0011381989583687223,-0.0013191217634855486,0.12555162811716206,-0.3005722437177983,9.755348052784107,-0.00017497729978832547,0.00033620353588171165,0.001792564242871442,0.4826198212158755,0.6023558491480395,-1.065173312568184
23233,2.125,0.999997522788343,0.001394245414773862,-0.0011198013469891754,-0.0013253459338236464,0.12836829525006532,-0.27323955554303797,9.745244094299906,0.00029263820162368266,0.005429361735434233,-0.0009690950161624973,0.4752588570037778,0.6070836760926647,-1.0624884691538827
23234,2.133,0.9999975165187331,0.001400835674387119,-0.0011159105865678953,-0.0013264084372270554,0.14574351148405396,-0.2529351314503111,9.805034890405834,0.0037995892671855718,0.0017521508710139173,7.353863170044914e-05,0.4812076813915578,0.6024779859324425,-1.0691046106542696
23235,2.142,0.9999975186698801,0.0013998816990261757,-0.001112612141306731,-0.0013285629586045164,0.09078719048059636,-0.28874552243208135,9.77595319858661,0.0019485784610066153,0.001780971773277081,-0.00012475870020131808,0.48966585245281946,0.600967896759586,-1.0625924658232275
23236,2.150,0.9999975038997234,0.0013993823861613442,-0.0011173705106461574,-0.0013361910050226225,0.1619736823417365,-0.2840991575958054,9.72468258753154,0.0020260683408611234,-0.00036505869695323327,-0.0015942353894235612,0.48283596142786833,0.6060847356678853,-1.0630882910630393
23237,2.158,0.9999975380320133,0.0013821942201481961,-0.0011122362070731843,-0.0013328164426579547,0.1533713846980536,-0.3009019991425362,9.761580920400837,-0.0019285198687396823,0.0021748421193547173,0.0012711484033087748,0.472592102512929,0.6043537299975981,-1.0639047692813723
23238,2.167,0.9999975299456497,0.0013904631839875914,-0.0010950497881690624,-0.001344462976552783,0.12203620661540347,-0.2620604466066736,9.77206194531631,0.004169803740611192,0.005035502273497201,-0.0023651032296339485,0.47894635844870503,0.6058026248681015,-1.0643531673367468
23239,2.175,0.9999975297942282,0.0013959341671662857,-0.0010977292145267637,-0.0013366988495317127,0.14738506036065913,-0.28997511904731244,9.788389110286216,0.003526948200345849,0.00027871274864804554,0.002189275296411387,0.47892104517212,0.6080597630866751,-1.0624697237371894
23240,2.183,0.9999978514527473,0.0011899837166028586,-0.0011206723423636353,-0.0012748027864705066,0.09859488563407655,-0.27114671417371955,9.73908576311173,0.001948605256794289,0.001780986948092861,-0.00012475356471986046,0.4784225605336709,0.6071065295234334,-1.0617138179642085
23241,2.192,0.9999978600048676,0.0011876073649003376,-0.0011232608508331809,-0.0012680139957122936,0.08144383111544731,-0.3046083802450335,9.81288618767554,0.0016759188139180085,0.0003075316352656221,0.0019909159597296965,0.4850338510034498,0.6002205958935656,-1.0631199514957146
23242,2.200,0.9999978587524195,0.001185994556958379,-0.0011265603938034917,-0.0012675839878792537,0.08996195059462525,-0.28766154583274434,9.775992783966785,0.001851031230931879,-2.8802640691533406e-05,0.00019838940838806538,0.48723993382665487,0.6060618822371167,-1.063761233513501
23243,2.208,0.9999978609726015,0.0011848929139572687,-0.0011232784894397723,-0.00126977338122836,0.121561678053603,-0.2610812632016987,9.772094068794107,0.0019486324538539987,0.0017809734589686686,-0.00012477540330679785,0.480853191715475,0.6054212307146835,-1.0608956896993385
23244,2.217,0.9999978783506908,0.0011827839409434468,-0.0011173108984220094,-0.0012633022690439332,0.12382657179029845,-0.29878121022338555,9.755425120859144,0.0017735177365379212,0.0021173422181314325,0.001667746591969525,0.48481627418121415,0.6008917186570235,-1.0650980814904756
23246,2.233,0.999997856614384,0.0011886767761807482,-0.0011199745174297563,-0.0012725844725755345,0.12521102196164483,-0.28480933095540023,9.750380141495471,0.0029129350478357577,0.0006934878417023947,-0.0007602208829166969,0.48285040959879966,0.6092265471573949,-1.0641633125038439
23247,2.242,0.9999978761398083,0.0011784935746743173,-0.0011210343186923812,-0.0012657609661840682,0.12666781213243222,-0.2709169652859741,9.745331188765494,-0.00017514598518127267,0.00033642262274369934,0.0017925077705227257,0.47701851835194664,0.6030574431525225,-1.0662476241081869
23248,2.250,0.9999978746589756,0.0011902415203830148,-0.0011297019045759336,-0.001248109074376831,0.11816230519786877,-0.2875192223868656,9.782235702271649,0.005105225933335134,-0.001223309456981938,0.0045035621648954706,0.47967020704797053,0.6089977610294046,-1.063710348008263
23249,2.258,0.9999978554952798,0.0011906973119320315,-0.0011290362580777368,-0.0012635354688458954,0.1267005045228025,-0.2704198671988658,9.745344570434455,0.00229896189815589,0.0011079974219180152,-0.003709846461768051,0.4822877715958921,0.6118419742783148,-1.0586340521920425
23250,2.267,0.999997839538215,0.0011899922819241704,-0.0011348770571188518,-0.0012715704215512777,0.11508767720427902,-0.3143640725445413,9.792365057879923,0.002026197069250221,-0.0003652722770072969,-0.0015940584681613948,0.48628692668644447,0.6072286663078365,-1.0655204408215824
23251,2.275,0.9999978462624525,0.0011885332767021138,-0.0011305058526954593,-0.0012715406496797243,0.12356645698346498,-0.2974041373072376,9.755470497599187,0.0019486777156496665,0.0017809752960006547,-0.00012486647441128397,0.48068828891228227,0.6064585120110473,-1.0667930493401014
23252,2.283,0.999997856520165,0.0011797320155175733,-0.001127118691698225,-0.0012746728608838723,0.12342105699629662,-0.2973207290480539,9.755474880518516,9.762549690132249e-05,0.001809752455292064,-0.00032331690090140196,0.47432255363109066,0.6089444363576111,-1.0654905263919077
23253,2.292,0.9999978701295397,0.0011690585089607574,-0.0011365401555939614,-0.0012654307812441808,0.11244444157834108,-0.2762721415668503,9.809044497688923,-0.00027279635252511626,-0.0014732449648390638,0.0021158063328886793,0.48479680295063055,0.6014254690155664,-1.063649317459672
23254,2.300,0.9999978521766153,0.0011764924966414284,-0.0011349898640887585,-0.0012740900949420075,0.1234070063728778,-0.29717849191975193,9.755479392650011,0.0039749131920143125,0.0014156702873888466,-0.0017188977662520757,0.48342431881640385,0.6100045710847435,-1.0705312116662125
23255,2.308,0.9999978642804858,0.0011890789343993416,-0.0011277281875568981,-0.0012592676008866635,0.13178514864251942,-0.28000805615729607,9.718591619826022,0.005300486639083814,0.0023965202783413314,0.0038570256654063134,0.4891676749342514,0.600746728441852,-1.06185941141728
23256,2.317,0.9999978926165567,0.001179881290977238,-0.001115217958495229,-0.0012565554067884707,0.14063955955959528,-0.2764286860923932,9.815280742260452,2.0157917352774063e-05,0.003956065682834162,0.001145711038737399,0.47889112171318904,0.6071522363849707,-1.0602432578345733
23257,2.325,0.9999978834128376,0.0011859269543354855,-0.001118444608521962,-0.001255320182981569,0.11734310745314312,-0.28590736616126994,9.782292805590073,0.0037021302228023257,-5.759465901889637e-05,0.0003970358022056638,0.4819266126885963,0.6017763919279595,-1.0680959176556943
23258,2.333,0.9999978936569202,0.001177125816889766,-0.001115057528890446,-0.0012584527170636409,0.0917112238078661,-0.25752793668099105,9.76596865867893,9.7688398651694e-05,0.0018097390596412259,-0.0003234082491816148,0.484100106963104,0.6081818998710782,-1.0663124367923484
23259,2.342,0.9999979029283287,0.0011764632684228278,-0.0011034229102713034,-0.0012619552309393685,0.10851357322288098,-0.3024567487446987,9.819205016114665,0.002046452402977627,0.003590690133298454,-0.00044828233693663564,0.4831076488793899,0.6013797621540289,-1.065136282224664
23260,2.350,0.9999978854566285,0.001182182699333536,-0.0011152378390810657,-0.0012600678156226926,0.1255209478131788,-0.268643438419921,9.745408966224497,0.0036044425346055883,-0.0018673095090832445,0.000720543932614236,0.4805874520673804,0.6008305243546707,-1.059290247026375
23261,2.358,0.9999978909885131,0.0011729973960410442,-0.0011184284841104044,-0.001261433058310198,0.1140005042055761,-0.3126112126306948,9.792433889626132,3.3306690738754696e-15,8.326672684688676e-16,4.065758146820642e-18,0.4888931176463759,0.6064354067599753,-1.0595978890324502
23262,2.367,0.9999978954736342,0.001185184191901355,-0.001119597177318319,-0.0012453468970073849,0.08841164714988295,-0.28417698979310363,9.776108840533087,0.0052027778759131645,0.0005869583536182408,0.004180562346748424,0.4820111552591495,0.6076864903841198,-1.0743863385288548
23263,2.375,0.9999978610957698,0.001194620790871575,-0.0011127901950839867,-0.001269796453554922,0.11690197792022947,-0.28468490686001957,9.782333739927136,0.004423308001210278,0.002551748728550579,-0.005627216077780174,0.4768453131595731,0.6077779041071946,-1.0715272414463686
23264,2.383,0.9999978777252923,0.0011845441145900161,-0.0011152713762301813,-0.0012639501214146255,0.14846194271743648,-0.2580874489808709,9.778431234764767,-0.00017525576020024447,0.00033672359678938834,0.0017924416466355696,0.48253086982543186,0.6015854430309472,-1.0585548518390906
23265,2.392,0.9999979055789737,0.0011834428540082578,-0.001094659252792424,-0.0012609606646668038,0.11653788839098868,-0.2844381471115557,9.782345262522497,0.0019689722346697075,0.005737130731004534,0.0010204685315863267,0.4814689132306002,0.6041480491206799,-1.0703746481465193
23266,2.400,0.9999978955492389,0.001183177813506251,-0.001093004549157257,-0.0012705622420268016,0.12173071444233308,-0.2948063664520165,9.755572426000086,0.002124111488719556,0.001444208215780252,-0.0019173404379676144,0.48279670846268846,0.6142364849018037,-1.0601676598368357
23267,2.408,0.9999978954605369,0.0011813824851827964,-0.0010963582786283972,-0.001269412638048566,0.11619058276753488,-0.2841080192303608,9.782358986328045,0.0018510844671593906,-2.8759155048738e-05,0.00019863560399787636,0.4791449792909572,0.5990690474433584,-1.060964610720467
23268,2.417,0.9999978593306517,0.001189213823690411,-0.0011039323238762949,-0.0012839151139993816,0.11622508893316355,-0.28386593068814303,9.78236560476858,0.004052799581033299,-0.0007310474215604763,-0.003187582979038899,0.480633362680779,0.6007238750110834,-1.0627062430025238
23269,2.425,0.9999978645782005,0.0011800802421532278,-0.001107234230460241,-0.001285411226024987,0.12480008011019729,-0.2669143857082124,9.74546573366499,2.081668171172169e-15,-1.2490009027033013e-15,6.356812862554073e-16,0.4902165982330051,0.6091275156240639,-1.06723688095527
23270,2.433,0.9999978693787156,0.00119226668866485,-0.0011084012407658436,-0.0012693245693683071,0.09309840198118995,-0.2931275704964116,9.749381709624352,0.005202667652664718,0.0005874139749402225,0.004180742886540517,0.483166878173358,0.6095469988287631,-1.0695432594982668
23271,2.442,0.9999978479471519,0.0011990811698889558,-0.0011132873455232378,-0.0012754986080828078,0.1393500667925135,-0.27348101113492707,9.81538170672639,0.0038775110578352246,-0.00039433614301710707,-0.0013951373965574343,0.48598787849246494,0.6093103430702134,-1.0614366636135133
23272,2.450,0.9999978501197182,0.0011979801125662816,-0.00111000461368618,-0.0012776890659224787,0.12164869987698382,-0.2934214131006339,9.755615202941314,0.0019488287119052762,0.001780972381007827,-0.0001250198896810014,0.48232537982011003,0.6154185045930359,-1.0614323058656103
23273,2.458,0.9999978584719872,0.0011946523897809229,-0.0011189838442178036,-0.0012663855115599054,0.0960762494033404,-0.2650595228110056,9.739278504880835,0.0015780636128225282,-0.001501552100054329,0.0023147286055914293,0.4803990787068883,0.6085173353426555,-1.0634412712697783
23274,2.467,0.999997860678238,0.0011935512690062512,-0.0011157010854721066,-0.001268576132511714,0.13926725051891659,-0.2729559047219337,9.8153974986051,0.0019488505624227135,0.0017809558516099766,-0.0001250427482780152,0.4775267386056875,0.603743801536493,-1.0677279118965695
23275,2.475,0.9999978511840614,0.0011996215961583845,-0.0011193707757879614,-0.0012671007663409932,0.12155024396482801,-0.292907336878351,9.755631878745774,0.0037022274041464565,-5.74783982441345e-05,0.0003973109037095888,0.4780540172127056,0.6107366363302514,-1.0706262434288156
23276,2.483,0.9999978475174727,0.001198080741911934,-0.0011235839897046067,-0.0012677231459928971,0.0929370804314807,-0.2917828592723189,9.749423585732535,0.0018511177003653703,-2.8736935824568883e-05,0.00019865621732754996,0.47728589935687155,0.6037361837262369,-1.0679751925362229
23277,2.492,0.9999978370312416,0.0012059125225530308,-0.0011140700878388005,-0.0012769321303702467,0.12996855351800912,-0.27566247762867374,9.718740313413457,0.004073059629201382,0.0032249647893036427,-0.002042556302853831,0.4864988695933979,0.6009526611390733,-1.0631231173003197
23278,2.500,0.9999978559257225,0.0012091225613486793,-0.0011209982521077607,-0.0012528086479091575,0.12438262289609138,-0.26483217557655697,9.745527877054514,0.003078484514523595,-0.0008561724763073338,0.006098291277805179,0.48927107449562623,0.6046589460484538,-1.069552893587178
23279,2.508,0.999997860658113,0.0012016864303050474,-0.0011105532385762506,-0.0012654249977698698,0.11330914257094021,-0.2436072765232927,9.799088669028462,0.0003708960243861233,0.0032823552997964228,-0.0024399643711812496,0.48280450236953276,0.601516882738641,-1.060747568325258
23280,2.517,0.9999978628460564,0.0012005855340082357,-0.0011072704435691762,-0.0012676158173380986,0.1100460716919533,-0.2708304280241619,9.809223452973674,0.0019489022492249501,0.001780949402291606,-0.00012508839222500798,0.4797753537236009,0.6014257208358695,-1.0715338248531412
23281,2.525,0.999997851344341,0.0012068954015946659,-0.001110812976593855,-0.0012675980126260315,0.12094796421021065,-0.2916879825795091,9.75567589837722,0.0037022578281318756,-5.746132290278466e-05,0.00039743606739534493,0.4852365667774478,0.6032478884089284,-1.0600360797732085
23282,2.533,0.99999784772503,0.0012053546987266211,-0.0011150260455777107,-0.0012682201212593418,0.12095074347265791,-0.29146254501547075,9.755682601451312,0.0018511329138606264,-2.8728397395230245e-05,0.00019871879936892716,0.4939223458131239,0.5965681392965854,-1.070459189498369
23283,2.542,0.99999786191021,0.0012036132166298812,-0.0011087937500125203,-0.0012641466107604638,0.1385061628321542,-0.2711244753869335,9.815459027001861,0.0017735561830660776,0.0021180158487394225,0.0016672400293922514,0.4838256554326539,0.6062982861753631,-1.0640587833274264
23284,2.550,0.9999978402160835,0.001202469181292454,-0.0011221315097712378,-0.0012706108417607372,0.10079578675800692,-0.2734944582890928,9.712566507412589,0.0019287137381642646,-0.0021754908971932715,-0.0012697678017422156,0.4876080526873198,0.604308274956364,-1.0729842389304822
23285,2.558,0.9999978295816252,0.0012086475331654603,-0.0011254635966590778,-0.0012701711982357016,0.1550589755778721,-0.3023814274981728,9.735138582752237,0.00370228449569868,-5.744622907201552e-05,0.0003974411719484212,0.4755692821698792,0.6008231583647174,-1.067418754132426
23286,2.567,0.9999978293283128,0.001194260124107102,-0.0011177334900842996,-0.001290640640863683,0.11229794230695742,-0.30760852765095414,9.792611987571128,-0.0013048283145555314,0.0029738152519530893,-0.004431239496178071,0.47579351664033376,0.6081971354915907,-1.0659359888876103
23287,2.575,0.9999978050343475,0.0012076895911905736,-0.0011292442642872147,-0.0012869420072083942,0.11531702436067133,-0.280119672076045,9.78248434321186,0.005455669300590316,-0.0018957342085849209,0.0009201237452482094,0.482362892439298,0.6031183856345723,-1.0642234460119602
23288,2.583,0.9999978218576104,0.0011976122661416632,-0.0011317230306402022,-0.0012810963572696284,0.12940957277188095,-0.2736832009591691,9.718803710305552,-0.00017538005557132463,0.00033714796573063,0.0017923498357348701,0.4775631217345135,0.5965757571068415,-1.0704350118995685
23289,2.592,0.9999978295574156,0.0011972040744316235,-0.0011202834442105268,-0.0012855146309951498,0.11521572495060135,-0.27983011892410475,9.782493823371768,0.002046717766163345,0.0035906259444348654,-0.00044912922719636154,0.4802496579599586,0.5916877043265323,-1.0704905789674786
23290,2.600,0.9999978177317407,0.0012033636511073456,-0.0011246008473587137,-0.0012851928311794476,0.1491745319980528,-0.29104183045780485,9.761944912512968,0.003702303662747048,-5.73875669331167e-05,0.0003975249869079118,0.4823575622597648,0.6060618822371167,-1.0638268520549283
23291,2.608,0.999997839734237,0.0011940155305349878,-0.0011188330492329852,-0.0012818215087452942,0.09491637576619891,-0.2617828875706615,9.73937850139922,-7.761190353338624e-05,0.0021468505039445294,0.0014683670460019888,0.47875655524623356,0.6022568176147085,-1.068397803664893
23292,2.617,0.9999978460857498,0.0011997786706438984,-0.00111402517434825,-0.0012756578357639796,0.14342299182691426,-0.2802040291877197,9.788732545656126,0.0036247039999717464,0.002089449296048992,0.0018659282219430525,0.4831162550043197,0.6062449615035694,-1.0657766240967148
23293,2.625,0.9999978519203937,0.0011905580730599465,-0.001117395497143969,-0.0012767745988589655,0.12569671457349396,-0.30025860874780663,9.728969205199117,3.0184188481996447e-15,-1.0408340855860845e-15,-1.3538974628912737e-16,0.4850375398261529,0.6011890650773198,-1.0633944196976741
23294,2.633,0.9999978319876722,0.0012044179840115423,-0.001121817608242361,-0.001275508733528093,0.11472335287343897,-0.2789329970224266,9.78252523156185,0.005553480189258218,-8.612907957388454e-05,0.0005963937472762475,0.47751423552733546,0.6052384032685338,-1.0667976157803074
23295,2.642,0.9999978092093192,0.0012114291522385683,-0.001126947584329029,-0.0012821876277888217,0.11474387737264943,-0.27854819284659565,9.782535954903993,0.003877760081669927,-0.0003946765754502021,-0.0013947259996430848,0.4753899311957552,0.5987186281715717,-1.0722410923323844
23296,2.650,0.9999978230534006,0.0012112096395326224,-0.0011086730418118215,-0.0012875184488112651,0.1255197402182335,-0.29940579252236604,9.728997773486272,0.0021446443358017204,0.0054002430255751105,-0.0007734048075748671,0.48214767020281607,0.6094020086135914,-1.066376769820641
23297,2.658,0.9999978227277017,0.0012016131991463158,-0.0011197310945556705,-0.0012871937897212264,0.11439652869766435,-0.2782180359828752,9.782549417922214,-9.782844323772736e-05,-0.001809643135095419,0.0003240808647087006,0.47871494769529976,0.6047960666330661,-1.0653019786247693
23298,2.667,0.9999978355215263,0.0012060993241754404,-0.0011207884889701107,-0.0012720494669038562,0.14305501420892042,-0.2789851965342629,9.788772743431803,0.0033514413718118427,0.0006172523944868939,0.0039822801619597455,0.47970781865632023,0.6047579775817848,-1.0665088534793943
23299,2.675,0.9999978493958109,0.0012122595072404678,-0.0011078084043109463,-0.0012666456409261952,0.12280040752515764,-0.2610402037888956,9.745650250410893,0.0037226284215699065,0.003899200046421556,0.0015417629651586482,0.4888135797842173,0.6075186467381795,-1.0718468583226917
23300,2.683,0.9999978393350613,0.0012119966289455746,-0.0011061556301651119,-0.0012762480568863812,0.11952196812479848,-0.2881175424128304,9.75579957258056,0.0021245328967880142,0.0014435533427061339,-0.0019175692069342322,0.47721969852654,0.6024244094403457,-1.0630494955505152
23301,2.692,0.999997829091372,0.0012181429258933294,-0.0011096023761714556,-0.0012754304850010742,0.11397756434668456,-0.27732501695639855,9.782579665455765,0.003702361112941658,-5.7389499157497375e-05,0.0003977515173686056,0.4894958242166808,0.6054367181554992,-1.068108465751647
23302,2.700,0.999997817230227,0.001202876337581196,-0.0011168662821454424,-0.0012927617744512567,0.11950010245788592,-0.28778872576001074,9.755809545711164,-0.0015002017562431374,-0.0006461214681984356,-0.003783459115394301,0.4824441556803226,0.609036101900989,-1.0702698671725386
23303,2.708,0.9999978560230679,0.0012073289914099482,-0.001100291689468221,-0.0012726602737387252,0.1394013007488364,-0.30536992067852453,9.79894913829685,0.0033715941897482747,0.004574119017060863,0.005126299646991675,0.48447746453971824,0.6020887221484651,-1.0580558392420443
23304,2.717,0.9999978728323072,0.001197251594455759,-0.0011027693111249895,-0.0012668146377878661,0.11913088077556135,-0.2875868403963226,9.755820014660532,-0.00017551099842247128,0.0003374263755635289,0.001792287293625018,0.48920999571410884,0.607731945425354,-1.0650083045162506
23305,2.725,0.999997851550069,0.0012040791265713567,-0.001107448250951998,-0.0012730463758798536,0.1532376293285462,-0.2988908112347401,9.735275217058064,0.003877880543759614,-0.0003948522308745838,-0.0013944664608004406,0.4819360411840073,0.6007774515031801,-1.0687974483040632
23306,2.733,0.9999978332202424,0.001211516747965454,-0.0011059001389301965,-0.0012817046746322293,0.11360420355131941,-0.2765586878993314,9.78260570301089,0.003975792367769627,0.001414778811359562,-0.0017186775021994173,0.48921061333800253,0.6013797621540289,-1.06505425904788
23307,2.742,0.9999978300214524,0.0012101374906947151,-0.001109084716065075,-0.001282751235789235,0.11904047855390713,-0.28687813053271544,9.755841984187796,0.001851193678172128,-2.8677098844822227e-05,0.00019892101666045837,0.48096684214274177,0.6024703681221862,-1.0693518912939233
23308,2.750,0.9999978378826481,0.00120947841993206,-0.0010983057265367968,-0.0012865133158929697,0.14201876209460607,-0.27705842305261674,9.788842556915759,0.0020469824586778333,0.0035905615998098276,-0.00044959081073614606,0.48161649802650774,0.6009526611390733,-1.0631887358417467
23309,2.758,0.9999978407114647,0.0012084891129815279,-0.0010942434518016457,-0.0012887038992264945,0.11561574780576452,-0.3138701907667107,9.766000175928202,0.001949094678667235,0.0017809494003348425,-0.00012531938348614178,0.4784680616538951,0.6060237931858355,-1.0650993454509803
23310,2.767,0.9999978371532399,0.0012069490064312977,-0.0010984555682524578,-0.0012893247466584194,0.11860701056534058,-0.28640238218559805,9.755861241852346,0.0018511974558097053,-2.8664733328919208e-05,0.00019896448709120834,0.48212604913306595,0.6048113022535786,-1.064768046220606
23311,2.775,0.9999978660677669,0.0012040687995588525,-0.0010911503403302231,-0.001275723000331447,0.1130116176023405,-0.2757045519400922,9.78263667591198,0.0015979762050147262,0.0024560303865823214,0.0034591893613761414,0.488891070180503,0.6015549717899222,-1.0594455465855637
23312,2.783,0.9999978665469692,0.001209391842765104,-0.0010938361517877906,-0.0012679887042366916,0.11838601309374386,-0.28605844951620435,9.755874017126967,0.0035268299528865613,0.0002801836413418088,0.002190227117900239,0.48865648247086296,0.6008000531136455,-1.060157975283348
23313,2.792,0.9999978582208392,0.0012090876574215202,-0.0010907618687726508,-0.0012774581466576018,0.10975898931836109,-0.3025805630035572,9.792797421508288,0.002124731063480973,0.0014433248913836858,-0.0019175976511229382,0.48701866818171613,0.6057645358168203,-1.0654648953063024
23314,2.800,0.9999978546855837,0.0012075476155987118,-0.0010949738159148482,-0.0012780787647999662,0.1468739458981206,-0.28656356626724544,9.76211228289549,0.0018512070337792694,-2.8679874006381145e-05,0.00019900017233070435,0.4771478454296684,0.6061766530315666,-1.0758702526117085
23315,2.808,0.9999978664187835,0.0011987683319443262,-0.0010908843668389107,-0.0012806575128714688,0.11512395587830199,-0.3128993434525205,9.76603713937329,9.794480479270337e-05,0.0018096038017428023,-0.0003243626869339337,0.48631347182668505,0.6000834753089536,-1.0674955416868352
23316,2.817,0.9999978490156216,0.0012044879348570936,-0.0011026963287349505,-0.0012787625861498753,0.12125379477754461,-0.25812469293828694,9.745747271731647,0.0036044743537748843,-0.0018669538482624405,0.0007223925042947071,0.48772468690722814,0.6055814565503675,-1.0634954377020873
23317,2.825,0.9999978647856297,0.0012025818391305228,-0.0010966311229948032,-0.0012734289466517462,0.11268378350406182,-0.27465688254441795,9.782669927975896,0.0017735784436984838,0.002118563922854288,0.001666851454346647,0.48047112158322114,0.608105721768516,-1.0688016478242395
23318,2.833,0.9999978612183259,0.001201041896618274,-0.0011008429590973576,-0.0012740494166328905,0.11808954514637555,-0.2850729178332438,9.755906457556819,0.0018512158313446544,-2.868517568339527e-05,0.00019901878250659739,0.47974102482891146,0.5978415727108921,-1.0689795708921555
23319,2.842,0.999997875355879,0.0012009393636041648,-0.0010819444016793257,-0.0012792281595853671,0.11544293195605795,-0.24703534722901802,9.772533429890615,0.0021451288184690977,0.00540010456647032,-0.0007742288733150009,0.480678044814654,0.5976889646854643,-1.0660308335105408
23320,2.850,0.9999978662136184,0.0011989586338338536,-0.0010936516649424717,-0.0012782771375703915,0.11223327723452803,-0.27418782248523205,9.782688264819042,0.0017532427104560936,-0.0018382693152857925,0.0005234912592336029,0.47674057936124914,0.6085097175323992,-1.0637344848884307
23321,2.858,0.9999978956427331,0.0011897630865986073,-0.0010804836830376385,-0.0012750407498690736,0.09209108808603338,-0.2564718888351198,9.739546929912164,2.0332254380617497e-05,0.003956885727283019,0.0011433396662108755,0.48166455847907297,0.6059704685140419,-1.066764691387127
23322,2.867,0.9999978905936073,0.0011946453023698245,-0.0010906638385585327,-0.0012657343041478635,0.1230306607082343,-0.2951063787079162,9.72916092893666,0.00342879866557324,-0.0015292583687286894,0.002514823369893552,0.47556364148633334,0.6108509034840948,-1.0669990570107981
23323,2.875,0.9999978954836046,0.00119334559007505,-0.0010867801743792247,-0.0012664373325512917,0.13514786282790828,-0.2640918785334988,9.81569757498057,0.0019492333382543847,0.0017808901332702536,-0.0001253995182992427,0.48437363713391113,0.6078693178302694,-1.0684975361561713
23324,2.883,0.9999978716266309,0.001200343608689596,-0.0010927284018764365,-0.0012735234859733067,0.11197414864432102,-0.2735210878768266,9.782709898931058,0.0038780987217291786,-0.00039512946559706885,-0.001394049578625007,0.4818896153200085,0.6074803058665952,-1.0653431149186292
23325,2.892,0.999997876408544,0.0011990817841352865,-0.001088561975714498,-0.001274525049808731,0.10885366242780316,-0.30059318150170083,9.792868731439142,0.001949233591783458,0.001780905542458971,-0.00012542943759800138,0.4774307166897188,0.6017685222973999,-1.0605833661305903
23326,2.900,0.9999978728694112,0.0011975418743667362,-0.001092773766335847,-0.001275145328227442,0.1118478864029511,-0.27312797149183443,9.7827223264797,0.0018512323457647987,-2.867246494447542e-05,0.00019909586750921653,0.48713559455437944,0.6106223691764078,-1.074164844815906
23327,2.908,0.999997902960353,0.001188268482625932,-0.001079441417160835,-0.0012715734883308842,0.13723316312869194,-0.3012594226586246,9.799106976432817,2.0361347084073566e-05,0.0039569586561345235,0.001143128195805861,0.48169437956471034,0.6066339734672438,-1.0689835401673986
23328,2.917,0.9999978952448013,0.0011798657185355574,-0.001085180826250771,-0.0012805488774478226,0.12010142231501661,-0.25630097460112977,9.745809672582952,0.00017568539426170103,-0.00033780122567843903,-0.0017922012605874368,0.4811708887695572,0.6086699433680834,-1.0663670421618934
23329,2.925,0.9999978714079701,0.0011948690656778708,-0.0010829820616855218,-0.0012870964607209867,0.11699652275499663,-0.28336540918250436,9.755969372350627,0.005827405994137889,0.001385789075934088,-0.0015193634473301318,0.48189709872284,0.6018449522202656,-1.0658999202424557
23330,2.933,0.9999978759344293,0.0011856286334435908,-0.0010870892260291386,-0.0012886614717034805,0.10837997748051567,-0.29986917876995295,9.792896181621916,-2.2898349882893854e-15,8.326672684688676e-16,3.277001066337437e-16,0.48627565547174806,0.603835215259568,-1.0646818019710156
23331,2.942,0.9999978656858799,0.0011918203372235751,-0.001090419672428512,-0.0012880888581715214,0.14006054732854936,-0.27330483582369647,9.788976290225436,0.0037024812311748498,-5.728771670856607e-05,0.00039827503622546237,0.4775381121936776,0.607381274333264,-1.068574167869481
23332,2.950,0.9999978677441609,0.0011907214464787288,-0.0010871358507573235,-0.0012902810588447833,0.11137705760582019,-0.2721785634076234,9.782754159138106,0.001949254194385896,0.0017809290515349082,-0.00012546971704786955,0.4848200653772109,0.6021042095892806,-1.0653801668147793
23333,2.958,0.9999979039927841,0.0011802314945323358,-0.001079724018534641,-0.001277990493850366,0.11119960461302886,-0.27211089137198874,9.782758060386959,-0.0002534094184188954,0.0024853402841440502,0.0032597437334636902,0.48575923520212,0.6070760582824084,-1.062591389002396
23334,2.967,0.9999978967033396,0.0011885531339301016,-0.0010631865903634936,-0.0012897924712906754,0.14743286852530654,-0.32129678991789024,9.745622165419874,0.004172354651505685,0.005033504051404741,-0.002367689595229732,0.47749148496722343,0.6057797714373329,-1.0651048520369215
23335,2.975,0.9999979161089017,0.0011782933941269346,-0.0010647874208532496,-0.0012828212192359998,0.11067381814475649,-0.2717883900405874,9.78277298779514,-0.00017576506523027423,0.0003379160599247189,0.0017921718390783428,0.4782775418383682,0.6007698336929238,-1.0690906619227156
23336,2.983,0.9999979154565389,0.0011900377626129174,-0.0010734376930922813,-0.0012651577844208063,0.1131327014467588,-0.3094700420967647,9.766169680577084,0.00510416700584514,-0.0012196825667847495,0.004506636327864184,0.4853157825525996,0.6042851697052921,-1.0659301584868999
23337,2.992,0.999997914210226,0.0011821843904776255,-0.0010709057877471987,-0.0012756081130503207,0.11925535432131981,-0.2546358588703632,9.745863710124793,0.00027382935337124883,0.0014715987955231714,-0.0021168504592725687,0.48886780775392275,0.600876231216208,-1.0577146972304559
23338,3.000,0.9999979363623882,0.0011725473979153206,-0.001065884845200559,-0.0012713351493539085,0.11604100718487385,-0.28193580428791487,9.756022201974947,-7.768473833241305e-05,0.002147522131817861,0.001467480204587662,0.47717470927278405,0.6047272545204567,-1.0597020536754655
23339,3.008,0.9999979495169137,0.0011618816406554625,-0.0010747532388870843,-0.0012632887623205008,0.13055698053932926,-0.28901352516766393,9.825938775368844,-0.00027385731817942683,-0.0014715978203971496,0.0021168475278629363,0.47432009667204317,0.6030879143935475,-1.0653077154556436
23340,3.017,0.9999979515447539,0.0011607830246849547,-0.0010714695252422514,-0.0012654809847389582,0.11599440853659845,-0.28188468038556935,9.756024233460094,0.0019493528328353904,0.0017808710060073566,-0.00012545774440589504,0.48366567331581983,0.6034159838751718,-1.0703222684358438
23341,3.025,0.9999979785276186,0.0011580932288731186,-0.0010643297690708453,-0.0012525824893612131,0.1213165596004572,-0.29231465095003056,9.72926673156928,0.001597827618175328,0.0024568322280855734,0.0034588678492620015,0.4768307592312164,0.6122083846315235,-1.0704443510856563
23342,3.033,0.9999979638691501,0.0011556709584939926,-0.0010835318231683844,-0.001250056389858478,0.13590599440305426,-0.2992447759461103,9.799187203082912,0.0016549849713890338,-0.0036478186930592963,0.0008486717141494721,0.4721734478893936,0.6059019082217358,-1.069088644956149
23343,3.042,0.9999979681541319,0.0011544269179650855,-0.001079985267951083,-0.0012508468812610762,0.1390510707850633,-0.27179046050193695,9.78903284509624,0.001949392400584573,0.0017808389739361941,-0.00012548998046769778,0.4875165351962714,0.6130699526513875,-1.0661748465476542
23344,3.050,0.9999979744124926,0.001137044834286723,-0.00109148348001502,-0.0012517842343989071,0.07875691760892913,-0.29730178547927943,9.786725940897254,-0.0019493924005793688,-0.0017808389739341125,0.00012548998046806942,0.48362037694218296,0.604986763709775,-1.0669519751937608
23345,3.058,0.9999979959262285,0.001141739766868235,-0.0010839805226244277,-0.001236753838860999,0.1621348836004504,-0.2620563220571203,9.82203075090218,0.003449163168697759,0.002428146863112691,0.0036580605934071983,0.490726766963457,0.6066339734672438,-1.0688621458657581
23346,3.067,0.9999980082748343,0.0011462246948031214,-0.001085029928777218,-0.001221607697750603,0.14374040305243027,-0.34722190597506497,9.755835695865123,0.0033510194340020437,0.0006186134506481163,0.003982810563640283,0.47798433230625825,0.6089444363576111,-1.0654413124858373
23347,3.075,0.9999979819887646,0.0011526291486231622,-0.0010975178065807964,-0.0012259360132569576,0.05068670245602323,-0.23058888300443314,9.786956779440306,0.0037800884415933158,-0.0022051270621299087,-0.00106886304814856,0.48210278670648565,0.6041325616798643,-1.0630371968654986
23348,3.083,0.9999980172406112,0.0011357330169602562,-0.0010848971738681536,-0.0012241827815631012,0.18155511338840696,-0.26583389317232636,9.731602657171228,-0.0018306331636563967,0.0039859148570977904,0.0009433040159916178,0.46956336336017185,0.6052386550888371,-1.074721494298633
23349,3.092,0.9999980068517869,0.001141943535463396,-0.0010888431417042479,-0.0012233879304430156,0.09296309843618511,-0.303575946843437,9.856670463565294,0.0037025365231751067,-5.750981623900869e-05,0.0003985440888630105,0.48308346509316674,0.5985048258437907,-1.0633368787684572
23350,3.100,0.999998001477332,0.0011468250908396528,-0.0010990208124127953,-0.001214078583335025,0.09804505823277575,-0.300656156593689,9.696313361549791,0.0034285835233095452,-0.0015289235385711154,0.002515498675361709,0.48018939478065864,0.6045291914537947,-1.066006675077743
23351,3.108,0.9999980062544986,0.0011393901098610696,-0.0010889130038641258,-0.0012261915331056293,0.1673164428773602,-0.27146958692965617,9.795304983701511,0.0003721884430031058,0.003280915710067058,-0.0024418135171563825,0.48114957481968795,0.6048113022535784,-1.0647811699288914
23352,3.117,0.9999980083835419,0.001138291954484423,-0.0010856297866985555,-0.001228384444089965,0.11231554971538843,-0.3074580904076669,9.766242658973713,0.001949487713748292,0.0017807840561117395,-0.00012555135070033024,0.4808921341766423,0.6043537299975981,-1.063793217760946
23353,3.125,0.9999980028665493,0.0011512388283632447,-0.0010875833210488065,-0.0012190465917802146,0.11772857639538306,-0.3177392658523151,9.739491612154158,0.005378053689884311,0.00025193236314291045,0.002390038091948384,0.483897084069225,0.6044225421102074,-1.0693734571478217
23354,3.133,0.9999980261996569,0.0011351809891597985,-0.0010765964522532014,-0.001224704450532965,0.15232552287283463,-0.2638773487569531,9.725408213515681,-0.0016548116322008142,0.0036477987710952166,-0.0008490915474614828,0.4811765294531031,0.5986421982487062,-1.0667867392835213
23355,3.142,0.9999980097866235,0.0011410759439835446,-0.0010875908054000288,-0.001222912393313265,0.08338537818108563,-0.3060315158573698,9.760027909968839,0.0036043264187966603,-0.0018670214868890238,0.0007235468521990169,0.47957972005812227,0.6045670286847726,-1.0569776304440048
23356,3.150,0.9999980061949788,0.0011395364679119746,-0.001091802579322376,-0.0012235317051221873,0.13275953230220058,-0.25914415282235764,9.815862038622715,0.0018512862897845726,-2.874815256418953e-05,0.0001993209296782532,0.4893340949855911,0.614038673655445,-1.0742419561850847
23357,3.158,0.9999980059292248,0.0011377224688822094,-0.0010949972742655203,-0.0012225817467802719,0.1120747619863801,-0.30655873881281703,9.766273696730405,0.0018512889665213215,-2.8746638431412024e-05,0.00019932144224475996,0.4877347296424008,0.6060466466166041,-1.0642426710845223
23358,3.167,0.9999979885043682,0.0011451633976933332,-0.0010934524492769348,-0.001231239112216392,0.14920392215813463,-0.29049561744202773,9.735591996749447,0.0039766249843573645,0.001413786111063382,-0.0017184026467586524,0.48381458896454477,0.6033928786241,-1.063235378721548
23359,3.175,0.9999979690317299,0.001145642091250552,-0.001092292443129177,-0.0012475310948566877,0.11192479855868644,-0.3060628821106175,9.766290968705169,0.0023011580373671426,0.0011042528572544573,-0.0037098394940236917,0.4815846260908657,0.6032250349781596,-1.060817292817025
23360,3.183,0.999997969608979,0.001150964862992285,-0.0010949736022620392,-0.0012397945854872327,0.10637046968159775,-0.295243202527113,9.793058773914558,0.003526770006325326,0.00028089537095001243,0.00219078884840267,0.4842836586263993,0.6124750079904916,-1.0618026524060713
23361,3.192,0.999997976464364,0.0011431277607706857,-0.0010846897920368049,-0.0012505095581252085,0.1519821349102745,-0.2625377484770454,9.725449840393035,0.0003722830553855183,0.003280706174271668,-0.00244210763495114,0.4858566937283317,0.6046513282381977,-1.0698428262787592
23362,3.200,0.999997990508763,0.0011411913364210036,-0.0010797714482913617,-0.001245292892777738,0.1145794662386116,-0.278274469915682,9.756144596379379,0.001773662081338016,0.0021191347402776425,0.0016664589285851,0.4860404535223461,0.6016161660922753,-1.0653485279347341
23363,3.208,0.9999980015891325,0.0011324829989989035,-0.0010753463972883132,-0.0012481707111839427,0.11441820934846697,-0.27819901630982613,9.756148640644737,9.823547209543323e-05,0.0018095085990599816,-0.00032501862065980117,0.4870348600827712,0.6052384032685338,-1.066669659624524
23364,3.217,0.9999979860264119,0.001131781736339662,-0.0010811920693779688,-0.0012561993993458233,0.13747138729396902,-0.26842607459034806,9.789147989268157,0.0020271837372106004,-0.0003670171387353523,-0.0015926836511790778,0.48069023738899336,0.6032786114702566,-1.0669380264622068
23365,3.225,0.999997982004403,0.001138398235356826,-0.0010770866790748121,-0.0012569490303588854,0.08262361083713865,-0.30428082082479413,9.760089125362738,0.003800835075988941,0.0017521557001227452,7.377027133229377e-05,0.481379859466863,0.603133621255085,-1.0637485702950815
23366,3.233,0.9999979784336404,0.0011368585784725259,-0.0010812975347367162,-0.0012575678298164007,0.11423686996399127,-0.2776444329310131,9.756166563981843,0.0018513072779180963,-2.8671293153686046e-05,0.00019941664715769292,0.4808887524738201,0.6041173260593516,-1.0635416009260195
23367,3.242,0.9999979706789697,0.0011348328910276374,-0.0010921597220054913,-0.0012561764979265617,0.13742132286270375,-0.26781050423394465,9.789165552313047,0.0017530797361981476,-0.0018381701342188902,0.0005244925769908475,0.482443135331518,0.5987795706536215,-1.0701939477466582
23368,3.250,0.9999979952596344,0.0011384785501829236,-0.001091569982701647,-0.0012336199884726107,0.10576578079405158,-0.2940186644370348,9.793102164206658,0.0031749956186489167,0.0009578480426614413,0.005775032730823973,0.4820976612735398,0.6075641017794138,-1.0626558371531551
23369,3.258,0.9999979823680327,0.0011314107130932186,-0.0010906144231568242,-0.0012512912700683076,0.13428926385900797,-0.2947691366169293,9.79934514434224,0.0004500288306095769,0.001132641625366107,-0.003909252939785364,0.48478337851263564,0.6007238750110833,-1.0626504672423105
23370,3.267,0.9999979844386856,0.0011303129645025246,-0.0010873303749532983,-0.001253484672578226,0.1141395152070847,-0.2770549922667027,9.756184460230203,0.0019495688750766833,0.0017808144710337818,-0.00012569404190558114,0.4802195229861768,0.6059247616525044,-1.0682483752250478
23371,3.275,0.9999979865359322,0.001135654284998824,-0.0010891306832049648,-0.0012453946290180344,0.13959068501351196,-0.3050329976774217,9.772600195832641,0.0035267354640789754,0.0002810904315327089,0.002190936334483806,0.4833331152135,0.6038656865005928,-1.0637451742455437
23372,3.283,0.9999979632185095,0.0011426541905658937,-0.0010950808496963515,-0.0012524768125278297,0.13716590762663974,-0.26684234992205563,9.78919557347908,0.0038785537356214104,-0.00039583746050001855,-0.0013931797772314938,0.4771810631852538,0.604223975402939,-1.060174818855941
23373,3.292,0.9999979929649245,0.0011316214049650682,-0.001095079858119065,-0.0012386683264047694,0.10854107241913293,-0.26580255187749124,9.782961350891858,-0.00035180291294574436,0.0006769913371827751,0.003584108310773143,0.48069228485486626,0.6081590464403096,-1.0670903689090938
23374,3.300,0.9999979867838107,0.0011399470660445386,-0.0010785457494248462,-0.0012504751411220767,0.13934608304493165,-0.304434685629936,9.772622344309454,0.004173436400784688,0.005032559842420965,-0.0023687114299847756,0.4816053258009731,0.6056195456016485,-1.0623574623159608
23375,3.308,0.9999979799505685,0.0011377897195055636,-0.0010894343909435742,-0.0012484638740624455,0.14229257819517127,-0.2768906883555293,9.76245928175249,0.001753046325402663,-0.001838151760193464,0.0005246934702663519,0.4759488919589538,0.6000984591091626,-1.0593297332736977
23376,3.317,0.9999979932490373,0.0011375760200770162,-0.0010711606518814774,-0.0012538076228781217,0.11353738037020718,-0.2758351897941668,9.756226050358643,0.0021461980382617256,0.005399762644321212,-0.0007762007067224829,0.48017023066995596,0.6057950070578453,-1.0645807624139723
23377,3.325,0.9999979951280297,0.0011428408911313228,-0.0010731432754377134,-0.0012458001962897705,0.13333648865801806,-0.29321319909089394,9.799404834736633,0.0035267001204531386,0.00028122875276572525,0.002191062000465719,0.4823582788728203,0.6077700344766352,-1.0638801719113387
23378,3.333,0.9999979838363842,0.0011490022465764597,-0.0010774580470272641,-0.0012454722642306281,0.13639924315992508,-0.26561861099270273,9.789239567032745,0.0037026777594508244,-5.73479484985411e-05,0.00039903249329203337,0.4871985344064402,0.6012728609901384,-1.060680894515629
23379,3.342,0.9999979936722312,0.001148219736396752,-0.0010655665355631665,-0.001248523491204654,0.11007398335665922,-0.30237939761242166,9.766426744600901,0.0020479749889743947,0.003590266318214839,-0.0004510642317297572,0.4873233536751097,0.6014714276974068,-1.0699681178384364
23380,3.350,0.9999979956848576,0.0011471222509262075,-0.0010622822236432071,-0.0012507171090176553,0.11293150737450904,-0.27491601559452344,9.756259025811119,0.0019496642398694165,0.0017808037240184221,-0.00012575834509660685,0.4929258816344305,0.6115144084372968,-1.068984959969003
23381,3.358,0.9999979871101958,0.001153261465551536,-0.0010653532938883238,-0.0012493141750787766,0.14147130178873274,-0.27558280911323135,9.762508225302822,0.003702690710717448,-5.732010293039706e-05,0.0003991204712729358,0.4837844573748947,0.6098136221877312,-1.0609934267766803
23382,3.367,0.9999979945755055,0.0011526061431648665,-0.0010545740554554262,-0.0012530832405555396,0.10964196101852126,-0.3017525265490913,9.766450992692977,0.002048009312677653,0.0035902686306985877,-0.0004511289180124735,0.47470656885592377,0.6108963585253291,-1.057729293591549
23383,3.375,0.999998024048484,0.0011493367707597396,-0.0010471775448056646,-0.00123868612034914,0.11246826002733876,-0.2743057835471636,9.756281553358574,0.001597626282218251,0.002458182566936194,0.003458245064607131,0.4764959523005681,0.5994732950275452,-1.0636999320013436
23384,3.383,0.9999979925184437,0.0011426128519741521,-0.0010561918811601684,-0.0012624791734219768,0.1410217066735003,-0.27511473458683744,9.762527931713343,0.0005281318529697362,-0.0010160972800870552,-0.0053760077200656455,0.4858259512830515,0.6017916275484719,-1.0675554233973883
23385,3.392,0.9999980056160345,0.0011472626521216052,-0.001056461324977417,-0.0012475743784004728,0.13553306582448,-0.2643618609479478,9.789285617146897,0.0033506141925755766,0.0006201324262327214,0.003983207922867203,0.48453915417686577,0.6082961670249216,-1.0626458792494746
23386,3.400,0.9999979956257629,0.001147004197404614,-0.0010548129829368255,-0.0012571775526467035,0.12686399100115453,-0.28084400653386016,9.826224042554568,0.002125754838022092,0.0014420712878911836,-0.001917787893965758,0.4770453672279364,0.6044606311614885,-1.0682453245429095
23387,3.408,0.9999979906250289,0.001159903634973267,-0.0010568333972635023,-0.0012475867235474203,0.14331400009922113,-0.31232438320501094,9.745975273855347,0.005378023080527447,0.00025282697042750495,0.002390853348636607,0.47965360565374077,0.6085478065836805,-1.0624751152006642
23388,3.417,0.9999979871800762,0.0011583640943383224,-0.0010610434852876913,-0.0012482047684250197,0.10918519387235925,-0.30053962604356244,9.766493508863963,0.0018513646853061086,-2.864912400904081e-05,0.00019962361946948402,0.48089049620394386,0.6004493820215557,-1.0636713438034364
23389,3.425,0.9999979986455564,0.0011494660602696407,-0.0010568590455565493,-0.0012507923952100434,0.1352925355686805,-0.2634608355373871,9.789313235001456,9.83667175778333e-05,0.001809444802008798,-0.0003254673908750319,0.48320141858289833,0.5979865629260637,-1.0721132512990674
23390,3.433,0.9999979903533223,0.0011642130181132775,-0.0010462878783201108,-0.0012526687674895383,0.1460897965404952,-0.2844170539025023,9.735818700412615,0.005750847501373687,0.003532963814897777,-5.2017346735289827e-05,0.4840073643766637,0.6061990028217289,-1.0594118907389514
23391,3.442,0.9999979585159894,0.0011640051309987568,-0.001060338249849469,-0.0012663880545429648,0.0978431894580164,-0.2787043048435932,9.820020012530415,0.0021051865149124957,-0.0025157556217972614,-0.0030587652893327385,0.47600443581435065,0.5994809128378012,-1.0634624941429043
23392,3.450,0.9999979592338618,0.001169327532289648,-0.0010630154448032355,-0.0012586498315348643,0.11202681958894573,-0.2723735717497205,9.756340766486089,0.0035266723704590734,0.0002816376849451152,0.0021912676232736113,0.48358543380773156,0.5999384850937817,-1.064352018498709
23393,3.458,0.9999979582141987,0.0011551070269118675,-0.0010545630104363433,-0.0012795280566360483,0.13743049425034623,-0.30047449168321827,9.772772033264683,-0.0013024756229299541,0.0029697277314494125,-0.004434682367492551,0.4773736338507853,0.6065420561035625,-1.0563360966286557
23394,3.467,0.9999979644733464,0.0011608717412601496,-0.0010497453533834461,-0.0012733658772642153,0.11477055286636345,-0.2448888491893471,9.746167343972994,0.003624985984174716,0.002091132083685674,0.0018657737867787967,0.4860388121655159,0.6055281318785739,-1.0652264021796614
23395,3.475,0.9999979756143669,0.0011582505838756618,-0.0010513629950370674,-0.0012656455294383713,0.10543894460122157,-0.3265675779034221,9.776722978885559,0.0016752569068564504,0.0003103003935123117,0.00199164946995738,0.4909266162852329,0.6028286570245324,-1.0655649947176107
23396,3.483,0.9999979654438407,0.0011579926458877632,-0.0010497149674804553,-0.0012752488770712276,0.14320718064814816,-0.2454156632988653,9.75242471973898,0.0021258828483289314,0.001441913476998701,-0.0019178369458039146,0.4765952535460654,0.601440956456382,-1.071088477479905
23397,3.492,0.9999979682801309,0.0011570607749765063,-0.001045565038936153,-0.0012772782480578605,0.11139237102314649,-0.2716517115636901,9.756368156593505,0.001949752162256188,0.0017808413238629137,-0.00012588552262079823,0.4836588075368819,0.6026991542501764,-1.0698114176436466
23398,3.500,0.9999979501593731,0.0011645040517765128,-0.0010440209928231046,-0.0012859344976052206,0.13128740503549652,-0.28899911451195437,9.799557686270607,0.003977297604813126,0.0014133219231159116,-0.0017181078971091348,0.4828460041630411,0.6065499257341219,-1.0638355244454742
23399,3.508,0.9999979537889511,0.0011634039594752678,-0.0010398584249812,-0.001287479550922513,0.10806028854915883,-0.29846472363564985,9.766569649411586,0.001949753675141214,0.001780860842539589,-0.00012590097064922568,0.4823785724738849,0.6013721443437727,-1.06539012471846
23400,3.517,0.9999979563908209,0.0011558876941943307,-0.0010306118036870534,-0.0012996065290240455,0.0792485788780756,-0.29747597997193154,9.760326885621275,0.0003729198934924863,0.0032798747417284017,-0.0024432316885081855,0.48972989667572076,0.6127878418516037,-1.0673576996445777
23401,3.525,0.9999979854729697,0.0011529744492806125,-0.001022981094607576,-0.001285771986500971,0.1368737895202405,-0.23398706346361248,9.779206671169986,0.001597332623136185,0.0024588486408701625,0.0034579888921355355,0.47604214302773046,0.6111177786633664,-1.0662681131412535
23402,3.533,0.9999979994192708,0.0011510381316961944,-0.0010180584757637555,-0.001280556759914992,0.1098641661686767,-0.3360536850286692,9.750022970452635,0.0017735631661179429,0.0021198584454651167,0.001666062777985447,0.4876010845350882,0.6033474235828659,-1.0724657710159406
23403,3.542,0.9999979826559597,0.0011648430046626757,-0.001021766614137256,-0.001278208813814181,0.07079010492728564,-0.24845988655216725,9.803657110602195,0.005554177075181389,-8.572584266124037e-05,0.0005994344188714806,0.4806549837505291,0.6053145813710963,-1.0643149666025589
23404,3.550,0.9999980094755245,0.0011556482340448297,-0.001009245423258806,-0.0012755178647587176,0.15848650243094517,-0.27574729506275625,9.672235671795438,2.060434980765394e-05,0.003957893900956796,0.0011404905653260066,0.4875065982185242,0.6050324705713125,-1.0654354820851266
23405,3.558,0.9999980004865592,0.001161726539047141,-0.0010125779183874923,-0.0012744019348269458,0.11601608835369627,-0.29385475762186564,9.863292914071142,0.003702791511071778,-5.7160397529403636e-05,0.0003996866233340748,0.4846055631379163,0.6022796710454772,-1.067587062277434
23406,3.567,0.9999979915003357,0.0011764747133052378,-0.0010020059592111077,-0.0012762784183480663,0.12098694635570832,-0.29101281203011986,9.702940853606206,0.005751083135043857,0.0035331039501934926,-5.1943812689923164e-05,0.48363769494946823,0.6071448703950176,-1.0682405278577702
23407,3.575,0.9999980199036015,0.0011673048195999878,-0.0009885914863508507,-0.001272900313406093,0.14377714113613452,-0.28106697039235506,9.735950417502854,2.0617804680495487e-05,0.0039579525045192205,0.0011403395869664973,0.48052236237615303,0.6050555758223845,-1.0726142377574206
23408,3.583,0.9999980117990249,0.0011653226195243924,-0.0010002950477948198,-0.001271939859947103,0.07827295097731596,-0.3089515736823073,9.894004210003605,0.0017529388256233738,-0.0018379888732495274,0.0005256821095688119,0.4833230690941954,0.6112168101966974,-1.0629976890655457
23409,3.592,0.9999980032311231,0.0011713354461892432,-0.0010038518666554864,-0.001270349742790034,0.13273769687516654,-0.25956010329759355,9.78945241356254,0.00370281426386643,-5.7154351434112336e-05,0.00039978185166480355,0.49095776822368764,0.6066644447082687,-1.0678828660883588
23410,3.600,0.9999980000152272,0.0011697959973886,-0.0010080609229497362,-0.0012709665793637452,0.1206732841833257,-0.2902647941846111,9.702967164290278,0.0018514111594386733,-2.8574897359837995e-05,0.00019989169526142325,0.4839189132696942,0.6016849782048846,-1.0709976667901084
23411,3.608,0.9999980235728229,0.0011602537177756416,-0.0010019722164553132,-0.001265983189447909,0.07543621866165214,-0.2574747301204102,9.776957265463395,-7.781766688547648e-05,0.0021485886112141373,0.0014660538311052898,0.47819791318591,0.6065727791648907,-1.0631658629220837
23412,3.617,0.9999980124926069,0.0011664155490071757,-0.001006285093425346,-0.0012656523670041208,0.15809267266192026,-0.28730355870516555,9.805910056721164,0.003702826581764488,-5.716790958663026e-05,0.0003998180863663206,0.4775444661061473,0.6068779952157464,-1.0690469330499563
23413,3.625,0.9999980109878644,0.0011647489340603193,-0.00100995142171465,-0.0012654557919269203,0.10947371974893622,-0.26860500882565214,9.756474228514751,0.0018514173189518857,-2.8581676237297434e-05,0.00019990981279086745,0.48139686697013545,0.6123759764571607,-1.0650140197944948
23414,3.633,0.9999979835861446,0.0011648887792911945,-0.001017436737461823,-0.0012808904176164948,0.11194121898192427,-0.3063421612478122,9.739924987034716,0.0022040205380733356,-0.000707037302408353,-0.0033838460029441287,0.48216253125105385,0.6057035933347706,-1.0674825115483861
23415,3.642,0.9999980132524259,0.0011554566515751196,-0.0010041161108780017,-0.0012767779616762482,0.1434998618975229,-0.2798504416987078,9.735989552179529,2.062878897105649e-05,0.003958030211144734,0.0011400945581537226,0.4831824558346512,0.6075567357894608,-1.0707023210824225
23416,3.650,0.9999979892676945,0.0011688768154915548,-0.0010160270711981442,-0.001273921720036192,0.1006967006620749,-0.28480802951100936,9.793427793532413,0.005455788693814528,-0.0018950682621860452,0.0009256987678259054,0.4813179467318705,0.6071070331640399,-1.0773089436163648
23417,3.658,0.9999979999973578,0.0011665705762193986,-0.0010179927209263342,-0.0012660194294239915,0.13244616215440325,-0.2581187461472242,9.789494472229496,0.001675118933836253,0.00031072823148674375,0.001991790332694788,0.47901317690293016,0.6007622158826676,-1.0693248188540836
23418,3.667,0.9999979967173313,0.0011650312283792519,-0.0010222016795163058,-0.0012666362097099398,0.11485277078695194,-0.27830668899213556,9.729755953860009,0.0018514320164085753,-2.856993664966198e-05,0.0001999268708306661,0.4724394980415009,0.6034083660649158,-1.0707171907937088
23419,3.675,0.9999979834344246,0.0011731370738914803,-0.0010128649018858644,-0.0012770987356981911,0.10613025114133111,-0.29474531011687505,9.766703769283314,0.004076188308223624,0.0032223148170083937,-0.0020439195588312503,0.47850300478834645,0.6110720718018289,-1.0676993021460321
23420,3.683,0.9999979680332766,0.0011724375523345545,-0.0010187124263074329,-0.001285124311641083,0.12911120014919578,-0.28477460555357625,9.79971027285894,0.0020277770622086026,-0.0003678873452721993,-0.0015918990024112807,0.4816780852903615,0.6069160842670275,-1.0677711587268328
23421,3.692,0.9999979873814233,0.0011621603071000307,-0.0010205170060092962,-0.0012779520976001798,0.10293917186873502,-0.32171224893969946,9.776910591497598,-0.00017633884761958962,0.00033935514735895133,0.0017918501745540294,0.48367192485499577,0.6026686830091514,-1.0707874164939748
23422,3.700,0.9999979446905045,0.0011712847696983165,-0.0010222515863615872,-0.001301425545121589,0.10906003046271309,-0.26695738430994703,9.756524083473673,0.004330405428448528,0.0007342280512411834,-0.005301639304131595,0.4799546023244313,0.6032862292805128,-1.0667038695308388
23423,3.708,0.9999979718790155,0.0011686449069670236,-0.0010149453879117847,-0.001288562298502652,0.14549159874961873,-0.3161280423201312,9.719496154434891,0.0015971958797496712,0.002459640454487597,0.0034576158857366765,0.479984836287375,0.5971095074653842,-1.0689534385980508
23424,3.717,0.9999979886162549,0.0011585644006649077,-0.001017411566991595,-0.0012827180820956137,0.10021616729683121,-0.28333714145627215,9.793475386812878,-0.00017636522911064408,0.0003393980885104197,0.0017918394591562006,0.4828860727304384,0.6081666642505656,-1.0668168408528693
23425,3.725,0.999997976232371,0.0011665779147228108,-0.00100763130301767,-0.001292790117828008,0.15728604688549852,-0.2849621132311996,9.805991350666442,0.004076276807635085,0.0032222796073288493,-0.0020439512927852553,0.4823291777843704,0.6009983680006108,-1.0617148947850403
23426,3.733,0.999997965098412,0.001172740010903879,-0.0010119438546226211,-0.001292458717638371,0.1085412637195664,-0.2661845576122631,9.75655098376316,0.0037028999809764146,-5.702365151613546e-05,0.0004000208414994271,0.4872966037882819,0.6081285751992846,-1.067977782728495
23427,3.742,0.9999979559482671,0.0011788409434161681,-0.0010152045616371906,-0.001291430608099566,0.10546426986719351,-0.2931747707830814,9.766758253345522,0.0037029107311846395,-5.7017571716971114e-05,0.0004000228930698662,0.480902692162415,0.5982227150440068,-1.0645787885526656
23428,3.750,0.9999979526836914,0.0011773017314275977,-0.0010194131735235023,-0.0012920471510761507,0.1340744015876,-0.2938405390985394,9.773020365480043,0.0018514593972349328,-2.8506505918993406e-05,0.00020001221587329876,0.48392260209239724,0.602653447388639,-1.071272134992068
23429,3.758,0.999997938775838,0.0011918417927554122,-0.0010155330975483334,-0.0012925361676595722,0.10539744764479325,-0.2926438193693664,9.766774898731308,0.0056529038124692515,0.0017238473077906063,0.0002739013465380355,0.471833102648493,0.6034385854856374,-1.0619321458725524
23430,3.767,0.9999979447172529,0.001197607272555084,-0.001010711903712508,-0.00128637457165412,0.1338467902957193,-0.29315860534909016,9.77304396533314,0.0036250548441903617,0.0020918967890799565,0.0018656863598010016,0.4829200945052469,0.6110187471300351,-1.0693482434468222
23431,3.775,0.9999979644496981,0.0011809269077347946,-0.0010066705502277222,-0.0012896210691469736,0.13368513107442195,-0.29308311750922367,9.773048441773739,-0.0017529333987388082,0.0018378548349082663,-0.0005262510855584701,0.4782362414073153,0.6040411479567894,-1.066017688249625
23432,3.783,0.9999979256318505,0.0011969140348419892,-0.0010068712365571997,-0.0013047371772912013,0.13909042072597871,-0.3035278564613729,9.746314388612037,0.006005811066473741,0.0010447336651049036,-0.0033096184325502854,0.4813601834896921,0.6031793281166222,-1.062284572019589
23433,3.792,0.9999979334156327,0.0011962218444940592,-0.0009953430423742093,-0.001308246915025338,0.10786243998064636,-0.2643980274360715,9.756607089679214,0.002048511460893412,0.0035902237970359997,-0.0004524010346377234,0.4756525054706091,0.6085247013326087,-1.0554440012465813
23434,3.800,0.9999979302515738,0.0011946826566950016,-0.000999551409135046,-0.0013088632085776586,0.13632478684068142,-0.2651295352303602,9.762870927109345,0.001851475559758128,-2.8463099088363117e-05,0.00020009810698060095,0.47838925537191795,0.6059625988834825,-1.059235735226666
23435,3.808,0.9999979545404285,0.0011846249719987226,-0.0009937526768908863,-0.001303853616133347,0.13867441242537704,-0.3029690103528061,9.746337703699698,-7.794648729575548e-05,0.002148968201288102,0.0014655231927307901,0.4842706470657108,0.6049331872176781,-1.0608345224756506
23436,3.817,0.9999979433598816,0.0011907871633909347,-0.0009980647804797725,-0.0013035216273252477,0.10446096886486328,-0.2913104530404565,9.766824819953955,0.003702955391715233,-5.694430032926107e-05,0.00040023091645210323,0.4814777274862491,0.6016849782048848,-1.071030476060822
23437,3.825,0.9999979242641369,0.0011896792865363868,-0.001010509585218032,-0.0013095804637683396,0.13315974966284075,-0.2919710617439184,9.773088900381332,0.0019294240817511544,-0.0021774609269264254,-0.0012653738659733264,0.4819181055528284,0.6049715280892626,-1.0674629411084247
23438,3.833,0.9999979463288653,0.0011800416641289477,-0.0010054801945851217,-0.0013053157859114072,0.1331606652283991,-0.29189577818998796,9.773091136603075,-7.794038634882021e-05,0.002149002428459408,0.001465473524355553,0.4788637575865993,0.6123452533958325,-1.058207219990566
23439,3.842,0.9999979249090266,0.001193134133038061,-0.0010165586958644438,-0.0013012367191811167,0.10145868719917966,-0.31807618589660197,9.777045036786676,0.005455917823613091,-0.001894736262439995,0.0009266546531557632,0.4839609452809284,0.5972692296604619,-1.0559580609486436
23441,3.858,0.9999979529996906,0.0011892618409469152,-0.0010067070710353414,-0.001290811208357701,0.11598374626142448,-0.2855562823023036,9.783350170718593,0.001773580311316988,0.0021205735439980564,0.0016655309061892113,0.48161485666967757,0.6048646269253721,-1.0630666100866741
23442,3.867,0.9999979485652768,0.0011958044189077875,-0.0010020186915535281,-0.0012918496704950365,0.1558853477591125,-0.28128184241281795,9.806119974492063,0.00380157794644805,0.0017523543398722283,7.390873950797241e-05,0.4865609687237199,0.6081361930095408,-1.0677436257971273
23443,3.875,0.999997942215869,0.0012024102363899865,-0.0009988364396878615,-0.0012930968324667647,0.10404914355076436,-0.2898163361792829,9.76687366596238,0.003801591540473749,0.001752362026032271,7.391133253837802e-05,0.48799063130191017,0.6106602064073859,-1.0651161146197397
23444,3.883,0.9999979558548908,0.001193351011010053,-0.0009942728660367233,-0.0012944577523206207,0.10390450452924123,-0.28965750745161023,9.766879917060782,9.859551363753783e-05,0.001809317518807527,-0.0003264236134878446,0.4756777163739005,0.6060235413655324,-1.0573198277237945
23445,3.892,0.9999979599674405,0.001190527867846849,-0.001004334526229412,-0.0012860857331172073,0.13557945511167102,-0.26319387347443435,9.762933680725176,0.0015763792981287235,-0.0014979906294020865,0.002318354782148989,0.47994650806596967,0.5996411386734855,-1.0661016132705095
23446,3.900,0.9999979518675768,0.0011988010945516816,-0.0009871275611848035,-0.001297966010901554,0.10374570985736176,-0.28935611411274714,9.766890540004603,0.004175367785125891,0.005031162770512985,-0.002370710564946369,0.47782762951895263,0.6060545162471637,-1.071948797306837
23447,3.908,0.9999979528509142,0.0012041229917502554,-0.000989798617050743,-0.001290224980174548,0.10352966733635938,-0.28904260719337077,9.766902114602765,0.00352646366219967,0.0002829189807055068,0.0021921624474531814,0.47699044099643323,0.5987259941615247,-1.064158518205332
23448,3.917,0.9999979295274671,0.0012112742583141598,-0.0009952850369707943,-0.0012973677754954031,0.09801197051001839,-0.2781122628136929,9.793647461459681,0.003879579415354001,-0.0003968146888826609,-0.0013913010383631572,0.4773659490854983,0.6038730524905457,-1.0557643088577038
23449,3.925,0.9999979352900429,0.0012170398467491286,-0.0009904619789790569,-0.001291206695696642,0.132069834924527,-0.2893264271938861,9.77318234029879,0.0036251014106996778,0.0020922911102867203,0.0018656363534486822,0.47948102146939275,0.5990997705046865,-1.067800938868038
23450,3.933,0.9999979251828996,0.001216789534783646,-0.0009880924281425493,-0.001301048222621557,0.13501040927033064,-0.2618066228998279,9.76297886613962,0.0021267196103122096,0.0014409091026982824,-0.001918035035052211,0.47949956457206994,0.6120024519343021,-1.0691806452026165
23451,3.942,0.9999979268974616,0.001215694034214551,-0.0009848063156195248,-0.0013032441502328499,0.13179728634156043,-0.28892503514682194,9.773197893883506,0.0019501471594977875,0.0017808529331645674,-0.00012631716453675459,0.47989321980716476,0.5978108496495639,-1.0621366808904416
23452,3.950,0.9999979170226553,0.0012217998135227676,-0.0009884194642497887,-0.0013023757249507354,0.13481115220966683,-0.26140981686511916,9.762992252578254,0.003703051694736637,-5.688282734734558e-05,0.0004005165646293902,0.4760816007394977,0.6034540729264529,-1.0692039786121459
23453,3.958,0.9999979115253805,0.0012369952033193085,-0.0009703525584505784,-0.0013058344674729463,0.10842892050034239,-0.2980496439326636,9.740222005663192,0.005850499313667596,0.00534257089676669,-0.000379025970094998,0.4814097795416621,0.6118574617191305,-1.0659747844001344
23454,3.967,0.9999979364904095,0.0012207980763688632,-0.0009587817976266676,-0.0013104977849793774,0.1280620245576832,-0.31541899109622396,9.783444755530926,-0.001654241410026308,0.0036470091091378967,-0.0008535864589246535,0.4828926347736271,0.6003351148677122,-1.0673050920755967
23455,3.975,0.9999979122748416,0.00123421851800978,-0.0009706906296196331,-0.0013076353887455229,0.14520918508346042,-0.2819627113261488,9.709552160699696,0.005455947788423334,-0.0018945581163554346,0.0009276194399377787,0.475357240273764,0.5990388280226367,-1.069808712328908
23456,3.983,0.9999979295673656,0.0012244330303960514,-0.0009725788979403156,-0.00130219623077881,0.13113548296971525,-0.2877661305269765,9.773240987978896,-0.00017664354254149,0.0003400551232959627,0.0017916887047537647,0.48429934204511793,0.6029124529373509,-1.0629695829101342
23457,3.992,0.9999979517441241,0.0012147953932493288,-0.00096754811188871,-0.001297933110842524,0.10242481498420669,-0.28688884304566775,9.76697726432521,-7.797773564809932e-05,0.0021493421951527376,0.001465020796173452,0.4843269075341633,0.6060237931858355,-1.0650206032012675
23458,4.000,0.9999979302853588,0.001221710237928909,-0.00097244171651975,-0.0013043029561743123,0.16817428052899125,-0.27186375267179413,9.742562779099538,0.0038797281346108184,-0.000396948162099522,-0.0013910137695203248,0.49022623485913513,0.6008003049339488,-1.0679538976458904
23459,4.008,0.9999979319461804,0.0012206150367585304,-0.0009691555295862311,-0.0013064990829530488,0.07921823938479773,-0.2962427399945112,9.733991580731029,0.001950210073840484,0.0017808526842112112,-0.00012636066746215638,0.4813971740900165,0.6131080417026686,-1.0650368711615277
23460,4.017,0.9999979318215995,0.0012189345658707904,-0.0009722805363162924,-0.0013058413405458164,0.12839364978960363,-0.24931099387342964,9.789776728513166,0.0018515424272820442,-2.8425123670552392e-05,0.00020034964149323814,0.47821513220403333,0.6006705503392896,-1.064447050261312
23461,4.025,0.9999979287927633,0.0012173954955652631,-0.0009764880843542318,-0.0013064568158131498,0.10222933520738228,-0.28619104509481114,9.76699978400719,0.0018515451206199927,-2.8423600903015317e-05,0.00020035015483798062,0.4810545766366557,0.6052762404995119,-1.0577127953863557
23462,4.033,0.9999979347303986,0.0012294838340320385,-0.0009767912364389585,-0.001290264825456541,0.10220105202723626,-0.2859058903904154,9.767008432061637,0.0052013216531034325,0.0005949948616841873,0.004184400590607671,0.4833223558652717,0.6016923441948376,-1.0629446210066982
23463,4.042,0.9999979355206072,0.0012348058653593526,-0.0009794607487835709,-0.0012825231537835677,0.11971390709237288,-0.26516647268485233,9.826749314405108,0.0035264530665590666,0.0002832830660344948,0.002192381822216658,0.48431717191887136,0.6062906683651067,-1.0642962211858658
23464,4.050,0.9999979305314889,0.001226332217226958,-0.0009841767512721881,-0.0012909059434800488,0.13076474733649388,-0.2862925838101962,9.773289231737298,0.00017665850906804987,-0.0003402003428204947,-0.0017916612579647031,0.4818799820780103,0.6079912027943691,-1.064626350025572
23465,4.058,0.9999979274731268,0.0012247932543108658,-0.0009883842282577375,-0.001291521410146163,0.09908955422573504,-0.31260205384938056,9.77724588912026,0.0018515603252602488,-2.84423843538519e-05,0.0002003584489228723,0.4794310091559846,0.6050781774328499,-1.0640797544029892
23466,4.067,0.9999979303871039,0.001229933861874888,-0.0009902522070584425,-0.0012829204071249736,0.10460048306620444,-0.3230235592178395,9.750521250694176,0.003526470772374216,0.00028333414166135045,0.0021923771028200876,0.4779665024325048,0.6055662209298552,-1.0641146742101062
23467,4.075,0.9999979394585689,0.001227554034634467,-0.0009928178072687586,-0.0012761279365321484,0.13317583403514066,-0.32370402434156215,9.756794267448065,0.001674913585525085,0.0003117919889082895,0.001992016553790538,0.4811465002367467,0.60530696356084,-1.0645524044609982
23468,4.083,0.9999979258609124,0.0012267294959177881,-0.000997937859630804,-0.001283560923888107,0.09661160376964989,-0.2741006916616866,9.79377447050844,0.002028223974307192,-0.0003687219577059638,-0.0015912856378510233,0.4801603926813706,0.6058178604886141,-1.0638487632762261
23469,4.092,0.9999979108910267,0.0012410383087333643,-0.000994858490651065,-0.0012838590584266466,0.12825056730195672,-0.24739487086319942,9.789827214126479,0.005653461428982173,0.0017239069440472034,0.0002742200591086208,0.4789246316215294,0.6087842105219269,-1.0627365748168045
23470,4.100,0.9999979354772968,0.0012311498205599108,-0.0009890623892963991,-0.0012786973270395299,0.12500277858917164,-0.27444948183032913,9.800058137453071,-7.792530455363223e-05,0.002149556401898,0.0014647257176636586,0.48195079309068767,0.6124676420005386,-1.0698950693143379
23471,4.108,0.9999979361374177,0.0012364717593600608,-0.0009917311076379953,-0.0012709555081118528,0.141474121985452,-0.30623855590855903,9.719872080538464,0.0035264817908651313,0.00028341196396745394,0.002192430491661517,0.4811384025941533,0.6094781867161537,-1.0639498964031056
23472,4.117,0.999997956910606,0.0012260611805393455,-0.0009934013663447927,-0.0012633694316469496,0.12730508408880623,-0.31209971008079423,9.783561084006877,-0.00017667346851048485,0.0003403455638929551,0.0017916338004148606,0.47743953094536773,0.5993054513816046,-1.061239194044893
23473,4.125,0.9999979623698995,0.0012318271812366028,-0.0009885763040704612,-0.0012572091059115415,0.11273574428509607,-0.30507703298011657,9.713615421743484,0.003625285067056918,0.0020926302909950656,0.0018655020335539608,0.4887531152424618,0.6120557766060957,-1.0673479719858303
23474,4.133,0.9999979494829857,0.0012309972287803564,-0.0009934606029325828,-0.0012644017070812682,0.1047049691569968,-0.25627959260215954,9.756858108946629,0.0020282697801567236,-0.00036886151762209027,-0.001591208035159436,0.4806803994004079,0.6033014649010252,-1.0662060273244607
23475,4.142,0.9999979619779827,0.0012354780669050938,-0.0009944864789096608,-0.0012492519642755165,0.12159196108089072,-0.3008678910892366,9.810311750861509,0.0033498171780379773,0.000623840943374737,0.00398408606714115,0.4782849194837743,0.6027067720604327,-1.0696395983266345
23476,4.150,0.999997964558002,0.001234495701526128,-0.0009905827481107785,-0.0012512577810962903,0.07842019996683261,-0.2928824787502232,9.734099727764852,0.0019504199299707767,0.0017807293596360753,-0.00012657935601648082,0.48387310502958913,0.6020356492969746,-1.0675892879363036
23477,4.158,0.9999980019841829,0.0012158707843576168,-0.0009912982345829156,-0.0012389566933134384,0.12447389039142666,-0.2733855221980705,9.8000946075817,-0.0022049705746481066,0.0007093639552692574,0.0033827962510040574,0.48219308391687254,0.605222664007415,-1.051588780814103
23478,4.167,0.9999979854041009,0.0012231518293171774,-0.0009886588533623256,-0.0012472533878109058,0.1099229249364311,-0.26643443533806793,9.730145237555353,0.003978730462383894,0.0014117630592191247,-0.0017177330931505965,0.48685069417971394,0.5994811646581046,-1.071133741276735
23479,4.175,0.9999979465478407,0.0012391433925572736,-0.0009888649413282327,-0.001262366777923626,0.10430303712439783,-0.25538044406899185,9.756885991018668,0.006007054188712398,0.0010428262935487501,-0.003308885820410728,0.48093814716333455,0.6044911024025134,-1.0672168308594392
23480,4.183,0.9999980872655221,0.0011989455543869494,-0.0010129363858073386,-0.001167028163157804,0.15831034418069048,-0.2841146472255037,9.779661698093843,0.0019504311699790765,0.0017807509146904846,-0.00012660722200007245,0.49014599196691505,0.6051391199148998,-1.0619833959111924
23481,4.192,0.9999980872220208,0.0012042386322514594,-0.0010156202569022576,-0.0011592571371672362,0.12343782351554239,-0.3375600319941851,9.793857680970188,0.003526479509177486,0.00028358282467117336,0.0021925596188097723,0.48186984035367575,0.599465677217289,-1.0638717513183555
23482,4.200,0.9999981085007899,0.0012009944261976878,-0.0010153894530019673,-0.0011443738417578348,0.13819211974664794,-0.2661718148829792,9.73644989387588,0.0014981546293122705,0.00065259728857162,0.003783672505809167,0.4833869187229049,0.5990997705046865,-1.0677484440348963
23483,4.208,0.9999981023931661,0.0012075728507912305,-0.0010122228784129289,-0.0011455927379775226,0.12637970509114332,-0.3098656106337081,9.78364409517535,0.003802103753091757,0.001752209954737765,7.385576398945001e-05,0.48231954454237225,0.6015092649283849,-1.0609981298919826
23484,4.217,0.9999980962297109,0.0012142883007806196,-0.0010081346570358378,-0.0011474778385361973,0.1324210755254011,-0.2550000695439748,9.763194481747957,0.003802117383141973,0.0017522176551845044,7.385836407460142e-05,0.4777049600894497,0.6109804062584508,-1.0628215335532605
23485,4.225,0.99999808393258,0.0012221522232854093,-0.0009991177843450434,-0.001157686816242564,0.10361681313535402,-0.2537879309375427,9.75693485541502,0.004077775038228533,0.0032208194384234085,-0.0020448958022889286,0.4833936821285491,0.5995725783811794,-1.0682516777047493
23486,4.233,0.9999980992259591,0.0012051069448253847,-0.0010023848884591925,-0.001159519838478716,0.10039500914440662,-0.28097389956720825,9.767170288367405,-0.0018516195199032922,2.846694508126237e-05,-0.00020054539152209916,0.4818585657548474,0.6038885399313615,-1.0630328606702255
23487,4.242,0.9999980846696115,0.0012193875938053818,-0.0009993205995157532,-0.0011597884911760782,0.13201970465639254,-0.254432002498448,9.763214738416542,0.005653749466975187,0.0017238038934895377,0.00027444469188655574,0.4875182755422634,0.6172183223759325,-1.0663043376275076
23488,4.250,0.9999980919507003,0.0012179185385801901,-0.0009950070851369782,-0.001158762397221776,0.13431320472373867,-0.29205252982406593,9.746732002702029,0.0019505161123343127,0.0017807341169616528,-0.00012667350862665224,0.4802328450508781,0.6063823339084848,-1.0692396083200646
23489,4.258,0.9999980950499929,0.0012150657717507987,-0.0010050809099885706,-0.0011503581702786508,0.12324204050026948,-0.27060397952544973,9.800187375540796,0.0015759312676958542,-0.0014969683253918625,0.0023193835420540205,0.48652745881537957,0.6065042188725845,-1.0652503088148961
23490,4.267,0.9999980862615256,0.0012211271673876827,-0.0010085273314023445,-0.0011485618613654484,0.16539802115630692,-0.3305183690196597,9.73652234254535,0.0037032649161893487,-5.693976992966424e-05,0.0004011296231371779,0.48612940491278966,0.6023865722093678,-1.0719669886638274
23491,4.275,0.9999980996052872,0.0012191619649329043,-0.0010036140376714741,-0.0011433235677355035,0.11459430953675151,-0.2867888786228594,9.837159248217606,0.0017737598816505791,0.002121436895254809,0.0016648307054946583,0.4830630691188085,0.6046586942281507,-1.0618193088389913
23492,4.283,0.9999980786246155,0.0012261952062654527,-0.001008624550508774,-0.0011497255800708669,0.11422015051536674,-0.27373591423007887,9.703525642597596,0.003880077364564663,-0.00039768920268824423,-0.0013903839436984384,0.48391973225604334,0.6036371521929058,-1.0710586037688632
23493,4.292,0.9999980723233094,0.001232774029448381,-0.0010054574269018751,-0.001150944490691667,0.10863816466649613,-0.2627686317592193,9.730259354038187,0.003802206320173371,0.0017522575778677952,7.383257226834913e-05,0.48333259996289996,0.6104618915204206,-1.0637068368362588
23494,4.300,0.9999980746598828,0.0012246880660106657,-0.001002838934027732,-0.0011597972845173703,0.12849122120472814,-0.28011100242512216,9.773498508892086,0.000275737441329859,0.001468382237105575,-0.002118895035695387,0.488272770981779,0.6073965099537767,-1.0679418076531766
23495,4.308,0.9999980744537517,0.0012299811305833347,-0.0010055209768513804,-0.0011520255086996858,0.09428682462513725,-0.2684098766992454,9.793954742983262,0.003526466596341487,0.00028391669892443525,0.002192751457774564,0.4852405627200319,0.6049484228381906,-1.0603333993422008
23496,4.317,0.9999980553895846,0.0012368122275356458,-0.0010103166316424387,-0.001157053528089431,0.13395278752619466,-0.29031274141538194,9.746788938781735,0.003880132471578517,-0.0003977158452684712,-0.0013903080025523774,0.4801943086987536,0.6162422353819219,-1.0663722969502716
23497,4.325,0.9999980721145256,0.0012267009157606134,-0.0010127935108770578,-0.0011511826093490735,0.09982173255596061,-0.27861512209879996,9.767243734325925,-0.00017682650956583567,0.0003408472809673043,0.001791525548583653,0.4848052009448414,0.6136189386304427,-1.0642741732894712
23498,4.333,0.999998075492856,0.0012245966521846736,-0.0010161318366325933,-0.0011475407245610859,0.12841028163137774,-0.2794372825608165,9.77351885844364,0.0018516565333278065,-2.8445964748999007e-05,0.00020061215358675117,0.4765326391651434,0.6008536296057424,-1.0664296315738127
23499,4.342,0.9999980836207017,0.0012221873835300565,-0.0010187109894695802,-0.0011407194411328344,0.1253023761568016,-0.30656946603026314,9.783761790664437,0.0016748358677069679,0.0003124183057910345,0.001992136112466728,0.4837072774826218,0.6086930486191554,-1.0734178416784044
23500,4.350,0.9999980642066826,0.0012361114626183616,-0.0010225487409530039,-0.0011393004048551021,0.1339129802713384,-0.2896615011893628,9.74680886193917,0.005554992460084481,-8.536605083862574e-05,0.0006018489296012416,0.47117083792894954,0.6140231862146294,-1.067157136288559
23501,4.358,0.9999980631479902,0.0012431344042612112,-0.001011887986855211,-0.0011421032455706615,0.12271249068282943,-0.26795616379549314,9.800266775039448,0.0039012510212745625,0.003561400294399379,-0.00025372677466424195,0.48167695918413145,0.6042318450334984,-1.067687370381045
23502,4.367,0.9999980593033865,0.001247783877076385,-0.0010216223514197896,-0.0011316857459164604,0.13368596409839612,-0.2889812878324209,9.746832169047327,0.0034275423693997833,-0.0015250845824564547,0.0025203071883365623,0.47847031725048705,0.6035759578905528,-1.0652671739401187
23503,4.375,0.9999980891676091,0.0012321441277515675,-0.0010031614120541326,-0.0011389245629539481,0.1366196629588013,-0.26163254449238027,9.736595119870653,-0.0015547402838584732,0.005455888105151458,-0.0011832393469305325,0.49042464080240444,0.6170276252992233,-1.0645493513922326
23504,4.383,0.9999980488081773,0.0012404892243604337,-0.0010114025232075105,-0.0011578563204497842,0.09612606741520714,-0.30451616859509206,9.777530652034743,0.0042339724315521386,-0.001079788609720543,-0.004973142611033118,0.48527878856814355,0.6021727698815867,-1.063177607547398
23505,4.392,0.9999980630105337,0.0012367935678141908,-0.001019829577174596,-0.0011420439946694713,0.12791572212764873,-0.2779018831737088,9.773569122011335,0.001398985730344707,-0.001155570001427292,0.004111210796173902,0.48355991240042745,0.609523893577691,-1.0624530888568995
23506,4.400,0.9999980654497964,0.0012419321039305767,-0.0010214443298825653,-0.001132851620926882,0.13347403982702968,-0.2883679755873688,9.746853238042693,0.0035265082172811074,0.00028413659344433143,0.0021928187169452293,0.480700894363928,0.6052079320275091,-1.067730962578708
23507,4.408,0.9999980591057824,0.001248511202498705,-0.0010182767452811365,-0.0011340709484911038,0.12232810769830019,-0.26674323297082597,9.800304668682609,0.003802362915218136,0.0017522435111092091,7.374260291689696e-05,0.4840520431264069,0.6109804062584507,-1.0627362294494052
23508,4.417,0.9999980558182594,0.001254895056058169,-0.001014239077024187,-0.001133541880408289,0.1301506854469782,-0.31503504168571206,9.757118847545824,0.003802376567079863,0.0017522512191929646,7.374520460229461e-05,0.4818660457735472,0.6060695000473729,-1.0635894141964888
23509,4.425,0.9999980528270209,0.0012533277988598115,-0.0010184623749870088,-0.0011341278527179377,0.0959463741832226,-0.30325054257780837,9.777571751813145,0.0018516943765057737,-2.843476278485096e-05,0.00020069602838713492,0.47942609185375773,0.6011814472670637,-1.0637138807328976
23510,4.433,0.9999980637137703,0.0012462067727769433,-0.0010009502681914526,-0.0011478832477351915,0.09883902707021523,-0.275882874789057,9.767331284966689,0.0004738902730868339,0.005086272939536595,-0.0027744470002447827,0.48585228829257304,0.6019747068149246,-1.069515038220389
23511,4.442,0.9999980555680122,0.0012441953232357333,-0.0010126666436268892,-0.00114688467659659,0.09870939451042024,-0.2757913348147901,9.767335180527612,0.0017527017510523557,-0.0018375391477468504,0.0005283950733073969,0.4949132649133014,0.6075262645484358,-1.0715208354333252
23512,4.450,0.9999980686938965,0.001250495354936549,-0.0009991459321103315,-0.001140428538212999,0.10415507569332379,-0.28623599952420603,9.740622967505926,0.0037244772363197844,0.0039025479449659745,0.0015375662398845816,0.4874441885841894,0.6049331872176782,-1.060791870423723
23513,4.458,0.9999980869359643,0.0012356982665527047,-0.0009823301800133927,-0.0011550764576405445,0.14992961518863296,-0.2665828191858607,9.806623444743028,-0.0013777069463036945,0.00511464318984975,-0.00297530640929755,0.48479649583074963,0.6006934037700583,-1.063626466092639
23514,4.467,0.9999980774041037,0.0012418100345847043,-0.0009854906202149613,-0.0011540815274084233,0.11802755882817956,-0.2928696793787646,9.810597310535197,0.0037033887074319374,-5.679396350897143e-05,0.00040158614705786437,0.48266244911561396,0.6100731313770495,-1.068345057034188
23515,4.475,0.999998085699994,0.0012394003424765047,-0.00098806785535288,-0.0011472598012644984,0.13217779154179957,-0.28671545698968737,9.74691965317849,0.001674720944445539,0.0003127691369784762,0.001992245378775839,0.4816017393515637,0.604895098166397,-1.062090611236346
23516,4.483,0.9999980803559102,0.0012372239012468699,-0.000998947872458374,-0.0011448426359651456,0.12979953763100555,-0.24863842710627168,9.763393768131158,0.0017526769199252006,-0.0018375274781775803,0.0005285224922659511,0.4755154786604744,0.6055890743606237,-1.0634154843430734
23517,4.492,0.9999980688353918,0.0012433590387266739,-0.0010032728166778746,-0.0011444769299806055,0.0950804622420092,-0.30207019755877673,9.777616747821467,0.0037034122148372336,-5.681495419108144e-05,0.0004015675357158322,0.4790238338778647,0.6026915364399201,-1.0701177549705845
23518,4.500,0.9999980656854885,0.0012418261691444533,-0.001007003185934451,-0.0011456167030766825,0.13541167302980453,-0.25886081443461256,9.736686078483208,0.001851710161863379,-2.8405187716206576e-05,0.00020078454017791286,0.4826161323931724,0.6013873799642852,-1.0648988443662246
23519,4.508,0.9999980678785502,0.0012407032434378679,-0.0010037328361006026,-0.0011477870107665061,0.09257479713250731,-0.2637489800594268,9.794097699851918,0.0019507426803377435,0.0017807063607928352,-0.00012699630209084045,0.4768486948623953,0.6080143080454411,-1.0717788582812948
23520,4.517,0.999998062816062,0.0012323279816222248,-0.0010088894830505128,-0.001156664981974601,0.12909151330339916,-0.31315971548011323,9.757193287404949,0.0001769743914087542,-0.00034124769733549575,-0.0017914358799799807,0.4792007278929414,0.5989395446690025,-1.0651126058343623
23521,4.525,0.9999980677131006,0.0012380649721212434,-0.001004075347645133,-0.0011504772427931855,0.08935015796200788,-0.29077636518801975,9.804355361804127,0.0036254776614523033,0.0020935876326438137,0.0018652339908776525,0.4806994577536851,0.609607941310813,-1.067624071068324
23522,4.533,0.9999980678084859,0.0012300989739030892,-0.0010016671372531005,-0.0011609904201988052,0.12643802481252028,-0.27490550441878475,9.773673089501445,0.0002760269372824914,0.0014678290619070003,-0.002119251432294893,0.48483338405778026,0.610378095607602,-1.066371148112233
23523,4.542,0.9999980614456344,0.001236678588765751,-0.0009984988838049355,-0.001162209542195353,0.12321278886538391,-0.3020081240130172,9.783930192374825,0.0038024654643087274,0.0017523543983113492,7.38291659114858e-05,0.48137996522428844,0.5955613292412466,-1.0637564392149887
23524,4.550,0.9999980560646579,0.0012433022342649223,-0.000994420451074754,-0.0011632688538376922,0.13170139769163997,-0.2851009435330188,9.746973460992443,0.003802479127257315,0.0017523621134546662,7.383176729087131e-05,0.47992365513256396,0.5999384850937818,-1.0644012324047794
23525,4.558,0.9999980531231354,0.0012417350611390666,-0.000998642990476183,-0.0011638540091941205,0.12609581470096795,-0.2741985962699826,9.773697368293428,0.0018517251533981642,-2.8365808350188134e-05,0.00020085594165153702,0.4833133334789037,0.6114836853759686,-1.0622733070501438
23526,4.567,0.9999980622432239,0.0012409212335930287,-0.0009870114547384826,-0.0011668044729219813,0.10288474061791798,-0.2838260756634939,9.740706986891123,0.0020498130112192505,0.003589831823023615,-0.0004549270391105632,0.4806742502345256,0.6042927875155484,-1.0657484963886739
23527,4.575,0.9999980844660686,0.0012445284547282474,-0.0009863969943941704,-0.0011442176752885617,0.09405993583935032,-0.30021116821489574,9.777683874379791,0.0031723039878859306,0.0009673787352717738,0.0057759903929518784,0.47975044994019045,0.6046589460484538,-1.069680849742961
23528,4.583,0.9999980896926639,0.0012370325878963057,-0.0009765175563649607,-0.0011561898030895842,0.0969810582643772,-0.2727993784036273,9.76743651678519,0.00037523640999830216,0.0032767900815451455,-0.002447258346875755,0.48108132652348345,0.5986190929976342,-1.0597031304962972
23529,4.592,0.9999980696693886,0.001250870484221951,-0.0009809443392958033,-0.0011548717381107453,0.11991821825624856,-0.2627694138635275,9.800441805383578,0.005555196059008314,-8.512657264049973e-05,0.0006027590024702585,0.48192241199942504,0.5995878140016919,-1.0677833638420131
23530,4.600,0.9999980660091378,0.0012494895090264038,-0.0009843256884044256,-0.0011566576375909023,0.13099523961459655,-0.2838192153723139,9.747020383064054,0.001851737429302936,-2.8372469454148283e-05,0.00020092069754340712,0.4870846642654603,0.6065882666057063,-1.070375358047321
23531,4.608,0.9999980631240429,0.0012479224790028721,-0.0009885481359411575,-0.0011572425123195596,0.15096384703983742,-0.3011475968753023,9.79027687529324,0.001851740134333407,-2.8370942060728205e-05,0.00020092121258139136,0.4819023265290796,0.5986574338692187,-1.0662888970771434
23532,4.617,0.9999980413889091,0.0012550428287974981,-0.0009936153338240823,-0.0011639649530294732,0.125479183225051,-0.27275861028466214,9.773745596923472,0.0038805640811893157,-0.00039820021551032923,-0.0013895414848468807,0.478732265702585,0.6069541733183088,-1.0665905312887787
23533,4.625,0.9999980435124168,0.0012539204877704544,-0.0009903446308442026,-0.001166135610062367,0.12232661970008885,-0.2997877272620742,9.784009598237922,0.0019508298078549278,0.00178072454109864,-0.00012710796941285392,0.4852730488954357,0.6041401794901206,-1.0627505451009887
23534,4.633,0.9999980425556574,0.0012522529695636266,-0.0009937113149330456,-0.0011658838605547567,0.11671806164702339,-0.28895474317475395,9.810729065058561,0.0018517500117008726,-2.8348229195805798e-05,0.00020093463506030556,0.4789758724144613,0.6057340645757955,-1.0665491647499856
23535,4.642,0.9999980218812955,0.001252816463462504,-0.000993734336015092,-0.0011828679022620233,0.1308508917751464,-0.282872793950578,9.747049834486141,0.002305022554623699,0.0010976923329852444,-0.003709865957381392,0.4864793983628142,0.6014864114976161,-1.0616743532695159
23536,4.650,0.9999980273976709,0.0012452564051499766,-0.000983603064818474,-0.001194597113807356,0.12514243108524628,-0.2720820445729302,9.773768771999993,0.00037523742472920574,0.0032766183676761805,-0.0024475113529308997,0.48410236255969596,0.6057340645757955,-1.0664802652814869
23537,4.658,0.9999980274127681,0.001250548932398134,-0.000986279988632399,-0.0011868233756239588,0.1305361496936381,-0.2826019916821545,9.747061910161323,0.003526371071162697,0.0002849411907785483,0.0021933050284217858,0.48871489277848196,0.6070151158003586,-1.0645040155781962
23538,4.667,0.9999980441438346,0.001248472131217028,-0.000980261780745429,-0.0011798782500410474,0.09075540870289969,-0.2601443241002013,9.794211135087604,0.001773695677181552,0.002122324525252057,0.0016642348302387815,0.4844121701019037,0.6058257301191734,-1.0713645957284015
23539,4.675,0.9999980432891666,0.0012404902423510185,-0.0009785357926261591,-0.0011904072830174973,0.09858940985379348,-0.3086867632526398,9.751048289587267,0.0002762360676615513,0.001467495060082671,-0.0021194670395485392,0.48036116336278933,0.6042087397824265,-1.0606201662291772
23540,4.683,0.9999980554632207,0.0012316304547809465,-0.0009743273003678233,-0.001192829623989908,0.1445827737592487,-0.28908042479198626,9.817044973937492,9.907809402069694e-05,0.0018090713409169537,-0.00032811181795895753,0.4819494656220021,0.6014790455076633,-1.0697962985214247
23541,4.692,0.9999980374486594,0.00123905384551945,-0.0009728054391715154,-0.001201454940908811,0.09279132750466623,-0.29782369178272333,9.777769008637446,0.003979772596896865,0.0014109069604592937,-0.0017174318334519086,0.4936728970552462,0.5995116358991296,-1.0700658764684083
23542,4.700,0.9999980236525357,0.001243301835988506,-0.0009969079210517256,-0.0011887245956573216,0.127082107471262,-0.3090960985180138,9.757349242151859,0.0032291316172455434,-0.005142150644786303,0.003177826642306443,0.47793872542860866,0.6175994647090474,-1.0620479160791583
23543,4.708,0.9999980257199719,0.0012421797362143173,-0.0009936366213780243,-0.0011908954303585064,0.12477386391172626,-0.27093956444837225,9.77380522155692,0.0019508512438765335,0.0017807635508313782,-0.0001271781994848648,0.48061112398713524,0.6024853519223955,-1.0610515648708598
23544,4.717,0.9999980229841561,0.0012333521814308504,-0.0009986327651360467,-0.0011981664226777841,0.09301844061049962,-0.2972332673170619,9.777784816248824,0.0001771606521081201,-0.0003416432135798388,-0.0017913411649296896,0.48345209243616805,0.6057876410678923,-1.0725977179995974
23545,4.725,0.9999980209015714,0.0012450592646381434,-0.0010072559224686538,-0.00118044731975563,0.1533787883147224,-0.2715229075976579,9.780097979865072,0.005101934428382439,-0.0012105985159940596,0.004513873440035064,0.47732258622144663,0.6051165183044342,-1.0707048921086917
23546,4.733,0.9999980125725678,0.0012448785736576954,-0.0010050708512041376,-0.0011895212633874549,0.1247653349573028,-0.2703452493375892,9.773821787343763,0.0021280241860177455,0.0014390587237323523,-0.0019185631900490278,0.4904537520432498,0.6003503504882247,-1.0667153839112202
23547,4.742,0.9999980210715107,0.001242468414838208,-0.00100764464977742,-0.0011826992687125383,0.12159546465249364,-0.2974554087504759,9.784089897492748,0.0016746257830226308,0.0003134149216265379,0.0019923377228650667,0.4872970132814565,0.6091046621932952,-1.0680082512178726
23548,4.750,0.9999980211030427,0.0012409180189576095,-0.0010106683751176947,-0.0011817198925854451,0.12712003067153663,-0.3079970751186228,9.757383500472011,0.0018517839675188227,-2.8298130613647545e-05,0.00020100963868794534,0.48001035092641553,0.6031567265061569,-1.070851864644734
23549,4.758,0.9999980180801189,0.0012393511447232857,-0.0010148897927445336,-0.0011823042261729778,0.09298178635939804,-0.29627725603748345,9.777814179820949,0.001851786675059161,-2.8296602401715538e-05,0.0002010101535487881,0.49074941515027537,0.6058485835499422,-1.0705472924867998
23550,4.767,0.9999980316484138,0.0012289076965395678,-0.0010239651409113377,-0.0011738741676468347,0.13581718141717072,-0.29120431718647316,9.720414804709145,-0.00027625958801024125,-0.0014672943013018175,0.0021196022360751607,0.4873473442977398,0.6088220477529049,-1.0535861358814256
23551,4.775,0.9999980338195914,0.0012277858560555608,-0.0010206938279725612,-0.0011760454720470344,0.1016623484436406,-0.27956726796509446,9.740842983008323,0.0019509121261149524,0.0017807261816217763,-0.00012727756640982572,0.48779980775063403,0.5968578679066252,-1.069084831522005
23552,4.783,0.9999980108186931,0.0012411158369295412,-0.0010313411233102748,-0.0011723163495699518,0.09612749681983329,-0.2685809323431348,9.767561862390792,0.0054562595247645024,-0.0018939532660126903,0.000931333767847589,0.4816014322316827,0.6041630329208892,-1.062067759869313
23553,4.792,0.9999980023388866,0.001239104162835826,-0.0010430550429860208,-0.0011713134879136307,0.09627771991280243,-0.26828812715558603,9.767568428998716,0.001752675893300999,-0.0018373315873406926,0.0005293345854558464,0.48090279115157675,0.6062830505548504,-1.0645861538774468
23554,4.800,0.9999979947964486,0.0012387002528860443,-0.0010406002047234943,-0.0011803287592772112,0.12489675671047265,-0.2690144020802793,9.773856829575465,0.002128053374893647,0.001438903812962928,-0.0019186730393046018,0.47896767239857424,0.6096612659826066,-1.0659390395697488
23555,4.808,0.9999979916447488,0.0012371334975626099,-0.001044821282465374,-0.0011809130644583876,0.12174228855369873,-0.2961149244086529,9.784128733130423,0.0018518070558922242,-2.8288550637876456e-05,0.00020099977794890028,0.48098067945804296,0.5963317353583388,-1.0703814617982248
23556,4.817,0.9999979825919849,0.0012369658981276417,-0.0010425740353892019,-0.0011907000916166791,0.15582662394217672,-0.3075240431287836,9.763709461932907,0.002128065119952531,0.0014388933008323865,-0.001918682345848059,0.48432209260523,0.6023710847685518,-1.0646623466535203
23557,4.825,0.9999979907596065,0.001249562875359272,-0.0010362093713895883,-0.0011761545430556042,0.12462688455710565,-0.26838695207523117,9.773877524919733,0.005300253647995168,0.0024079279421269184,0.003857252525212687,0.48210934874967437,0.5963010122970107,-1.0635254480882255
23558,4.833,0.9999979875744922,0.0012481644850766602,-0.0010395043882073327,-0.0011774391751400229,0.12142567967417976,-0.2953604377746132,9.784155472796895,0.0018518172704645377,-2.8289576884256012e-05,0.000201032932289074,0.47646346612516427,0.6002815383756154,-1.061282786242556
23559,4.842,0.9999979643014802,0.0012551442279013084,-0.0010454758737364726,-0.0011844771251458487,0.09284350140634938,-0.2942419384899109,9.777876954259346,0.0038808022252580766,-0.0003984868754985917,-0.001389223638342519,0.4803499945213865,0.6010593104826607,-1.0597891445009546
23560,4.850,0.9999979756035926,0.0012578612211922658,-0.0010591045211868853,-0.0011596859394152187,0.10159990101431961,-0.2773939009027454,9.74090576887162,0.0029739255110573593,-0.0026487211416480506,0.006432870233289143,0.4909552055072146,0.6083802147580435,-1.0676921862321869
23561,4.858,0.9999979806465235,0.001250325705187236,-0.001049887256227654,-0.0011718042736015492,0.12463262937282621,-0.2674528495971008,9.773903056430393,0.0003754753126422315,0.00327602221726649,-0.002448278605674397,0.482958118990903,0.599938736914085,-1.0721774692048938
23562,4.867,0.9999980052637948,0.0012407520798988706,-0.001043863440787427,-0.001166341213313256,0.12131206693058036,-0.294702083640759,9.78417673413768,-7.79868077403437e-05,0.0021509700926225133,0.0014627838234097864,0.48662604344782123,0.6067637280619029,-1.0725855344370472
23563,4.875,0.9999979875124637,0.0012481772387263224,-0.0010423425921168292,-0.001174966605495192,0.09810568411674934,-0.3043503732082348,9.751189479707856,0.003980007981935228,0.0014104154054586072,-0.0017176658988059903,0.4798433098670503,0.60403327832623,-1.058423113547737
23564,4.883,0.9999979893541028,0.0012533848768481867,-0.001044123169743391,-0.0011662422170860248,0.12419837183122544,-0.26697572909507716,9.773921628554342,0.0035264893805185727,0.0002854265907015381,0.0021934081602505754,0.48627985616091923,0.6060237931858355,-1.0649943557846966
23565,4.892,0.9999979943616839,0.0012591229438435256,-0.001039304335474046,-0.0011600553954942588,0.12653506177564364,-0.30464154435404817,9.757496445870867,0.003625693887025114,0.0020944253514311425,0.0018648596404119723,0.48704254823219006,0.6000910931192096,-1.067241699193039
23566,4.900,0.9999979823483028,0.001256705195201316,-0.0010574358186411664,-0.0011566420647965033,0.124157115256427,-0.2664729749885792,9.773935872659228,0.0016534281108138123,-0.0036462760524793598,0.000858243996354061,0.4828070650860057,0.5998011126888663,-1.0609382481814298
23567,4.908,0.9999979818144037,0.0012619981493016354,-0.001060109312978978,-0.0011488672837374316,0.12429059679871532,-0.26626360251547543,9.773939882060695,0.003526539192371345,0.00028545309443949406,0.002193385237282414,0.4831690347807882,0.5990388280226366,-1.069703722662624
23568,4.917,0.9999979730793024,0.0012601661790997499,-0.0010709523045462491,-0.0011484248559316549,0.09264777337642092,-0.292424745251923,9.777933325617985,0.001752630644358697,-0.001837295545985167,0.0005296835645241578,0.4876087842675012,0.6031638406758065,-1.054871659415927
23569,4.925,0.9999979611118119,0.001266302963008822,-0.0010752749375658426,-0.0011480561110761977,0.12686293020201772,-0.30378482724528716,9.757518898628794,0.00370371471073373,-5.6643451320211786e-05,0.0004021028086709127,0.4873093116132212,0.6071220169642492,-1.068923313089446
23570,4.933,0.9999979778977852,0.0012624276023749624,-0.0010824601510235929,-0.0011308213434783625,0.12757377394261005,-0.2383631484410718,9.763679367878941,0.0013983644225037685,-0.001152996149729745,0.004112217407068977,0.48436123981298457,0.6017916275484719,-1.0675751089598164
23571,4.942,0.9999979858416896,0.0012600177931742953,-0.0010850314462580348,-0.0011239993263036897,0.11829197278336323,-0.3200198584995224,9.794510005132086,0.0016747460948700996,0.00031381132473709094,0.0019922955136287847,0.4819423917123451,0.6080904861480034,-1.0692699616869756
23572,4.950,0.999997964431292,0.0012670034748034124,-0.001090205789946784,-0.0011301711387778975,0.10697543208841034,-0.2857851577398447,9.714267291203347,0.0038808543351767574,-0.0003988940674564726,-0.0013891542327220125,0.47749886261262947,0.6077167098048415,-1.0656537884408406
23573,4.958,0.9999979893324106,0.0012641952081501424,-0.0010836348713107273,-0.0011175316896449073,0.12995256470852218,-0.2757519159589629,9.747265907038148,0.0015968986954269062,0.002465014643698486,0.0034548192021780057,0.4844514196829518,0.6054902946475961,-1.0742849751570418
23574,4.967,0.9999979737405368,0.0012715888622146442,-0.001081480609424141,-0.0011251561124193197,0.1242552045532109,-0.2648266960988404,9.773979371005497,0.003980165993600352,0.0014100000691288812,-0.0017178338190358383,0.48587770055831986,0.6077779041071946,-1.071405847144728
23575,4.975,0.9999979646899271,0.0012695775225331355,-0.0010931937173089927,-0.0011241514197902452,0.0925692669656767,-0.29096479127108354,9.77797762233235,0.0017525990920902942,-0.0018372947610174513,0.0005298317533202687,0.48344225783171446,0.59799418073632,-1.0718659706594142
23576,4.983,0.9999979766746054,0.0012759409713203364,-0.0010800749115724994,-0.0011189546543090081,0.12418749599457132,-0.2643706014601623,9.773992579130885,0.003725202569782802,0.00390345298399673,0.0015358255003270823,0.48267485320480413,0.600518194134165,-1.0692679878256688
23577,4.992,0.9999979734503176,0.0012743750879512519,-0.001084295613979296,-0.001119538482971542,0.15816684195114208,-0.27573243986671503,9.75358371434651,0.0018518837681579326,-2.8354688013661458e-05,0.00020109578652295824,0.47604470574420343,0.6094020086135913,-1.0664587929974252
23578,5.000,0.9999979713076302,0.0012727891925374464,-0.0010879187197133189,-0.0011197415571408873,0.12092501644954845,-0.2912515542359034,9.784284847258908,0.0018518864806965642,-2.835315918742917e-05,0.0002010963024924467,0.47915430541307436,0.5978260852700764,-1.0616585242464915
23579,5.008,0.9999979568437568,0.0012720672538044965,-0.0010937894446586154,-0.00112773129101158,0.11783852293570184,-0.3183502990399837,9.794569878853324,0.0020290412777246585,-0.00037066819504104635,-0.0015901220296218493,0.48573945685165554,0.6068777433954432,-1.0611197736045592
23580,5.017,0.9999979547772021,0.0012704299671625504,-0.0010970640366355059,-0.0011282285278459141,0.13270795516885364,-0.24712149744805553,9.737028324776796,0.0018518923869921215,-2.8336141565534012e-05,0.00020109471047380573,0.4783287792471682,0.6055360015091333,-1.0729030000583337
23581,5.025,0.999997943498585,0.0012632944452953183,-0.0010969907955135812,-0.0011461661924255706,0.09232013281509913,-0.2899524623199504,9.778010049167442,0.00045360438587078777,0.0011242470142500886,-0.003911276567036327,0.4863226921913768,0.6064128051495098,-1.0681815862929522
23582,5.033,0.9999979388042834,0.0012681486018700874,-0.0011064469680908417,-0.0011357646828922202,0.12337376298964245,-0.3286396312332044,9.767880068398908,0.0034273551949053553,-0.0015231971434481449,0.0025222733511013995,0.47994804366537436,0.6033014649010252,-1.0662158701056745
23583,5.042,0.9999979152839769,0.0012751298808481059,-0.0011124194240324957,-0.0011428011692897805,0.09241501060633825,-0.28949649381439846,9.778022663741371,0.0038809599786382466,-0.0003990031972071315,-0.0013890196009449594,0.48432506481487764,0.6016314017127877,-1.0648834949990693
23584,5.050,0.9999979154431338,0.0012804536234408144,-0.001114264799887649,-0.001134884073815784,0.12412317523638632,-0.2628233207973384,9.774035124554674,0.003526662321695599,0.00028579786954526887,0.0021933867460593734,0.4811536731355657,0.6067558584313436,-1.0650861066202282
23585,5.058,0.9999979386806022,0.0012725213129938704,-0.0010959066628712809,-0.0011411891347444711,0.0866453929644592,-0.278334139484548,9.804740745932067,0.00029787671386657987,0.00542675416033643,-0.0009868067227932762,0.48338619872571753,0.605207932027509,-1.0676948723809228
23586,5.067,0.9999979173115865,0.0012793966235292074,-0.0011010627656214875,-0.001147247817793792,0.1205828724178984,-0.28975311054435815,9.784333559941285,0.0038810129537496323,-0.0003990324915794777,-0.0013889166997874082,0.48183612231461637,0.6051619733456683,-1.061362948293873
23587,5.075,0.9999979198460919,0.0012782763464286616,-0.0010977907109329791,-0.0011494209961608755,0.0974679726606773,-0.2993368217652393,9.751351065342503,0.0019512001641677477,0.001780629869408366,-0.00012782791329020665,0.4811730419928555,0.6059780863242981,-1.0665272535286876
23588,5.083,0.999997929879245,0.0012757161963172989,-0.0010995252086292877,-0.0011418536362680315,0.1490410252207599,-0.2902521151006243,9.790635410190719,0.001674707283768892,0.00031418707045767795,0.001992333692058455,0.49271998890419766,0.6087387554806928,-1.0718324491012714
23589,5.092,0.9999979265598556,0.001274150337049007,-0.001103745387685331,-0.0011424373189640963,0.12042642821499899,-0.28922502146549967,9.784351110937,0.0018519170163098738,-2.8294759202164233e-05,0.00020115367879464625,0.48346553184128893,0.6036366485522995,-1.055430668845993
23590,5.100,0.9999979123385617,0.001281396526640663,-0.0011010060279341251,-0.001149402969369572,0.08312690321093291,-0.30464970727079355,9.815057234759127,0.003980356557008138,0.0014098273273962908,-0.001717872860354138,0.48552761631799585,0.6133977703127086,-1.0635247142481665
23591,5.108,0.9999978919114996,0.0012819647878799258,-0.001101035388193412,-0.0011663875485222101,0.12338033335858552,-0.26147218648642273,9.774080768155198,0.002305670483600881,0.0010955856272794056,-0.0037102070839706647,0.48047808973545275,0.609066573142014,-1.069320115738781
23593,5.125,0.9999979062295202,0.0012763662390161859,-0.0011128084815565477,-0.001148948685862144,0.1373495280028308,-0.2942976091520302,9.774168646987276,0.001625054430451873,-0.0005901550157198218,0.0021568672737917877,0.48331805280280676,0.5992597445200674,-1.0626244500706727
23594,5.133,0.9999979091030322,0.0012753530772411834,-0.0011085779859715105,-0.0011516592122458326,0.09408542267258009,-0.32537232574681213,9.761679290104121,0.0019512365677483163,0.0017806296534034448,-0.00012790650072244883,0.48207849716283707,0.6088299173834644,-1.0612299244893844
23595,5.142,0.999997899773034,0.0012733414427870612,-0.0011202898262539927,-0.001150652769716547,0.1519561639660515,-0.2617696107024382,9.78038609778848,0.001752627910795634,-0.0018371608206738414,0.0005302712107343003,0.47942609185375773,0.6011814472670637,-1.0637138807328976
23596,5.150,0.9999978809830752,0.0012737538597497426,-0.0011195010121977413,-0.00116717520031186,0.10276653804185214,-0.3085117459970581,9.72470053363338,0.002305686550477149,0.0010954405120732955,-0.003710248114213671,0.4817101653567226,0.5973154401626056,-1.070158087793806
23597,5.158,0.9999978978819363,0.0012636402292384788,-0.0011219676444354336,-0.001161306886449564,0.18053352093567054,-0.26239717466811174,9.786682745493339,-0.00017723553152693215,0.00034260723506769354,0.001791153012817197,0.4775466193294457,0.604186138171961,-1.0692071444167508
23598,5.167,0.999997871073498,0.0012639843897652811,-0.001128921335865336,-0.0011771697206309259,0.12578706151221739,-0.29851334972176263,9.757695520574005,0.00220641321405393,-0.0007134607807077267,-0.0033811245059167418,0.47856787814999235,0.6013952495948446,-1.0725262283388264
23599,5.175,0.999997864589922,0.0012555597119692351,-0.0011346905416913166,-0.0011861124653755335,0.11475433482239557,-0.27699123387665275,9.811097290043486,0.00017724026858736362,-0.00034261825589319584,-0.0017911493962829207,0.476994535928179,0.6084868641016306,-1.0644632030991057
23600,5.183,0.9999978769883995,0.0012617441938111132,-0.0011218708868221568,-0.001181281506031113,0.1487506431181632,-0.2884251165910767,9.79069381942779,0.0037251668113816865,0.0039039960767713053,0.0015352260095652455,0.48117571046675384,0.596690024260685,-1.0667258023047668
23601,5.192,0.9999978677916094,0.001261468654957404,-0.001120249806629653,-0.0011908607970843752,0.11993317155604959,-0.2873044210232248,9.784413753797391,0.0021284923510607495,0.0014380318297158394,-0.0019190972453530853,0.4845443819831053,0.6051086486738748,-1.0630348560841623
23602,5.200,0.9999978651106228,0.0012599899241607002,-0.001123582305245395,-0.0011915378260225747,0.09992349056068311,-0.26971888898065993,9.74113864622834,0.0018519475862671698,-2.819181355890325e-05,0.0002012171492985298,0.4834166340511167,0.6073355674717269,-1.0699594238952608
23603,5.208,0.9999978821481723,0.0012516125565906488,-0.001112715907771488,-0.0011962560289494018,0.08802855558372655,-0.3134299032305148,9.788423789173477,0.00019854482359442211,0.0036177730798385333,-0.0006583799409267025,0.48441422095190845,0.6028898513268854,-1.0715171899728513
23604,5.217,0.9999979010453929,0.001243284894172112,-0.0011010467162258792,-0.001199934835612859,0.15358183081140428,-0.2986346450911913,9.764020964971811,0.00019855543474513068,0.003617779058567504,-0.0006583779278652524,0.4860492677779951,0.5991530951764801,-1.0660043558490369
23605,5.225,0.9999978863420562,0.0012558348876919726,-0.0011113093535781208,-0.0011896140870399285,0.10250389625522863,-0.24214390934209917,9.730861009521943,0.005279226858463175,-0.0015507470678228813,0.0027241395713568555,0.48259655540516333,0.6094934223366661,-1.0634422114155133
23606,5.233,0.9999979227539892,0.0012469885851478027,-0.0010903233579993936,-0.0011877298304502923,0.099224711606495,-0.2691796244494117,9.741160706559425,0.00012058303949063972,0.005769371121303933,0.0008034368783232123,0.4777843873794523,0.5968731035271378,-1.0687313501067668
23607,5.242,0.9999979136198253,0.001244976665843631,-0.001102034554629474,-0.0011867219297792009,0.11036438856185816,-0.30306274740540856,9.821438135724732,0.0017526319806284382,-0.0018370822230712467,0.0005305349578660218,0.4804762470161671,0.6046741816689662,-1.069183007536583
23608,5.250,0.9999979158690608,0.0012440523777043756,-0.0010981973998198267,-0.0011893501113462478,0.1562642589427469,-0.2707170125181317,9.753754876124548,0.001951271560146464,0.001780683117822381,-0.00012794569611207694,0.4806689200549923,0.6072362841180925,-1.065351902431642
23609,5.258,0.9999978980614902,0.0012497438262398081,-0.0011100101655134957,-0.0011873880590278435,0.11901824919250574,-0.2861472214861863,9.784458836895212,0.0036045913834201184,-0.00186526710392445,0.0007318737882584592,0.48461519299578265,0.6095850878800443,-1.0683035753729284
23610,5.267,0.9999979177937743,0.0012394273772099657,-0.001111644250987658,-0.0011800317585400634,0.11907731211956814,-0.2860087491958103,9.784462166469952,-0.00017734102473745443,0.0003427790201842435,0.001791109761296174,0.480881067708533,0.601448322446335,-1.0629698131550676
23611,5.275,0.9999979058716247,0.0012473018406060751,-0.0011026333618069793,-0.0011902479376077807,0.14753176937430149,-0.28673104147241874,9.790762021059784,0.004079942048203354,0.0032185549805110927,-0.002047072575776398,0.4808598527478256,0.6056500168426736,-1.061391306246847
23612,5.283,0.9999979297616153,0.0012375300684034792,-0.0010967638177049235,-0.0011857912722814088,0.093220501171798,-0.2575525995013988,9.76788705552438,-7.803651086623058e-05,0.0021516799140920474,0.0014617921903429059,0.48024565863324287,0.5978034836596109,-1.0701930076009232
23613,5.292,0.9999979146927945,0.001236809044878218,-0.0011026352917996639,-0.0011937792351455784,0.11864174256672454,-0.28560646121267536,9.784479208752463,0.0020293437566147265,-0.00037100566190238386,-0.001589758069133588,0.4813426573516878,0.6083494916967154,-1.0609805333133278
23614,5.300,0.9999978951855139,0.0012506579744171532,-0.0011063066430924181,-0.0011922939170801651,0.11866148765504328,-0.2852967333993043,9.784488006032014,0.00555590344703179,-8.454041910036872e-05,0.0006040212791603947,0.48729722141217546,0.6017763919279594,-1.0680237372601245
23615,5.308,0.9999978858772591,0.0012486460093565652,-0.001118017523813902,-0.0011912854286182059,0.0901392599282097,-0.2841184261790752,9.778201654471232,0.0017526356818624456,-0.0018370386477422763,0.0005307066646475243,0.4739310733546837,0.6019589675538057,-1.0545293062950374
23616,5.317,0.9999978951976806,0.0012611908714698333,-0.0011107891267343715,-0.0011769219645737764,0.15285399893819399,-0.2963148451881507,9.76410306241547,0.005300551624993023,0.002410086345420679,0.0038567838192080325,0.4809123220202813,0.6055281318785739,-1.0652953016481599
23617,5.325,0.9999978976777406,0.00126007138863406,-0.0011075162775589771,-0.0011790962172597485,0.1098828150284809,-0.30095030067762124,9.821508492325366,0.001951357468381993,0.0017806528244791314,-0.00012806880506229906,0.47845238500344,0.5999537207142942,-1.0639329185420434
23618,5.333,0.9999979009310743,0.0012589442972086088,-0.00110352992007309,-0.0011812766050783034,0.11838975028129543,-0.28426091249859126,9.784521444729483,0.0019513629459574691,0.0017806559100394803,-0.00012806776576855357,0.4820724537543802,0.6022489479841491,-1.060780262473505
23619,5.342,0.9999978975478192,0.001257378599150901,-0.0011077488860245144,-0.00118185930017965,0.15246294312004732,-0.2957085549030199,9.764127556042387,0.0018519857444164159,-2.819050102070013e-05,0.0002013777678811661,0.47385317684935524,0.5991302417457115,-1.0669004013403514
23620,5.350,0.9999979028584904,0.0012631810518622727,-0.0011022914503725394,-0.001176267745718396,0.095178565481811,-0.2937242446949674,9.751544352190992,0.0036259650884264086,0.002095436784021203,0.0018643679405476192,0.4763037877440792,0.6059476150832731,-1.0675688709204432
23621,5.358,0.9999978849365085,0.0012706102112591832,-0.0011007730578665167,-0.0011848927694626049,0.1380335616284963,-0.3009816031366133,9.827835578155218,0.0039808024124108905,0.0014094551236199355,-0.0017177545948146547,0.4840020308129987,0.6169588131866142,-1.059015044984356
23622,5.367,0.9999979051329707,0.0012733292073094432,-0.0011068402311265437,-0.00115899400461045,0.12671390517025496,-0.266762511351314,9.747558709735964,0.0030723364458276055,-0.0008361175990245213,0.0061054999648690175,0.48336723936160214,0.606961791128565,-1.0662841939618408
23623,5.375,0.9999979020257401,0.001258493023466056,-0.0011066707329273205,-0.0011778876506456978,0.11804468800156157,-0.28322084969064215,9.78455577435092,-0.0013977497140201399,0.0011509461446612187,-0.004113045671316289,0.48030991098686326,0.6022951584862929,-1.074973727464525
23624,5.383,0.999997914735748,0.0012647465975501747,-0.001093664498547741,-0.0011725349307246278,0.12094963926880369,-0.25587544004758433,9.774259267582664,0.0037254037224279395,0.003904334652825649,0.0015348261472442524,0.4780664213018957,0.6011816990873668,-1.0715491742202967
23625,5.392,0.9999979114084517,0.0012631809311604704,-0.001097883450387372,-0.0011731174701355162,0.12322872312152579,-0.2936230239460225,9.757876545507752,0.0018520008262152474,-2.819554618498653e-05,0.000201443072722413,0.485512966784609,0.6019516015638529,-1.0624347103602363
23626,5.400,0.9999979173147497,0.0012672919702596713,-0.0011056105948993797,-0.0011562709187789497,0.11217862737176447,-0.2719668310670224,9.811267641864136,0.0032496894150785653,-0.0011790485407420098,0.004314540650251871,0.4770425997648762,0.6056883577142581,-1.068039410442049
23627,5.408,0.9999979166028291,0.0012725848863474653,-0.0011082777051381863,-0.001148493899209814,0.12330061245031677,-0.2931457539674006,9.757889987420336,0.0035265965910089964,0.0002866719685122722,0.002193912954036744,0.4826107988295073,0.6121471903291704,-1.0645019986116295
23628,5.417,0.9999979216760695,0.0012712207285561852,-0.0011043134512288971,-0.0011494055867224524,0.08906901660086278,-0.2813144573015438,9.778292532365075,0.0019514948652881417,0.0017805853376919312,-0.00012817749098256324,0.48339039941488887,0.6073965099537767,-1.068007426194604
23629,5.425,0.999997921154876,0.0012615052068797336,-0.0011159228207638212,-0.0011493505982099988,0.12321494171424069,-0.2928488919534178,9.7578999831053,-9.948193553801113e-05,-0.0018088151338663766,0.00032963102514727265,0.48484804035943074,0.6061916368317759,-1.0674616555952898
23630,5.433,0.9999979147240311,0.0012761335117082505,-0.0011044582099876642,-0.001149870824265577,0.12314450696782141,-0.2926190903203081,9.757907767416764,0.005755026390590334,0.003532943861549503,-5.49396953562159e-05,0.4806555979902911,0.6067787118621122,-1.064360669336625
23631,5.442,0.9999979463836988,0.0012605004093242417,-0.0010859992165222993,-0.001157139924584156,0.12278060659218906,-0.2924476283644596,9.757917492921912,-0.0015535363667670244,0.005454657912863093,-0.0011904832786858936,0.4753973054570294,0.6084718803014215,-1.0727897769387402
23632,5.450,0.9999979442506088,0.0012720825577367926,-0.001094077684808479,-0.0011385493148304284,0.11705573419514527,-0.2815762089709119,9.784615123051777,0.0051015820893030505,-0.0012070787696267394,0.00451623323917591,0.4905191338872322,0.5997099507860946,-1.071580143918173
23633,5.458,0.9999979354154981,0.0012718088603133517,-0.0010924589129423378,-0.0011481291250085613,0.1257024234765928,-0.26476537866019273,9.74762625691018,0.0021290237800591807,0.0014373363439503849,-0.0019192067197578498,0.47895086625775724,0.608723268039877,-1.064688572517461
23634,5.467,0.9999979455036915,0.0012694204678703627,-0.001094096646484349,-0.0011404001931320637,0.14556975673887712,-0.2820101144121437,9.790928505207892,0.0016745408967977122,0.0003150224096517616,0.001992526334217795,0.4811366622481613,0.6053298169916087,-1.0638204053232518
23635,5.475,0.9999979480159714,0.0012683015952991781,-0.0010908239710455188,-0.001142575150296048,0.09383460412856562,-0.290828743082875,9.751644161236667,0.0019515620318932348,0.0017805686706935258,-0.00012820439236392662,0.4830752650772796,0.6024320272506017,-1.0627267535882206
23636,5.483,0.9999979634040667,0.001266246015267362,-0.0010849997072036786,-0.0011369188111494365,0.1167231770677669,-0.28082958659970064,9.784640552692673,0.001774072292135073,0.0021238464940807962,0.0016628010480106174,0.4902396592971299,0.6015018989384318,-1.068952747863252
23637,5.492,0.9999979430006637,0.0012650792399615924,-0.0010983643878375625,-0.001143313006095074,0.08812719388422008,-0.2797961498988133,9.77834462857881,0.001929985206416759,-0.0021803288676353868,-0.001259700629025085,0.4799748925413641,0.6047046529099912,-1.0682135705403972
23638,5.500,0.9999979354282985,0.00127989907764682,-0.0010868694931982286,-0.001144426579785523,0.09673431152945564,-0.26296880540465967,9.741355399102291,0.005755197888661444,0.0035329179192566205,-5.492399545712845e-05,0.4873391326988585,0.6077855219174508,-1.0711421618697177
23639,5.508,0.9999979555315716,0.0012633730461509192,-0.0010833939187464997,-0.0011485115761640742,0.11889076846904927,-0.3181799317594006,9.768281969488475,-0.0017524863759213949,0.0018370114758764773,-0.0005313688938877117,0.4836120745530022,0.6086699433680833,-1.0663342328911798
23640,5.517,0.9999979353416272,0.0012702112061959796,-0.0010884150811429807,-0.0011537887958465458,0.11084700892100248,-0.2693806883089642,9.81135412313454,0.0038816123219435144,-0.00039976217130969626,-0.0013878337318719432,0.47857156697269543,0.6023637187785991,-1.0728006965407857
23641,5.525,0.9999979346436363,0.0012755039509475645,-0.0010910805843588436,-0.0011460110347235358,0.09646445572925293,-0.26241854693275485,9.741372912891922,0.00352654988391862,0.000286961219732763,0.002194135751978965,0.48039211055465664,0.6075564839691575,-1.062922803355237
23642,5.533,0.9999979497221554,0.0012735197094029963,-0.0010855276040549746,-0.0011403196292777528,0.15044504958578908,-0.2912141962982774,9.764293933023163,0.0017740722716488573,0.0021239637806366855,0.0016627115179568643,0.48434986284086257,0.6059704685140418,-1.0667286011893418
23643,5.542,0.999997935106679,0.0012727997933361774,-0.0010914007938802595,-0.0011483063056036752,0.11622614583125918,-0.27944269688555934,9.784686175982191,0.0020295940932073342,-0.0003716227098707421,-0.0015893783021787681,0.47943069865197185,0.612162425949683,-1.0640566512383929
23644,5.550,0.9999979518447594,0.0012705648209914374,-0.0010856388803167686,-0.0011416477318973498,0.11304204352533256,-0.3065325273975136,9.795003381831096,0.0017740690863071796,0.0021239942674489277,0.0016626923856019372,0.47826298791001143,0.6052003142172528,-1.0680077715620035
23645,5.558,0.9999979540772208,0.0012677070392692895,-0.0010956943509082212,-0.001133231717312747,0.1216743932200306,-0.2898888003631196,9.758007701460945,0.0015749153392236477,-0.0014935611855059175,0.0023224669538621004,0.48480407483861127,0.6109346993969135,-1.0641903849436833
23646,5.567,0.9999979245268106,0.0012839300539113686,-0.0010876476680548453,-0.00114868979188703,0.11607066820990555,-0.2788390844705658,9.784705242774322,0.006110454377475516,0.002845979506221352,-0.0036369286512553008,0.48450615951912546,0.6000679878681375,-1.0601908996765284
23647,5.575,0.999997944681099,0.0012674039150316315,-0.0010841720458225847,-0.0011527757236582752,0.09351269262430408,-0.2232896838109654,9.757782515141871,-0.00175248192076921,0.0018369655030013859,-0.0005315675598634983,0.4841268568499318,0.6015247523692004,-1.0683027719022897
23648,5.583,0.9999979335926396,0.0012753634325919,-0.0010741645261378501,-0.001162939867678909,0.11500798293431304,-0.34378870797780253,9.778658234864581,0.004080865198763958,0.003217702410288923,-0.0020475360901071895,0.48240203964705247,0.6025389284144923,-1.0671362083182563
23649,5.592,0.9999979246866837,0.0012733509955888955,-0.0010858742381862198,-0.0011619280126864593,0.09813370908226486,-0.2989196654951166,9.725047955474556,0.0017524905852195133,-0.001836941445288064,0.0005316223130059443,0.4743903958182523,0.6063442448572037,-1.0705383491326879
23650,5.600,0.9999979164604323,0.0012731109285261722,-0.0010837194264943155,-0.0011712453043312213,0.14735434360791086,-0.25180225526578887,9.78071820207776,0.0021292395864106247,0.0014370878657694315,-0.0019192670626489129,0.48001157940593925,0.6060849874881886,-1.070943270112866
23651,5.608,0.9999979131905171,0.0012715454073368398,-0.001087937588374127,-0.0011718270742707298,0.11870162169382752,-0.25075896981900414,9.774419427041739,0.0018520664779492985,-2.8151168103776283e-05,0.00020166320319787236,0.4802094802510041,0.6054595715862678,-1.0675011418426128
23652,5.617,0.9999978998688777,0.0012708091155231784,-0.0010931778585443524,-0.0011790946507717443,0.14420445772781712,-0.27872338843008077,9.791042824989104,0.002029688157705715,-0.0003716900724146198,-0.001589275980253875,0.4882149749139219,0.6026455777580797,-1.0636414700923946
23653,5.625,0.9999978965509119,0.0012692435987893783,-0.001097395949225834,-0.001179676468169059,0.1267296760509866,-0.2991635026442406,9.731371231920097,0.001852072406071355,-2.8134140931187556e-05,0.00020166160224370638,0.4814129598820287,0.6037895083980305,-1.066211418787935
23654,5.633,0.999997903650401,0.0012749702842498915,-0.0010915471658650426,-0.0011728897486722124,0.15524032708109117,-0.2998220168717297,9.737683165195989,0.003626087473631751,0.002096067492775234,0.0018642294440799605,0.4845702105102903,0.5962553054354732,-1.0649566370930044
23655,5.642,0.9999979348780522,0.0012593383009072486,-0.0010730884128786569,-0.0011801643671597464,0.11211736820407812,-0.3046211923175352,9.79507363842898,-0.0015533521556038085,0.005454422291081818,-0.0011918449037276952,0.47976602760148374,0.6026686830091516,-1.0708399113271168
23656,5.650,0.9999979114966795,0.0012665592637641722,-0.001078283216128535,-0.0011874911440304422,0.11746819162365517,-0.31526543755871167,9.768393678188348,0.0038818192677744197,-0.0003998516554325214,-0.0013874830116255548,0.4804593385020564,0.6034921619777343,-1.0679249233619508
23657,5.658,0.999997896623176,0.001279108526535302,-0.0010885394222003822,-0.0011771629146948976,0.0920615405515137,-0.28677161200733225,9.751781215037678,0.005279003722982819,-0.0015494946035279895,0.0027261510774169873,0.4893581947497783,0.6060006879347637,-1.0578680949455443
23658,5.667,0.999997904486159,0.0012696952673307096,-0.001091578150136819,-0.0011778600771335294,0.12383087515520388,-0.2601952366805051,9.74777327387993,-2.3939183968479938e-15,-1.4571677198205182e-15,6.556035011748286e-16,0.4804743019235878,0.600037768447416,-1.0690382822120403
23659,5.675,0.9999978923901347,0.0012758337240770512,-0.0010958971185020341,-0.0011774859247045226,0.11516663090574442,-0.276544465632499,9.784781045638953,0.0037041761398900344,-5.625723130381188e-05,0.0004034200971916217,0.47654380800654617,0.6040030589055083,-1.0672606533020352
23660,5.683,0.9999979154577036,0.0012662876257196652,-0.0010903080831640732,-0.0011733815153152757,0.12063241797685699,-0.2871405704464513,9.758101894788503,-7.806653164199236e-05,0.002152429119319087,0.001460771021496205,0.4853028665969413,0.6126199982056633,-1.0649691420836973
23661,5.692,0.999997891526604,0.0012750124265263716,-0.001082955916607519,-0.0011910046771612586,0.12043089948628805,-0.2869693963119164,9.75810941998187,0.004258728953267399,0.0028738556854842564,-0.0038386325425620706,0.48312425027361955,0.601829716599753,-1.066371515032263
23662,5.700,0.9999978882567668,0.0012796721290879417,-0.0010921422597594285,-0.0011803162852759047,0.15208709026645081,-0.2602934581822487,9.754104635447401,0.0034269127855827406,-0.001521234082112679,0.0025245689682060687,0.4806427911761899,0.599724934586304,-1.063407773650893
23663,5.708,0.9999979082254874,0.0012631462083875762,-0.0010886662181466553,-0.001184403719984619,0.13473718511427682,-0.2932203013261736,9.828115947637405,-0.0017524995536491584,0.0018368548400671514,-0.0005319336362133733,0.48004898626770176,0.6013571605435634,-1.0737265413393084
23664,5.717,0.9999978818223105,0.0012767446934345296,-0.0010999232281493825,-0.0011817117974470056,0.11725078067092395,-0.31367992604328176,9.768447332737,0.005456699714010786,-0.0018930777525557126,0.0009354437896366123,0.4798574359509748,0.6092956110903075,-1.0776411829924746
23665,5.725,0.9999978987759972,0.0012683700082053804,-0.0010890570724942546,-0.001186438285540847,0.08858368565500598,-0.3125711896156879,9.762149044413222,0.00019920474507722057,0.0036174680492279676,-0.0006604419233022566,0.4837307596229153,0.6070072461697992,-1.056998025907235
23666,5.733,0.9999979064444456,0.0012606525914134429,-0.0010790634412721073,-0.001197281862935994,0.12868576159803127,-0.26968858334788354,9.721132561799717,0.0003769238030310825,0.0032737063976709213,-0.002451327203625034,0.4900126539794834,0.6031719621266692,-1.070229347209644
23667,5.742,0.9999979000774131,0.0012672384040303224,-0.0010758907494634808,-0.0011985018509899342,0.11737296360100945,-0.24802602800926565,9.774505202634371,0.0038038013672095075,0.001752566997751551,7.337018627132975e-05,0.4808929531629914,0.6063059039856192,-1.0638541547397007
23668,5.750,0.9999979078484551,0.001257937938306826,-0.0010790025288986542,-0.0011990180980440864,0.08803470285066858,-0.31222098575929885,9.762165216962297,2.914335439641036e-15,1.0408340855860843e-15,-1.2034644114589102e-16,0.4809337417275759,0.6018144809792406,-1.0668890428010693
23669,5.758,0.9999978958882393,0.001264076484805379,-0.0010833209809496802,-0.0011986431441793702,0.1514556997748057,-0.2593450434689104,9.754139722504464,0.0037042115971320792,-5.616136144592242e-05,0.00040362087182277417,0.4831582754325599,0.5968654857168815,-1.068903169423779
23670,5.767,0.9999979100173121,0.001247346473538236,-0.001086564362041611,-0.001201443161487463,0.1141908864188569,-0.27488552168530256,9.784839226639122,-0.0018521071615151914,2.807991326466317e-05,-0.00020181069407870924,0.48034671180772615,0.608883242055258,-1.0595448929908096
23671,5.775,0.9999978600800365,0.0012624341857099338,-0.0011017880313537371,-0.001213325351587652,0.10807221962047713,-0.32920318953070016,9.805490598314178,0.005812232535921168,-0.002580584949980992,-0.0026460522904724884,0.4821935842003466,0.6014790455076632,-1.069793017594353
23672,5.783,0.9999979139318661,0.0012513985807502046,-0.0010851327083010282,-0.0011952491429157053,0.15391990271816908,-0.2968738450653412,9.737794453232354,-0.0003340470269710545,0.0046490049122813164,0.004711989879371698,0.4862400980975347,0.5973228061525587,-1.0620361425418974
23673,5.792,0.9999979193340112,0.0012571384280117583,-0.0010803032629377865,-0.0011890649610653658,0.12259987894340402,-0.25787808314734667,9.747850410187526,0.003626097422178961,0.0020964100748504712,0.0018642224142545356,0.4898857838608091,0.6059092742116888,-1.0607895296423866
23674,5.800,0.9999979237705026,0.0012559794729894917,-0.0010757231935506308,-0.0011907098129231438,0.11376893731393202,-0.2741426688899636,9.784864982600144,0.0019517629591488074,0.001780627647695148,-0.00012848135949907843,0.47964151206856337,0.611018495309732,-1.0615752875737794
23675,5.808,0.9999979234434664,0.0012462628247817305,-0.0010873303385696893,-0.0011906512763977975,0.11065510930843236,-0.30130665823685016,9.795192784523723,-9.964747037686993e-05,-0.0018087198475575334,0.0003303418376123859,0.4807118584587435,0.6078693178302694,-1.0685467500622419
23676,5.817,0.9999979110981206,0.0012452327910799962,-0.0010924697284214124,-0.0011973740368547384,0.09082090739533016,-0.28385968132090567,9.751878043780922,0.0020298906265747863,-0.0003719907667998505,-0.001589009706965102,0.47823121834766297,0.6077167098048416,-1.0656439456596263
23677,5.825,0.9999979222427513,0.0012514200747142015,-0.0010801485810431803,-0.0011927854041104775,0.12238794626821876,-0.2572644542827539,9.747869287854597,0.0037257510896110775,0.003905194492527945,0.001533830415794696,0.476502609948787,0.6075183949178764,-1.064195296751289
23678,5.833,0.999997948863249,0.0012351172272208743,-0.001068610234295946,-0.0011978426009640645,0.12452338558845358,-0.2951701125744978,9.73152165919661,-0.0016528049293755582,0.003645516412453857,-0.0008626409496266677,0.4801229892037399,0.6027293736708982,-1.061065743847347
23679,5.842,0.9999979229330915,0.0012485122771865784,-0.0010805205654577043,-0.0011949150195677903,0.11889414860068884,-0.28426496761815756,9.75820742256273,0.0054567077876516165,-0.0018929533463156038,0.0009360816957608925,0.4769575419437229,0.6063744642779253,-1.0617106521596038
23680,5.850,0.9999979496232065,0.0012455288659278052,-0.0010731970789341985,-0.001182224706452301,0.11886554947477151,-0.28398037794418807,9.75821605647973,0.0015961797127862695,0.002468575953879646,0.003453161214799266,0.4812245899056684,0.6036600056236745,-1.0703626948289018
23681,5.858,0.9999979321038767,0.001251219982868786,-0.0010850063620907425,-0.0011802532435826578,0.14743162664357487,-0.2846493793761218,9.764533480025333,0.003604568745901924,-0.0018649089644961212,0.0007342442468435013,0.48799442249790687,0.6118726973396428,-1.0653981999440434
