packet_counter,timestamp_s,q_w,q_x,q_y,q_z,acc_x,acc_y,acc_z,gyr_x,gyr_y,gyr_z,mag_x,mag_y,mag_z
62990,0.000,-0.7371987290538079,-0.059599164476889795,0.49692550641269956,-0.4539284244807646,9.072459059772035,-1.6145919005803677,3.1481374174673875,-0.017500796226474997,-0.006508089506489253,-0.016453417652182625,-0.15930002725019288,0.1320691859423112,-0.8633647989108006
62992,0.017,-0.7329011528735455,-0.07067741639659623,0.5020129868001819,-0.45369986115502686,9.062150444347544,-1.6585139449379596,3.0862023040856843,0.03134576574353252,-0.02250037891202145,-0.036713619239920815,-0.1615080741403449,0.13645195574627678,-0.8609120038953316
62995,0.042,-0.7327482791105975,-0.07157470542273103,0.5023369925672644,-0.453447424628902,9.164778834022346,-1.7683146152444287,3.120931840969073,0.014032704022440078,-0.017768600865013,-0.03803528742199863,-0.15343866939103712,0.13695428444516036,-0.8638039441535813
62996,0.050,-0.7324441351580011,-0.07245511887905688,0.5027523394529854,-0.45333864802752016,9.03454174028055,-1.8848262770974393,3.1624797596178005,0.00029958723855615625,-0.011190347797732682,-0.03316878587726916,-0.1622585674226912,0.130328601829183,-0.8567941909118595
62998,0.067,-0.7324723188016817,-0.07255202389508418,0.5028736703486671,-0.4531429991603916,9.02122865265086,-1.9513925898952365,3.1451703102207236,-0.0036506173122961127,-0.018905934313184623,-0.031249587483480203,-0.16225960759190733,0.12886260384278253,-0.8565570819103281
63013,0.192,-0.7315287977439231,-0.0735737001482386,0.5042346222425982,-0.4529900379144032,9.00263339740413,-1.8150165517885473,3.268811748924038,0.0013919789651333518,-0.02075785385055036,-0.0053425815074225735,-0.15932374836576582,0.1396116942912336,-0.8579575152289922
63014,0.200,-0.72974249977188,-0.0778054065577365,0.5062118041015801,-0.4529589519209183,8.958553876956039,-1.7883489252656095,3.254483791351274,0.026028912394090137,-0.03666404229656388,0.008751552486641261,-0.16374590335309283,0.13103642241180086,-0.851670258904719
63016,0.217,-0.7294468141403128,-0.07803779445331363,0.5063687154669912,-0.45321978329914103,9.231928944328288,-1.5800571901262515,3.379329811630338,0.03704241138466401,-0.0446319518162481,0.018498377441486406,-0.17668644681183465,0.13787111017810538,-0.8514500965730272
63035,0.375,-0.7282032250475748,-0.08464510410928115,0.505235461835803,-0.45529374856701343,9.150616120567843,-1.4795368661658386,3.08051843585244,0.08279975990233199,-0.026100473565632838,-0.022115307826342887,-0.17225742918632136,0.1257016942089614,-0.8593017072955821
63038,0.400,-0.7256523438535559,-0.09016467028013236,0.5073197718190605,-0.455988659085477,9.103486336667816,-1.8223227248408886,3.0661577590158617,0.07644216897493168,-0.016076729848261032,0.04138692241465003,-0.1593405092329467,0.12177089628271473,-0.8541368364197859
63042,0.433,-0.724818781991378,-0.09160626236898099,0.5076017326743367,-0.45671271818653414,9.113564987511054,-1.8146794737110825,3.051941281148256,0.06294402409057939,-0.029494534659144055,0.018315904174880618,-0.17225726992756454,0.1181334219050245,-0.8593380107010522
63043,0.442,-0.7242650932928659,-0.09281768962340697,0.5081537708092438,-0.45673263113422935,9.093152471497225,-1.602451731342055,3.0589274998667,0.03787172460217748,-0.052201268406923775,-0.0031569442729085955,-0.16103880319044767,0.12349157188514989,-0.8565774905883702
63047,0.475,-0.7241262592863107,-0.09314059128783347,0.5086138715380638,-0.4563747588831243,9.092375439587903,-1.5257521855237868,3.0375753707724438,-0.0024246544621175695,-0.038023622503563226,-0.026621346700206026,-0.17372655822736505,0.1264294233022723,-0.8583280782292484
63048,0.483,-0.7235945312508161,-0.09442152782410822,0.5093099928031477,-0.4561785403305714,9.214058963330706,-1.6890830889443624,3.161707787902429,-0.025206879856308945,-0.02772445477916109,-0.029004471149575564,-0.16981610807664008,0.12863134800403372,-0.8592769443063009
63053,0.525,-0.72339722947332,-0.09411200793825772,0.5098142657516963,-0.4559920972870179,9.19564385487371,-1.8285509962925572,3.0973669206458365,-0.019069715700996685,-0.0192329397038817,9.384092443568327e-05,-0.1737555418375697,0.12957159551426467,-0.8517211966086332
63071,0.675,-0.7222486494371892,-0.0924178966922228,0.5140848388416901,-0.4533570328452571,9.123120472182265,-1.4895245037200917,3.1561181466824215,-0.06335090669361709,-0.024678383624389826,-0.0024456099425569705,-0.17030782879082784,0.13961403646896217,-0.8584939814247967
63076,0.717,-0.7188041721506528,-0.09685638309249472,0.5186073768035709,-0.4527535663890163,8.856716498588199,-0.45686359199616067,3.117707824873145,-0.054383200957653144,-0.12886877269114283,0.03096725272794039,-0.18157143137597126,0.14153083524421725,-0.8509656795911404
63119,1.075,-0.7154692217934386,-0.10665789250498901,0.5153586940617745,-0.45949244072958145,9.203516641326571,-1.7962671734399727,2.911894502463141,0.07148372342194358,-0.013879254129947187,-0.00038872502942989616,-0.1790920192833308,0.11569321483132854,-0.859623845106885
63121,1.092,-0.7115570776564476,-0.11623444744298744,0.520015623775298,-0.4579954470234694,9.131153767076242,-1.4202428612381037,2.9608034448104403,-0.12874288695049912,0.03767242691611616,-0.03310451567082514,-0.1884048014954908,0.12444353028402379,-0.8515659141198282
63130,1.167,-0.7109478368168133,-0.11271258708753537,0.5242454997510627,-0.4549897823339411,9.241646452290222,-0.547733951502592,3.329223505925076,-0.15834452347530445,-0.04630070305582791,0.009660321644745543,-0.18130260373866847,0.1388722543092797,-0.8565926061823258
63134,1.200,-0.7111118282921363,-0.11439094355220154,0.5252522626821051,-0.45314979890051954,8.53025178545498,-2.3564950084625376,2.4179181420961244,-0.07215571368803539,0.01578291914668255,-0.09290514665341253,-0.18207551082365053,0.12906224028219532,-0.8473655145535589
63158,1.400,-0.7059244912202273,-0.12757777632185643,0.5192057237217751,-0.464564247589912,9.237915479017643,-2.0629664210759917,2.7886927129889263,0.1886816315832613,-0.02525933271038338,0.023121265326726537,-0.18567164814725703,0.10032541438470596,-0.8624120302905455
63200,1.750,-0.7024820538641027,-0.13574802495122124,0.5220797342414129,-0.4642458279997034,9.196420186531137,-1.333834337166069,2.9798636017322186,0.017670356040333273,-0.017813799368701796,-0.012130408210890597,-0.18838184826803364,0.1024957196871314,-0.8567981559126833
63218,1.900,-0.6971206928227545,-0.148240934294243,0.524816373479664,-0.46541931541948983,9.127685782148394,-2.0725109854398687,2.7653518754840736,0.06569314656589773,-0.03143320921095993,-0.005182440248629673,-0.19203083416403674,0.09127943320572564,-0.8597977161745632
63224,1.950,-0.7346268129015668,-0.10413858042830712,0.5270448759675751,-0.41436976307253254,9.119429395808531,-1.8010074287641558,2.8376169411705034,0.04430545546026167,-0.08281419803094546,0.001675529087345123,-0.20278684121565016,0.09126420905048976,-0.8566710793579603
63233,2.025,-0.7388958405608329,-0.09366203230985601,0.5333830655051388,-0.40095244847466477,8.850655179121404,-0.5044868260361421,2.753263713810778,-0.13015148936857673,-0.1360133888909441,0.003806269666001479,-0.20134795686133505,0.10271058028178003,-0.8507503614655274
63248,2.150,-0.7439968965218436,-0.09032472888114831,0.5358763012540542,-0.388775836533968,9.641975422481083,-1.7008450512368576,2.656861051353643,-0.0754802063638114,-0.008491102989208335,-0.0972746372884885,-0.20401312901904936,0.10273283097020167,-0.8554007164044916
63268,2.317,-0.741899531362526,-0.09592680091536468,0.5366456219328848,-0.39037752329056474,9.18940381235539,-1.9656100315804481,2.7293382232839116,0.094582223968945,-0.038814311312425215,0.01858259590763165,-0.2084179683022363,0.08563147294363666,-0.8530606152697723
63396,3.383,-0.7615367968462917,-0.028702177807493418,0.5471459967130441,-0.3462212447541112,9.236671590908689,-1.682223252233489,2.6979995231454237,-0.14173025112750995,0.04695118395421479,-0.006888601436453658,-0.16945743231240568,0.2307857334404586,-0.8297320001963813
63441,3.758,-0.75888337541869,-0.04628610296543849,0.5551309394986862,-0.33731774219082317,9.230948520880352,-1.9737397400717014,2.536239933897388,0.007150793552633398,0.0012743554586292787,-0.002710864417926246,-0.1772336591299617,0.24107933874459792,-0.8380176930049918
63452,3.850,-0.7630499597771538,-0.04815464577174401,0.5510161986787533,-0.3343905467687426,9.147220088612404,-1.9016890240474282,2.4784460059227604,0.01630900024461262,0.1765221755319329,-0.011363716759287748,-0.15624305045331274,0.23765555387269202,-0.8367213042558705
63456,3.883,-0.7648157416937926,-0.04833422253094674,0.549409404599817,-0.33297145572402687,9.148675305750563,-2.025452289409272,2.283571090891346,0.031169245941572915,0.15056652805782852,-0.03606974494484929,-0.15280914729961864,0.242311738714521,-0.8403460917067602
63468,3.983,-0.7724093560860278,-0.04388756551713126,0.542313327195424,-0.3276490857151535,9.129836881537228,-1.8677537866929312,2.1740610882273352,-0.06589614374363637,0.21208678693135452,-0.08291297655105609,-0.13474701905439251,0.2337622307901028,-0.8393312831240152
63470,4.000,-0.7736524114666571,-0.04422338663838743,0.5420425597938924,-0.3251093687947837,9.382637570124968,-2.461881574294053,2.138925323104589,-0.12024149804806482,0.16841263266467757,-0.16742606242534214,-0.13155733123721047,0.24208048287577225,-0.8429395754167808
63471,4.008,-0.774490628564772,-0.043955945706597305,0.5416481364349689,-0.3238046284396014,9.1652781929824,-2.2661529396770854,2.184728755666953,-0.0737689334663365,0.16608335721528683,-0.18178804552685596,-0.12912671492506633,0.2447542879659456,-0.8404746288340325
63472,4.017,-0.7750795157682479,-0.04399925502278058,0.5412054124738307,-0.3231292486032937,9.060128595013307,-2.0591226479656832,2.205656877995115,-0.04656626517603765,0.1444809671591963,-0.18893813793792966,-0.1235092898465638,0.23987387381855363,-0.8409616881864588
63483,4.108,-0.7797787725427153,-0.04795173128150989,0.5377880054136855,-0.3169065455178417,9.006057273741574,-1.7623183512681921,1.8512584949075805,0.027297255223947707,0.07436795894554664,-0.18678084675948356,-0.12886524553296533,0.23549578837004526,-0.8444242262505608
63486,4.133,-0.7808541841903661,-0.0500642600071671,0.5370285555699894,-0.31521523345920877,9.584396440748492,-2.00876405809039,1.9910077729207147,0.07234730474593287,0.09008081599552838,-0.15096238370715426,-0.12597832835254652,0.23081032630660883,-0.834668205970872
63529,4.492,-0.741816622392234,-0.09282315031944681,0.5664637918532348,-0.3467141964595713,9.463995455659495,-1.8592344274170145,3.0264107508872793,0.24706483894437392,-0.3136513742047563,0.08155146240023484,-0.2194606505641275,0.1729730856312159,-0.840238655929643
63543,4.608,-0.7437087656105783,-0.0951448434292092,0.5733361591056576,-0.3303488752588587,8.605186589565692,-1.4084409333235735,2.8498248502533814,-0.18331283792470884,-0.05251992584111985,-0.18100101174737365,-0.219200760766064,0.1878830587557981,-0.8438281811970795
63595,5.042,-0.7802028060227417,0.012640961040375626,0.5673630228196113,-0.263102618601962,9.253956302826982,-1.3078280059709404,2.0111556408993767,-0.5506806068469557,0.25305859627154015,-0.003754736713010846,-0.14275120610846923,0.3888277702888211,-0.7956529077483935
63813,6.858,-0.763301586324246,-0.08632340804381018,0.547488894798165,-0.33192599719105426,9.006186233234038,-2.12415093536915,3.3622634655690056,0.13798126491245852,-0.02231596964110438,-0.0004550304998000869,-0.1619738574100595,0.1872583854825453,-0.8660415420433671
63815,6.875,-0.7607697916875829,-0.09890502388308257,0.553040405533523,-0.32495142737590094,8.593326694061641,-2.0105300715117655,3.9916407118848203,0.040414697747999835,0.09632151331005719,0.00017675823557360905,-0.1651722878460693,0.1872314504386665,-0.8604403493754936
63818,6.900,-0.7621780768247243,-0.09750037369270405,0.5520961570641982,-0.32367899173794373,8.475458769880728,-1.8159263623783923,4.333695837553396,-0.10927871634970646,0.1460015643022706,-0.05518877450590918,-0.16471947737674913,0.1930521120962894,-0.8523536310870605
63822,6.933,-0.7646267230114501,-0.09443301719968657,0.5512777038979092,-0.32018943284309714,8.221413044619538,-1.8671594533938494,4.562273585615708,-0.23838502213070265,0.15851367697563704,-0.10578664747162564,-0.16296909004160154,0.2096991560674069,-0.8617877839869983
63823,6.942,-0.7652694454139907,-0.09353028805089454,0.551220111249272,-0.3190159088309243,8.307484720361515,-1.9904098749273074,4.820539374527804,-0.2773303544756309,0.15887424473310816,-0.09847116760870978,-0.16227080315924544,0.20282582236858063,-0.8540050261948404
63824,6.950,-0.7658111530323005,-0.09263324291631024,0.5511419892266817,-0.31811140801518334,8.2897771258866,-2.25394814463704,5.005649763246201,-0.28554136488572207,0.13097765564442515,-0.09668528622976516,-0.15253753036554685,0.20889413510905247,-0.8466088450092305
63825,6.958,-0.7663362609112052,-0.09172873995702767,0.5512305275274593,-0.3169534334887837,8.384544644641963,-2.3909044518429576,4.690407067513949,-0.2920294116247608,0.09904766856584071,-0.10356672478349271,-0.15811184856066263,0.20112622636570282,-0.8559481003760377
63826,6.967,-0.7668150005279744,-0.09088692805094044,0.5512515554579712,-0.31600006943023534,8.63098786673566,-2.5145415917009255,4.420579244646851,-0.288079076555513,0.09905901984786879,-0.10576858446162082,-0.14441890101465749,0.21140343642574194,-0.8607216481336027
63827,6.975,-0.767362476883965,-0.09002831126486863,0.551265254345651,-0.31489101542045767,8.983121314900746,-2.579072196771999,4.184647069422042,-0.28837521041294084,0.11361993806978307,-0.10982285066491268,-0.15028692629158794,0.2179857887537404,-0.8587626494411812
63836,7.050,-0.7730838647577769,-0.08170369077254516,0.548453357521518,-0.30800123309606664,9.376072979035172,-2.072192131076068,3.7225459922057644,-0.25663161776592547,0.19168296540723678,-0.07982519836173688,-0.1420345120935487,0.22232757044745552,-0.8477190598270266
63837,7.058,-0.773531815985739,-0.08120439896550961,0.5484357638632132,-0.30703841479891336,8.918629140177782,-1.508603170258542,3.7212022483386664,-0.2228327485375068,0.142173197817541,-0.05901591785961755,-0.1419628582771936,0.22728878972648398,-0.8640527145712315
63846,7.133,-0.7751923519133267,-0.07711195464428265,0.5493684580051731,-0.3022000352995371,8.675203984367926,-1.5820748005774923,3.1598940858922937,-0.16119215271150467,0.024851187363222803,-0.057561898819060084,-0.13614759937459178,0.23432077175447263,-0.8539834950300795
64147,9.642,-0.7984927112271558,-0.014458707575421798,0.5399492321484868,-0.26581038842493415,8.973757314648505,-1.9867830201883867,3.2590677274583917,-0.04851606144238698,0.026134642632821215,-0.007472318738277548,-0.07630015099376934,0.3669045525580789,-0.8057206807693028
64158,9.733,-0.8034622880046055,-0.03161706541009386,0.530606265529542,-0.26815238934242447,8.229532469513188,-1.1431907692642056,3.038337659221462,0.2902747309549565,0.31155588049668115,-0.046825501881066586,-0.06593870463520796,0.3413871907376255,-0.8302122083833391
64219,10.242,-0.801576773711611,-0.06354059869833151,0.43375356244095464,-0.40656501968679437,9.640704803891193,-1.7279374186824177,2.5675444473881956,0.501953670226139,0.28682172906805686,0.3534753609384231,0.11886894145459831,0.1248492783635527,-0.8839081121899525
64245,10.458,-0.8163063075562406,-0.03615552143004245,0.42759750880537833,-0.3866486272799282,8.763989832638305,-3.1575851412948026,4.551693373061086,-0.2675821927985525,0.21178717184213552,-0.09870090388310149,0.14026405015232798,0.18359046279438337,-0.8635125256750888
64255,10.542,-0.8079889296682145,-0.077871958923092,0.43497594307421705,-0.3897252577057188,10.072731691718294,-3.0370407324658917,6.3352304972344164,0.7905337491475571,-0.5959491467766598,-0.28615134531225356,0.09734839536509308,0.12310049662837443,-0.8757099523630669
64259,10.575,-0.8044417993493915,-0.08338776463334721,0.42773177018676595,-0.40368973846490414,16.70329468238177,-6.624696208472258,12.102705388431875,0.8281164847453981,0.21570856545446984,0.577069008468214,0.10274988247772354,0.10140502146978815,-0.8826264092201809
64287,10.808,-0.8280887801892024,-0.04212705325485126,0.3988136076979551,-0.39171672139923125,4.511113307839724,0.11527873333683185,3.2464533872566848,-0.2395506917584211,0.41874435260235665,-0.04061717201391508,0.18980980950700085,0.15110373798823137,-0.8600329682757738
64391,11.675,-0.8551616365073981,-0.06509613986348448,0.286261881331152,-0.42721798103264813,8.822785048418535,-1.99744357933503,5.241097675937038,0.18091879632553118,0.2227377801205986,0.0030915631793611838,0.323238411283022,0.01914049743490315,-0.8332246086160262
64420,11.917,-0.8752746522488306,0.0535729526152051,0.3235159725336679,-0.3554738209691012,8.099661080376057,-3.2955550375852134,5.911771552603525,-1.1666858912720535,0.21217357737232914,-0.28993253059715973,0.3769538456751213,0.28472841152049855,-0.7228259524166682
64427,11.975,-0.8782958391419018,0.03813019703218517,0.33086636692875243,-0.3430305442022299,14.664799684961245,-7.704152483318456,-0.6814436713123021,0.22573431998525606,-0.29884019186682065,-0.6081117126243382,0.3655018118878578,0.2859736934679289,-0.7279972791111394
64479,12.408,-0.8708293236367095,0.08386530189352645,0.36895666739527067,-0.3138373429299235,6.29733082251679,-1.8062868936732532,6.7386678676869805,-0.2874138618079809,-0.0892188474254731,-0.048476338106773306,0.35587190115000034,0.4067288451619014,-0.7589550822680449
64482,12.433,-0.8650124945124777,0.06957745816027514,0.38488042387439547,-0.3142919358996058,24.1515892211786,-17.931332846673058,-5.774725927317701,0.4803886045992689,-1.3773075457720332,-0.3433565314848322,0.3144490578389554,0.3907035809538258,-0.7775246044105759
64483,12.442,-0.8642769785785342,0.05503924711491301,0.385884129678747,-0.31794563063243914,47.78336526551528,-30.427561196266346,-15.800895414212343,3.2545890483552222,-1.3904572459083897,-0.5624668918403088,0.30744761566841555,0.3724787342217172,-0.7954653834976019
64506,12.633,-0.7974586142666856,-0.1472781848145743,0.3567578927471668,-0.46378087581548916,4.518069199538163,1.9322305613106172,7.402739310864883,2.506742457284127,-0.7692929494007047,0.7336400096675663,0.18610666277386492,-0.08305191417766156,-0.9063394002754266
64511,12.675,-0.7972460836680102,-0.15258273818602588,0.3503231613282191,-0.4673230924325026,16.590849988913494,7.754139048894971,-0.22414059166536754,0.3961763488508197,0.2164991519992387,-0.03673090325862479,0.18751479655967743,-0.08628777349879765,-0.8934090184926602
64512,12.683,-0.7985417305864245,-0.14110973946430164,0.3626484295746388,-0.45924422965063255,55.16179967411128,23.707729147741748,-8.024442996487604,-4.31933509501764,-1.1870836013313495,-0.2833635319659888,0.1763116292554267,-0.05525182252381027,-0.8996570800501605
64513,12.692,-0.8050585892237176,-0.12223067166807501,0.3695428098440425,-0.4476365071274444,37.982677450258265,12.244630641051668,-10.969422192946844,-5.609002889917373,0.9259127867619547,-1.0526927080868218,0.17949202475420112,-0.012519507056955132,-0.9011471666650663
64514,12.700,-0.8120973384186196,-0.10019060905665952,0.3790670104743612,-0.43216658403939534,23.96957860224134,10.263998572983914,-13.101024099880632,-6.871090084162098,0.7213959608639195,-1.4971305589061246,0.1865824851002566,0.050725069330863626,-0.9034982885373386
64525,12.792,-0.8487117972812803,0.021180846804029402,0.4130547661340721,-0.3295837026586267,7.05461356594321,-12.561946071186021,16.84126024657639,-3.414792174866898,0.6157399336085065,-1.0842609810539166,0.21821265246419494,0.3362321904635058,-0.8231308990357896
64527,12.808,-0.8492606886548353,0.02421927406997937,0.4224107608961586,-0.31581459521080846,-2.804476827259222,-2.058662324553088,-4.614050280217761,-1.3948927566479457,-0.6859690448336973,-1.2880306777611346,0.20718188742134427,0.3662131272195612,-0.813025497601739
64532,12.850,-0.8442116687416822,0.032732400239051114,0.4422319999829393,-0.30110813095309336,3.5524373273256695,-7.887115609619275,-7.88168264193592,-0.9504134052466127,-0.7627081350206735,-0.3714902657051971,0.16733858864331635,0.393015588008831,-0.8020851569939609
64536,12.883,-0.8511343980569333,0.05558203717716532,0.426561524712212,-0.3008756208513594,-8.233673516619845,-4.2879103410938795,7.846342682226991,-0.8670173221875199,1.4111026241361049,0.49190774461971254,0.21484549280736967,0.4146349423912381,-0.7790674865134843
64538,12.900,-0.8505002235025412,0.07111417136837134,0.4275801383339584,-0.2979385335182927,0.9300798686009543,1.9855609710339028,5.045849763788873,-1.7811256803047073,0.4745799132187596,0.5124811163360173,0.21919772497498477,0.4377823624698533,-0.7694156728201003
64540,12.917,-0.8478762694377292,0.06818527037778968,0.43111082632556746,-0.3009984319772339,10.544727485159118,-4.466981671611046,-5.647666586993026,0.3082540679327633,-0.612235203132439,0.22232629416616204,0.21362767534169785,0.43075155153072886,-0.7797279568225454
64555,13.042,-0.8017392646096574,-0.1307031977030206,0.4040254176686966,-0.4205880259482028,15.020849620953413,-7.14117651666451,10.345804344325458,3.644342887254796,-1.047309959531081,0.48932132693751257,0.10085288164181529,0.030908918103874906,-0.8954243275142962
64560,13.083,-0.7809924834704248,-0.16056462721854892,0.4243601588505893,-0.429171523786434,-3.0843307063222807,5.124984599029916,-2.9248548640743577,1.0275650775960536,-1.6888238995362532,0.2751581467708753,0.03545247098313603,-0.007146132921593905,-0.9022415673219316
64582,13.267,-0.8368369801154041,-0.03042211610341764,0.43579956382859814,-0.3299349992497383,10.720173275354448,1.8070541232174244,7.918401065573693,-1.7263390075114833,0.5981144525760252,-0.48949135304137226,0.1408326489118248,0.28302185740833447,-0.8261670574655092
64583,13.275,-0.8366356048216128,-0.025460954853188483,0.44240748568354304,-0.3219754977228917,21.09706652588867,-0.16524236903022868,-1.458869369220826,-2.47318497148325,-0.6828856222016711,-0.9840539792834068,0.12613236415097673,0.31055321837977945,-0.81438048362487
64585,13.292,-0.8390054678096519,-0.018299096498356947,0.4500865827478993,-0.3052163758437107,5.725148034174906,-9.080489239420592,-2.0357501073379716,-1.9136147330660584,-0.4289213673435571,-1.3665690940243025,0.11459861120345546,0.3270901799976531,-0.8009237369307274
64586,13.300,-0.8402861716816439,-0.016442973391194368,0.4531651707349153,-0.2971365112864088,3.0302678150916003,-2.5923132990462467,-7.302618988501527,-1.4974613173736981,-0.34488954405977584,-1.500743608815589,0.10827845600987336,0.3464075157923511,-0.8072065900965636
64592,13.350,-0.8441225304588315,-0.007480114021573798,0.4583413939828157,-0.27807259488826386,2.3969797830410116,-10.419945864992282,-7.83769514158452,-0.7080076777422682,-0.015666225006090946,-0.5238246554319295,0.10284682182072011,0.37563847276667406,-0.7934180367550037
64596,13.383,-0.8503455183151784,0.01912486031600301,0.44858339198034064,-0.2744443106325882,-8.969816343130274,0.3027209034599483,2.9600093370205913,-1.2922669884209088,1.1363757347579835,0.4342117122416901,0.14642465795435036,0.4145670192371089,-0.7652075110490028
64598,13.400,-0.8519143132086846,0.036838940127435105,0.44715712525304124,-0.2700655490355972,4.229422784584614,7.937141085443298,10.644507752398328,-1.998278442437993,0.8548187946623323,0.45863283962557966,0.15465644072018955,0.43231413013648395,-0.7494609382920592
64600,13.417,-0.8486590587191934,0.03255735761392854,0.45547667379576356,-0.2669434774385757,30.783710711713244,-5.727555595229613,-1.7050490160580543,-0.017002356345581122,-1.1397197258552274,-0.47924511636291867,0.150799442633841,0.4348093783868019,-0.7606965950960005
64603,13.442,-0.8363333533604413,-0.02133155244895157,0.45546156333418325,-0.3043784671296236,37.26798359203562,-29.584699938848342,-18.579504376182832,4.999226896019865,-1.6854589846719623,0.8221186441630053,0.11662550293862116,0.3325420170869222,-0.8177347524074479
64605,13.458,-0.824069592138005,-0.07432776357411296,0.44537473744482287,-0.3420906811380983,4.822602282743558,-2.1326032444526053,-5.3013387601487025,7.786132308092464,-1.4659688132221698,1.2720606439654414,0.10996117542005149,0.22213261836349996,-0.8568686425239119
64607,13.475,-0.8163856647220071,-0.10322117422489864,0.4346933759144778,-0.3659255451100861,1.683177803512418,19.60268787783062,36.32891881389008,4.642375654502752,-0.30679434137416395,1.001974843854271,0.10856845952699258,0.15433959730936747,-0.8733135689594415
64614,13.533,-0.7952028547747275,-0.13152860785696868,0.44419304856306724,-0.391209893384076,9.49186264168037,-2.931096048522898,15.638916743842191,1.131410536068174,-0.8424642748413959,0.576500457795304,0.06737458863076523,0.09557264892352225,-0.8884249266688321
64615,13.542,-0.7908848469848334,-0.13693305098847788,0.445160563708096,-0.3969667125539043,0.49081786469136995,9.201562933622409,4.502681022051106,1.6636605375198994,-0.8536167986532418,0.9096088868807489,0.059606357093438145,0.08219308367287685,-0.8985331622739804
64616,13.550,-0.7868276662465864,-0.14068659778883053,0.4473660324619575,-0.4012145782879797,-8.467765624493701,11.52001575538666,0.23401367432777442,1.0984934776036372,-1.068683958860011,0.858164249175297,0.05152212796876268,0.07361781179344412,-0.8922619710369045
64618,13.567,-0.7779253966748723,-0.14872737364368607,0.4542019879215415,-0.4079372497154606,-9.04806608630898,6.873014760036802,-0.8360503351276172,0.9448633207803507,-1.3800716177186023,0.7379394431333064,0.034176847974418986,0.05846838520806306,-0.8897251291224095
64619,13.575,-0.7738208450422833,-0.15379054020726168,0.45624142948614005,-0.411574449572916,1.8716250505556293,-0.9127557608372024,6.2411771066124455,1.2870800236356623,-1.162388601842411,0.5853844660454386,0.026858172826903136,0.05285907087849588,-0.8910048714170393
64620,13.583,-0.7699716361232241,-0.15920760279656612,0.4575909862542734,-0.4152193493520485,2.62590555199493,0.8279983852730791,2.957358124546365,1.4213517126524595,-1.0729456556940682,0.5062594835585963,0.011498113431756819,0.0384771904078118,-0.8957800122364402
64623,13.608,-0.7662322329898801,-0.16210368024569186,0.45101517599392005,-0.4280138701038995,0.5001871015654029,14.244537539251647,-14.25722631811986,0.9182799823607259,0.346092348455571,0.7069378212379249,0.023464471818876072,0.02090278090397061,-0.8965442569398132
64625,13.625,-0.7644785233587243,-0.16834598989303223,0.44673512364678875,-0.4331973503040938,-6.601103805007866,6.768887180746284,-3.623812770888926,1.1080252136558297,0.10103919364945102,0.12684195083303026,0.02515987131341568,0.004042047427068757,-0.8934438031808505
64626,13.633,-0.7654681512144179,-0.17403856880670263,0.4409625595743573,-0.43511045390535913,3.2531041795778384,-3.516197194303643,-1.1828615213402873,1.8041538625947076,0.6770021136009523,-0.6221633436361133,0.03177666401342854,-0.016194456278302828,-0.8991272012077922
64627,13.642,-0.7648678968896948,-0.18220065285438564,0.43581746455361486,-0.43799904109145005,5.026505872723476,-11.793577973688391,-0.7752476768987722,2.37060136227063,0.14492249261858428,-0.5029282945860328,0.03712753701347215,-0.024761530535685475,-0.8945060529207369
64633,13.692,-0.7892727469493703,-0.10894585335007773,0.45482122145805853,-0.3978906740201619,40.64656779441778,12.184432751193656,-6.345060335894365,-3.4530659678100504,0.8378667068203283,-0.23617730876223825,0.06295467565923454,0.1331429375830719,-0.8826487430802693
64635,13.708,-0.8104786403915039,-0.0570442051771123,0.44687931683792587,-0.3743917845083136,5.839132543844464,-10.85747788318302,17.959433001285284,-6.1105807972296775,4.137421030700022,-0.5074359116749871,0.12536331694150626,0.22166776450827383,-0.8616862206550006
64636,13.717,-0.8165800649897184,-0.0380438810532179,0.441983948755734,-0.3693235026614001,-5.998408737319119,-42.89816774989194,62.07499861434534,-3.8843634990919225,3.2819908856651674,0.43425928436518946,0.1482207872336919,0.24500545231538742,-0.840721607955332
64644,13.783,-0.8250819398220498,-0.016817105220904162,0.4754851108996403,-0.3047472507902735,1.4174198223143877,-8.875112038980552,15.858187788567317,-1.7596061026231338,-0.5561783742124832,-1.353870170450153,0.09316306645922048,0.3576612771174144,-0.8121018322296975
64645,13.792,-0.8264447246658337,-0.017010777007568756,0.4782620284756211,-0.29658924905666684,7.377692586331418,-4.0141518825294344,-8.05872965004826,-1.1503491634489829,-0.31420192568379046,-1.7032575345368837,0.08335450046621402,0.3668916705805717,-0.8023347528293313
64646,13.800,-0.8270757940820901,-0.014270885541600367,0.4818767571737196,-0.28902727131722145,3.0321913195324606,-2.2717438535782835,-2.8974145886742875,-1.67147713993225,-0.4888707206280645,-1.2123823394026134,0.07777239248603944,0.3730314197417656,-0.8098983085034334
64647,13.808,-0.8273498244835858,-0.010052729596749228,0.48513683931885065,-0.28290185169127224,8.329050803563364,-8.756868119735262,-0.27550372767810116,-1.782000968231454,-0.31907776085050576,-0.7275302780180838,0.0743509045770087,0.3891410023480706,-0.8091036050621749
64650,13.833,-0.8283678144145723,-0.018258961144052375,0.4825525596197869,-0.2839302759206155,3.8624340464176505,-18.67623230213978,-13.771870007198382,0.6447030200402999,0.02162813166539987,-0.2849355643659694,0.07679801219400532,0.371568935021958,-0.8103978899264734
64654,13.867,-0.8356474536576898,-0.01680077150982502,0.46941315337035694,-0.28471452143329734,-14.314468816657762,4.472678253569421,-13.086713148433914,0.16483382141679218,0.903402259186887,-0.06816185195143705,0.09049008910430961,0.3723235991591477,-0.8149729742431688
64655,13.875,-0.835933396814563,-0.00714906903493747,0.46757434112499124,-0.28729511381770917,-8.23783059628387,1.419794611142321,14.37727194315656,-1.532795480289341,1.1443152336572062,1.5747121485281983,0.10775843223814952,0.3790880215935944,-0.7999718791642688
64656,13.883,-0.8351868654749883,0.0007023268726936844,0.468684725083591,-0.2877447392192371,-1.0977608692588572,8.738604162678515,12.351515639979295,-1.5903395165918608,0.2378444176771512,1.0240659645733214,0.10432202748092453,0.3915191417119589,-0.7957768453474597
64657,13.892,-0.8346149671196127,0.0030495081027170057,0.469713633698832,-0.2877110694389399,11.391499577270185,6.912863760642082,11.81530401220095,-0.5500545549866513,-0.07697058618846112,0.2955700015093285,0.10748299369424379,0.39052853738056315,-0.7928379809769965
64658,13.900,-0.8332848857893147,0.0011721912350603442,0.47284281537952544,-0.2864517359464968,23.283726307482556,5.09414317388131,13.08890275894693,0.02055690599493867,-0.909927771993432,-0.37652162804219985,0.11165269932677703,0.3868875497362801,-0.7972317784500232
64659,13.908,-0.8311423694786239,-0.0031739428789810337,0.4779746855881803,-0.28413462949971513,52.782262221948244,-15.634888528424316,-5.45099332424317,0.24306375527641955,-1.5417766207404664,-0.8069128720241374,0.09431132827771453,0.38956486809304636,-0.7955859897394593
64660,13.917,-0.8271986993742828,-0.015418771806630925,0.48187100723465853,-0.2886258921443566,69.84447775577479,-38.45686342703994,-21.167079471771036,2.6992371098513,-2.06511934289679,-0.24526726808065857,0.07678183426928714,0.37692240064662624,-0.8067100942127713
64661,13.925,-0.8224165967683243,-0.03631479321713436,0.47776952632100794,-0.306673208599323,32.754026551165126,-25.307807714487076,-16.3530779470763,6.537438614951914,-1.0781041535024902,1.4525208201113717,0.06467674977667184,0.3221014743422635,-0.8299758708704773
64662,13.933,-0.8136068033976073,-0.061233508216155204,0.4771084675445463,-0.32659139170217516,9.529469901113686,-18.802895867143206,-9.272369236156917,7.341774735982359,-2.5351919593577694,1.6906566462795487,0.058162074068443204,0.2738453340329348,-0.8475702795559495
64664,13.950,-0.7995818007549335,-0.11465168314414867,0.46532332633991697,-0.36193664834839173,-0.13356240332466449,-2.724535770882345,0.12260106440961743,7.811681739887463,-1.4655574435552583,0.8186262629251546,0.03998042839603306,0.1624125404899166,-0.8769937725717638
64666,13.967,-0.7944033195565269,-0.13899574364786274,0.45112224329891215,-0.3822201861837038,6.9342718518047795,21.517226574492984,44.312830436759945,4.159027818323687,0.3144437907419033,0.5842048283626564,0.04124402388213794,0.10850375556304173,-0.8867685089085174
64672,14.017,-0.776020248193507,-0.15443502204234658,0.46177011226386566,-0.4008874677266485,6.690301656509906,-6.3085889876518815,11.050312444076035,0.7736407917280524,-0.7960510380476582,0.6472461255747499,0.010467409580509273,0.06698276046655235,-0.8834405068256688
64673,14.025,-0.7708964483403988,-0.16390227125190157,0.46316289442832825,-0.4053823437686953,5.766873526352238,10.612444426469079,3.0569138299398513,2.2944775349398236,-1.4724439541965544,0.28671437582902787,0.0019132597775435914,0.05134740042638785,-0.8813557217913044
64674,14.033,-0.7667477796464843,-0.17022469416709768,0.4645585152434826,-0.4090315169001966,-4.015499448458429,14.861403128631842,2.4931801002478235,1.6098550350817604,-1.1915957912603543,0.4231022675977598,-0.005644101068131485,0.0411053230322776,-0.8838794629015992
64690,14.167,-0.7770130142699893,-0.11625354720287713,0.4776877590174746,-0.39312885076355975,14.781165891674434,8.934085038596212,-4.850577756722327,-0.8334558301458969,0.21135813148708046,0.15943203365185063,0.026301336979489047,0.15532434619644164,-0.8753787618778348
64692,14.183,-0.8031618830497017,-0.06812367599360367,0.4652937345237698,-0.36577574413580155,13.907554634425287,-15.267814176793792,20.65188550296109,-5.8744291706721095,4.701184450008793,-1.1893472687399778,0.08699170018184549,0.22821381308147903,-0.8523014662554337
64693,14.192,-0.8119719684409916,-0.04677809966105531,0.4594392192735396,-0.3569718975654552,-4.934091962116851,-32.90515904885146,56.16196862301304,-4.733715882327567,3.8784811359572573,-0.1824147632416627,0.11036406260421183,0.259149050414137,-0.8374017948163258
64696,14.217,-0.827645972880248,-0.021194785116942914,0.456324908184777,-0.32606824872886586,-24.96900077390169,-25.250257122490694,38.96550367556997,-2.7697926993767337,1.3838343340307206,-1.527825202324523,0.13346173382127124,0.3169066570467577,-0.8155385827685158
64700,14.250,-0.8190124648131593,-0.02283628474677551,0.4947912269564082,-0.2896182458109466,11.876259489529824,-4.433969172520485,6.2920770027347706,-1.6653754069408517,-2.2215972843151643,-1.6241042533769117,0.049649418426528355,0.37053851366917623,-0.7992912243952277
64701,14.258,-0.8184684323044319,-0.0270954901358131,0.49910841508154147,-0.28331263602285217,10.988131048981304,-8.26836001322796,-7.024859891731484,-0.22985124447376268,-1.1948453645482466,-1.6717438786905876,0.035709820726410615,0.3778368842018426,-0.7939461591223648
64702,14.267,-0.818978175972364,-0.029549511176108705,0.5010196911669035,-0.278174123047514,8.977659687855654,1.733996140925204,-7.322088817431446,-0.26740050732487447,-0.5236680316274662,-1.3283580382996767,0.03399544645439728,0.3802724069200814,-0.7927212680515673
64703,14.275,-0.8185642650630465,-0.028206099469151886,0.5044888409210133,-0.27321780560699815,8.263170542596866,4.126546606523522,-1.2436642604272696,-1.0972378850671276,-0.6528155876464025,-0.7532048640259528,0.023464155949138452,0.387071962020457,-0.7851663316485554
64704,14.283,-0.8178427854942534,-0.024054473420431433,0.508400844779084,-0.26848303773493803,11.744660976322002,-2.568597700886915,-0.28830160592264115,-1.6369105212636967,-0.6200343056333704,-0.3500150317727274,0.017336983075364028,0.3943703325531234,-0.7797869941896715
64706,14.300,-0.8170345054739871,-0.022707132775619362,0.5087786298546084,-0.2703392475931969,8.96655258889641,-16.48993184603243,-4.788502666879279,-0.02775057990186621,-0.02339908796355332,0.28858149186525744,0.030283875434366912,0.391204738563845,-0.7814544031600639
64709,14.325,-0.8200301963661467,-0.030415385891570376,0.5000265062974543,-0.27676501648280544,-8.756490210813988,-6.501946893038509,-19.19012523817953,0.9508533475099513,0.5471461627935206,0.013785006851933696,0.03742952941636517,0.37638376819294944,-0.7963870432183104
64710,14.333,-0.8212090004727731,-0.02799285533051419,0.4981629376598152,-0.2768860146975601,-17.654513810833933,14.329213455508754,-7.388676494132267,-0.35817299492273774,0.7201356690160193,0.2170680308300411,0.03469035082276318,0.38145210789111117,-0.7841674582974288
64712,14.350,-0.8239847213001441,-0.002766831525643157,0.49734342579362234,-0.27146093738712507,-4.853963420189956,12.07054539575708,11.658186077677083,-2.7835804752891824,1.0683545081957817,0.8791626113280937,0.06754874266749418,0.4133252505562714,-0.7611648629067173
64713,14.358,-0.8238939134243504,0.004796938885645144,0.4990260671284113,-0.2686052738238532,2.6608551291344478,11.166791728663911,8.570261493416464,-1.9552273547152075,0.19519488816438865,0.3549512451985242,0.06801311315791461,0.4296567202904108,-0.7557132784198333
64716,14.383,-0.8207632982663731,-0.0039009998642614203,0.5078390530296277,-0.2615948903112113,32.67563430543284,-13.905276858533,-7.349322416203707,0.10473499806657559,-0.8963305567352841,-0.7480639021975944,0.037764723103244136,0.42382434774414496,-0.7614893047464084
64718,14.400,-0.8105891430966382,-0.0473133994614747,0.5062498628448739,-0.290547345014205,36.52284885221841,-30.806016872520345,-24.298930306242482,6.093463086670499,-1.7777462788631786,0.5036479058072201,0.025197579640707016,0.3446177459469225,-0.7907335823858729
64721,14.425,-0.7878411661319256,-0.1285951456761417,0.48789800537473427,-0.3531644401801734,1.2046625005740152,-2.051521665748753,4.753804005704447,8.3417946395528,-1.3695922891880423,1.1917575428176623,0.0017756277482478416,0.17888392113138965,-0.8499821793533029
64724,14.450,-0.7797445763960685,-0.14247789658478294,0.4808943553723799,-0.3747520027120263,3.9936870553524138,17.251071132281567,44.308951957152075,2.0029515114958802,-0.023255433278513954,0.9549264996501444,0.017415340456728903,0.1342219249117722,-0.8533017032536765
64725,14.458,-0.777842117451199,-0.13937910953808455,0.4816152010423485,-0.3789220266339032,7.010233158907557,-11.422130632251326,16.756500431292647,-0.09996926714149534,0.12034344967358271,1.316685541440798,0.02352640219171541,0.1291032283924457,-0.8550084690076036
64731,14.508,-0.7531884821426093,-0.17195165719008826,0.49192220798772474,-0.40143776509662915,5.469468857160961,-0.4044169005561677,4.114000162627271,1.4363305840273393,-1.164492895351044,0.4972261546335472,-0.023290187101921708,0.07228118491459862,-0.8684261429601865
64736,14.550,-0.7366143254211477,-0.19490736954644777,0.50125170856436,-0.410069722781556,-2.2697550644056577,5.511647161752266,0.9780670201222813,0.9914662352506072,-1.0793731074370396,0.15417479839402895,-0.05011247134394353,0.03447495606084303,-0.8760495346401727
64737,14.558,-0.7346538414156758,-0.19579199871097458,0.5005472289799477,-0.4140068816993854,-6.185133499794228,18.42968596028627,-29.83945766138353,0.7820455717137876,0.06451078236619665,0.7188717933845024,-0.05105127766868707,0.02206491554203593,-0.8846582849695317
64743,14.608,-0.7277461404813196,-0.2244373412280696,0.47643240090759953,-0.4393467904087142,16.79090719976032,-2.8273207064619994,-6.206500721046136,1.8087630273348323,0.29229526070313794,0.08089470234893127,-0.04612304993053109,-0.051616690323848656,-0.8950000844385616
64745,14.625,-0.7331967398723621,-0.19215873714615261,0.4942773034502241,-0.42566125930475684,63.688922935338624,38.10578013443759,-10.143178259408847,-4.693292491379093,0.15039488938967485,0.8396769988097221,-0.043636110359338266,0.02289687154426921,-0.9053741562663837
64746,14.633,-0.7435182245916979,-0.16746387988726855,0.5034740698364142,-0.40700167031041723,20.27793966168136,17.04079254029334,-25.371262466686915,-7.981161246742371,1.3001629246087247,-0.9639480722282893,-0.040978514935526233,0.07755446516401229,-0.89899666714332
64747,14.642,-0.7569470342901856,-0.14057984556107292,0.5087022513210288,-0.3853446688384761,22.26301605422762,6.4505078171597185,-28.06135845523331,-8.468895662357747,2.4351720760075306,-1.699085732868599,-0.021714362146067253,0.14173928906206196,-0.8937213549342566
64749,14.658,-0.7909593933425573,-0.08376373405200285,0.4922491032869079,-0.35363497459113735,12.008922352983298,-10.722136940055794,28.122380318667336,-6.9201315488850605,5.680502158368611,-1.2640659277012227,0.056084439371460335,0.23930775498851561,-0.8748452484756708
64750,14.667,-0.8005356226108323,-0.05821879141421042,0.4893445024081246,-0.3410208897124939,-6.178569822558792,-23.591957178950363,57.65190857299841,-6.290350351908445,3.632871023912479,-0.236077009450539,0.07725818321255014,0.28464595239141494,-0.859641987043622
64753,14.692,-0.8180348491448514,-0.01961567633673721,0.4908845793808802,-0.29910957950635564,-25.803135102527246,-28.59094577532791,37.02572295810127,-4.241033299773759,1.4347804596448386,-1.6388680753869103,0.08151568232047897,0.38166524606441304,-0.8283955512004602
64754,14.700,-0.8161071336412037,-0.017856638098477644,0.5018939975210537,-0.28592429443489986,11.964245525093123,-12.465361608548783,25.324158096518286,-2.700013271522566,-2.281004356409336,-2.1588119478662873,0.0602272161599093,0.3930870244295531,-0.8174475920394185
64755,14.708,-0.8115194905664057,-0.019207314254494394,0.5132301172025541,-0.27867910274403984,30.090502107757423,-14.08555953858864,-7.119305398994387,-1.3666406220116563,-2.905213391263124,-1.2049651812948186,0.022884492475392162,0.40628217739602157,-0.81998957240972
64756,14.717,-0.8106890637174989,-0.020905929357118526,0.517527053061482,-0.2729687407672507,12.607198804615145,-17.504960606142454,-2.162625552102522,-0.6645310994549284,-1.0594153590561177,-1.2362933294785097,0.019679507643951242,0.41235166122535777,-0.8128942899993135
64757,14.725,-0.8093686898671274,-0.02634620571730415,0.5222981737817634,-0.2672691882191183,5.376343687269561,-9.058271245324002,-5.120890332012434,0.04242751426201207,-1.4879694206830407,-1.6737653514256143,-0.006679836717689411,0.4079653781547994,-0.8147399862936027
64758,14.733,-0.8088392072689906,-0.03197404712512807,0.5253961035577287,-0.26213685635802414,6.886171305952113,-1.533870081250985,-8.394177967603746,0.24351457606421623,-1.042997575464738,-1.6443940888442408,-0.02325425400382854,0.3979850049099096,-0.8209642155479826
64760,14.750,-0.8079969995097483,-0.03230842622452629,0.5314203441991849,-0.2523676527397241,7.56982767464964,6.005485585884753,-3.091537871696446,-0.7686361408866227,-0.6928558255920055,-0.9194682354398686,-0.03823680126634185,0.40496663011673345,-0.8004882064153785
64761,14.758,-0.8083433933915688,-0.02879776539142343,0.5331491194526625,-0.24799932156261043,9.191905695456832,-7.052787286274541,1.765137035914469,-1.3566201173688943,-0.07185946686636718,-0.3946607344821335,-0.03529689438567933,0.42695074446841913,-0.8028113120330604
64765,14.792,-0.8109123371960855,-0.03636124952227874,0.5248851767434344,-0.25611441222893877,-2.2903591434015698,-10.472682482589727,-11.372126781296604,0.7505536352060659,0.38229560768678045,0.0875697933795041,-0.0418613649445865,0.40378692914570374,-0.8090548682392747
64771,14.842,-0.8102067608578785,-0.017915492042352026,0.5270797342907526,-0.25579482697086553,-2.395565627242642,11.685332824393965,-0.6707105519619582,-0.6238942905902488,0.11546722930255228,0.385047722800285,-0.02734505232624827,0.4156056382119407,-0.7789045626342179
64772,14.850,-0.807725745533846,-0.020867928388945137,0.5316517223057063,-0.25394900223454797,38.20085631198376,-12.388579943970415,-8.11007572924727,0.04440686682822027,-1.30110534884083,-0.5331590126502264,-0.04511255661754564,0.41713019064155593,-0.7914266284154237
64773,14.858,-0.8051539943381211,-0.030419761289464834,0.5345017638673829,-0.2551657264350318,59.648336457962785,-39.85764361123531,-24.18263731412137,1.8476867269609636,-1.4632791993054357,-0.8194570355691703,-0.04878067141240005,0.398812827889168,-0.7900657115196691
64774,14.867,-0.8012181644946985,-0.048856842068500654,0.5329855396281931,-0.2675609770016614,44.834496152100975,-36.58708720619686,-23.968326888339533,5.270190616508021,-1.2154293547170396,0.2417215016496083,-0.05506216537392598,0.3622635918714857,-0.8051614828036663
64775,14.875,-0.7926036107597163,-0.0723875415807589,0.5320895947356312,-0.288825593063748,15.564576508060942,-21.265736695937495,-17.64258648697532,7.416935845457982,-2.186707123443739,1.5935683296390342,-0.0635042537196995,0.31452383332741224,-0.8286213685910029
64776,14.883,-0.7828852084501509,-0.09791003168316369,0.5302563918979049,-0.31037482974168756,-0.21262247707618437,-11.846386133176399,-9.559089107659831,7.904772287315975,-2.2422444882868007,1.4491983202964989,-0.07710103517737178,0.2640681104940507,-0.8457691052092062
64777,14.892,-0.7742377467301379,-0.12390981050569158,0.5245168178188739,-0.331789659609585,-2.1666021617317117,-2.968973982998622,8.551861397216172,8.25333096927047,-1.4527859622626809,1.188790131674966,-0.07878404995135889,0.20135162676013013,-0.8516926849354666
64778,14.900,-0.7690909588515524,-0.14192106274247832,0.5161126530984175,-0.3492638519437107,6.813468241428823,6.733492444375052,27.57494603852892,6.369181076058639,0.042453804417476135,1.0967004010483297,-0.07777025595129054,0.16208525536429547,-0.8601775502867534
64779,14.908,-0.7672143070702077,-0.15072640671117243,0.5083984618438224,-0.36082511184998656,17.31512268969442,15.3814034285751,36.312178842759586,3.7773090643155296,0.8489630028064092,0.9108372131887565,-0.07476503116100357,0.13384724489909688,-0.8773900259155496
64780,14.917,-0.7651365613523561,-0.15405942860091904,0.5044530695229329,-0.3692679726024741,7.2835449511668156,7.603879926462226,46.51022128274105,2.062295489639771,0.5301320720173359,1.1583291742043722,-0.074294797102579,0.12601492626821093,-0.8732750554461824
64783,14.942,-0.7585474300194646,-0.15810664387092546,0.49899481553934316,-0.3880879534842514,13.398805712790837,-11.838435827646437,22.8851530541619,1.259811251380587,0.18329774674357968,1.1032962587118709,-0.06308307726253286,0.09572075745290601,-0.868976564392745
64792,15.017,-0.7230561883660905,-0.20248427193126645,0.5197130112050544,-0.4075392669058296,-1.7725161273702117,7.4871101297180624,0.8196542747218717,1.097194884162522,-1.263603666228691,0.25000386632248073,-0.13949173883244922,0.03566871009824437,-0.8708205516363633
64793,15.025,-0.7223325511486253,-0.2037207975541504,0.5190276492981211,-0.40907679164074523,-13.522908225179197,12.37561143969247,-12.62179728740305,0.48851332914282874,0.12151559826339807,0.10449565424541109,-0.13731476616569263,0.0319843921659823,-0.8661899048729628
64796,15.050,-0.7175152174389491,-0.21620830763437474,0.5081202671195416,-0.4245464339689858,-7.604639373903294,7.409757697582466,-8.27728642802169,1.8062562323541198,0.27279487007521663,0.339681184474537,-0.12045215844256112,-0.015604915670978901,-0.8700063976096327
64797,15.058,-0.7138761235829941,-0.22642964882114616,0.5023156647933664,-0.43219147054985785,10.134317563891448,-18.326512452078973,-9.56672588623982,3.4685967863437397,-0.027680756136373854,0.10193435996490097,-0.12608509358647918,-0.03710895201220248,-0.8659837826309599
64801,15.092,-0.7152721977225152,-0.21949939377173733,0.5078034692384289,-0.42701444463678234,60.77987484019082,14.496624680691939,-9.950652238433026,-0.6088971588017725,-0.08608465929096921,0.022121780601364324,-0.12361523581858816,-0.016081480414847995,-0.8724640175114582
64808,15.150,-0.7984134941917401,-0.05702806750322778,0.493485879065926,-0.34022842175796214,8.081161955583015,-11.886895615789896,21.234141081392227,-5.951654242046105,3.557019921552216,-0.6253719338964181,0.05124339164212637,0.29011239387953797,-0.8287233745526146
64809,15.158,-0.8062382835165179,-0.05477246477537895,0.4891901910116445,-0.328135283553536,-45.28277507241518,-11.910693793825132,37.61503482597609,-1.6440065174611114,1.8691129216589468,-2.740226219634638,0.05534225244545435,0.2939623866741482,-0.8169679277911562
64811,15.175,-0.8037144330703341,-0.05466650450812999,0.5124301991330652,-0.2974390263158844,-0.15840369078946842,9.730473791064973,22.915743464748438,-2.718129998308724,-2.610357508983201,-2.694195719113029,0.008650951674178847,0.3373533369913207,-0.8032924519314621
64812,15.183,-0.8009540812672021,-0.05483893426210005,0.5217666316224924,-0.2884871454947827,29.749852582061926,-12.463225744456802,-9.373283572282185,-1.7084136933492349,-2.2396574908579785,-1.4048463430479377,-0.0011243929710696467,0.34564348294424707,-0.8010982563217741
64813,15.192,-0.8010389844496406,-0.0559053669694094,0.5262685982316431,-0.27973647930008366,15.045781597464842,-19.282608290063692,0.7870500156452879,-1.2062149313481823,-1.0548266523758631,-1.7584561568625188,-0.01920575286273212,0.35197467092280366,-0.7977291661949684
64816,15.217,-0.7988820979447455,-0.06545672451658091,0.5376385598738902,-0.26162490274378014,9.173299533462766,-3.140692055280922,-6.236850016380717,-0.3990542051562423,-1.1145287195566962,-1.4608516802181326,-0.06000923673630243,0.36439056688593224,-0.79052423519519
64817,15.225,-0.7983970207682223,-0.06292053240064809,0.5408220710636382,-0.2571277722870151,13.527999237411757,-2.2270345962979343,1.4065725429051654,-1.26820714700811,-0.5444413668243999,-0.4426183902509997,-0.05955106616214478,0.3699729461716207,-0.7836593653198841
64819,15.242,-0.799600098665609,-0.05993237205552941,0.5392015505461497,-0.25750627348158767,7.456572479781141,-11.589899205306617,-1.1636051810298464,-0.21487421896069744,0.32665594940204135,0.1737736804644962,-0.04733679412578164,0.37657286483258345,-0.7852831442038835
64821,15.258,-0.8006632679250876,-0.06594757719093519,0.5337835996232785,-0.26393998793547924,-9.308115096049564,-6.5327379204904865,-11.975356072698869,1.1526659799594499,0.47022053755867954,0.1465146730103519,-0.04067067921398142,0.3537047152361532,-0.8022096555712682
64824,15.283,-0.8017250102508504,-0.06910552678100333,0.5313564741321454,-0.264805082097093,-19.74083631821622,7.331756337750937,-21.57933809183976,0.2865614488246655,0.14610920923585122,-0.12188514797232056,-0.03413457064238942,0.3504700270038814,-0.789500918133532
64825,15.292,-0.8023661042948976,-0.06259408032173412,0.5323328467167393,-0.26251163039712844,-11.043298176119471,12.542099671363369,8.031700797713437,-1.6251713894338295,0.31952727654123,0.3695242541851034,-0.026782828268493177,0.36246322831089856,-0.7957589273017059
64826,15.300,-0.8020646140198223,-0.05506579646112649,0.5356835046883618,-0.258269812022484,1.939566045293098,14.797169878985821,4.804004775620356,-2.1921453493799614,-0.27469866802410786,0.21880722914899073,-0.027808981002053056,0.37827831627978276,-0.7844568597943417
64827,15.308,-0.8017907355524012,-0.05054974277288336,0.5380190995183914,-0.25517011666994693,12.006717376357056,14.848465605852667,9.65350398613639,-1.4124600655602335,-0.21585970861570178,0.03941550575051878,-0.026111020974203494,0.3924265987339895,-0.7819400855820297
64828,15.317,-0.7991332230905973,-0.047819876962044386,0.5437982760897594,-0.2517593812392594,32.78766498853878,-0.21962306998839207,-1.9469001354870976,-1.2825737762833176,-1.3323503913055905,-0.06539772003099105,-0.03222968754859579,0.40266399177264256,-0.7784997789288465
64830,15.333,-0.7928657806079386,-0.06028367256188002,0.5498796054530636,-0.25566022817442624,59.09074966083905,-36.000125206537795,-15.637346621324797,1.3018869080744018,-1.3335813012713338,-0.21644471814078864,-0.0568325806492939,0.3812395894741911,-0.7911619141668268
64831,15.342,-0.7868448687280992,-0.08003598086601883,0.5478818893923696,-0.272570779062838,26.59695562899324,-29.22068404847625,-16.954846436272955,6.200068400586916,-1.3417298952753838,0.927893707804033,-0.06408419661578363,0.3444532421734386,-0.8077279533543101
64832,15.350,-0.7769151637139575,-0.10412654906576414,0.5473154192385319,-0.2932683447539467,6.520964598956808,-16.77307364766596,-11.959170954072599,7.511180559239985,-2.3736125238653747,1.3518462917892298,-0.0727820603191694,0.28986474279668906,-0.8285362101819735
64833,15.358,-0.7671992697221808,-0.1300137570536039,0.5435449494265193,-0.31473892588537905,1.9912561337319516,-6.880009113525022,1.1481080902253171,8.157435810035457,-1.8149720808420435,1.1548420669952248,-0.07831451457651255,0.22672205114006408,-0.8474184479130689
64834,15.367,-0.7596167149649545,-0.15239813228193758,0.5373187437627445,-0.3332353871125546,2.4468495829143255,4.450022998958842,17.9555066691951,7.251366976719521,-0.9551843315364619,0.8306261020423107,-0.0924190816507472,0.18723145043866646,-0.8601211896431739
64835,15.375,-0.7568721449872139,-0.16694404588142733,0.5281600336393346,-0.34687349358705805,19.018432814454798,19.28364679434768,28.368394148585104,5.241821834922431,0.6903902311435396,0.4534196051080118,-0.08161818262653928,0.14066436633243698,-0.8734810564319346
64838,15.400,-0.7530484430231934,-0.16816094363443884,0.5242615972521303,-0.36026339967163495,8.020579251775999,8.903628654440759,35.06943287424032,0.8074161759539891,0.2208380873666382,0.8023844953139824,-0.08016681352285863,0.1186767387141585,-0.8704062663082972
64839,15.408,-0.7516142611135687,-0.16648859218772794,0.5236056664021109,-0.3649584322544889,17.111476995551197,-15.63210031909239,13.61030940909045,0.4009542448319397,0.3403310461617003,1.1349879937059248,-0.07376156964855901,0.12752893889804756,-0.8835195765874453
64840,15.417,-0.7496393984892424,-0.16806088225808488,0.5241808328178484,-0.3674653270632591,15.062098666271662,-9.0216238776383,5.351972857812743,0.6342888932557266,-0.3899191498969901,0.4432486563972058,-0.07889695919071192,0.12361336512703672,-0.8816077212142042
64842,15.433,-0.7441730310592064,-0.17722688797123,0.5263430997869719,-0.37116043880083516,2.2026716671666215,2.7032196186501447,3.2685011816788614,1.0742036837202733,-0.8542965306948442,0.029615159899570503,-0.0874338754876055,0.10335812399983638,-0.8834513541278609
64843,15.442,-0.7409924478899793,-0.18056342256641306,0.5288573069674625,-0.37233988702292153,-9.198524967978903,8.003946091182282,-0.7828559796722179,0.6562662035864019,-1.0676976109941685,0.16779201595718285,-0.09600878515725257,0.10723153857173257,-0.8766343090108123
64844,15.450,-0.7374362893918512,-0.18335517944721882,0.5315454386266546,-0.37420321208275764,-10.089963092992315,7.454631230364856,-3.1241518808316435,0.653811615887065,-1.098778942023431,0.40727250553687555,-0.10723573250685534,0.09771367700434032,-0.8774616537057729
64845,15.458,-0.7338675490260855,-0.1868293291955389,0.5336891685060527,-0.3764426830981169,-5.683563995022659,4.096959302339797,-1.8732596304786078,0.8662710749327679,-1.017421853987742,0.35591851019522125,-0.10624498934444998,0.08503373471426266,-0.8806920267898843
64846,15.467,-0.7307163730852314,-0.1919871973160754,0.5343745056554047,-0.37899655127378795,-1.959806378263602,0.10649783913109578,0.2838943340957006,1.3205268651856759,-0.8779257465424588,0.09656860980654236,-0.11012858759719509,0.07919901999026818,-0.8858641135544262
64847,15.475,-0.7276886351249279,-0.1986415883675363,0.5339167799672229,-0.382025708232148,-2.546692477059822,0.29118364713111655,3.3039487732401738,1.735963462274378,-0.7453895436515269,-0.08542497990691099,-0.12327424606454901,0.06385932567638873,-0.8945404671055925
64854,15.533,-0.7097597975777695,-0.23044236696727952,0.5139443997973003,-0.42308214233866437,-1.855407278664571,4.277921561591206,-8.839800683824675,1.9372686583672438,0.03316707269537233,0.526225362748239,-0.12255590797368357,-0.030639575547658907,-0.8913284291111382
64855,15.542,-0.7041443025052911,-0.23879365155977944,0.5160674336865597,-0.42524439692046784,30.651483972291963,-13.506134680123306,-18.934882124168116,1.7721784869838688,-1.6512920700559635,-0.017589739770652247,-0.13382879502108347,-0.04557882589384853,-0.8816837124276364
64856,15.550,-0.7035277461050546,-0.2414045652204165,0.51330014039773,-0.4281302514641477,76.12021617069401,-6.154364240342597,-12.58985163289408,1.1218499985704842,0.2879288385478527,0.05590560397837336,-0.13186162205248725,-0.05239946059378149,-0.8848816956261957
64857,15.558,-0.7059569692480263,-0.23389005039202918,0.5138765978367369,-0.42761085591165304,78.73268882905644,22.110632509829642,-13.526265827226446,-1.5295259134767014,0.9817046463596277,0.6069467149962071,-0.12524227395654364,-0.04138281055178848,-0.8911476021221922
64858,15.567,-0.7129555521790346,-0.21612187553828632,0.5151147909206696,-0.42384250342038204,47.22227855804359,31.92504847520992,-4.445970387941653,-3.986251660388225,2.26725583479824,0.9043971988794292,-0.10690993641916068,-0.01645616042752331,-0.8960746715806649
64859,15.575,-0.7204596470075808,-0.19541696945123124,0.5215822980832429,-0.4131609993820959,23.028135956735422,24.051646113416297,-17.89606978008755,-5.907853443925463,1.413476640753217,0.3137991715194448,-0.09815641187848494,0.039658062467705875,-0.8879544325769535
64860,15.583,-0.7313969424330499,-0.16972526661637355,0.5263696918009413,-0.39898219762912884,17.350001333999696,10.438223786553365,-26.534321611298214,-7.201354187756297,2.4213867937329385,-0.08205872331300647,-0.0783512264378094,0.09071682764228052,-0.8947028544346456
64861,15.592,-0.7487764365725809,-0.1408640186566669,0.5202564138899832,-0.38577770812722867,13.086617596439648,2.4161070428566025,-1.0688061207584607,-6.858979551939017,5.5345828423034575,-0.5836841590050265,-0.038333889593336716,0.13781317549127248,-0.8896626176302772
64862,15.600,-0.7652188339694148,-0.11536090003159499,0.5102552199108759,-0.375195428325151,-1.6670792257730223,-21.17920359387946,47.85551353125417,-5.532684455907889,5.849584244984763,-0.5881528261471068,-0.00928346645378423,0.1834657760422856,-0.8890720409609888
64863,15.608,-0.7770416059470376,-0.0951257591635142,0.50254371192204,-0.36688860731621525,-5.455914458342406,-43.92631757266421,56.161716375979545,-4.367115794218354,4.494001185538685,-0.327183972907499,0.030707516818495994,0.21051354573667577,-0.8780244458418199
64864,15.617,-0.7866408085542258,-0.0789754962783464,0.497933158625432,-0.35640100848067674,-11.573493302072347,-33.618612181111125,51.3239500073586,-4.089318328673197,3.193358307760378,-0.962356480160161,0.05140294156687773,0.24072573833147992,-0.8650931524362945
64865,15.625,-0.7951881841863954,-0.06837035970162866,0.4927644913008981,-0.34667622035204626,-20.4239023370751,-25.620399235961294,37.68144027667247,-2.889380363134154,2.74592326367063,-1.3997515835475154,0.07116058988497356,0.2604821640263895,-0.8610053762064677
64866,15.633,-0.8023671477995516,-0.06137826065472455,0.4924144064403767,-0.33161381391761213,-34.0035664635642,-9.914281062339475,37.41065900784914,-3.2110537628035107,1.235241511668495,-2.6492057488900054,0.07555225872874716,0.29270601359445675,-0.8603432449249712
64867,15.642,-0.8032720902430049,-0.05780906667087156,0.5022216814553826,-0.31493720568298167,-15.294891211591555,4.90197326652679,26.907282822901468,-3.4633813324677387,-1.7300235575725549,-2.6958743340010787,0.0452442910353543,0.3187912850901944,-0.8525384093956491
64868,15.650,-0.7995021586461386,-0.0580926681353294,0.5159210230403114,-0.30207124691721665,7.310460517652958,2.6818047964170355,2.9783235793127876,-2.483204945282358,-3.307855802180357,-2.019379342777551,0.014449390064906947,0.33193842341322677,-0.8450419184576378
64869,15.658,-0.7968978671355459,-0.058734545910810725,0.5253470455804178,-0.2924286650986796,18.2725793583891,-7.700371659044801,-2.084175625437089,-1.724600367378644,-2.296027369234952,-1.5907312640259343,-0.0029284615488017096,0.33774971635993534,-0.8350802998567146
64870,15.667,-0.7950862547114228,-0.06089363643178757,0.5322417271910694,-0.2843388057366471,20.168598304546947,-10.30098342248469,-4.742791970655899,-1.0672880547072285,-1.822858239398012,-1.5881994163794448,-0.01829769510263288,0.35216672949654826,-0.8377641697829595
64871,15.675,-0.7945532202668829,-0.06366384072859092,0.5363328676514515,-0.27745116799895075,14.614172420405566,-3.446291183941277,-6.785684453591825,-0.6299311163610078,-1.1208234931383492,-1.5639725347543176,-0.029292608759713352,0.3580166683757786,-0.8358311754454015
64872,15.683,-0.7942547944097094,-0.06458972611864648,0.5395789033024706,-0.27173902176171116,10.138887279010733,3.840062410558298,-6.526763699283443,-0.77015972921158,-0.8143683944605198,-1.138161282518293,-0.04198668700999558,0.35606473693459467,-0.8361403718355583
64873,15.692,-0.7941965047546434,-0.06123351481599641,0.5429469449895339,-0.26591536891522294,14.4008869637735,4.586669598842644,-1.3558192046977424,-1.616512425080911,-0.4974230757920154,-0.6094186662963865,-0.05934965773716478,0.36726345708303604,-0.8295708860670152
64874,15.700,-0.7952878015783446,-0.05478459132016154,0.5448773940856344,-0.2600472776804538,16.12579364348226,-0.8073498882371977,1.1938775392331349,-2.1293836991049067,0.09550574031071624,-0.3170003745752023,-0.04254725441302434,0.3813766068713138,-0.8196636454810992
64875,15.708,-0.7968214509604874,-0.05063718730182697,0.5439554962772624,-0.25811599838278204,11.855495201043615,-12.044843127734158,-1.6187410165468061,-1.0079115152034663,0.6373106883562484,0.06927989246107918,-0.04791420259020112,0.3904143904282441,-0.8206204196063687
64876,15.717,-0.7974173519195739,-0.05212302000621498,0.5409789916345236,-0.2622031431030157,2.8401734313723757,-13.6767062589894,-8.479626928517867,1.0022488211088172,0.6044990713126854,0.5008305951393769,-0.04403783928555567,0.383789878901131,-0.8137991095294691
64877,15.725,-0.7975931986420863,-0.055318619740108495,0.5390432120007341,-0.26498557580718657,-4.0185020255272645,-13.213922907927401,-22.80180607785853,1.091327969607018,0.2557200420827878,0.07621821061127679,-0.03861199160371776,0.3750606430479931,-0.8262686150174494
64878,15.733,-0.8004912626971774,-0.05727608732589473,0.5338812416254902,-0.2662780651997834,-8.889318625319351,-6.820902419737933,-24.3910274030447,0.8357129804698993,1.2518648487832036,-0.2747825035289846,-0.033014910264177154,0.36991384039592334,-0.8221182715724522
64879,15.742,-0.803337253482562,-0.057773327404035284,0.5294163913058988,-0.2665141355057923,-17.349421274212457,1.132061290408372,-16.214547038884607,0.36875798320606185,1.2238184636414555,-0.27188483380823314,-0.037835594119781164,0.3716907282638448,-0.8362913512377091
64880,15.750,-0.8056387650394482,-0.05328628489470712,0.5266288012554635,-0.2660241676917086,-14.5043023360626,12.37776942660234,-7.387044976792673,-0.7745653737055316,1.108910697440951,0.28144183268868994,-0.01516713797217829,0.3711626356099467,-0.8278934839706639
64881,15.758,-0.8085216896886622,-0.038620118093191824,0.5247608681972289,-0.2634904077767327,-7.607800285570517,8.082675739035732,20.423991057774177,-3.0706382967111994,1.6667753914003958,1.1594355386976134,-0.0020206551055367713,0.3982221161929798,-0.8194050541620046
64882,15.767,-0.8118272098873625,-0.02166458974931801,0.5231025350745393,-0.2585168556131005,4.545800674357611,19.222383324754993,9.754775504994646,-3.833182748462936,1.7663399258300327,0.9479020765444179,0.0023303673593468876,0.42796008622164355,-0.8094774859064274
64883,15.775,-0.8135796052997366,-0.01342651166886982,0.5227407994653218,-0.25426366472441064,10.388547151850053,9.636346818113786,14.632740089010781,-2.126790226356226,0.8090563568382912,0.10241957496145261,0.016937673325440793,0.4418314403713939,-0.8000693263846381
64884,15.783,-0.8142614764603283,-0.009056658250586339,0.5237877358566747,-0.2500852507848401,29.507660610640354,3.9146757421212484,7.390174021685046,-1.439760925972305,0.13030275562855526,-0.30663242893178094,0.011064395828637183,0.44352518092995025,-0.7969130719086014
64885,15.792,-0.8114964686120599,-0.00883789164902792,0.5310911646962752,-0.24359299637491666,33.96912816698761,-11.619725427703571,-14.962898780971841,-1.2976414770416485,-1.7524593011115153,-1.040722465847,-0.00875067786643923,0.45520046582226065,-0.7879105993719355
64886,15.800,-0.810996933686923,-0.016816647055893325,0.5319568022826744,-0.24294677284828847,45.99484796229637,-45.22647979793137,-32.23996824329838,1.4222724955238688,-0.7080318641713287,-1.1211210559353546,-0.008480578877853966,0.4430216811422023,-0.7938273334564636
64887,15.808,-0.8072157491063388,-0.03687644099589748,0.5310873087819081,-0.25492966274044854,26.80118897454233,-35.50149615140883,-24.51543102092753,5.497943527182742,-1.4005165109575974,-0.029139068662012244,-0.023027385195732157,0.40431385071073755,-0.8170265290509776
64888,15.817,-0.7989780103047723,-0.06391496329576807,0.530431304106137,-0.2760283466251084,7.921093379766456,-18.288821570887833,-22.42225816208063,8.052241347194398,-2.388221728355406,1.109288758057022,-0.03732853015492132,0.3441230635376065,-0.8405718439352163
64890,15.833,-0.7783515688014327,-0.12728504278086233,0.5224425788759983,-0.3240695990154258,-3.419101573392816,-7.096763632220709,-5.897190736793227,9.573847681089656,-2.256275298110081,1.1560185784179509,-0.06352979600071922,0.20758389194160343,-0.8784519070168468
64891,15.842,-0.771680392358281,-0.1497223559232903,0.5126883160724743,-0.34531620111040245,9.915773741399095,20.20276425397024,43.493396693611245,7.823307752290539,-0.0649870749704683,1.326269401099984,-0.05397518431446262,0.15586180756125417,-0.8859824702536347
64892,15.850,-0.77052345993903,-0.15375338657596097,0.5070993348518785,-0.3542650962101567,13.701758772300266,43.715904871443314,58.21604604023342,2.362233652556008,0.8826814051489505,1.0354270296528207,-0.05882675231042972,0.14930404809940598,-0.893115438011067
64893,15.858,-0.7675375878944828,-0.15011769829652463,0.5107647117222323,-0.3570296025353894,6.679483835514138,35.07168235619912,50.1932859686347,-0.5314125534850708,-0.5910149604103774,1.3357131133227453,-0.060567778122632115,0.14585098600589272,-0.8858152661249119
64894,15.867,-0.7651646579427466,-0.1408111749213137,0.5163251804141877,-0.35791558686776404,-4.665671479856251,-4.947914911176068,21.916027490766478,-1.9841087597083154,-0.4801479759370714,1.7123371620365202,-0.05936245568108436,0.16365665134848262,-0.8823065258918638
64895,15.875,-0.7639379243815868,-0.1349177583227886,0.5184466347649779,-0.3597348093826572,7.8988085791249505,-30.18883912930065,6.357410342617906,-0.9906350126779363,0.060279482149656276,1.23705467523888,-0.0488817330519991,0.1677882568030064,-0.8783343968490688
64896,15.883,-0.7633063087451831,-0.1359824949559482,0.5171590424409621,-0.362517261543373,22.824331610658195,-42.876739793464104,8.793503822692026,0.6798806836864006,0.15493685316178574,0.3803510241440919,-0.04226114956642783,0.17099366781367079,-0.8848819132952377
64897,15.892,-0.7598101704116723,-0.14567866782038352,0.5160008896932633,-0.3677081893524059,22.255711727150988,-16.838296923960367,-5.883048079287707,2.637173552093958,-0.867373190329406,-0.007616383053503317,-0.061073216257041124,0.1470529376653441,-0.8819053852748585
64899,15.908,-0.7472374950692029,-0.1690147584131114,0.5139848107026829,-0.3858623482126601,6.091852810447589,6.28524407991935,1.2667386696699205,3.569485969308502,-1.3063836639477169,0.7141086960754394,-0.06884588317094037,0.08996684786054798,-0.8910025664341258
64900,15.917,-0.7413835406874633,-0.17723664611906,0.5142582415535308,-0.39303444869942056,-7.859740242459069,13.138279625148979,-3.6343852908108634,2.5751512585199086,-1.1927295666617264,0.7980837720814326,-0.08865489294022182,0.0679569695538479,-0.8833823799412133
64902,15.933,-0.7299917238959311,-0.19170937274695896,0.5158367330581501,-0.4053049028476075,-6.81315445898537,7.777919354536888,3.0592573982263414,2.2213036362770255,-1.2640715413030836,0.7593446141698561,-0.09495038174044863,0.034810438808514185,-0.8952879950664873
64903,15.942,-0.7245381144337438,-0.1994393088849329,0.5167738296334689,-0.41013813747352756,2.15574168753934,1.337094757504665,6.969318305949975,2.115394474334429,-1.3238807984029786,0.4396639454733026,-0.11475106501862177,0.024284406576761827,-0.8895658516634218
64904,15.950,-0.7197463506401529,-0.20633315845419722,0.5175115897507301,-0.4142144045493463,3.154880117942702,2.537889868240374,-6.255573814448871,1.8677867553459495,-1.2069461683629192,0.35195603681038384,-0.11937341672433913,0.014292322443229083,-0.8932962469618942
64905,15.958,-0.7177172333209273,-0.20801429382198586,0.5160979582153886,-0.4186345949462381,-0.9329551697677362,6.651194033451377,-11.875936229133025,1.0859896621971623,0.07464785766291743,0.6649019348388855,-0.11279759405810906,0.006950621622583769,-0.8896404301262193
64906,15.967,-0.7164123949660086,-0.207405128015892,0.514397863813244,-0.4232389761306845,-0.08630091049198722,11.878099283306543,-20.907564258265936,0.7104756986893737,0.42409239273600724,0.9032275334957351,-0.11203834274479726,0.0040502450491188315,-0.8957546567175866
64907,15.975,-0.716512263832829,-0.20935239142512335,0.5066045538049638,-0.43143200860136677,1.3055926172512562,8.261523565266724,3.3369754914710157,2.1395325883195424,1.5952067462279762,0.7374918403954672,-0.10495690727326361,-0.01279409318368287,-0.8960485373702225
64908,15.983,-0.7150438475688977,-0.21726389731966794,0.5012773226021938,-0.4361533455335544,2.261649331882314,9.4651941466153,10.615294973925394,2.563897393867628,0.15168604148329953,-0.28406954108267224,-0.09374104216849069,-0.036491856604617824,-0.8926949690901232
64909,15.992,-0.7137350094178494,-0.22678546332695518,0.49462361681944234,-0.4410194640141567,8.010214971451688,-5.268109661985964,-9.898577319356162,2.9853571207992595,0.2668114591248068,-0.5502631369878515,-0.08717976645914874,-0.06508994268363781,-0.885723139465796
64910,16.000,-0.7112398869188603,-0.23646708981717382,0.4871098574538885,-0.4482690324574021,15.763680946912043,-13.410252137007491,-17.214390840442107,3.455103037549168,0.357833853582626,-0.0756597886920315,-0.0876516750030447,-0.0794765075097791,-0.8894564070621693
64911,16.008,-0.7110395012209264,-0.24127756490961533,0.47627806864119465,-0.4575665696990943,23.218697011911825,-10.829253826539242,-14.882094690278624,3.0901423085634034,1.8674301273869658,0.3903789958400859,-0.07887697688657548,-0.11342805921346727,-0.8861627340992259
64912,16.017,-0.7143805219156423,-0.23479492120509235,0.4729010452421743,-0.45923459831842883,31.661829162945914,9.870280864181794,-9.715443689079107,-0.7310514114745379,1.7663436192123403,0.4515197500229018,-0.06494442163291783,-0.0914369183285959,-0.8899024572579535
64913,16.025,-0.715997119408319,-0.219992516115013,0.4859500289889258,-0.4503376368659825,58.32867057011561,41.91701758840753,0.784243152024931,-5.070245440144768,-0.8870911564105948,0.7204202306702083,-0.07274254609657711,-0.05846191788993183,-0.8931965305080277
64914,16.033,-0.7188859933823615,-0.20231992827054396,0.5002058467212921,-0.4382507114074008,42.53002904573336,37.19462795934931,-25.958014283211376,-6.133467619930724,-0.8413696972920665,0.4491202788875,-0.07713823207076086,-0.0015778067022770952,-0.8929429475328402
64915,16.042,-0.7299059951918457,-0.17505192325006028,0.5095806706440023,-0.4206204969511893,21.122512556912145,12.198141857665709,-27.4826290065538,-8.341100220995996,1.7532525890707664,-0.45053551027193967,-0.06690258272052267,0.04698688131084393,-0.8887587533734207
64916,16.050,-0.7440915783358995,-0.14649375425302338,0.5156758928544768,-0.3986799174064113,13.259203663204422,5.629301214064874,-20.868598715280893,-8.901108220379054,2.619217245644857,-1.507168870100087,-0.04300514224574282,0.11043343631580406,-0.8822459279511633
64917,16.058,-0.762617933548031,-0.11770680030609712,0.509768451541362,-0.3803881207474199,7.932343479200535,-6.475435724656147,25.281795757638896,-7.4980246869402345,5.4934012068766656,-1.6768775755470442,-0.0012684049540706958,0.17072493713126452,-0.8795763105869919
64918,16.067,-0.777809396413296,-0.0953389555616674,0.5011616433379763,-0.3670967633341018,-4.096028056474275,-36.94060916862801,62.778191219931564,-5.365001596422773,5.092395196285122,-1.3337029380886531,0.02648105366828489,0.2138483278548951,-0.8606926396897561
64920,16.083,-0.7957332003694139,-0.069264017999506,0.49638883513015597,-0.34001366737021166,-6.254496410076839,-40.48430988892551,48.59433634281509,-4.061572541580502,2.37009182130611,-1.7999189121054304,0.06060777676229683,0.27214105367459984,-0.8485443089094139
64921,16.092,-0.8040238256402951,-0.06002258028250891,0.49236047774839403,-0.3279087336597601,-4.010426211312109,-22.63921312974037,37.068830673303474,-3.0209723653463767,2.3281188335008225,-1.953778777575004,0.07644642753125153,0.2887096346918095,-0.8415592671760677
64922,16.100,-0.8067843137467712,-0.05231670744434498,0.49684531120961134,-0.31544693681086616,-8.534983462354253,-0.9816958840762898,35.16010857154085,-3.3544522710321587,-0.12269945179764778,-1.6379965812978414,0.06543606787591391,0.3160273061574702,-0.8361053214705904
64923,16.108,-0.8042608435518435,-0.04560785354867384,0.5096559672212767,-0.302217164138149,-2.465730382652558,9.34048686990547,19.90253599703807,-3.819402115682684,-2.42382976582165,-1.3823503109086914,0.04656300834867673,0.3403602826514366,-0.8192253339282883
64924,16.117,-0.8004656928958157,-0.041443739242234115,0.5220573696007754,-0.29153592200612694,6.290096171472032,-0.28232341214799367,-4.646141212504095,-2.968230532630083,-2.680928072469039,-1.1219992357450794,0.0257861853761581,0.3610850619893202,-0.8136017120833178
64925,16.125,-0.8004130972202327,-0.03923233148104688,0.5277544011078388,-0.28155814688298836,6.494027356787871,-8.61483788662306,-5.756751651278026,-2.0781186291648877,-1.0314468241468133,-1.5637717083869571,0.016224862754485526,0.375445862860447,-0.8045413754489453
64926,16.133,-0.8010772004560127,-0.040061757986142,0.5321908725685007,-0.2710041505427452,7.270843083665258,-5.903339403092379,-5.320980043163386,-1.4877529731522208,-0.9363349113551797,-2.1310837228178645,0.006466530708001285,0.3896140538253468,-0.8062252414506583
64927,16.142,-0.8016116848121179,-0.04201049254942289,0.5357522283110574,-0.26196063663873115,9.773472690323949,-2.0818594603187304,-7.716450362883073,-1.0243410752323012,-0.8178207082653984,-1.9789338236477862,-0.001854581194880735,0.3925214569319975,-0.8016090288421365
64928,16.150,-0.8012540391123517,-0.04202359105384362,0.5392838143264977,-0.2557321845340253,10.83806681173879,-2.113749775025782,-2.360464458645556,-1.0166475766144025,-0.797056347283775,-1.1400506781216089,-0.011620302310842191,0.4015545561334706,-0.8016085392036175
64929,16.158,-0.7994266730078251,-0.04114454804891292,0.5443124292509148,-0.2508945994087134,10.161867875904417,-5.647061865896628,-3.8476614742042905,-1.0878074608240877,-1.1788769042870646,-0.6422595403191322,-0.016281410140049548,0.40104168763480835,-0.7965043856600271
64930,16.167,-0.7976971394865351,-0.04410582401704493,0.5462796916859637,-0.2516196502546363,7.186953603226477,-9.04157423881877,-10.37330586494573,0.5660713527791934,-0.7776979795527108,-0.12935902183717218,-0.026280569871676297,0.4105747733574364,-0.7989439795431925
64931,16.175,-0.7954778390376199,-0.048847015864361194,0.5478017887351294,-0.2544448405839231,4.973324791468009,-12.72068649473592,-17.70000065960698,1.210068005132842,-0.8136662373815474,0.06809353489302511,-0.03216936257127463,0.38612820124363323,-0.7922509983633135
64932,16.183,-0.7964143172919198,-0.051800670844063076,0.5449667834101101,-0.25700609076866043,1.8583883378074926,-10.142241012886602,-21.678087292067097,1.0679396175755747,0.5114813950553327,-0.003341825042077023,-0.02428637547158488,0.39206480069882144,-0.8083015611440079
64933,16.192,-0.7990516623329275,-0.05331394685880739,0.5392466219870511,-0.26055161613176836,-3.697791028818896,-1.5484070561939391,-14.757401127672873,1.0737689851351588,1.4189182982842592,0.23216508361740418,-0.011116528387146054,0.37764544538447997,-0.8051390593358688
64934,16.200,-0.801885687789101,-0.046526003245600654,0.5348494154473264,-0.26220369474254945,-8.757593592129552,3.2167636951983423,6.611101436813274,-0.839882581473766,1.6577167649299407,0.9511598769128761,-0.005491919734336327,0.3876656356507557,-0.8072636312246946
64935,16.208,-0.8046027660709165,-0.028399264001646635,0.5349336408360906,-0.25623011247126926,-6.146952279352834,16.700750056810556,8.267592762270576,-4.286676955335041,1.440545414483097,1.0173078235409065,0.017885910677831785,0.4132356964701025,-0.7936104008282259
64936,16.217,-0.8075380236579336,-0.014792776429696399,0.5340544504175394,-0.249898695677589,0.8892981143174199,16.16318842104201,-1.2724935372985908,-3.399763747192386,1.3393635831427657,0.33980714736099565,0.031010051665147087,0.43319058751556055,-0.7800290874606134
64937,16.225,-0.8077498334370241,-0.01262198526649985,0.5364196454681474,-0.24420248980348172,7.203762942284461,13.983577832496668,5.763457291502402,-1.2972025545053438,-0.2978089671787701,-0.8208285479253923,0.015148211349289616,0.4498001566430206,-0.7817280178316972
64939,16.242,-0.8044731526536105,-0.016295520780572254,0.5460786991104127,-0.2331425680563934,31.003765286199176,-14.377147742268923,-24.172762011376864,-0.6340940948879878,-1.2799048720097501,-1.195442393919937,-0.0005205593113128995,0.4502404176320965,-0.7717846658971896
64941,16.258,-0.7951258201889313,-0.05828693267957769,0.5446811397875996,-0.26019227411160284,31.10085908981022,-36.24657669280051,-28.784366621454502,5.887155862473565,-1.5754096047622155,0.09902095349552834,-0.02324503874610967,0.3672330087725643,-0.8230648550619052
64942,16.267,-0.7824820304316188,-0.09061489056489351,0.5448534246307838,-0.287481406925093,6.110355460761878,-8.156001851751276,-21.73033193267931,9.912068299143215,-3.275643419968723,1.7376872299158541,-0.038782806414929094,0.3006770720438121,-0.8429839409861064
64943,16.275,-0.7693157747199115,-0.12452350487306316,0.5386757194471314,-0.3201181106706496,9.209449024736148,-0.8806771738655077,3.162576407639029,11.368634446232225,-2.1831216585790183,2.4242542518318815,-0.05575098296295698,0.22707861348729255,-0.8707557491428664
64944,16.283,-0.7604862433322342,-0.1464692801147822,0.5288116853066052,-0.3472256113368819,12.28977228437751,14.7075787798325,42.32901716610437,8.59162896062374,-0.14338434120823604,2.498243576086141,-0.047137319588427234,0.1629441464104076,-0.8864067917748003
64945,16.292,-0.7557769839422416,-0.1552636113962759,0.5221381825775046,-0.3634089704644281,20.066889259449606,36.73147569115096,42.47381098870082,4.394826074369588,0.4633182491843061,1.9676914235944092,-0.037089646632162916,0.13832721507879903,-0.8950259007223581
64946,16.300,-0.7532590141435355,-0.15871979098550273,0.5176257011492629,-0.37346019743844455,18.57861214777735,26.218325926908847,59.3067662264044,2.3823529945668622,0.6176072197965521,1.4135603794495053,-0.03268402132995046,0.1180754872181916,-0.8975451767292366
64947,16.308,-0.7504311033507842,-0.15769205716799667,0.5172133976329917,-0.3801008754775337,-1.520712622214037,0.9503608614999359,43.23328952653421,0.795847195672452,0.07324089254286617,1.5557201826825284,-0.03342152398115729,0.10537446532855663,-0.8963886084461269
64949,16.325,-0.7449125034023724,-0.16067030037722999,0.518605557484037,-0.387735338340694,3.088009105477278,-22.974662673467012,17.01761878836983,0.7907121473033575,-0.44288722080215664,0.7701721931761814,-0.039747601672522566,0.100759268596978,-0.9013214144137149
64950,16.333,-0.7394556860061078,-0.1696763369009636,0.5212023831711226,-0.39084946578682894,11.55672826292433,-8.7292170329199,-8.13887110447419,1.9703846611241485,-1.8354156231723888,0.02793088273327274,-0.061022691898508855,0.08729304277037464,-0.8934225307727216
64951,16.342,-0.7334921565651277,-0.17968809934287414,0.5230405108707927,-0.3951329740732906,1.4027856548160018,5.171639341596863,-4.282832734064521,2.3888107397796445,-1.838840038652632,0.13400004955110822,-0.0692629347273169,0.06440966901870851,-0.9072406124223271
64952,16.350,-0.7272564627123783,-0.18748152689680486,0.5266176125919533,-0.39827453423922693,-5.640500563660328,7.321839671859235,-2.9079731384148717,1.7008719187925205,-1.987801502832446,0.30526964181411737,-0.08391959886685293,0.05487892547380901,-0.9053974610605027
64953,16.358,-0.7215803848761069,-0.1936801230488238,0.5304272026050122,-0.4005705191779134,-5.457916995274783,10.804007741867467,-3.2947336686536737,1.2699368756769687,-1.8725098435870773,0.3282685019114928,-0.10247073045280733,0.047070028620208974,-0.9062487383866872
64954,16.367,-0.7167247448749228,-0.19998067390035484,0.5338436156106992,-0.40165204371698754,5.880382026539078,6.497523657728417,-1.357645531416644,1.1295191765209116,-1.7386605547294447,-0.002098835854073727,-0.11932787260474438,0.038512323073740695,-0.903678135365479
64955,16.375,-0.7127713438636819,-0.20610902400464523,0.5355454842850291,-0.40332011585405414,10.10424299504216,2.327733306441928,-5.913659033131604,1.2985377669215579,-1.312706232689599,-0.041310128758582795,-0.12667861077107925,0.02969408446691624,-0.8976490376556657
64960,16.417,-0.7050693269398134,-0.2376350497577848,0.5106098527831388,-0.43091113419826493,6.945951980271294,0.923008464929906,0.0386354837036425,2.352664368969157,0.32133438305822204,0.015518982464262844,-0.11687463155725056,-0.06694467374908515,-0.906370550032695
64963,16.442,-0.7027558788999277,-0.24376832201911044,0.48720776211631095,-0.4575366393909825,12.160023921626264,6.190609645965083,-14.551221298942814,2.2930129175733,1.5467218825758444,0.8521011972588027,-0.0685577154019076,-0.11921593038288987,-0.9010381212108561
64966,16.467,-0.7127710006323212,-0.1898897002326503,0.5274961458389356,-0.42148216869545274,17.046587552700693,28.778073059079073,-16.78132102123763,-6.103049123343757,-0.5893876734519938,0.5113227176846489,-0.09048525857897456,0.037329108836118036,-0.9113699470149071
64967,16.475,-0.7231513050666116,-0.16890706307268924,0.5373879480612509,-0.39967084870319675,9.247890228656312,3.9296650710304695,-15.924308615673308,-7.827226527026141,0.7976157230232103,-1.6451642419772181,-0.08882569777683932,0.09489293447364752,-0.9000999796418206
64968,16.483,-0.7359851861795469,-0.1510308614992561,0.541035580517712,-0.3778835603898549,9.469700560715133,-2.116290323633607,-2.209285686309182,-6.7897816636916195,1.8392474024253038,-2.5448864181873407,-0.07784905023906052,0.14273457774891485,-0.8978691694345992
64970,16.500,-0.764016855505653,-0.12393618944101428,0.5377099294114898,-0.33434427954189055,1.7149497733968684,-9.970245247223739,31.020140657135375,-5.590921165293136,2.555371016694765,-3.409261338061024,-0.05153200649242888,0.22324735811451105,-0.8863809491803778
64971,16.508,-0.7727801784257387,-0.10885261718838839,0.5419502478065502,-0.31185226063945876,1.6431660972492372,-3.670669471920789,41.42150392648958,-6.280342246610053,0.9132164604122642,-2.7281136119698273,-0.05281766130200113,0.2566239736097292,-0.8715777385524403
64972,16.517,-0.7798394848619015,-0.09267920783135433,0.5454550667457069,-0.2928134430785471,-0.22430501729616434,-22.202620959958544,37.1807288350826,-5.926395512936927,0.9700038140574334,-1.8495648470100363,-0.04480907985580194,0.297343461014457,-0.8606048648494291
64973,16.525,-0.7874107403310118,-0.08101569368542266,0.5441203732708142,-0.2781255162326308,16.35226430821279,-24.353728034789828,23.369771338249382,-4.187170755453772,1.7501671016683187,-1.7689715043970746,-0.03971401061903882,0.3341743096920528,-0.8533256124643029
64974,16.533,-0.7913919829362305,-0.07043960393626236,0.5438340088248546,-0.270150999233858,30.307440850226058,-24.05749593406162,26.974002455024152,-3.0950230045483322,1.1205575898271378,-0.39546429199971844,-0.0321964306539321,0.351697191285865,-0.8417337267432015
64976,16.550,-0.7819772328462922,-0.055298792538801815,0.5630391840177449,-0.26161140669787003,4.56403481643441,-26.75797160676628,13.581474992583601,-2.532296560860156,-2.006986031811203,0.6641387161964385,-0.06890997615127598,0.3847992206543554,-0.8207394608910036
64977,16.558,-0.7786779775556527,-0.053713745437285576,0.5709539076610692,-0.25453305511758617,-18.934396442548284,-13.221400107329204,-0.38659801818365586,-1.7084143086014705,-1.9090619379218552,-0.7850401606968267,-0.0730724725226058,0.40212012363102617,-0.8179890313423552
64978,16.567,-0.778949612300547,-0.055524992233126305,0.5748588777208633,-0.2443189461336311,-12.144611862568619,-0.4015471336514995,-1.699603241826095,-1.3073933894744239,-0.9475817710178693,-2.119530674644682,-0.0855837776436021,0.4152379847324512,-0.8043088282907005
64979,16.575,-0.7790137925897516,-0.06008709497708608,0.5780675155822297,-0.23529768252308664,-0.4073307330151542,6.830652432621943,-4.734530805732764,-0.5888821363722135,-0.9700725144621285,-2.2705142069366495,-0.1063172368637713,0.41110755036679164,-0.8085700750447542
64980,16.583,-0.7785056592829387,-0.0634941456241772,0.5806101355582547,-0.2297592270680726,6.437082070299995,5.776016256959178,0.7787747742159605,-0.2688560661664914,-0.8276034617173145,-1.4441363032093635,-0.11000922689557624,0.40765683045100704,-0.8017667421393169
64981,16.592,-0.7758862620570909,-0.06556104920833074,0.5848103119725828,-0.22737448447068323,5.81653964697624,-0.8339945049984143,1.1841897601893545,-0.13873771354008937,-1.2827609611646134,-0.5178200715688122,-0.12152548946806284,0.40736702016904336,-0.7922969672729858
64982,16.600,-0.7716265133809547,-0.0691959382508589,0.5894284290695196,-0.2288636558778468,3.54400820008111,-4.702172424264087,-1.9729608868466095,0.7063279465643675,-1.634961891763288,0.07055834689899401,-0.13907340099839746,0.40471429467842734,-0.7992227546240627
64983,16.608,-0.7668193022520451,-0.07419013865159525,0.59338480063132,-0.23319189394203438,4.152770162056905,-7.358369733963569,-10.265482506633619,1.4031005280422444,-1.5929294326118482,0.42636353701026647,-0.14440569721777705,0.395723354676069,-0.8080785234388232
64984,16.617,-0.7611288741683976,-0.07927838643787143,0.5977036126203146,-0.23905682548628612,8.64483496232455,-9.573778173374965,-24.753342037782254,1.6397039800395312,-1.7845423967483856,0.7450636052935953,-0.15198536911850283,0.3769118608468475,-0.8055164074557396
64985,16.625,-0.7569394471940141,-0.08451995144898164,0.5982112918094352,-0.24908292081226477,12.484440017550902,-13.238665686198695,-19.106319232084946,2.453623726027407,-0.7736891504634397,1.3204131218410267,-0.15294457055600086,0.3666768099859231,-0.8094760442117168
64986,16.633,-0.7708586484647699,-0.05385439517690105,0.5844907936636067,-0.24748163634840895,31.77025959368641,33.023869965699774,88.35744211656439,-5.2457293860588265,6.304914653667633,2.9884311368790937,-0.10242064797988669,0.41036459711824497,-0.8063592329805744
64988,16.650,-0.7688673671031799,-0.007993509188492743,0.6008215679966002,-0.21861500187495037,-1.8673598938079532,15.739078818111262,-16.92446571679876,-6.735510522229498,-0.4637142696915051,0.7413113107528589,-0.10486489154344845,0.492859137479115,-0.7500648547605735
64989,16.658,-0.7683418827465847,-0.012877120850791788,0.6047221876228158,-0.20927495495807344,6.148184492153031,15.555792149271982,3.6272411160730194,-0.657462315076813,-1.0609660642687988,-2.3783579513196793,-0.12148908826812839,0.5072386757720704,-0.7449417447684831
64990,16.667,-0.7625227826210789,-0.014166998204125217,0.6152865263769344,-0.19945122863672113,36.9608889108996,-52.80179860562978,-44.20702286808595,-1.7027891169422809,-2.8983991644319067,-1.6589662055175505,-0.1474288332334483,0.5091250262368537,-0.7311301811388526
64991,16.675,-0.760538597151316,-0.021203674244393414,0.6186070114897977,-0.19610408404035748,61.26935963700359,-79.06976814612626,-44.560750314837925,0.6364838129799439,-1.2318696837150898,-1.538380000464549,-0.15300083477068616,0.49305877391852765,-0.7409975240781301
64992,16.683,-0.7614240149004902,-0.04131250495327557,0.608729919402679,-0.21903112037176745,29.268832912753794,-25.30556921564786,-32.59156514520378,7.545886575420474,1.1073503600279306,1.0628106293829795,-0.1485037075201721,0.45069004733208673,-0.7643748828502617
64993,16.692,-0.7532399877429693,-0.06246674305044373,0.6067196115846583,-0.246208732168871,17.975188625111688,3.9673497682193632,-13.11430170263781,8.035085168339148,-1.6267959377860755,2.2518786016666517,-0.14858923843025437,0.39519877528876374,-0.8005308732125438
64994,16.700,-0.7430139738381845,-0.08119104114556372,0.6075982855228297,-0.26863092329180416,18.313037401178583,13.330848526314261,-8.196797783865067,6.7659429788558505,-2.4118652859978678,1.9201666868580438,-0.16683988763165505,0.3564452723915914,-0.8142248506771101
64995,16.708,-0.7306170642686576,-0.09965798033515863,0.61078029764647,-0.288469097758937,11.16094484846305,4.995989025131806,-2.727601864214528,6.231942377607175,-3.1353882713344294,1.6844462879809567,-0.17702644595217226,0.3162351402189331,-0.829599459685161
64996,16.717,-0.7171511135431844,-0.11719016419158858,0.6164367281441081,-0.30325979943854464,15.371600090564867,-2.7503967844449626,-8.227639370632453,5.183327453658948,-3.8236621604584555,1.0804227850359058,-0.20214732600380325,0.2815945053544557,-0.8354911820459658
64997,16.725,-0.7048222951373215,-0.13065064646656713,0.6199424576248194,-0.31910388604547885,14.933252787694414,4.881467852688917,-0.49195756157262116,4.762841279418478,-2.9165709928950663,1.7123901649203916,-0.2180167633029153,0.25205265849861197,-0.8354583623458077
64998,16.733,-0.6934747951824722,-0.1364420784915372,0.6204243358664517,-0.33992633191356325,6.988105271408364,14.34260743664148,7.250721388933789,4.4177319950891425,-1.5462563297015206,3.526769498395302,-0.22871657522979658,0.22817282497122868,-0.8451415354231211
64999,16.742,-0.6857463276887032,-0.13573610709652317,0.6169827261470227,-0.36146922265654474,-3.601767758035694,9.898649265247446,30.74153844018161,3.647718844252835,0.2414267383453119,4.178668865407328,-0.21014463754074758,0.21427570686646377,-0.8490330578779834
65000,16.750,-0.6788873909252912,-0.1385767145180001,0.6163489989159762,-0.3741955587274143,17.95076682499192,4.764253055990115,47.151426880832595,2.6454401734235335,-0.7350240247156948,2.233862515417859,-0.21741907830021315,0.19333372475620295,-0.8603961322125069
65001,16.758,-0.6773531610271,-0.14036371413055723,0.6139539511122757,-0.3801989859477484,51.61978200425589,-1.3968316952596156,29.985455307261056,1.455023535044684,0.2355294948592894,0.7519420912357335,-0.20888584490391365,0.18502015702599064,-0.8577129735091351
65002,16.767,-0.6776846669165298,-0.1418346251419308,0.6103463142634599,-0.38484257560993745,38.864524626173996,8.807320195959216,36.88520230168157,1.2481786471055965,0.6568167659370404,0.37131358824603644,-0.20790047725848354,0.17331091055661568,-0.8597179849473316
65003,16.775,-0.6728624116424169,-0.14605245348650023,0.6132153091597086,-0.38715867605090226,-0.7980404371459909,13.076426904136298,33.850767307438204,0.9325843724759578,-1.4573308814417372,0.2949412061564604,-0.2132758649491122,0.1762358799962308,-0.8587509522756462
65004,16.783,-0.665157283910995,-0.15150429993552164,0.620729736032154,-0.386402419203928,-33.80545425855565,4.74246766892992,23.975952902357854,0.34632723724023395,-2.8828642302391376,0.06073777947759145,-0.23773344914321487,0.1688637308651138,-0.8488836310334783
65006,16.800,-0.6535855291889511,-0.15887048200654227,0.6395097820569675,-0.3723081581637149,-23.303117284738445,8.897599961877875,12.042468289755208,-1.1202120406654643,-2.9544237430984386,-0.7844138353276484,-0.2863912344742669,0.18636084850391144,-0.8321670963730636
65007,16.808,-0.6509347781508273,-0.15719024185544767,0.6484217136314402,-0.36211106549016975,2.951123690776462,1.875776748066177,-0.8685633444768103,-2.5213216836190013,-2.0303517232117736,-0.7523321506050242,-0.2979216665563489,0.1977744292470014,-0.819467348709752
65008,16.817,-0.6502528752407677,-0.15400382513975625,0.6570097451022971,-0.3489874137043523,15.480522525955884,5.405276503846013,-11.014234004865873,-3.260871841608153,-1.6740969048628072,-1.1552849759274448,-0.3091975586704464,0.223847989854096,-0.8091376200559411
65009,16.825,-0.6566336359173727,-0.14966477023647723,0.6581214299885002,-0.3366138858126413,29.572644179037894,12.221370412766568,-4.4596258412399346,-2.958977669337259,0.7482943247479495,-1.7369661819225142,-0.2972392880363826,0.23434123159764808,-0.8080582425660515
65010,16.833,-0.6865372605191369,-0.1509143198645881,0.6183292712886909,-0.3515115506584161,38.09039170148719,-92.36742806283323,109.48044332219156,4.6903201115567805,11.422595060764637,-1.7773662023320378,-0.25488925021023584,0.20638951814782017,-0.8338859919971606
65011,16.842,-0.6954376074329642,-0.16695426265975336,0.6250549446473975,-0.31272851568012044,78.74491773119998,-116.46805627996443,-23.398450764794074,-4.04027425783501,-2.580475615261724,-9.262370904952597,-0.27028909562332987,0.19953257969309404,-0.8295918171281589
65012,16.850,-0.6880485390472031,-0.22081918646554802,0.5842283636392254,-0.3694662554593264,-5.091388069906921,53.82008500986305,-62.033014883971205,20.895623000933014,3.939914435117596,0.19147520632618548,-0.24135131427924458,0.052943940609207596,-0.8589772411958315
65013,16.858,-0.6803802060133056,-0.2345929409894767,0.571482727875396,-0.39427962037530684,-23.67967895894169,30.99737211495036,32.99370408176938,7.303572899575306,1.149588705079835,2.1140490542830586,-0.23496315220824682,0.008310050522333268,-0.8681967145276556
65014,16.867,-0.6722605856020463,-0.23687046206299547,0.5791462580171083,-0.3956610937062655,57.75384908303128,103.13931691233418,-9.889813688427559,0.30335856201292116,-2.5000083684928134,1.1172898338104966,-0.24454350611856485,0.010931156613613286,-0.854798151209969
65016,16.883,-0.6561047586897869,-0.22558336320785913,0.5798342347518028,-0.4271193651407523,34.91137394563101,20.67846649600195,-6.870984849529017,1.7261253159175078,0.2768799992822962,4.094188851297924,-0.23744407439022255,0.004116377358001809,-0.8591943206219833
65017,16.892,-0.6450960465806225,-0.2180288006727951,0.5920164432939061,-0.431081272653855,37.54315954979418,-18.775930881138642,-19.203215678978026,-1.2683223571344973,-2.4299406321407706,3.4782712675317606,-0.2597082898043146,0.02823449325731963,-0.8484338849163185
65020,16.917,-0.654429417617408,-0.1728001622251671,0.606422613310408,-0.41726952363870473,55.23586442812219,0.19902781069486905,-18.647865193120726,-3.6383233796073418,1.021916534996641,1.3639212481086624,-0.23094328835450256,0.1016743034846768,-0.8384337286568817
65022,16.933,-0.6733492965046127,-0.1294433846096788,0.613530807762855,-0.3916951403877675,-2.8690201244802456,18.603443218364788,8.249458763949628,-6.005578989830614,2.4848374590041966,0.3652871084184081,-0.19334578868271998,0.1937166023909283,-0.8383155684422474
65029,16.992,-0.7190325771743168,-0.1468416136614762,0.5794127738290602,-0.3545568092465143,-7.49072774580839,-20.579832107965686,19.980278573611397,-0.12740595502392468,1.3422831865695186,-2.000202429579851,-0.13816171866715382,0.18176321810529725,-0.8400839876675199
65030,17.000,-0.7150824806744548,-0.16015985399604438,0.585026133279593,-0.347491424901913,-6.633794627409154,16.028321584552682,-2.6801006778233436,0.9716840800060673,-2.879625402644118,-2.53018977834635,-0.15770104557556944,0.16734971823527717,-0.8382856779738748
65032,17.017,-0.707077321426218,-0.18087722912037238,0.5959113356422945,-0.3349847303437551,13.43302236252586,-1.707499436667536,-10.120598182969132,0.5961807855444926,-2.6126803864612373,-1.9814259996048533,-0.19849441273144447,0.15707133708637375,-0.8333868763944635
65033,17.025,-0.7066225188246755,-0.18768930174364132,0.5966370626441558,-0.33087997428102095,18.817794381225212,-12.253540763166432,-10.322760890234516,0.5280291211773914,-0.9071629443968021,-1.603950537465748,-0.20630668857378948,0.1499913404149489,-0.833455109830763
65034,17.033,-0.7066379832110196,-0.19296220309507056,0.5959659980067966,-0.32901805129798395,14.100548663567436,-7.0358501237873385,-7.245164311484326,0.6804885368022564,-0.3944143733936492,-1.1098190303907294,-0.21169586047056974,0.14630936466041541,-0.8293459351817828
65035,17.042,-0.7059137653016722,-0.19750507104264556,0.5948876013372926,-0.3298275983680233,9.213513520756758,-4.5954837165831215,-8.185195957869654,1.0070915198867942,-0.2339172458010734,-0.5143260645455581,-0.21605053259316467,0.1373195957469213,-0.8384415554403971
65036,17.050,-0.7052949926274964,-0.20093520340109594,0.5926830475763426,-0.33303276494116746,7.242403977359258,-7.825794597129789,-1.772644347481821,1.2476852998434464,0.16297985840310772,-0.014921678166729308,-0.21992885807651963,0.1353969415273448,-0.8448155822989375
65037,17.058,-0.7052314034531562,-0.20191429833026872,0.5906664228669434,-0.33614351192735586,2.978022606440308,-10.010479650957103,2.083209777284889,0.7779795068983892,0.41659885346544034,0.28277447134956774,-0.20382623631193286,0.12561971798846067,-0.8423503843480391
65038,17.067,-0.7061521182795093,-0.20030304308454197,0.5893614478028583,-0.3374625321782447,-0.5549035424544745,-7.208100932453251,0.41877691430850217,-0.01857112145239895,0.5442665059357472,0.3051884467739681,-0.19137626037581912,0.12586268471585238,-0.842050456506866
65039,17.075,-0.7087714206405555,-0.19734559939670965,0.5872514146703864,-0.33739229933350895,-2.5899855837385997,-1.3541844452572747,1.7610141832901345,-0.46161025890545115,0.9753006908506048,0.081852132035941,-0.19894988648165968,0.12512441582276282,-0.84086649358433
65040,17.083,-0.7117913276982343,-0.19470172935361812,0.5842690286810498,-0.33774849300092813,-3.012955173706142,1.948972455651534,4.156867719113536,-0.29574029891345593,1.1615908944603348,0.03672024839591264,-0.19038468253936772,0.12441425306241638,-0.8454710954886763
65041,17.092,-0.7138932782551852,-0.1929619883594947,0.5815279917762367,-0.3390387191621518,-2.5482295106260944,0.7696544690121015,6.769082291297678,0.012697606390699466,0.9747510759419595,0.152920999972312,-0.1801408375511097,0.1397843956867675,-0.8431551161520311
65042,17.100,-0.7144786380814104,-0.19140440944318984,0.5800578632844818,-0.34120009234007875,-3.5125171523201906,-3.4671514483611934,8.321196334092006,0.13449256302812,0.5601346189002457,0.4622885875238784,-0.1754741076107231,0.1276079531844378,-0.8495408430661351
65043,17.108,-0.7125463638158523,-0.19102486721232342,0.580467230126844,-0.3447389944119916,-2.9794697635401963,-6.473896244037865,6.889717705369349,0.4909650576836304,-0.13351904019343702,0.8267277754831425,-0.17521479561774303,0.11907952485957693,-0.8529986563156635
65044,17.117,-0.7083253574732499,-0.19301354591819003,0.5822933686228896,-0.3492211217986213,-2.914048614793331,-7.496288339120762,3.158818044193652,1.0160908206777752,-0.8575066773920862,0.9156490626739564,-0.1811063005534216,0.12172990817246436,-0.8456874145884367
65045,17.125,-0.7023629958470398,-0.1981031155814081,0.5844279178025112,-0.35480330685427913,-4.793033579063798,-6.711956773625507,-2.1254995956678626,1.7508169333022094,-1.3532980941662964,0.8253933349797384,-0.19236526468543014,0.10680588198151059,-0.8392164589773167
65046,17.133,-0.6960295076339816,-0.2047245149692389,0.5861088341806623,-0.36070380087932574,-8.400922257361117,-3.595667154229167,-3.8648054927078115,2.1099060678237413,-1.4542984195152286,0.6764394491801623,-0.2015761946309197,0.1105405567349374,-0.8543759899948689
65047,17.142,-0.689871119821168,-0.21129282214656578,0.5876753389163213,-0.366156902673723,-9.437946804017026,2.037721610980952,-5.784828957337942,2.0383704997699157,-1.4192416503353784,0.5840218128227198,-0.2027835049380732,0.08540841472693796,-0.8574315916215787
65048,17.150,-0.6848079315887464,-0.21667267553451214,0.5890982813245984,-0.370208405428974,-6.719465243553075,7.331146730142952,-7.966313989742518,1.6008863455876872,-1.2175450811146127,0.4215125311752354,-0.21624635014598997,0.08048701246929561,-0.849457448078711
65049,17.158,-0.6816654603627822,-0.21979292180054283,0.5898409920120905,-0.3729757040572081,-2.352812254217573,10.86496589063949,-8.723445997342136,1.0074812755150626,-0.6913776292569086,0.31983174003684417,-0.2291929959107888,0.07193399127828451,-0.8478462508329175
65050,17.167,-0.6805377683972306,-0.22075568921175345,0.5891175763758462,-0.37560052272409106,-0.11941827948269602,12.209450247680076,-6.400756445499146,0.660000008628848,0.010149434328418068,0.3465405550676621,-0.21941563771303826,0.0697496329094875,-0.8504994404369228
65052,17.183,-0.6808843260480534,-0.21827831928176547,0.5887389564673425,-0.3770113406933017,-0.8048741081649342,11.495142810751588,-3.5206978657581236,-0.08852661632558556,0.20809689135416742,0.2564440296234037,-0.21943081656757435,0.07852219905060441,-0.8470393851039857
65053,17.192,-0.6823268559633296,-0.21628347063560358,0.5884295790353576,-0.37603477562226556,0.3291451500317477,7.106608750537815,0.20835611241854576,-0.506462347105533,0.3908514240749864,-0.031214924780047858,-0.2169079920675639,0.07641396145798666,-0.865593510244294
65054,17.200,-0.6841862943686899,-0.21408328887735867,0.5879372035185038,-0.37468293895016874,0.585208623139697,3.7002666911012905,-0.6723823719236351,-0.5986250102240894,0.46859226322630065,-0.11008762006424776,-0.22088183632946592,0.0839084551634729,-0.8501938085041384
65055,17.208,-0.6855401240397675,-0.21296281532493408,0.5876408895383031,-0.3733092050339105,0.7422558875295124,1.1646525778379933,-1.1383527312144681,-0.4163679167520952,0.27574538830560097,-0.2101773208625472,-0.2091319604704195,0.07539759317157649,-0.8572633164870428
65056,17.217,-0.6867939873253238,-0.21267393915982918,0.586862331976427,-0.37239282737885065,-1.3852704647412821,-1.657167507684474,1.19209070043947,-0.16713030370165313,0.28018587916857207,-0.26921416763358724,-0.20475592498916337,0.08709629984117286,-0.8530375237170001
65057,17.225,-0.6872641159441755,-0.21359196906855174,0.5869031726467581,-0.37093283977299696,-5.246412501672689,-5.16066449235237,1.2361195216174246,-0.07854207476696322,-0.09258739893817071,-0.4154170555232464,-0.21426235466166177,0.08857752198280916,-0.8564901630176261
65059,17.242,-0.6855244706637902,-0.22000320465292078,0.5878805116191966,-0.3688513170939307,-5.969309580468673,-5.05062230173463,-1.5092168770785144,0.386067154833808,-0.5468898042231677,-0.5262359169024943,-0.21894356991038552,0.07656792543169189,-0.8468024762460197
65060,17.250,-0.6838614976496976,-0.22445853501357477,0.5885130397030968,-0.36824478297905916,-5.574709413895086,1.6982553944446388,-0.4113956391431176,0.6817020921083536,-0.7576057670542002,-0.5555976554314039,-0.22966642240017127,0.07878624537755348,-0.8512334992113492
65062,17.267,-0.6788344690666325,-0.2313960402752177,0.5915891779267847,-0.36832306567995987,-1.0908565935995755,7.270470167691896,-1.9261692613366752,0.5786524876934306,-0.9153151318478261,-0.18310623536370355,-0.23629106381502205,0.06483408609616664,-0.8437609683109709
65063,17.275,-0.6775911843985777,-0.23149773676287322,0.592771721758325,-0.3686470813429443,3.5363774878594483,8.676428751624574,3.1169902546582438,0.0330634469702304,-0.3496519204841434,0.20843941108951372,-0.24333263107054,0.07024727725291395,-0.8525551405882705
65066,17.300,-0.6773145798983066,-0.22490602221280526,0.5997576156576367,-0.36187434765434895,6.41180557449204,2.572700796919813,4.188055040351987,-0.8739261115426195,-0.32495314563681943,0.08195445312752214,-0.24851131244173283,0.08776898775786182,-0.8407748117023467
65067,17.308,-0.6796141512687874,-0.22167037143491708,0.6015771432568473,-0.35649935839218894,6.426082694263526,-0.9295124604690944,5.584415447045172,-1.5785779925687613,0.034547369418697314,-0.5069446289038094,-0.2482502026661794,0.0956001352998835,-0.8446424336871682
65068,17.317,-0.6831111985619216,-0.21826581580856852,0.6023626890017082,-0.35054003330197053,0.8317625626339056,-1.470655289377491,8.71085542892421,-1.6670824612477926,0.3449832915715241,-0.7386805849957306,-0.25117810529251877,0.11391281369681422,-0.8450557258714526
65069,17.325,-0.6864255470868839,-0.21533948816404222,0.6037244713589093,-0.3434612581152734,-3.451608589999631,-1.3917375770539326,9.916678044177026,-1.7902529900565292,0.1296682742161413,-0.9431412896738731,-0.23997245451564678,0.11754794589677585,-0.8393737776966659
65070,17.333,-0.6891008011845882,-0.21315247286745856,0.605162562129267,-0.3368744313752338,-6.333919199280891,-1.2810422268880945,6.769948808181916,-1.5703807385657202,-0.016313040009772815,-0.9139395655248028,-0.24729167936274254,0.13806137790660375,-0.8405282146885437
65071,17.342,-0.6895249161180448,-0.2121281831280423,0.6083949282755511,-0.33077580809936197,-5.345694383945939,0.931779495692945,0.26814986655198947,-1.3362636140795157,-0.7041598233285686,-0.7251504626224339,-0.255119098097969,0.13804498266250362,-0.8371445903350765
65072,17.350,-0.6879586314967452,-0.2116164633851945,0.612618542088865,-0.3265423642689905,2.165800262069484,3.172676539447628,-3.0514580489175964,-0.9545183822512683,-1.106436140345591,-0.2834369662091035,-0.2570991640874988,0.14680466682611326,-0.8310076129104754
65073,17.358,-0.686786255592942,-0.20959075284742093,0.6157963877185509,-0.3243318737377844,7.003133139525425,2.8459049102222105,-1.1192614579852753,-0.8430148052426837,-0.6482710390475959,0.18758702513807657,-0.2646397383790967,0.1531826983592417,-0.8373578882179554
65074,17.367,-0.6867045704410756,-0.20623298810142976,0.6176012612497731,-0.3232235598727036,7.15480830766908,-0.5809853346386016,0.9410046330552257,-0.8467100533881234,-0.10449495603539848,0.40850240229321527,-0.26834471904204116,0.15630964641599826,-0.8275933106121558
65075,17.375,-0.6871356442708928,-0.20260307716976048,0.6186145439252612,-0.32266491215796955,5.412587452185035,-3.731642941610554,2.544239624079358,-0.7737507154604524,0.15441908440413146,0.46022622567403076,-0.2688439572601874,0.16826068852390066,-0.8250967151505245
65076,17.383,-0.687669248077177,-0.19935880636492878,0.6189821535582595,-0.3228438711670083,1.4538752488539877,-4.360269027488756,3.7545660594109496,-0.5556022612192133,0.2783512168767287,0.48241193562156404,-0.257560113683667,0.1714930345784439,-0.8372389982296882
65077,17.392,-0.6873450249613087,-0.19694649672792175,0.6198518698439729,-0.32334587292629385,-0.941466727110654,-3.380947547582622,2.2555728545522666,-0.3680429317049003,0.022550232679352522,0.5038224921899577,-0.26611802616668756,0.18197690761108154,-0.8342965014912531
65078,17.400,-0.6865558786858671,-0.19492341392057413,0.6207803507632454,-0.3244651664719767,-0.8858712190596227,-2.7778594489363253,1.2747742452564177,-0.19426237919953107,-0.06035372020861536,0.585450631200273,-0.26272986235299983,0.17169032884012808,-0.8274948995899172
65079,17.408,-0.6857339106165521,-0.19289501711003879,0.6216259877409143,-0.3257938728241855,-0.4171671890514046,-2.601463097513301,1.516215043664038,-0.1558076267909791,-0.03818478588994876,0.6194630051682121,-0.2571364152590328,0.18655931385445987,-0.8225161213807444
65080,17.417,-0.6847450458919118,-0.19100183873315524,0.6227295948700473,-0.3268797506729717,-0.5147602024060492,-1.4909784581303702,1.6212264722606133,-0.1823750091476586,-0.13055745367375385,0.5845682937730613,-0.2575990598901894,0.19000534941478744,-0.8283611195165802
65081,17.425,-0.6832828159964617,-0.18929210785484984,0.6243111287905325,-0.327915699130287,-0.009804959211454915,-0.532994059127091,1.0815698320774643,-0.1754040985765024,-0.293712033651208,0.6087217543837602,-0.26026960242749964,0.19075415810765567,-0.8317872838872252
65082,17.433,-0.6819486336746247,-0.1875384083980729,0.6256636314312437,-0.32912068714849735,0.5607331329494609,-0.5794339877853741,1.706402795960438,-0.14499608075958575,-0.22846364991254756,0.622123044689689,-0.2702632376581528,0.19223655133815626,-0.8354862006665841
65083,17.442,-0.6806078025907909,-0.18594314543312912,0.6269901666492387,-0.33027488043163283,0.9823420452164476,0.9270155665191314,1.8406937325008725,-0.1245009420770478,-0.237761875949931,0.5891953890100116,-0.26418645798965734,0.1875686556076843,-0.8293782893179186
65084,17.450,-0.6792851113976907,-0.18430532063194888,0.6281036354018272,-0.3317967893382796,2.7432130842951277,1.1276476414630574,2.3572629710095403,-0.059782764592713394,-0.18258924246005498,0.6443050797988229,-0.2634487858049353,0.19221312956087033,-0.83057350316169
65085,17.458,-0.6786426574030583,-0.18213568061469163,0.6284337552364554,-0.333679116336856,3.8432583216547207,0.7191953255421377,3.493876833794744,-0.05961482156851271,0.10825062434384942,0.6930120652184316,-0.26688064458185184,0.19219790540563453,-0.8274147361706925
65086,17.467,-0.6788341240560135,-0.179636380938569,0.6276401140670299,-0.33612927553892624,3.404599450676801,0.5359630630788524,2.9972497284197694,0.025962881119196885,0.46633985515423565,0.7172275499627181,-0.25833385816146714,0.2014774846010922,-0.8278210209528039
65087,17.475,-0.6793550439031424,-0.17738719510389053,0.6259481362113596,-0.33941042722647624,1.7284309226508006,-0.5702783356892357,3.2707039641187388,0.25035762542052875,0.6797521414690925,0.7477358805782466,-0.2536973061218788,0.19830135081203523,-0.8273276249168869
65088,17.483,-0.680177371697572,-0.17563693870814584,0.6233654839503417,-0.343403381187737,-0.8064882542735348,-2.024691154772423,3.693645847065326,0.49820054123899005,0.8581759001660525,0.724313180220351,-0.24238981849047417,0.19765325576149648,-0.8448596255139217
65089,17.492,-0.6807048125656805,-0.17486514897348843,0.6204947618480803,-0.34792152612837274,-2.955147343953177,-3.0671867928425396,2.8079175551016706,0.77249090090871,0.8034798232824594,0.6747825051855563,-0.23411267896930052,0.19762749180648195,-0.8394522310399363
65090,17.500,-0.6804287204550755,-0.17530764407619906,0.617676860875563,-0.3532127996650637,-2.975685644934478,-3.5819183445121228,2.356278972021108,1.1153452243161899,0.605169872196049,0.6891160744280006,-0.2397202596112083,0.19275293310341143,-0.841209233995299
65091,17.508,-0.679323466046026,-0.17695727051755505,0.6151322580273045,-0.3589123263757049,-1.9125656190336975,-3.339645504725258,1.327439317706804,1.3845329201503973,0.3530277326750565,0.6580057046207621,-0.22943733998194674,0.18350731548501834,-0.8478004103116571
65092,17.517,-0.6773634854255145,-0.1797812503712484,0.6127784558532279,-0.36518484999967266,-1.9427060874575406,-4.400023417636598,2.641305965862772,1.6805106685470885,0.11820790388090185,0.6602593171136449,-0.23357550388957266,0.16423330997829935,-0.850596622678719
65093,17.525,-0.674499239548675,-0.18319520003282275,0.6111345415661208,-0.37149006263689044,-4.104850580277776,-2.9466899085534655,2.807278724203839,1.7580183284202962,-0.1799781424083332,0.6885684373274338,-0.2320963197793848,0.14374095756802874,-0.85386232823427
65094,17.533,-0.67038210223299,-0.1860696222979118,0.6113483430343577,-0.3771195249953712,-3.1564698129579725,-1.3788062239990997,-2.3283414038950814,1.4618712044581843,-0.6456548546308205,0.8564473846841769,-0.23354632505895642,0.15181390074857787,-0.8572480052479752
65095,17.542,-0.6658169473794247,-0.18809748815729083,0.6116816578783706,-0.3836048447900921,-2.477006865004254,-2.0936607538946324,-2.789482390321528,1.4615758701404271,-0.6141326199180474,1.1625008348260437,-0.23991188052551424,0.1400753770575954,-0.8531817601829093
65096,17.550,-0.6587191644293207,-0.19164608186828905,0.6142687667943022,-0.3899163036589754,-4.245368978496317,-4.3585844751145455,-1.6032487751128206,1.5864822959211857,-1.4937140470190429,1.2516685466602484,-0.2440524689759823,0.13422660926722937,-0.8554252923479888
65097,17.558,-0.6494816618022975,-0.19623526833708865,0.6208702519399875,-0.39266451418376636,-4.771592066854809,-4.396193170249885,-11.852217921811615,0.9466896394793199,-2.706413168855784,0.9263173220899356,-0.26603667417896393,0.133237176024698,-0.8528408770433868
65099,17.575,-0.6471907030856516,-0.19581865211861013,0.6244492517916044,-0.3909761901431549,0.8619002182957501,1.0846847400816342,-18.275909990794784,-0.2674284206406233,-0.47183625283716607,0.08868701783588807,-0.2770260530603124,0.1305481467792888,-0.8521695477572139
65100,17.583,-0.6482593050566415,-0.19438352129089878,0.6259840965971716,-0.3874517142373413,1.6138021122556707,6.213860947608471,-11.536184248552583,-0.9418755476621422,-0.10914260047657283,-0.36575715708259215,-0.2762777582761211,0.13935467449747033,-0.8557862079529194
65101,17.592,-0.6507567209061007,-0.19141841712150778,0.6254407180190185,-0.3856145588876157,15.18690044848723,7.878547404891244,-17.216349411426147,-0.7986118146822868,0.6467638682555006,-0.10398040207935538,-0.26410842686737296,0.1439523048960845,-0.8471656658392214
65102,17.600,-0.6548993976598972,-0.18640105352372366,0.6243207882720911,-0.3828641789476585,10.722174563025689,2.887834796972047,5.0055517490560995,-1.2781583757185597,1.136138455877521,-0.11870632081958143,-0.2694612363592298,0.14275152432549737,-0.8513453862958966
65103,17.608,-0.6567492021964569,-0.18826308345060955,0.6224238439426287,-0.38187177863213256,14.443963279655682,-24.172208628496218,17.82634351627974,0.2376108931922119,0.35397906991499983,-0.6990103243545934,-0.2704109838009561,0.1413159746495686,-0.8574600834623812
65104,17.617,-0.6577539030795047,-0.20144248349907007,0.6146736846645932,-0.38594946587118983,25.308241199462373,-30.94243952560078,19.92828768773077,3.348894128961232,0.34028020624354244,-1.7931880184356201,-0.25990075868636175,0.11764748845024105,-0.8602131148773785
65105,17.625,-0.6609791217684111,-0.21240281412997408,0.6063642872979927,-0.3877034900868519,31.655193800660186,-23.136280838467464,9.220971261238644,2.5989497698219095,0.8447304342566684,-2.0624687694337562,-0.264292704948615,0.09860708095999937,-0.8608120079687012
65106,17.633,-0.6617346185417711,-0.2243453558583921,0.6005950029404471,-0.388667079093551,45.111342680179845,-20.557656412772065,3.2278669205544865,2.529264138790276,-0.046674686972293614,-1.971360923000704,-0.27134519005282676,0.06299223700822656,-0.8671174311439283
65107,17.642,-0.6635634582688195,-0.23443950875676692,0.5943547681175539,-0.3891838424191571,71.8643379305389,1.0557659041202374,9.21782652587353,2.1581284402240395,0.329315461431599,-1.8970837607921136,-0.26841525846184777,0.050052932746657036,-0.8671666461867485
65108,17.650,-0.6653179393536442,-0.24027090288198774,0.591349772069775,-0.38720457109326606,71.11703925087129,18.47293888872966,13.42231259154377,0.8265542639051177,0.06585492632983261,-1.4946273748893972,-0.26130186271908007,0.04130027511623319,-0.8747459452919111
65109,17.658,-0.6661708941483547,-0.24256134774369545,0.5946341307944364,-0.37919728752285287,36.6178846367014,20.65621344955563,4.719272340176107,-1.126530865218332,-1.0876443404833653,-1.4898425806229565,-0.2781603532829883,0.04592484055872617,-0.8718679686134229
65111,17.675,-0.6581220110134353,-0.2523183974941892,0.6118260343577222,-0.3589982570817018,20.25012708729676,8.645108849572216,-17.20797226477125,-1.2107530588439326,-2.9890234401491194,-1.431672155647431,-0.32562505674626135,0.05216117033927477,-0.8488524263485866
65112,17.683,-0.6573863566495121,-0.25438031404310923,0.6145327005988923,-0.35423635303712364,20.210726946487757,-27.76679917196981,-6.113700682620604,-0.5605386579291337,-1.003099904668092,-0.8261576153097501,-0.32663690639836523,0.04992528406044873,-0.8408107796556942
65113,17.692,-0.658768878911178,-0.2598720322598829,0.611864907699452,-0.3522945156444669,8.226753893164211,-41.23386180483245,6.772205316873058,0.721438105863259,0.030122399709551894,-1.4065252482393769,-0.3295428497300502,0.042626913527782376,-0.8462297443296646
65114,17.700,-0.6634739653229331,-0.2677510054890606,0.6017596786666857,-0.35496054080591544,-1.8250355317251004,-31.803982617907824,17.193043156680954,2.19495325834828,1.7827983657382216,-1.791543672718426,-0.31803047555332786,0.024113427602574556,-0.8548131503024481
65115,17.708,-0.6666471690920949,-0.2765495565171651,0.5909274001352115,-0.3604257239724918,-16.334438091220715,-12.104190284558857,27.810270214959875,2.9084257485282348,1.7756848753040397,-1.3946724198919462,-0.30214134152487493,-0.017124783745137005,-0.8593358854461984
65116,17.717,-0.6658721536648046,-0.2844595668570007,0.5872863357032116,-0.3616514754478642,-25.64653383217562,5.036220739117062,28.49774292645588,1.805093465355906,-0.1359714565850488,-1.120084133912152,-0.3070260846321867,-0.024939536043058527,-0.8589065091113149
65117,17.725,-0.6637886464325524,-0.2902878081600684,0.5904941408517475,-0.3555759987971915,-10.472418904483483,23.444659480297393,19.182800638162202,-0.06209783905956036,-1.7361657280350529,-1.390447177413751,-0.32295289593448684,-0.025491050474242587,-0.8457951514206222
65118,17.733,-0.6635363686272846,-0.29237312668610244,0.5927793438573556,-0.35049977431768947,11.89752010668541,32.423422342400684,17.722083850610417,-0.5642965831958081,-0.9393617648329048,-0.9273672105957822,-0.3222001014064003,-0.026933626683357127,-0.850437538743777
65119,17.742,-0.6676770305044937,-0.2873998371823791,0.5919431848641636,-0.34815511258218534,32.66406123233742,23.72973037368907,29.734057197969975,-1.3409671763608364,0.9732085954637691,-0.0780583017913994,-0.3168196156172762,-0.017645849865849363,-0.8525666948712033
65120,17.750,-0.6788724191204821,-0.27270379989351196,0.5878982918418946,-0.3451673138211765,37.624628454231136,15.34568097500805,51.91366805280648,-3.2069580072331085,3.256917347722979,0.3856052047098801,-0.3033540968537059,0.012913536365268926,-0.8611502816678296
65121,17.758,-0.6937534162329695,-0.2506941167319341,0.5847223467204896,-0.3375773015870041,41.41804615571862,15.592076393862689,54.952407491963605,-5.361433249055465,3.943722895982683,0.42645784004340725,-0.27404221973419,0.05004005076914977,-0.8645057891822819
65122,17.767,-0.70904512304449,-0.224486332706759,0.5825902277459681,-0.3277949457352803,47.160823383541995,18.648628150456098,51.20256267180659,-6.476220802309719,4.029045823754869,0.685164432007054,-0.23937115339828086,0.09057161262310777,-0.8651358493443345
65123,17.775,-0.722888020103448,-0.1960569838861756,0.5836168323277237,-0.3136653670460394,47.72401268988631,6.827563864701901,41.732012963793174,-7.63402147089761,3.2369564718985635,0.5485202637297968,-0.22227310408190518,0.15088419303812556,-0.8669688419752046
65124,17.783,-0.7362184004261833,-0.1701431032548788,0.5824977272290115,-0.2995499775692658,49.44127380823765,-19.76032819642007,20.665374585154176,-7.010969873636883,3.334734269287016,0.13426150804089287,-0.1973819232341736,0.21190810730235415,-0.8643696107793534
65125,17.792,-0.7517947240638714,-0.14572339512286425,0.5760952499981019,-0.2858035127727046,37.11813480673375,-28.988207958375497,11.670815388545526,-6.4099882123017355,4.499535476415826,-0.3962667189641015,-0.16348930389635769,0.2514127610701232,-0.8545097431836584
65126,17.800,-0.7659646032524233,-0.1239193702676255,0.5690086925496808,-0.27234412796999274,23.165928699509962,-21.604094467866535,2.9953894329727877,-5.80232437953856,4.245900654206704,-0.6372022654792475,-0.1352001507599983,0.2941040884267281,-0.8473447748510895
65127,17.808,-0.7765485530761094,-0.1077537626248022,0.5628962740584584,-0.2617427286606137,20.732228787950962,-20.568985358572597,-8.79837101154672,-4.332661840660165,3.3052137867645413,-0.6181940912738499,-0.10615045954690683,0.323642422015979,-0.8465873538360185
65128,17.817,-0.7858463513956242,-0.09692119874215925,0.5551667115108959,-0.2546403653444315,11.589462351940758,-17.313811412448917,-10.71451525378323,-2.7300124598167788,3.177770007833262,-0.658925217501666,-0.09133859582776722,0.33527320553144613,-0.8281556507238457
65129,17.825,-0.7937151462223079,-0.09147605138381407,0.5477314573273606,-0.24827132201398486,9.959549839243467,-8.085117604602445,-12.007872648048806,-1.6040950394623756,2.627506582479324,-1.1416152764069938,-0.08400821681253211,0.34455746908236107,-0.829543832403448
65130,17.833,-0.7997957095901715,-0.08942994334916396,0.541083524557513,-0.24404451972158378,8.396794097979948,1.5417712908825654,-8.709775855222318,-0.6806930351461613,2.0790933355823373,-1.0643622565825264,-0.07520093952071139,0.34018289690044545,-0.8336766585317059
65131,17.842,-0.8030155982062822,-0.09004839111914101,0.5371944080143364,-0.24182515231544374,20.903801563877096,-1.6045031966272056,-9.802949526743316,-0.009111865220821275,1.0745229968908239,-0.7899564803474691,-0.060608344907641644,0.34061027591201415,-0.8209150117381984
65132,17.850,-0.8044618463620158,-0.0940047973431104,0.5347240509664236,-0.24098635883044298,34.452026938806895,-5.219297298471878,-14.986943009575741,0.7696701695527557,0.40187842637666493,-0.8270633179274439,-0.07033861535341458,0.34455512690463247,-0.8289955851436989
65133,17.858,-0.806442889139096,-0.10039709599092125,0.5296261381390878,-0.24303588927039957,23.679312565527628,-2.284756874060503,-16.009607922229538,1.7495965337763169,0.9093153877658505,-0.6727307287144905,-0.05734430131278276,0.3272810674825335,-0.8414728771673249
65134,17.867,-0.8061046025142572,-0.10856221923368524,0.5275157144257973,-0.24522802734236987,13.992736456090412,1.1781651673767888,-14.541548224325426,1.9940690135499863,-0.067260939311007,-0.6658425341340776,-0.07249361845075836,0.3221401202747853,-0.8386342465519769
65135,17.875,-0.8044844772558662,-0.11584531684938855,0.5275039481320486,-0.24723303404585972,9.868614920607262,-1.5046745367559426,-12.63940292186098,1.7089647270163966,-0.5839171097746322,-0.4502697326145575,-0.06638006538699948,0.3004223944277774,-0.840908916516632
65136,17.883,-0.8028822478270212,-0.12079569300956987,0.5264538904875625,-0.25225938607924375,6.913944213584053,-8.16023570821281,-7.214193265608078,1.7072540650933314,-0.15652810500243108,0.39029938488921706,-0.07194807578088813,0.2982766819915022,-0.8516860499013733
65137,17.892,-0.8011085155574783,-0.12304966526611859,0.5259170846799697,-0.25786652791882814,-2.058788086946751,-8.238256287073753,1.7568038550929337,1.2357086839679612,-0.09287728766464723,0.876098661493446,-0.07443093445467718,0.28431515399920104,-0.8422422281653211
65139,17.908,-0.7959402979432066,-0.12359139230666807,0.5312478683846609,-0.2626402714637137,-13.675507131974719,-5.020520678986983,8.642816870184626,0.27343636017554934,-0.7850512653531144,0.6560079961914523,-0.08635092160414216,0.28680337571633313,-0.8520484153584589
65140,17.917,-0.792973165682274,-0.12329570066061671,0.5359030230281399,-0.2622969283383653,-21.188835782916705,-4.618724504507611,8.366221274334242,-0.29773571581154096,-1.263300042829623,0.2905554494317464,-0.08394603482269376,0.29066976375504355,-0.8437183621771807
65141,17.925,-0.7897180842071174,-0.12368009357113569,0.5408341153835421,-0.26181489943809,-13.084946060166557,-3.5754903703284255,2.589866778601067,-0.1968996072109558,-1.3970894471580542,0.21078540474848154,-0.10200248444556885,0.2838444446996534,-0.8460276259839933
65142,17.933,-0.7879295670708513,-0.1259277113374106,0.5423281625781027,-0.2630387289497917,5.185052867251505,4.099341274897304,1.318166171928278,0.5511408489031029,-0.626711163909158,0.08291525787678775,-0.09981364351495686,0.27602266586854607,-0.8441023776778906
65143,17.942,-0.7878673866587069,-0.12743380647401056,0.5409336080242058,-0.2653609574090331,20.019850155358295,10.239998330279205,11.18403727025366,0.6829947271326513,0.2291588061901819,0.19435947924106153,-0.10203035596324785,0.28503468547046185,-0.8396742484512508
65144,17.950,-0.7908220090790811,-0.1251558064369204,0.5361178325405341,-0.2674214720311178,30.972875700941266,7.322257270934515,19.423614862514018,0.061162918447421534,1.4968700902430387,0.3289642451118821,-0.08468329087969652,0.26625012668511905,-0.84261800561867
65145,17.958,-0.795514950463229,-0.11997137923650254,0.5298214752583164,-0.26842510335041114,28.60033649601018,3.976799806983666,21.82602913430271,-0.5849838178187106,2.1610006264086716,0.3530096445132612,-0.06759815755237891,0.27869647095871936,-0.8415067683859376
65146,17.967,-0.7983955564164813,-0.11468064824030144,0.5263978072976084,-0.26892049547379415,14.659183430669541,2.1295258969746182,18.79761834040168,-0.8008639890605663,1.3696295715241056,0.46784951623664345,-0.05951822267642853,0.287755334115207,-0.8467990755993967
65148,17.983,-0.7982640379029192,-0.10271558093289936,0.5302150138648875,-0.2666384711492345,-5.57256340250602,3.2710988826573546,11.654906902256151,-1.40416608811698,-0.01896640837289074,0.5937889435789592,-0.06155435021883008,0.31403204442830723,-0.8278827362983704
65149,17.992,-0.796240998200917,-0.09531428626662103,0.536415566440161,-0.26300912474317917,-14.449093312400121,4.662136438581542,4.942083934053707,-2.2173738690382536,-1.0717464412546847,0.5291795454872319,-0.05595128987033453,0.3301322583236979,-0.8250953219051752
65150,18.000,-0.7936212429671505,-0.0865368877906071,0.5446130258818632,-0.25704735323008454,-13.363327113536185,4.854474416524615,-1.293687004830111,-2.8958080548006064,-1.4869668324954646,0.35702040010477903,-0.0652984928582254,0.34592509560416057,-0.8091910947204387
65152,18.017,-0.7881711748767313,-0.06903190720029649,0.5621841593501011,-0.24076911317181723,-5.547983733389695,6.922616994192378,-8.529236126627088,-3.211381523887459,-1.6653698943172635,-0.04278748047450621,-0.09172733121849283,0.38662935885365257,-0.7951954717647005
65153,18.025,-0.7859076823407087,-0.06223580150289375,0.5696689919149012,-0.23227797893861793,2.8399643379863138,4.891274602478666,-13.83498112360492,-2.8222414077480016,-1.4804400894064706,-0.42658242294689397,-0.10742124846732833,0.4114564664244525,-0.7795198963271672
65154,18.033,-0.7847260277450199,-0.05879065788015891,0.5742958703504024,-0.2256833472456806,8.106751963947994,0.9093650363454113,-15.37398912508377,-1.7894056972375956,-0.9462719409219731,-0.6319302773936702,-0.10623289238813156,0.42118684640876475,-0.7721436341810805
65155,18.042,-0.7853818659166664,-0.05815162485181962,0.5744290537695281,-0.22321508775571844,12.737952629403734,-2.924187960470365,-7.201417424428095,-0.4729623484065598,0.05589850580893328,-0.4200682348641455,-0.11478629485249846,0.4209333398815944,-0.7702292067252865
65156,18.050,-0.7894975791145548,-0.05923563784186207,0.5674879916849613,-0.22614617192226452,14.994365633317974,-12.721997105666428,9.402569916936695,0.928316646327756,1.8564307055338316,0.06626988884827131,-0.09741910693729297,0.4129130956999386,-0.7777600103535091
65157,18.058,-0.7957351365843732,-0.06397679925953666,0.5550409531465439,-0.2337565012822755,4.666132315577902,-34.63174986099634,41.748667676310475,2.529145243756245,3.0534350102678123,0.2431408510020445,-0.07172441711991034,0.4037014396586101,-0.7913636418497207
65158,18.067,-0.7994995362467855,-0.0709937233467332,0.5479693607867707,-0.23556307525900688,-3.729399928225046,-66.60177216597748,42.18912881823589,1.9207960525163652,1.4791153791076468,-0.9314751971378006,-0.07197360725781596,0.38929145305518287,-0.7902131290981554
65159,18.075,-0.7991811117349654,-0.08769744812909594,0.5447042134645486,-0.23857080305786899,0.5016890026337261,-36.71318653483843,-1.9329875620442023,3.790947451000492,-0.32775765783431343,-1.689248588207737,-0.0845845716994559,0.3566683306082902,-0.8094683122325684
65160,18.083,-0.7990661559405483,-0.10874426593359589,0.5334388404720677,-0.2551685061538254,9.259100901288646,-5.065638785378617,23.148188579204554,6.860998353685141,1.2884253296138313,0.1588584487645984,-0.06521749021229092,0.313786735523187,-0.8276558369960572
65161,18.092,-0.7962431604026456,-0.1265868846292815,0.5269196573166983,-0.2689391471785266,22.039902296333974,9.10588411114222,12.906550032037707,5.667703070651543,0.1440375120415222,0.3158058632342767,-0.06984242300083524,0.2737621867235698,-0.8307978684374957
65162,18.100,-0.79698064346411,-0.13722968824840598,0.5188337086312619,-0.2771307442250131,33.43207400155817,20.020391108966027,13.930734369889075,3.5741509182489954,1.1974697447065832,-0.10162113996673336,-0.053654941018825356,0.2521147262084197,-0.8476767551901885
65163,18.108,-0.8017681052388987,-0.13754253968383243,0.5108205678018246,-0.27805089949426404,24.25751422640904,29.392820209297184,20.05219806397653,0.5555008998813197,2.122585118626598,-0.47312042377905994,-0.037296384637869565,0.24161797119827472,-0.8478994896044334
65164,18.117,-0.8061831410879798,-0.1365226538078088,0.5050777343139189,-0.27627303582345863,22.07899176382488,20.93869808646868,15.6705083429981,-0.17467771633023974,1.649804088537845,-0.7148736891237403,-0.04050366557767134,0.2550092473375631,-0.8402808039319399
65166,18.133,-0.8133437956276652,-0.13172790949404367,0.4981913209855018,-0.27004635837024915,13.062080894280239,0.10004382457305308,6.7748297843102145,-0.7269059075420805,1.1456746915261142,-0.6735160927334118,-0.019747669257764357,0.25696703422306855,-0.8411569416854806
65167,18.142,-0.8176765333252644,-0.12891624942517388,0.49430592313255806,-0.2654191813705145,15.599042360940075,-5.655308829979195,-0.7515097511689629,-0.9839731959504248,1.29384154627644,-0.9844738990354241,-0.008767038132622865,0.2681915183265244,-0.8398341995189499
65168,18.150,-0.8213253567574188,-0.1265142857282982,0.49044320911877043,-0.26245809662351666,22.285841467271435,-2.1784656468040744,-0.562544241795752,-0.6872095863536926,1.2466566610247338,-0.6575031558206167,-0.000714743592285142,0.26745442052229906,-0.8388258276914781
65169,18.158,-0.8235974771760908,-0.12297988725423692,0.4878798202712393,-0.261794621587643,20.237427816772378,-0.8532938253131913,0.04827011825405987,-0.6742951281087615,0.9628992590123457,0.050369394753532894,-0.00024497189799322646,0.28159450535445574,-0.8346054602384878
65170,18.167,-0.8250701623892777,-0.11752947646721405,0.486519581070902,-0.2621921938785886,14.415852446245383,0.6456339018948435,1.330296627581175,-0.9811105188188156,0.7957782391705341,0.578167020737845,0.013641941625863907,0.28400426411768004,-0.8279410445193103
65171,18.175,-0.8251518925256325,-0.11035621467046296,0.4873434985725737,-0.2635188314789255,13.782475449113516,-1.6731992233020765,0.25945979576900735,-1.3071828265022045,0.3290281542985367,1.1103033022263513,0.014649265847176388,0.29770994340508233,-0.8349511086967745
65172,18.183,-0.8242950599547604,-0.10272624405425186,0.48944176556564484,-0.26538977191419666,7.783449878007499,-4.290580683324271,-0.05733666842623203,-1.3910536359829635,0.020434742438455188,1.372308330129156,0.025606422450948997,0.30475832067717107,-0.8282772945730343
65173,18.192,-0.822861373632267,-0.09487193945595121,0.4927191104448469,-0.26669524384646226,3.921725554761003,-3.6535402453735384,-0.3138443114134198,-1.560521368204598,-0.2885760428623365,1.3485775852392967,0.022139988776923983,0.31910975283738346,-0.8172370990564829
65174,18.200,-0.8216032595209218,-0.0869611665992244,0.49609545609122646,-0.26701149393600476,-0.33161910728290034,-0.8822186985552315,0.3706915137516825,-1.7021555617385573,-0.2989720448165632,1.157831258068669,0.03211403274459326,0.33249868679894323,-0.8090723081358665
65175,18.208,-0.8207995875608939,-0.08015900311003771,0.4991808572846799,-0.26585906604967163,-7.943411271061415,-0.08039764182236733,2.2686229427616302,-1.6490778505533366,-0.2993316793414166,0.6940915431749275,0.027435578386970298,0.34197673134494944,-0.8000139729371472
65176,18.217,-0.8198275376982261,-0.07524498892211007,0.5022944843121023,-0.26442626780146894,-10.471981501383874,0.39095785099151126,1.75907795039271,-1.3126399337438521,-0.44428461830954086,0.42985197140412296,0.020849972932696387,0.3561437512209849,-0.8014397803961829
65177,18.225,-0.8187231611330983,-0.07392913802787683,0.5039637342190326,-0.2650423033530501,-9.355695747062605,-3.552584198925734,2.5130522994743876,-0.2617439134719188,-0.37617218371229083,0.3696268869005618,0.02061006725704722,0.35858981373900234,-0.802405682494463
65178,18.233,-0.8173937884260716,-0.077380794406428,0.5038142067036754,-0.26842289847002865,-7.266346686359008,-10.566323778472977,3.988900455062595,1.1267694480032593,-0.291967074935442,0.31871851917586114,0.031109531062932586,0.33735099481359215,-0.8027056484624394
65180,18.250,-0.8136087227755566,-0.09507255721326424,0.49985954810869115,-0.28132274570861365,0.004625355390382882,-14.905313902463206,3.6002076262258695,2.6854404396435507,-0.2970299472153386,0.26035017577994546,0.036314157734749684,0.308382913077354,-0.8204002692059174
65181,18.258,-0.8108894440751011,-0.10606504268117087,0.4976389607054061,-0.28907435202151494,6.997986630296227,-5.674607264077402,3.966999917006702,3.297653693409276,-0.46904208702926425,0.3003292590371685,0.01923978571614105,0.2935069015298364,-0.8239645718856705
65182,18.267,-0.8075690937158742,-0.11631042005233491,0.49604593228849103,-0.297056355128472,3.454441231195715,1.1541195309551042,4.848301522859684,3.1497122846369683,-0.5942720668940448,0.5021937291266511,0.02611139580261807,0.274746935610644,-0.8320812271122872
65183,18.275,-0.8039656237602958,-0.125134947656724,0.495423016594265,-0.3041982171468239,-1.8526061072536868,3.5633877875077054,5.866182416747113,2.7157756944633045,-0.7485025672259271,0.5499509882727134,0.013945611303996243,0.2542838604219808,-0.841510295671032
65184,18.283,-0.8002660018743923,-0.13279060532569564,0.4962735212372517,-0.30927911908176003,-5.756936357449243,2.2861009386401645,3.04518044307923,2.137053335258891,-1.0111578035406172,0.35479265806625776,0.01663257836022878,0.236462970924155,-0.8418281387386878
65185,18.292,-0.7959481293546176,-0.1408425233268921,0.4988948352491968,-0.31262421908975085,-5.546875155418589,-2.2447085826950555,-5.3971944063935,1.8956784573046568,-1.5225119588346405,0.07229467109543405,0.0039634052413546955,0.22159867026528035,-0.8478145179848671
65186,18.300,-0.7915800411312107,-0.15051629706021516,0.5008849699405685,-0.31600653425147446,0.06624239408568572,-7.354531548028618,-10.718726796246301,2.2559015366094255,-1.517834637214739,-0.12622358930216043,-0.002858302109479505,0.21013941705648284,-0.8510733078670203
65187,18.308,-0.7884977925058884,-0.16225797290093866,0.49867647157135575,-0.3213492774918935,6.616513808479132,-12.122956300330166,-5.849874035492927,3.1581054503617314,-0.6633503540383091,-0.26759223587837055,-0.00476912069458681,0.18552717008033148,-0.8607214379678475
65188,18.317,-0.7858692881413347,-0.1755545302126562,0.49368516668771273,-0.3284281124851693,7.75260533553211,-13.037597674998803,-0.024832882989031427,3.8549333026082753,-0.1236403712138441,-0.2661920629375959,-0.01404815754630516,0.16843518076468084,-0.8603558406862417
65189,18.325,-0.782485966000282,-0.18988793679865706,0.4879622193475093,-0.3369735256075885,4.3732208792210425,-9.494792811059897,-0.8369912095560791,4.317115563501618,-0.10502023424430734,-0.09457893328860328,-0.010584484763380923,0.13259610750734502,-0.8707666846299059
65190,18.333,-0.7780814003658856,-0.20445437158995855,0.4825166308435552,-0.3463602825120138,-0.9931514000492903,-2.034182912973152,1.6216229230540322,4.482014389612747,-0.24526721608223487,0.1400413853787574,-0.006886564377641583,0.10870924744677597,-0.8789218555616057
65191,18.342,-0.7730375364379406,-0.21766400215801315,0.4788763232983638,-0.3545600321620545,-4.727069482800541,6.610928069650663,4.2271464561855465,3.9753614047906796,-0.6129055986682068,0.21264953457957803,-0.014712141512488508,0.07207335085313579,-0.8759580283146166
65192,18.350,-0.7671830623520525,-0.22957180576956937,0.477419314462509,-0.3616596922715802,-4.508103367643009,11.75180675511997,3.9629717101484623,3.4618707239691195,-1.0458036474263397,0.35410700740076895,-0.019596514728494184,0.04668067578478019,-0.8756129695666316
65193,18.358,-0.7610306248215951,-0.2396726140600379,0.476850424777055,-0.36878597932028667,-0.4691905914446283,12.048592970641918,2.7411183536348003,3.0749625562460174,-1.0962427662460366,0.636041389626164,-0.02271848336149862,0.02671758711727204,-0.8874414234261608
65194,18.367,-0.755098925735181,-0.2471702593688976,0.47703671189925073,-0.37572390227058927,3.878957949503602,9.071986710425056,3.560755889467443,2.4974397712603036,-0.975467976728919,0.9321793563726173,-0.029810929154552582,0.006928370934162138,-0.8846377142747277
65195,18.375,-0.7498173966287898,-0.25182136651888387,0.47830722921199825,-0.38155217934238966,7.0007562095535905,6.190576027556246,3.8719994926544556,1.7204054555502786,-0.9189165836051979,1.060833357239504,-0.03199299991980481,-0.0016000573906987262,-0.8881062375823875
65197,18.392,-0.7466526589226429,-0.24914483537062734,0.47540822664631033,-0.39296777981012754,14.748639118279227,10.176969865733358,15.458978809956381,0.653320414953379,0.5501087370626833,1.2261898756042982,-0.023936246734605957,-0.010633156592171797,-0.8881142242615985
65198,18.400,-0.7489854043388641,-0.23904735363073784,0.47449668997611544,-0.39589154829473194,17.524435765717335,16.10602660666406,36.29283317715934,-1.5165967721790605,1.5400924992035467,1.3896597633912984,-0.013429948696202558,-0.0003699995985042102,-0.8899720694894591
65199,18.408,-0.7559402749459412,-0.21764205173565462,0.4738581843359319,-0.39578360143998337,25.96024313313343,20.194176776974626,43.766096224093765,-4.186023779598395,2.9404209084556023,1.718773701434299,0.019558842348167144,0.044097044537157654,-0.8966942761283276
65200,18.417,-0.7576612856172392,-0.2002950073280317,0.4831989963564296,-0.390320402024331,14.103228094591906,1.9219041571274291,31.663514148511407,-4.734923875315055,-0.14940774620945138,1.3195064279430195,0.0075506330168057635,0.06553198663538776,-0.8863900109662768
65201,18.425,-0.7611460244341193,-0.18591051001602524,0.4892173907354428,-0.38309314318546783,13.238191763898872,-4.603242571679946,18.926419566795758,-4.1787508123293975,0.30889838849254236,0.32724508471539754,0.006566898757812982,0.10141321909183822,-0.8847573337803073
65202,18.433,-0.7651573088843076,-0.17339332148499884,0.49362165983232087,-0.3752421960143996,11.63126761682816,-5.16762570603961,22.52877197852388,-3.787897239951806,0.4455527096801766,-0.13173558226019214,0.016529857761880457,0.13261250275144518,-0.8740656995241338
65203,18.442,-0.768827374968188,-0.1631338834691455,0.49552875620443093,-0.36978785179923157,16.383814425485514,-14.415916551613346,19.15942432206996,-2.849758146043452,0.7788959913890968,-0.03502913048624097,0.01021608743021421,0.15388996760937718,-0.8818039968718413
65204,18.450,-0.7722596852023105,-0.15431043559536756,0.4953294335595842,-0.3666769972702654,19.871925858918253,-9.52721653980869,19.337512770335927,-2.1087189178645067,1.0851090524250289,0.1557341694827572,0.028035849495294293,0.16292072463312168,-0.8811942126422234
65205,18.458,-0.7744500568195601,-0.14722992158763076,0.49376391143707665,-0.3670799087989407,20.420271046386414,-11.055374194659251,15.781058023321831,-1.1997307534373827,1.189250107698316,0.65880370683178,0.040193302365428535,0.17214409156309315,-0.869865929916036
65206,18.467,-0.7768346149958657,-0.1401459856482632,0.4911960732204357,-0.3682573845881798,13.331658987871476,-6.458619605421059,17.59952279649174,-1.0264305995681722,1.406804739469056,0.7428038479058947,0.060228459291103854,0.18388027307634697,-0.8733839277213524
65207,18.475,-0.7785830546463594,-0.13315949517885042,0.4901408254071888,-0.36856335565329557,10.536843120504253,-0.8962069869808261,18.554105677261497,-1.2238871530095485,1.031427387485025,0.6846405588830929,0.060499279931391654,0.1883040309905629,-0.8794651639964719
65208,18.483,-0.7797194886284745,-0.12688805560826857,0.4910718881145407,-0.36713123144255,9.622287003489948,1.6759781255866975,12.236511219909287,-1.452017788676897,0.44727595270780696,0.3905843405442007,0.05949248214137011,0.20047813131516407,-0.872575101060958
65209,18.492,-0.7807385881998495,-0.12184037224064513,0.4930909840835429,-0.36395530220549144,14.163088103380218,-5.369594361510191,7.696048925170649,-1.5228306862553385,0.08767239909948119,-0.027901821793654795,0.06560853408988798,0.21269907519433706,-0.8754193976411139
65210,18.500,-0.7823686924112578,-0.11821003434481639,0.4943475844765794,-0.3599251069834763,15.630960237083855,-8.96755093914824,4.314472902159613,-1.3112825178453311,0.13126740464911157,-0.4394863348520928,0.06585987135215611,0.2268672661592368,-0.8770593524044876
65211,18.508,-0.7842746772710856,-0.1163879892934154,0.49516660329255574,-0.35521416289793817,15.424004361736586,-8.225744624275602,1.1407167464390673,-1.0242952118294917,0.08968578461283652,-0.8121984684898942,0.06533728704712229,0.22853875602937151,-0.8692409619255421
65212,18.517,-0.7860564174194142,-0.11692069857290939,0.4958534841722102,-0.35010595698053787,19.902330955292015,-9.004036638588069,1.3412466436981159,-0.614445195902,-0.1336566704433452,-1.1685895604839356,0.06635335902464172,0.23370898045872712,-0.87824509755571
65213,18.525,-0.787259966757147,-0.11997840937251103,0.4969780459537222,-0.3447314140979874,22.315411927316397,-9.476852503882704,-0.5963657265107901,-0.1922423722712043,-0.4861393373274908,-1.4506871821722325,0.06338935599972088,0.237089435042654,-0.8704292195917253
65214,18.533,-0.7882010864006632,-0.1248345994938045,0.4974485078254676,-0.34014754479233167,17.432399225470157,-7.561556207039434,-1.7299207948900637,0.3045685875271667,-0.5386958971333846,-1.5234904075306657,0.049519511585799765,0.23787220531258685,-0.8809845787758579
65215,18.542,-0.788757650286937,-0.13039424383433026,0.4976923494872067,-0.33639416693903534,13.067872114552403,-5.888180220377028,-2.9969470223748296,0.5659451297075985,-0.5553171039539387,-1.4182028012858157,0.045612269278170484,0.23591793169367434,-0.8807669480225285
65216,18.550,-0.789575442864426,-0.13483820927960694,0.49791602472220137,-0.3323686352057829,9.08246584180928,-0.9259458136847992,1.1271144663773072,0.31780399222886796,-0.45569176366583164,-1.3665935274738121,0.027763533877644252,0.22954107124941017,-0.8747721927867227
65217,18.558,-0.7907074850959828,-0.13683929499771005,0.4991032120628656,-0.3270361815858398,5.554271139616519,3.5277821394851796,3.7932106493653364,-0.3899480443692698,-0.4306497652561403,-1.3042013801299486,0.023868010849872022,0.23052933340307727,-0.8772259992404129
65218,18.567,-0.7922330009711797,-0.1359317492295752,0.501088760931841,-0.3206235883265287,2.204493506924796,5.844098572116786,4.104981898157606,-1.144209392289722,-0.3584292320719681,-1.1713091370888509,0.020436950785346755,0.2434545845982752,-0.8742493006039436
65219,18.575,-0.7942759589798588,-0.13235535497791495,0.5033677204511041,-0.3134145800743094,2.6726838201006857,5.617239016063526,4.280868033210977,-1.7883544457490594,-0.15501527485349292,-1.021332911934241,0.022917513350774955,0.26473790490052873,-0.8831697190779088
65220,18.583,-0.7967885261121819,-0.12626817929702913,0.505283136968571,-0.30638756999622363,1.3242523628997898,4.843522688537977,8.785820787543976,-2.229187266590877,0.15016643223248397,-0.738260037274418,0.013827398170812806,0.2759061767384984,-0.870216296966955
65221,18.592,-0.7987602343616393,-0.11824948954849684,0.5081264239774063,-0.2996776325987514,-0.05153705141785859,3.137261110382545,6.777543098525557,-2.6124643072449074,0.07742775442862133,-0.36491494250061973,0.016735360192379083,0.289066197039038,-0.8652574973648977
65222,18.600,-0.8001425233397773,-0.1102278560063988,0.51098477087876,-0.2941365771774536,-0.7284155285848256,-0.6758159911366816,5.100667489130534,-2.451600661436072,0.020015367142730157,-0.10677012744009844,0.014061178272116,0.3100749312145637,-0.8678540558937717
65223,18.608,-0.8006523632741461,-0.10320768888834557,0.5146343089220133,-0.28888664596726,-0.7109387130255814,-1.8896604278901306,2.621731821279391,-2.2583360769359597,-0.2845315699906411,-0.08185471647930541,0.0096330877934753,0.3290813771277408,-0.8602137904656402
65224,18.617,-0.7996361146501968,-0.0982685083716227,0.5196307137532564,-0.2844456112050863,-2.046809977597984,-2.798611483039038,-1.026165108570501,-1.8119151012697368,-0.8732763627300975,-0.052884691053176495,0.004728712324145543,0.33809105455192795,-0.8553091713687325
65225,18.625,-0.7967002478053258,-0.0951713957051614,0.5262722126328903,-0.2815114185906956,-3.9212351442783073,-3.7814245174203407,-4.925329120692013,-1.338549060437287,-1.5001415987979436,0.18682780848120825,-0.0035935733198131548,0.3458800428948349,-0.8504254017411882
65226,18.633,-0.7923383302501308,-0.09346137555717282,0.533807215144764,-0.28020492278828285,-3.876272371467632,-4.1014294665144755,-7.968959753948652,-0.8925541131890808,-1.9233477768356881,0.42931932997789746,-0.018750767578294896,0.3587970964679828,-0.8457911631140063
65227,18.642,-0.7876384163045992,-0.09264239753892983,0.5408689953988459,-0.2801853692748154,-0.9950783374443731,-1.4512247030965326,-8.083524444133284,-0.5200754458118543,-1.890131104170935,0.5805961349669706,-0.03097071823700911,0.3675720047868283,-0.8428729290059392
65228,18.650,-0.7830423743443261,-0.09178807406292931,0.5471482206261814,-0.28115549809068724,3.395045910564352,2.602975822646611,-6.717782072200951,-0.3457287012889419,-1.7194876660975278,0.7352795209826333,-0.0465965412729816,0.3629322151890995,-0.8427195883851952
65229,18.658,-0.7793697400146576,-0.08978681324630396,0.551852098161523,-0.2828080590635344,7.53735985239421,3.846124459060762,-5.055756262132844,-0.3864125342231993,-1.1929201624590071,0.9258065731859451,-0.0512171003335048,0.36954384473870533,-0.846858621341365
65230,18.667,-0.7769542940094839,-0.08625455052214837,0.5549599488332504,-0.28446727883087575,8.530617056087365,3.6105372640459086,-2.2681113460102904,-0.5892767601592677,-0.6383008390661543,0.9976912247176727,-0.051266309522948625,0.36680445867213135,-0.8356412717080299
65232,18.683,-0.7754322259632658,-0.07607590610657046,0.5591588866536518,-0.28329959217049305,3.694105839272813,2.9163364875786413,3.0624734347517246,-1.1463227301559809,-0.15680540647920863,0.6637660277693752,-0.05370612568067382,0.39415023627053514,-0.836009092009643
65234,18.700,-0.7741163220056311,-0.06600992728118915,0.5663300306866529,-0.2750580045140686,-1.9552834091720808,5.268897678620353,3.6026597128299493,-1.7158741874912202,-0.5018301648660204,0.014447786301342334,-0.057176106264825145,0.42436711322079657,-0.8241603700480448
65235,18.708,-0.7734335545904417,-0.060477120579423276,0.5707986818946325,-0.2689459411617261,-1.104428098259861,4.73085807544526,-1.5974178961228396,-2.1385966037322115,-0.672989607047551,-0.2715219233605169,-0.07089298555895251,0.431642061976177,-0.8139315244272431
65236,18.717,-0.7734587248597199,-0.05526655156518303,0.5743476296107075,-0.26235855156070553,1.0159861177070886,4.037077018992072,0.3239748975709091,-2.095966886964336,-0.41930691895663413,-0.45433853869026225,-0.0745994636178665,0.4550312776933196,-0.8038256119138848
65237,18.725,-0.7741612765905548,-0.05046723968360509,0.5768350860176068,-0.2557120628469858,2.065396946052418,3.2207977263807477,5.1356212770900145,-1.9701956065144046,-0.17032585006071205,-0.5904235519161926,-0.08465426363726618,0.462062088632444,-0.7935818722834816
65238,18.733,-0.774812879084411,-0.04610773936824665,0.5790775732893322,-0.24941580320543907,2.2909151593522084,2.0715970085839794,6.948936554786831,-1.8245847753370956,-0.14043744315001308,-0.5769163956306244,-0.08564172703326636,0.47157175257778616,-0.7910991296094347
65239,18.742,-0.7756010791743443,-0.04153766631707711,0.5808261439518724,-0.24363616062178095,1.0565558403376434,0.44952728700196565,6.165561892715744,-1.7631550937391862,-0.025215416208036107,-0.4759730247434965,-0.09594734815840175,0.4908024277965262,-0.7793330943024164
65240,18.750,-0.7765832036447766,-0.03668888817959683,0.5820200404446896,-0.23838021273109575,-1.2162429515620519,-1.4480889281874256,3.360687361477904,-1.7112489156620017,0.14161996131438223,-0.347603396348745,-0.08744979661435714,0.4985633100066901,-0.7685161740632136
65241,18.758,-0.7778253903885972,-0.031823144448710455,0.5825622128406576,-0.2336583354267922,-3.1438298189097513,-4.445318640954859,1.4921687370716918,-1.604154104754217,0.2907635589423422,-0.2778597669105005,-0.09209292873627287,0.5090565517502421,-0.7675096249686184
65242,18.767,-0.7788116628768651,-0.02829415486555591,0.5829792114381205,-0.22975437666865772,-5.004465004825478,-7.863067533720863,3.1515862007310127,-1.2316693387504103,0.22423799264910516,-0.28962347399967736,-0.09775638598539911,0.5129100578114452,-0.756529424841005
65243,18.775,-0.7786458662222407,-0.026790490089723704,0.5846291187300453,-0.2262778782574641,-6.878677924319371,-9.130007969459927,5.724708118792325,-0.8535370730890579,-0.2916651575528868,-0.4319447664208105,-0.10192852643553299,0.5304645588045934,-0.7515806050108046
65244,18.783,-0.777077670077499,-0.027054407197751807,0.5881704873904431,-0.22242713746526768,-5.476080734089001,-7.486764752762483,4.010990675271925,-0.6709414656767351,-0.9265522607554676,-0.647775422187178,-0.10926342060680107,0.5321618126297427,-0.7491631829709656
65245,18.792,-0.7772042241149163,-0.02733891278168906,0.5897010291554561,-0.21785057741223068,3.2095413313009615,-7.121514276170959,4.601620923343037,-0.6736284602385639,-0.33473474073276965,-0.9053679625177117,-0.12123378554940728,0.5365480957003012,-0.7474856345893416
65246,18.800,-0.7913822205299621,-0.026587532738124166,0.5717249519741869,-0.21479726120711992,17.0445608195891,-39.116210803433496,39.41955264894809,0.27389231053152585,5.370424775240665,-1.3559726059967985,-0.09384605913177618,0.5209712901033514,-0.757450185055758
65247,18.808,-0.7925113650065619,-0.04314181939046077,0.5710847150630459,-0.2095871369537653,-7.412974674210301,-90.76500450586327,96.75671996109305,2.447698439018216,-0.6463536978661687,-3.3528945141375845,-0.10949434734417691,0.5150862185581923,-0.7521758550137609
65248,18.817,-0.7862852288574198,-0.06726709211512147,0.5776873588037569,-0.20858569624341605,27.961403782289707,-8.351767374253303,-85.21628198326627,4.17565624407922,-3.350995879833476,-3.124648266424772,-0.14579955077567347,0.4812283539636477,-0.7686111554947537
65249,18.825,-0.7903666795303442,-0.08484605673675082,0.5604401485007837,-0.2324403116776901,23.698863222649226,8.483795822475454,25.299749358565165,7.4389505313295174,3.312138241303328,1.5070766430849099,-0.12298022567359597,0.43667526900840986,-0.7946042186674301
65251,18.842,-0.7877303631038245,-0.08365948397404502,0.5660501817962257,-0.22818667242845989,47.18951072297052,33.38118485802944,11.219840094606928,-0.5239732444492273,-0.7230438690109317,-0.19366038015229214,-0.13739200419871,0.4425263789765045,-0.7929303538783626
65252,18.850,-0.7892607926170475,-0.08296802964555205,0.5644654202434473,-0.22707376916683594,42.65338203847278,23.1639326489828,6.491821556633345,-0.21836696339476153,0.48974665051516286,-0.2596289795799511,-0.1239749805288676,0.43641122268146076,-0.7904593708274716
65253,18.858,-0.7922219961559482,-0.07964493907311057,0.5604365708374405,-0.2279294683771626,25.335782407241226,-2.8117527898435255,16.44277180470439,-0.34619957820970465,1.3616906945650447,0.35922517942503573,-0.11271999726544976,0.4369264333578517,-0.7960228781483194
65254,18.867,-0.7931772702958481,-0.07490060961295374,0.5597395111814535,-0.22792848919778047,18.362475634286906,-22.687353598939136,9.389622240308036,-0.8727292695818097,0.5013592907943222,0.5562718644851633,-0.1093140067284687,0.44472596150053734,-0.7932849194457001
65255,18.875,-0.7927259356262685,-0.07061877310765692,0.5606298820603081,-0.2286760048874215,27.706571966642684,-25.505741611605433,-11.800914342228245,-0.7468236635626947,0.01865252772292556,0.7549672944456719,-0.1162153529011284,0.45149038393498403,-0.7783898539423025
65256,18.883,-0.7940421604417693,-0.06872607058136428,0.557148545198028,-0.2331507521907956,28.31713087548448,-16.44489911336596,-2.742359360247988,0.42250221765940665,1.0034261315968624,0.9477037277617693,-0.09568617401552527,0.44467794685710116,-0.783215388968806
65257,18.892,-0.794926197369519,-0.0660173664461434,0.555889215424728,-0.23392568956322948,29.66183740762996,-2.3257908919003283,1.772508487605998,-0.349639703947918,0.5221202099321384,0.4322333688185859,-0.08615739218894215,0.44981303862052785,-0.7848579753823248
65258,18.900,-0.7966530772738815,-0.06103962218263137,0.5543060236860942,-0.23315846778354002,29.890791899905654,7.5233759702314975,4.609973508352938,-0.9810939477676441,0.7829600036154486,0.37518565862344094,-0.08060226454122871,0.4534095248879677,-0.7711441899267333
65259,18.908,-0.7972319913043308,-0.05510804671165778,0.5546180691359447,-0.2319117345381085,22.153344315348235,5.256349595001302,2.8090384603974896,-1.3184789863422675,0.3310003686181734,0.5206704930000806,-0.07473335835383896,0.4558614428503067,-0.7733039942152161
65260,18.917,-0.7969242516411549,-0.04900503464871199,0.5558075574061707,-0.23149125870203133,14.514373454226181,-1.6083975041802454,-0.9921009527987857,-1.2751554554562405,0.05174369453390616,0.7503037374607486,-0.07304625210752488,0.4768338732710392,-0.7683130751591585
65261,18.925,-0.796164668418727,-0.04379291779288267,0.5572270047736165,-0.23173706277569955,8.197038799769429,-5.151791072741972,-1.1006419153611544,-1.0253787449641427,-0.07902154387480323,0.7996273259092225,-0.070376775426327,0.47583975567305065,-0.7646439463990028
65262,18.933,-0.7954954457012644,-0.040029700967843154,0.5582452720190554,-0.23226458011789694,4.900773612207023,-5.036094461886167,0.41697934925325514,-0.6880634742249625,-0.08261178326004373,0.635208739515808,-0.06332351971522746,0.47483392718641915,-0.7585141848631474
65263,18.942,-0.7955605402052395,-0.03855710134956172,0.5578798175970986,-0.23316707726798647,1.2202403984385282,-2.6302870593305103,3.6523340303641834,-0.13377395451801183,0.16844898300365585,0.3558047442685046,-0.06503569548908575,0.47458627610357024,-0.7577904465801165
65264,18.950,-0.7954594108382294,-0.039072917890916735,0.557158015601094,-0.23514373997161342,-6.007937324963805,-1.5312278426739625,5.989352871090134,0.41301863851332027,0.09862130554302341,0.28442323524313,-0.06453651891949054,0.4655648877907401,-0.7602729891105982
65265,18.958,-0.7948624993893803,-0.040699300930831454,0.5567926240839106,-0.23773756062928347,-10.555352837687114,-1.786856121296388,6.733570351622355,0.6900172486644931,-0.07860030315525326,0.2988838395390154,-0.06231569716812758,0.4648582382969865,-0.7656378435674054
65266,18.967,-0.7938705652373548,-0.04319488876001374,0.5565671650289051,-0.2411155698963063,-9.894095687105303,-1.271305550115705,9.119674812952981,0.9587262734175682,-0.215120069468294,0.3413011810834483,-0.06133478816755855,0.4614449932248593,-0.7666264964989193
65267,18.975,-0.7919136019104447,-0.04702002588199528,0.5571820622054204,-0.24537749251265384,-6.573528952372599,-3.9756157996358574,10.245397409150833,1.2897561104951618,-0.5562777617798877,0.41127030718416185,-0.05351145818588723,0.45217946709577317,-0.769078079932602
65268,18.983,-0.7889268783648953,-0.05183445999502942,0.5587376226632197,-0.2504392907894025,-3.293538513607214,-5.964691349640316,7.352773487156937,1.5430684765402263,-0.9388737680405163,0.48841120801213045,-0.06348755166771329,0.4343937102638763,-0.7767756793157304
65269,18.992,-0.7848077456148769,-0.05811392391547433,0.5613065901668045,-0.256192283461771,-2.5883889026086093,-6.7008723485313535,6.431785569876644,1.864705259162975,-1.344700463121186,0.5186149605485525,-0.07054268222207502,0.4227020301274657,-0.7824780659523555
65270,19.000,-0.7803211496277374,-0.06550933857597889,0.564062557802293,-0.26199400926074445,-2.391205736010231,-4.297551313894404,3.272981299758504,2.075919440545486,-1.5166510980131436,0.387630908374704,-0.08220982957592307,0.4188520373328554,-0.7942667138940214
65271,19.008,-0.7760095370793736,-0.07378299610585706,0.5668042501917829,-0.2666424756336287,-2.1912231762328256,-0.7275078437944053,-0.9872033793101613,2.0795711954078433,-1.5465806177882018,0.056572730919428556,-0.0800153459846148,0.397364396235732,-0.7936277232688157
65272,19.017,-0.7719418907319856,-0.08253090666782693,0.5695783300542336,-0.2699535010151645,-1.6434656674888184,1.2818722884443745,-4.775818509261354,1.9791023180185683,-1.5944562098606376,-0.2860925944110586,-0.08875361732883766,0.37984151464191984,-0.8052249640189831
65273,19.025,-0.768112092455668,-0.09105170694165482,0.5723238042819005,-0.27232124988454265,-0.2737821984796869,0.43769995044547216,-7.186785080985632,1.8035402135130192,-1.5419470388594019,-0.43058633043561906,-0.10313837955983575,0.3742474244675885,-0.8097095265545758
65274,19.033,-0.7647153869127753,-0.09922414360989779,0.5741563743241083,-0.2751534193258756,2.591511759482951,-2.144321370980177,-7.177776722319855,1.8544675897942797,-1.29990753283459,-0.36078894119996696,-0.115864479729903,0.3671334662190991,-0.8027192515610561
65275,19.042,-0.7619209881487456,-0.1071171924594941,0.5743576892557483,-0.27949160933887174,4.832611143994604,-4.92292225493926,-5.6585994130466535,2.1043504287763266,-0.8430123683427784,-0.11375567091698816,-0.13094591328756494,0.34253527230931924,-0.8153548415810692
65276,19.050,-0.7594148347889891,-0.11503479779253192,0.5729294171426635,-0.28602095547671297,4.975784416783077,-5.932558695484075,-2.522658291685347,2.515013509424956,-0.4674693013140986,0.2049208463524787,-0.12848385286071928,0.32693270275735503,-0.820057654364089
65277,19.058,-0.7566507208179531,-0.1234294029430154,0.5706118843053406,-0.294358534213485,2.672754292016671,-5.470630836707266,0.3933410631065593,2.919159916430592,-0.30399633498408457,0.4733096247933311,-0.12011746126319166,0.30991449204015514,-0.834995479091632
65278,19.067,-0.7533278674715247,-0.13232210465737465,0.5680357930509496,-0.30384753170435047,-0.34969450126640156,-3.900464398136952,2.9581274498644317,3.2035344431356187,-0.35256130005896635,0.631387386765017,-0.12256583237531953,0.28573665060875814,-0.833413177562005
65279,19.075,-0.7491846103424223,-0.14194314463867938,0.5659145290496576,-0.31355272144674506,-2.29156846071328,-2.2491492897990515,2.723715059366026,3.3570124776515153,-0.574087201537556,0.6594577861130644,-0.1298583515896618,0.2586713145814035,-0.8406552258956169
65280,19.083,-0.7445697668451853,-0.15182771369408432,0.5641483878172908,-0.32295635026685177,-2.858674473035518,-1.340441026051724,0.39181861259798106,3.3529330350070827,-0.752156445818096,0.6049161673798357,-0.1283481343551125,0.2394336128294777,-0.850995004609271
65281,19.092,-0.7398619258780313,-0.1619214503627551,0.5623745531651887,-0.3318442955675548,-2.686853139069399,-0.7371081445271023,-0.10220340674027151,3.323634592296628,-0.7790668497209743,0.5046064341978093,-0.1288089476606481,0.2067484226727772,-0.8572574576963934
65283,19.108,-0.7311646862804693,-0.18140727909040888,0.5576625388837433,-0.3485715039344653,-1.489609097715368,0.232801622881299,1.2854748144795758,3.2228155533046285,-0.630571924972191,0.4014878652599014,-0.14242203034014067,0.1675054730542286,-0.8706892927385951
65284,19.117,-0.7275362883428674,-0.1900532345257789,0.5550230026244021,-0.35569675813586893,-0.7611028623480424,1.4328909256148568,1.6725509846267714,2.855776605130505,-0.4581686317925682,0.25409530010261683,-0.1416883492987677,0.1582294071253638,-0.8709747161369028
65286,19.133,-0.7209656801237817,-0.2062850595834185,0.5500411214740211,-0.3675727505731622,-0.6095852890999153,2.77449474336839,2.1918194495593983,2.5764149035139865,-0.4267041964168204,0.10689164989883887,-0.14559031098085565,0.10891708150823884,-0.8719608163055861
65287,19.142,-0.717609555018996,-0.21391772470605294,0.5478963763535911,-0.3729414087770735,-0.356294945750219,4.147075700365908,1.873737361110849,2.389742264832384,-0.5153635737284336,0.08321122106669188,-0.15092766933707602,0.08600443053496529,-0.8796626592077766
65288,19.150,-0.7140198091997049,-0.2214328922317457,0.5461696093432366,-0.37794436645908336,-0.21874932185389928,4.10415709425819,1.480903047580294,2.2966289037125556,-0.5925252593289313,0.09240971386626261,-0.15871939594528892,0.06942530971797695,-0.8844151385453323
65289,19.158,-0.7101857038355099,-0.22867788038942088,0.5448092258187587,-0.38278662535546937,-0.31696845205271046,3.7076875111253305,1.5093187130985861,2.2082587686179447,-0.6940867352179095,0.13539922271161903,-0.15947077013809466,0.05426768551054583,-0.8800965199657989
65290,19.167,-0.7059688290400868,-0.23557812072809228,0.5441057340503941,-0.3873756724827604,-0.6194311239959293,3.678541088717648,1.4138176018268327,2.078341640666939,-0.8150190204186343,0.21708711537864786,-0.16582670721274467,0.04351625288436618,-0.8782228097943063
65291,19.175,-0.7014835746263376,-0.2418648026776861,0.5442878619604288,-0.3913731404653166,-0.28681485903921927,3.2420306366530864,1.4670492451074897,1.829244002064437,-0.9996338930921443,0.26781206964010523,-0.17408212889608882,0.02940544527381695,-0.8885808361109746
65292,19.183,-0.6968984651888012,-0.2476164901446579,0.5455700386831692,-0.39417246976061004,0.8397786336829351,2.7315369106000773,0.7961572094533278,1.4858340785000006,-1.194065719617594,0.217822029176182,-0.1885312843084461,0.03008867299028459,-0.8783868226026993
65293,19.192,-0.6925353650924597,-0.2526719250525456,0.5474002520007639,-0.39611189138423286,1.1599050787707612,2.2864133999722505,1.1425681091025792,1.190541024975183,-1.2656310899498946,0.1731896300900521,-0.19048726442847627,0.013972063850793788,-0.8777402753692094
65294,19.200,-0.6883479804067922,-0.2570869994604054,0.5500861672511885,-0.39684825963740017,1.3010360356408688,2.002123246890379,1.0015634201479489,0.8347222315551869,-1.373678553122795,0.09979914685577086,-0.21073763253094188,0.0017792261043638985,-0.8808173483367671
65295,19.208,-0.684574446305123,-0.2611919238320074,0.5523427616944273,-0.39756015896307206,6.059774543812293,0.18832806018543732,0.9875157772662266,0.7940314089712616,-1.243886272028312,0.06600186369131632,-0.2105094564099083,-0.0031210965537211274,-0.8771776668762759
65296,19.217,-0.6805583515510911,-0.2643689129971532,0.5520235391574508,-0.4027647206383001,22.765386251033505,13.647375881360352,12.68349480317386,1.5027284816075561,-0.4555642387703565,0.786303239350159,-0.21030168567638766,-0.0053581539214114645,-0.8688865296872114
65297,19.225,-0.6876584067932774,-0.2521157962623958,0.5430540488026064,-0.4106772953556187,26.57310130819565,15.466640269165367,40.34447961745543,-0.5259355477594578,4.073639877792598,1.6339573542214305,-0.18047065542084884,-0.010434691241623328,-0.8792782846930889
65298,19.233,-0.6877326617411416,-0.24227567535307365,0.5532347365538348,-0.4028121266507078,2.7448259601150222,9.40314622463541,17.786498712033882,-3.6494150246841004,-1.1762206144938219,0.6083770159466011,-0.18464103405006407,0.025188350332199568,-0.8747310760550109
65299,19.242,-0.6913828342884618,-0.23456495852457068,0.5533069351499378,-0.4010243037505368,41.95594955932692,6.492629485020107,-0.5792105309912432,-1.7252270012151545,1.0860378305946907,0.37416001278007593,-0.18170417061636115,0.03911240348084328,-0.8763604208320357
65300,19.250,-0.695475878611558,-0.22312570094367934,0.5547997494854645,-0.3984036418241421,41.429197376790064,-0.5962415796108032,37.828005012570905,-2.611768672628367,1.250515789469117,0.773359749026621,-0.1816991701280713,0.05596376824683077,-0.8775002938134561
65301,19.258,-0.6973497707020772,-0.21211696319841,0.5593688558725586,-0.39473557517035374,42.34306843046655,-8.361573795679643,18.366811199506902,-2.8571286855911904,0.3170432512460559,0.92200701239014,-0.17633824991503472,0.07890218317511882,-0.8751694311876038
65302,19.267,-0.6991559063338061,-0.2048021368600807,0.5638248530162027,-0.38902267092980114,28.160534469027407,-8.406748551266945,8.850331626099196,-2.499823281996684,-0.10325644727839481,0.08662868227060519,-0.1663417664578334,0.09475708816538916,-0.8721197743002613
65303,19.275,-0.7016332547849269,-0.20131429036425447,0.5647892041433762,-0.3849629685543004,26.880756630303555,-13.4509158737681,7.686369177633049,-1.346284093041918,0.2668101138802087,-0.39813075942629705,-0.16850821927270593,0.10748621618776726,-0.8791484458636797
65304,19.283,-0.703616460949114,-0.19982686152624862,0.5653757387326781,-0.3812392625982957,25.453466309251777,-12.923158131192126,6.438799077767655,-0.9026473858548203,0.12225548007438634,-0.583401010997678,-0.17146161511029537,0.11576113798545773,-0.8737505010188417
65305,19.292,-0.7049749046501768,-0.19906388271104614,0.5652226104693124,-0.3793512291106131,29.147867301239156,-12.041831744525703,4.734238072905804,-0.4353443167706802,0.15723475129175962,-0.3572003241349765,-0.15925997922590338,0.1120932152972958,-0.8724938395565898
65306,19.300,-0.7054593252113865,-0.19911605562746362,0.564804810840724,-0.37904546233246234,33.54656227125168,-10.059398724385847,3.6608612509066276,-0.013174918228709448,0.11390736948051501,-0.12981300556470088,-0.16194987156937274,0.1162388738181911,-0.8715091704329805
65307,19.308,-0.7054104163899426,-0.2001535532454889,0.5637816704754103,-0.38011173042637,29.315422386923366,-8.27928461509883,4.04245934578129,0.4181415163031861,0.09348579893804841,-0.019113521697783693,-0.1582726596765223,0.10941941020712244,-0.8749437920579539
65308,19.317,-0.7046947211140778,-0.2022290965863624,0.5634890482816498,-0.38077399464046463,22.675503179774257,-5.3684758107555846,4.309086516505074,0.506670726715555,-0.20794938248493686,-0.12515665885864524,-0.16656143114210567,0.10235229551320486,-0.8776996576440489
65309,19.325,-0.7031819588391256,-0.20506608139710988,0.5642579062197577,-0.3809147546264123,20.65155502043192,-4.789812563738314,1.5246000837472806,0.5038861791763152,-0.6169688623968959,-0.19598686560195913,-0.1778111262239955,0.10501673189246385,-0.8733416036499868
65310,19.333,-0.7015729713162608,-0.20821900936073456,0.5652270057782114,-0.38073434570354353,18.58045396547626,-3.369270377046517,-2.43569330198252,0.5022256224608199,-0.6823701869207305,-0.2680166012326144,-0.18513513578945254,0.09842501085355107,-0.8734053529194683
65311,19.342,-0.7009956621645882,-0.21100804685763408,0.564791880602231,-0.38090788570670553,15.65513788972753,-1.2665632606169357,-2.8471349690543493,0.5632635382699968,-0.28079016566779935,-0.33159914445254357,-0.1748822861760251,0.09305280780705413,-0.8731419989153175
65312,19.350,-0.7009786810946421,-0.21355657486864363,0.563582822495125,-0.3813094283775551,12.038147952017878,2.457018966403501,-1.8232428970742995,0.5982145087478875,-0.01571617410252941,-0.3465777495126053,-0.17854111137124384,0.09134735635985482,-0.8738986679470043
65313,19.358,-0.7018122653796374,-0.2148189489733343,0.5616080912595782,-0.38197999313637715,8.51473856530195,5.514122718912454,0.2477178116118712,0.4431002571267638,0.3354852271067308,-0.2507083196656211,-0.16922626937016855,0.0865055881449846,-0.8824261326267406
65314,19.367,-0.7032173143810818,-0.21431214616921673,0.5599822240399825,-0.38206756145770565,4.466257326689519,5.976669637376368,1.9785909185943138,0.007603440836669955,0.511035134081187,-0.13850702577568166,-0.1702155716477762,0.08160877875349248,-0.8795242125966342
65315,19.375,-0.7053559242291955,-0.21147947285839158,0.5590470838347992,-0.38107192335584267,1.4154196474741778,4.61906764347981,3.4087801012265198,-0.6331929487734718,0.626617110263893,-0.042477866844027226,-0.1628668367591848,0.08383295414367556,-0.8850966584673218
65316,19.383,-0.7083074385194905,-0.2062894304273474,0.5591004479352967,-0.3783542421467869,-2.0064380397005004,3.7820918185127286,6.685457345111908,-1.3929305223857278,0.7210359298366583,-0.03473364401211697,-0.16045694435206728,0.10430656913211739,-0.8779076493450597
65317,19.392,-0.7119516522841094,-0.19877211090638594,0.5604413772421287,-0.373523701270338,-3.4530663069476133,3.337590425223248,7.337429766671839,-2.225611826529284,0.6765729188852042,-0.08114688300345368,-0.15996244219726183,0.1138349704992883,-0.8793246481098346
65318,19.400,-0.7162981561752012,-0.18912733410509092,0.5625764429358929,-0.36695442333879397,-3.305335997473211,3.4521380191286464,4.919304362113096,-2.925770616735196,0.7680219677513807,-0.1102948639308457,-0.15169874025922264,0.14162686453108952,-0.870854125184651
65320,19.417,-0.7245823572564415,-0.16740889406889045,0.5687407890298107,-0.3514094259308905,-4.662949995661897,1.3723586772352634,6.500453349783016,-3.3725061326609076,0.617246107657904,-0.09220919158428409,-0.14881075994146345,0.1882126860591478,-0.8613404495440542
65322,19.433,-0.7256292482954932,-0.15156690711575793,0.5832368616575103,-0.33215121539651116,-5.697433414925216,-1.48290291585244,-1.1441069382730136,-3.3220168578622022,-0.9252177768399973,-0.3371065314136828,-0.16641959752249172,0.23065987559949652,-0.854378001381954
65323,19.442,-0.7252217840579992,-0.14477376432844527,0.5900384197814367,-0.3239576890146767,-2.6586303633414436,-2.5749686606520785,-9.570636918574934,-2.8555916385412963,-1.0276373116976487,-0.19319106247232956,-0.17014646555678095,0.2559799431582657,-0.8396241463728098
65324,19.450,-0.725184810594726,-0.13818821045328958,0.5951187905113641,-0.31756044173464093,-0.02643051544381588,-2.1898937854081604,-8.778770485363715,-2.440767425449983,-0.6022500810221421,0.005658526925042964,-0.16721710935227804,0.27038407431737144,-0.8395422007248989
65325,19.458,-0.7256243153632632,-0.13181277612562775,0.5985947661708233,-0.3126964197373355,1.278452799134543,-1.0237031473530245,-4.249695413218282,-2.079978797536336,-0.24427611853223613,0.1398326569897834,-0.17676327880631082,0.27719299812866144,-0.8339360640354847
65326,19.467,-0.7260714666421616,-0.1257301952002585,0.6015309254679567,-0.30850071158535236,0.8963996319820614,-0.3803745799575489,-1.8905747660867236,-1.890537005692173,-0.12488130672339916,0.20493842370405377,-0.17409215846391704,0.29988259088523633,-0.8306416116827477
65327,19.475,-0.7263870839173904,-0.12013150385405368,0.6041542175856764,-0.3048407903696502,0.6794271612067846,0.20633907428754267,-0.08575677603482655,-1.703964567407629,-0.1325881295300315,0.21756235790616044,-0.17166377661158283,0.3069485344902896,-0.8276673147690624
65328,19.483,-0.7267011344706823,-0.11463792506922928,0.606646331602465,-0.30123717507657904,0.1352002726871616,0.1704027846458736,1.8505652750486226,-1.6655320024804818,-0.09237048972683456,0.21850754883642595,-0.16778039926614555,0.32328117531329326,-0.8224448716679004
65329,19.492,-0.727092131060082,-0.10874132385126677,0.6091663850626936,-0.29736958947954384,-0.3081596505904609,0.39304609842764027,1.9093498287395594,-1.7806678723487974,-0.08775497256606499,0.21566490914057176,-0.17391502799532743,0.32861824569386133,-0.8153659545600392
65330,19.500,-0.7273597686616644,-0.10267117592547094,0.6118275374629244,-0.2933827891485538,-0.2523869156343948,-0.33011848314387665,0.7947134036585752,-1.832850016522977,-0.09742573650777192,0.2441677505747752,-0.17075210987805722,0.33666308274166734,-0.8128720312527435
65331,19.508,-0.7278438420516792,-0.09671223796523669,0.6140935353327431,-0.28944639309851344,-0.25545348963803377,-0.977522808781563,1.3234698810942152,-1.786212795974313,-0.02659474099933289,0.1994177276123804,-0.1756513615619951,0.35666481734169725,-0.8091353909995558
65332,19.517,-0.7283622667678658,-0.09158270837820612,0.6160570928770598,-0.28561280466875855,-0.6439099290172214,-1.7085874962660694,3.3513853196614543,-1.603934635890954,-0.0012954074733137386,0.09650204900720603,-0.16665174926015242,0.3710326447460098,-0.8014584707260214
65333,19.525,-0.7288023678075009,-0.08747368016265843,0.6177693179326146,-0.2820576781051234,-0.9239742806866328,-2.2064151407318806,3.056096567513032,-1.368287716358079,-0.05645591783773546,-0.01926701245347524,-0.17208183467954363,0.37755995589738633,-0.7880229630679781
65334,19.533,-0.7289395264791916,-0.0843528001811277,0.6194675240636207,-0.27891173956716553,-0.40226779152096487,-2.3413721928788966,2.6149085118488222,-1.1252919825158463,-0.13430054036754496,-0.062049606094939494,-0.1737468559154941,0.37589900582703023,-0.7980482118031986
65335,19.542,-0.7290073758935456,-0.0815671086306627,0.620906473850974,-0.2763515938300161,-0.4243611510338865,-2.189896419700551,2.8466156881023665,-0.9631026368114816,-0.13285371633537574,-0.024096979780968066,-0.17282976229120078,0.40220148009514506,-0.7844900007087526
65336,19.550,-0.7287529284207337,-0.07924158295615776,0.6224896545646569,-0.27412874859959835,-1.1297492842217953,-2.0164356439484554,2.25352864564526,-0.8329931479158736,-0.20669270226059372,0.003697945606364858,-0.1774554605492536,0.39855346591767615,-0.7874575415884152
65337,19.558,-0.7282157145137835,-0.07721448948982529,0.6242181839446916,-0.27219745513284443,-1.8295499902734615,-2.3216563212144155,2.2235323098170805,-0.7438500057899273,-0.3117629536073425,0.01749006186715426,-0.17623591208693862,0.4019702242563962,-0.7871916560059018
65338,19.567,-0.7271724694149401,-0.07572540613398801,0.6264843936256278,-0.2701909827036236,-2.508315595779838,-2.4264606136622424,2.739541129555249,-0.6845082204233205,-0.49487999222641615,-0.01851444710288574,-0.18872563294196606,0.40729909701491424,-0.7784316367794385
65339,19.575,-0.7257512461638967,-0.07447067161380817,0.6293290204857948,-0.2677391113291618,-2.886484913735658,-2.1142796301911186,3.1962758097873123,-0.7443202927248556,-0.6999739759299547,-0.10993741792690884,-0.1884770411586609,0.3992472334339224,-0.7794457532027123
65340,19.583,-0.7243640973935036,-0.07283221968727879,0.6328114138692225,-0.26370786233928345,-2.5998052915211938,-1.3405331048776323,2.6706242504473825,-1.089444980980725,-0.7868230224699158,-0.3012212792489309,-0.1882609953078245,0.4109354003037402,-0.7730409483275368
65341,19.592,-0.7233979105334187,-0.07030660842344592,0.6366082342607156,-0.2578418118136201,-0.4678416974754798,0.6789760292665035,0.5619346814863818,-1.5534284126669606,-0.7783304422370125,-0.5200966644837625,-0.19634992967156517,0.42237474500184463,-0.7656971868591792
65342,19.600,-0.7280115577023234,-0.06264763567258974,0.6357793883615964,-0.24871472600355926,12.287492828227716,-2.5988398525406433,0.1079068350436774,-2.74882588119961,1.1628486331958776,-0.7139091347960612,-0.1998004217403176,0.4426030510851661,-0.7582909174869223
65343,19.608,-0.7369697983435795,-0.06255512696708626,0.6260050829125623,-0.2471437002781816,15.11039547815908,-18.54112762982604,18.29683340204673,0.19165893975789572,3.0263662765953168,-0.9800636586304444,-0.18027465813074572,0.4399116796620283,-0.7569974415398926
65344,19.617,-0.7386111255727126,-0.06815489134324801,0.6247796618225494,-0.2438419367932877,11.844359674109286,-14.3921275881285,27.808871153000357,0.5407867845179022,0.0716668035527338,-1.550268272026134,-0.18588223877265347,0.4350371209589578,-0.7587544444952553
65345,19.625,-0.7405426422625213,-0.07556322540897589,0.6219053947038359,-0.24314702135724778,31.345327767473883,-20.879582368053207,-1.8390395134007163,1.3431398381984219,0.3185608203158782,-1.4259208527111804,-0.18754149405080553,0.4138510010324409,-0.7700940567736722
65346,19.633,-0.7424416345132104,-0.08353621316359008,0.6185822443788616,-0.24322443826813603,40.9700009095276,-30.515662519080166,25.627609056246882,1.587295459937031,0.4011540484927509,-1.3627313628272648,-0.19191776585150724,0.41338263391062186,-0.7742659799743074
65347,19.642,-0.7408511105984901,-0.09212085135988268,0.6196343978557199,-0.24229443589090885,44.47551812533045,-3.388444279428992,3.702763818017756,1.3603827156359478,-0.9797132793310881,-1.3540871696448302,-0.19311773846297597,0.39582696182860944,-0.778994226465291
65348,19.650,-0.7394603465287815,-0.09273220178762323,0.6208652827855117,-0.24315722340662832,28.572870224746175,12.587433661697347,8.586058494569281,0.20204585399070746,-0.4438876567979666,0.16537766539724064,-0.20116691249566532,0.4009620535920361,-0.780713925297357
65349,19.658,-0.7378157133265488,-0.0876763934305296,0.6236652390870241,-0.24286311526861387,22.650302486223033,19.74054267255592,1.2123212026980765,-1.0601621561682475,-0.47908892957545035,0.8417810851096156,-0.1990223932885509,0.412623285417975,-0.7686854366322318
65350,19.667,-0.7372803286730406,-0.0814062386929177,0.625443660522729,-0.2420970234545948,20.129849787440858,12.564305759067189,1.4542086328295645,-1.3084081048705194,-0.044045673210640415,0.8710137881122793,-0.19706830342392073,0.41677479938319184,-0.7689010957337039
65351,19.675,-0.737014557417149,-0.07604079992910495,0.6270547589386052,-0.24047799939660452,23.36181249391754,-5.0547252977274875,-0.3103494155861443,-1.27485368242236,-0.07086037098653052,0.5499696722280787,-0.20075508747226567,0.42040993158315343,-0.7632844789135197
65352,19.683,-0.7361758470805667,-0.0723478514568015,0.6296360264016247,-0.2374223764137809,27.21990109315189,-9.841549847480321,0.4571711697844904,-1.2411312252246645,-0.42742204548486207,0.11183691582293175,-0.20100062553385267,0.43603358073467496,-0.7629664654860945
65353,19.692,-0.7353275682484928,-0.0690797477470525,0.6322894290418464,-0.2339475021172449,29.425661109499615,-8.055393073870762,-3.4571057590149445,-1.2358466935919346,-0.49863982833431,-0.04034052103491606,-0.2032267560162606,0.4345371344378028,-0.7563914733921181
65354,19.700,-0.7352393553885682,-0.06590464974985148,0.6339237535283762,-0.2306953448634082,27.38774105105615,-5.335827747392423,-3.9261754676837555,-1.1392877164320554,-0.18026867257400453,-0.06065577989364374,-0.20569967536202094,0.4572079897725489,-0.7492133446877568
65355,19.708,-0.7357007371862302,-0.06270175668762336,0.6348949459359159,-0.22742322360953782,25.918696059679128,-5.174138957407141,-4.379791521562363,-1.1210528996189757,-0.0016339290251354852,-0.11848144271829641,-0.2108500382635399,0.45229946949241373,-0.743888277085411
65357,19.725,-0.7379269813433847,-0.056155027539856836,0.6346125068770102,-0.22265971616508112,20.331616942130122,-3.452012496569706,-4.217839214135573,-0.9447488298814748,0.3349119616711436,0.01144486390266895,-0.195974043369383,0.4701039637461395,-0.7400754250597201
65358,19.733,-0.7401497786212737,-0.05236671881416173,0.6328307505795432,-0.2212719437444575,11.73247784481011,-2.646635452266003,-3.39101389707178,-0.8130612318781483,0.8055523711224178,0.1561657787674168,-0.19621834604134228,0.4779163738663324,-0.7400390215824673
65359,19.742,-0.7428279398972156,-0.04850795148579909,0.6303609253159701,-0.22022428155293064,6.027541014261431,-2.4341910578859065,-1.9821917845486339,-0.7409546537159462,1.0357848814125614,0.21853830941002808,-0.19039212547224066,0.4729973137864186,-0.7324685395145729
65360,19.750,-0.7455073999857561,-0.04470448118868198,0.6276810758724211,-0.21962853393803025,1.7986527264847665,-2.8091427846742953,0.6881864716342659,-0.6523268105494253,1.0567911478492336,0.27046558771709445,-0.17718201217497656,0.4791300364144267,-0.7384848149384245
65361,19.758,-0.7479590335701688,-0.04180697375966359,0.6248491480336572,-0.2199386351859321,-1.8176088357548406,-2.400413720104282,3.757420561967005,-0.34216301639078556,1.031114252424727,0.32247678906678967,-0.15933756588579612,0.4857463503194897,-0.7435018572282093
65362,19.767,-0.7502189416349424,-0.040004758759676524,0.6217405126140658,-0.2213817830426116,-4.779062939680475,-3.983114066944449,7.322548138473805,0.04012342940891781,0.985936714789956,0.3495483693220393,-0.1679175993408351,0.47862770771554314,-0.7355168332674409
65363,19.775,-0.75160729627499,-0.04033438460369597,0.6190090615241399,-0.22424850357548431,-6.289819008865938,-6.781702618310312,9.680797880819531,0.6256377053678922,0.7081704693055706,0.35440163181371065,-0.16373406326573706,0.47939642491910445,-0.7430633124161247
65364,19.783,-0.7511180997606254,-0.04336096189517082,0.6177377082561135,-0.2287827593897699,-6.884306581262093,-8.395309284608583,7.739128243549154,1.2986510598321859,0.01586771041673631,0.3516270232714236,-0.1656976841868277,0.4701074770127324,-0.7406750267402079
65365,19.792,-0.7492184711768956,-0.04886133955737966,0.6174752533304653,-0.23453904465672934,-5.569312960212853,-8.80325949914318,5.522347840204121,1.8856765111626679,-0.47747080087775184,0.3113585510770183,-0.1531896588322366,0.4601598942560429,-0.7536075993817984
65366,19.800,-0.7468823653787876,-0.056225075766060714,0.6170240465128694,-0.2414265916716146,-5.365559003086359,-7.969852019132865,2.870723396553582,2.4028353739794364,-0.6230866805425215,0.23991081135103623,-0.1631819764751941,0.44992484339511846,-0.7576068633528623
65367,19.808,-0.744133226342166,-0.06493361178921316,0.6166670996475876,-0.2485378356022253,-6.107179027457468,-5.259790506096729,2.8398969904013858,2.6776398605633758,-0.7537072606321309,0.12499305943811104,-0.17000032699893433,0.431633244597745,-0.7616308498090172
65369,19.825,-0.7381405041508434,-0.08173369703792,0.617791607650511,-0.25846030336794423,-5.464510054745106,0.3325889926878985,1.1195673146221963,2.2515633157172146,-0.98332287909798,-0.1911192047363954,-0.1806571707516686,0.4016968092185328,-0.7811087185104771
65370,19.833,-0.7348932045826737,-0.08981577444460657,0.6191067005071949,-0.26186255537250613,-1.2215780718439038,3.5330312131465904,-2.445534917916723,1.920170692510285,-1.179156524103731,-0.39668783799059304,-0.19086889107255647,0.38660593707636653,-0.7907475907827151
65371,19.842,-0.7320798081727117,-0.0972623204929748,0.6196789931846468,-0.2657012248443546,1.788894495696247,3.1185994452567343,-3.820201469947528,1.9125013505262787,-0.9079634143927231,-0.2507496583007018,-0.19621287061013834,0.3729634965876364,-0.796940119933627
65372,19.850,-0.7296624686299197,-0.10396152217327492,0.6195522825822394,-0.2700734213643473,2.429571848078624,1.6526668524174677,-1.6752429020944442,1.8943464582506788,-0.6913083312536914,-0.1058961388902279,-0.19887985082518453,0.35711444704168754,-0.8011783239821064
65373,19.858,-0.7273975607106102,-0.11055306610835024,0.6190780398863531,-0.27461461865087833,1.901249292419367,0.5660591217909803,0.0669661411677252,1.9217018214154942,-0.5705015549640424,-0.062035787361795804,-0.2076600193500628,0.34564933838856854,-0.8032250045752334
65374,19.867,-0.7254675977481754,-0.1166706984001222,0.6182790419030191,-0.2789547258889947,0.3723714692657233,-0.22862116603760882,0.971038351561727,1.8192968412261543,-0.4641634640947245,-0.07379757828038586,-0.20470754552196666,0.3302932488305889,-0.8084127752032436
65375,19.875,-0.723576183851183,-0.1223522860916417,0.6177241083092867,-0.282638196755154,-0.9087150028095319,-1.0304033089450502,2.3426590300178103,1.6306466065388736,-0.4642988500152738,-0.10202565510803994,-0.21643356669357963,0.32491401925090624,-0.8067809989196388
65376,19.883,-0.7218339696728291,-0.12791687290497916,0.6171655879938537,-0.2858314728100765,-1.4432786271703524,-0.14505195508180568,2.484653565588629,1.5310784187465463,-0.4748224765604249,-0.195288525459544,-0.2200502994877314,0.3078735578452846,-0.817132729057007
65377,19.892,-0.7202456832818768,-0.13351301317801847,0.6166771986253509,-0.2883221526722122,-1.8773147250822382,1.0834189581713007,3.0653290268759363,1.424443212865971,-0.4621143879290269,-0.3139419550197342,-0.22370805882683772,0.3064134153032057,-0.8181323624782043
65378,19.900,-0.7187662778778655,-0.13924653337712806,0.6161535940001889,-0.2904138242727127,-1.5727553562779983,1.534305731615778,3.6643971079781723,1.3855906983755653,-0.48990000528948324,-0.42662999226173604,-0.22178579566158102,0.29612566544338786,-0.811093051144641
65379,19.908,-0.7168850268601201,-0.14542194234282904,0.6161219704679834,-0.29209935716405294,-0.9962944132537807,1.6582304143961044,3.6504943746831233,1.3825641688882595,-0.6517738825620795,-0.5017773041157809,-0.23173852764438171,0.2878870474004906,-0.8241159587778709
65380,19.917,-0.7147503851020255,-0.1525208769012855,0.6155936490187547,-0.29481134373280743,4.192369610502612,-0.1499895518701718,4.724171786897508,1.7351941238042634,-0.6607446746736798,-0.4770423802213235,-0.23392364699397283,0.27154269568884387,-0.8268895501672778
65381,19.925,-0.7114416339910201,-0.15957904046419724,0.613453851701892,-0.3034134194475041,15.298688251400668,10.738619933769321,17.058751350197866,2.761906923763405,-0.3060944697247488,0.571520243859753,-0.23392854987205683,0.25005271241399185,-0.8257719276601779
65382,19.933,-0.7109713105615888,-0.15436684870557843,0.6125931049123602,-0.308901860455518,18.67572416717921,4.03600448693207,26.05665931315183,0.008770180998372278,0.6429442925907566,1.684307421251284,-0.23341582027837646,0.25862447102683167,-0.8313439136761427
65383,19.942,-0.7073849899249597,-0.15186656299666654,0.6163638558928713,-0.3108675284125319,15.01290189963715,-8.068663076568502,15.674726858318538,-0.2743344659422825,-0.9097245546918876,1.1077287691267323,-0.22929005106589684,0.25615615782039264,-0.8257223016098326
65384,19.950,-0.7033844258924423,-0.15386114633342868,0.617305251836867,-0.3170352080062164,41.65664549820112,-0.6289067123682768,11.435863649010862,1.3328050351169636,-0.705785077462401,1.0643827459568165,-0.23508305028724044,0.2601349703900754,-0.8408656674684049
65385,19.958,-0.7036637664570536,-0.1470771218390793,0.6157969727020645,-0.32252087129049384,52.112898363511924,-2.4194895269376144,30.568717688464464,-0.21480715987963367,1.0210994751640337,1.8438291158924387,-0.22022923801365293,0.26326660280228914,-0.8319962352892308
65386,19.967,-0.6995859361911891,-0.14395061781855487,0.618594765668197,-0.3274114436012619,45.8768405986285,-19.49873989240848,16.461711083255434,0.12998111890007813,-0.689623975491215,1.6885478296022205,-0.22902778296140444,0.2598381335749261,-0.8298539673808891
65387,19.975,-0.6980768489643967,-0.1462061012848624,0.6185947916326437,-0.32962550364312776,33.39286721106485,-14.72281386185795,6.052716611789797,0.7653325715122258,-0.3266118771141805,0.14723176179062042,-0.2263399606816088,0.2522722034487177,-0.8303667606566272
65388,19.983,-0.6975860005189983,-0.1510357018224423,0.6165990183458191,-0.33221625371116725,28.79864543957021,-13.150197953295702,6.999763274915103,1.3674975734993673,-0.06873054741042013,-0.3373276731388715,-0.22996219742721707,0.24230588327019953,-0.8394638522081853
65389,19.992,-0.6968188292822068,-0.15593873719494042,0.6147890006888809,-0.33490463423456746,29.760092296577913,-6.353797423315945,4.112851120508452,1.3947174235385171,-0.1079003798840529,-0.2919813530846048,-0.23484491670726845,0.24010864292389528,-0.8394958120228108
65390,20.000,-0.6969783692811308,-0.15931637149622682,0.6118177582320313,-0.3384057878338128,27.684395884144344,-2.5982460116327926,8.608657191992355,1.3143500204076286,0.3421354196212257,-0.06160712254468102,-0.23263460967041036,0.23011304552376963,-0.842463812757196
65391,20.008,-0.6966122871952525,-0.1621625559466771,0.6104322615656338,-0.34030439435497384,24.145950172808252,-0.3463991665034244,11.874811486375387,0.8859742036455672,0.01627207250651948,-0.13399642459067576,-0.2277538114700345,0.22181001759333605,-0.8419939383449779
65392,20.017,-0.6951719840617989,-0.16544125280968697,0.611554849675646,-0.33965536987149425,22.26650038332753,1.502488455694783,9.952316291917416,0.4157477723971992,-0.7322774887913907,-0.44194199350105257,-0.2333742029348079,0.21496830329384578,-0.8408306843158319
65393,20.025,-0.6936346261748808,-0.169210943296372,0.6139117272199329,-0.336676481539511,23.313060379198127,-0.4265436549031611,5.887433806666926,0.062107170018346675,-1.0509809558677765,-0.8330919953757924,-0.24436789661439845,0.21373941659051557,-0.8391757866956588
65394,20.033,-0.6924232928674097,-0.17280548410295699,0.6160777998489197,-0.3333712535476185,19.926166631069414,-2.3591112175647235,4.619978099757744,-0.01796480993119677,-1.0070536964094172,-0.9041014878150105,-0.24900857336919652,0.20934259372017844,-0.8387289442686208
65395,20.042,-0.6918000895789762,-0.17588342701207743,0.6177993391545701,-0.32985092496639173,17.235109658264538,-2.6009902419275432,2.4051792348408343,-0.11981681206804838,-0.7774535410551824,-0.9210742274766103,-0.2580835662057944,0.21442381539584746,-0.8292226956370503
65396,20.050,-0.6919692911019897,-0.17839402284275294,0.6185134890143231,-0.326795251943963,13.863252685730975,-1.2749269206292961,0.8492019271203576,-0.10284604082481064,-0.4643146759906031,-0.875003800237649,-0.2649301221768649,0.21319141542592437,-0.8268171845167349
65397,20.058,-0.6928434746397873,-0.18028318026683413,0.618245896427971,-0.32440392431645715,10.484677529566858,-1.7691604897653832,0.3312950775631863,-0.05588274149139029,-0.08253463123166256,-0.7634142899292186,-0.26173479169898656,0.2078438052455777,-0.8317117344903974
65398,20.067,-0.6942328602454575,-0.18143331978917446,0.6172444108879448,-0.322694938685571,6.280628454324723,-1.4586756561565184,3.0205418323504465,-0.04580413302497342,0.1677075472095939,-0.6217031780633627,-0.2627188160698248,0.20661491854224745,-0.8300129256318851
65399,20.075,-0.6954216212529635,-0.181488702355196,0.6168803322871719,-0.3207947556438471,1.1735340508837178,-0.7707807386294602,4.023847634003271,-0.2926058002404934,0.14510346066912788,-0.43859767355601637,-0.25807911783569176,0.20661608963111172,-0.8302367119885414
65400,20.083,-0.6964615096898202,-0.18074286652328078,0.6170851642089661,-0.3185581294437761,-2.093603548047228,0.02181735693820812,4.4787571217320155,-0.5165867817393698,0.039192417669052494,-0.34693137917880346,-0.26662310226594166,0.21687104900272922,-0.830469147400084
65401,20.092,-0.6973458920839793,-0.17948521043576446,0.6179148147810702,-0.31571355324487443,-4.372206837523366,0.4510203161551017,3.740964095874984,-0.7295764792576808,-0.03902036385886763,-0.3239106937225563,-0.2666305581213491,0.21490974885063094,-0.8287695677511066
65402,20.100,-0.6984589041164109,-0.1776678628488842,0.6186324959659407,-0.3128627889445518,-6.0265167452741055,0.7581737516554988,3.2376448154965893,-0.8287006535896131,0.019017702761158987,-0.2729775509042861,-0.25589505406745455,0.22222685680512605,-0.8272224983648157
65403,20.108,-0.6995072471157479,-0.17554273264438003,0.6195832781201688,-0.3098240173423577,-6.475107622700168,0.04621873766927136,4.52503597333526,-0.9193928275095468,0.02261341005422164,-0.23457567655153302,-0.25612326615014286,0.22883614417700326,-0.8308539822821361
65404,20.117,-0.7002867143912971,-0.17309477058953415,0.6210353765923358,-0.3065155445689733,-5.757416133423049,-1.1731326133952056,3.1656447368629674,-1.04285453314014,-0.12645055669871066,-0.19919815100508545,-0.2612513025844733,0.23176462688321137,-0.8306182850059564
65406,20.133,-0.7010965703962805,-0.1673529849438337,0.6254406120759775,-0.2987986247876474,-2.591119311585794,-2.407858345256101,-1.356312072571499,-1.2320485472054772,-0.26223117977417704,-0.15866523582383735,-0.2727936799910996,0.25097773576898696,-0.8151955727214095
65407,20.142,-0.7014528524141223,-0.1644593142199619,0.6278127000626688,-0.2945644979396079,1.9184935568627133,-1.1061474476877593,-3.671407003903836,-1.3076400661506384,-0.3679380533575157,-0.22453956624727117,-0.26861997807783783,0.26101315019049864,-0.8205003317174958
65408,20.150,-0.7016091881195169,-0.16177967463795315,0.6304319885643164,-0.2900472234225871,3.7282132796600416,0.7643916730528245,-3.760323235180761,-1.3191320975598435,-0.4100542429042897,-0.2630959962678493,-0.2730659877525984,0.2663279698826451,-0.8087753436939231
65409,20.158,-0.701981972457798,-0.15934067143934058,0.632679046753302,-0.28556800340523514,4.850778640134566,1.7046410244196077,-2.7458204577730148,-1.258753378314519,-0.3665097063797127,-0.33530033380220203,-0.2747238100021039,0.2788352107771887,-0.8204416181983304
65410,20.167,-0.7024647510768194,-0.1574426548620405,0.6345656420113395,-0.28121438423969586,4.82451519803412,1.4387094288800966,0.11715353542122107,-1.1252554038767395,-0.2854277826876038,-0.4063766013907169,-0.28404612840810367,0.2826922301049848,-0.8102098895592333
65411,20.175,-0.7026722842359696,-0.15587196629095643,0.636645573251535,-0.27683570064285506,3.2685678337522712,0.2045179626684074,0.6577516967363518,-1.0796058765277183,-0.4187735454268825,-0.4465549591643684,-0.2933631175335414,0.2877757939583823,-0.8011929828676887
65412,20.183,-0.7024422435907222,-0.1546478363880425,0.6391558102638494,-0.27228439420152656,1.8532939589547368,-0.46034808797146126,-1.5726290235460882,-1.0569744372883205,-0.5522021542092233,-0.4704862576982598,-0.28801476154916644,0.2970284381099613,-0.7959980749819264
65413,20.192,-0.702509001469537,-0.15325973447008204,0.6412563690861657,-0.2679231713586211,1.3450500525292217,-0.3153498253159022,-2.3018819151981202,-1.0423499130098557,-0.45479149862098694,-0.4613432485263509,-0.2934083304422568,0.29871280995760324,-0.7908865947574132
65414,20.200,-0.7029260924688326,-0.1516163941534132,0.6430010671509867,-0.2635469696147303,0.7469154858097928,0.6699425012310294,-1.598261176927495,-1.074941444269652,-0.2899483236923015,-0.44792723726810807,-0.30511101580174066,0.30410140824820037,-0.7945742713359308
65415,20.208,-0.7039381070698169,-0.14931852800158954,0.6442296576552883,-0.25912017831066636,0.65022178153781,1.3888018846057397,-2.1902842312305375,-1.1845615435278418,-0.10575603799334171,-0.42571973021264947,-0.30171473612949395,0.31530832601869174,-0.7896226983430138
65416,20.217,-0.7056029981925158,-0.1464870173008747,0.6448418309362933,-0.2546467666764189,0.565732135275346,1.1453330922174445,-1.3843542214160618,-1.2643890700848406,0.16531980560076345,-0.40127563064022725,-0.30517561961564915,0.32038837660549646,-0.7798476811106344
65417,20.225,-0.7076790865428538,-0.14318530816103722,0.6450332827487011,-0.2502405685398256,-0.0018727815132847452,0.7186787918519546,-0.4860454099756383,-1.3244023873320736,0.29782659111060317,-0.37135009124709906,-0.305670578997208,0.33258824088511224,-0.7783264564398323
65418,20.233,-0.7098919570801878,-0.1396315489078021,0.6450446459933483,-0.24591430315820403,-0.5618882052677975,-0.035101402759517064,-0.2925683806401345,-1.3463151987992712,0.4013456061795527,-0.319625240828762,-0.2985541295327223,0.3314073688252181,-0.7866018585408437
65419,20.242,-0.7123426699453922,-0.1359344330302836,0.6446595030184218,-0.24187574425693598,-1.3892517095846755,-0.9032465617919753,0.8744339723536328,-1.3125659839625465,0.4907763533606012,-0.2908971802445835,-0.30618153135783205,0.34135260940417905,-0.7731595948487775
65420,20.250,-0.714579784669099,-0.1325269718113896,0.6443374351284188,-0.23799496376372714,-2.3112990086347964,-1.8019821263314086,2.4962548759638894,-1.2333519530999157,0.46851566256258137,-0.2799393357776189,-0.29419420005287483,0.3450416116918983,-0.7787046651434403
65421,20.258,-0.716345097313244,-0.12957413660227965,0.6443299333354721,-0.2343057440332162,-3.196965435028377,-2.96219941517141,3.3712096178107203,-1.1304863528750013,0.2885961219127043,-0.2955102745825679,-0.2861830553545937,0.36574414034136027,-0.7683160907374983
65422,20.267,-0.7172855056679593,-0.12748522628436784,0.6450297753101156,-0.23062005420445306,-3.681392587661062,-3.3436668115380495,2.403490998523992,-0.9940560524959847,0.023775480108613148,-0.34395996814478424,-0.2879303478689892,0.35471577941072424,-0.7595874094541757
65423,20.275,-0.7177215692099224,-0.1260002166010793,0.6460122307750037,-0.22730572407317692,-3.2134554267714885,-2.6870473956380714,1.110919801870853,-0.8343461313864488,-0.1583943828380134,-0.3535647787193374,-0.2940266931135722,0.3730343132519765,-0.7612353020495626
65424,20.283,-0.7177518618805396,-0.12519876818495398,0.6471329716253701,-0.22444698761023055,-3.16011779415071,-1.8926482225811831,0.7598112613515225,-0.6396844755622885,-0.2352378294008777,-0.3384547976398655,-0.29942437644711384,0.3666574528077124,-0.755185925517286
65425,20.292,-0.7174763069925939,-0.1248519693636495,0.6483510754158847,-0.22199238198045032,-2.7854336746650454,-0.9872346804475707,0.7634155340698368,-0.4960403342409681,-0.34508143197728786,-0.3376951439394094,-0.3003742369111836,0.3705929350894162,-0.7612748589766627
65426,20.300,-0.7168803333578362,-0.12498516977688688,0.6497492283235717,-0.2197435670810955,-2.0092370028044764,-0.2008055124318385,0.7529620412539808,-0.3799659370946454,-0.4121240193770378,-0.33712916351660777,-0.3025587835930706,0.3779311226434687,-0.7641789913063821
65427,20.308,-0.7162438338131975,-0.12504096554128122,0.6511629409461911,-0.21759216851574456,-1.166301830406645,0.2398132424102193,0.6345889844422181,-0.3790192763258716,-0.4474268922173137,-0.3234267849873285,-0.3069962047703809,0.3822787597815054,-0.754411771330043
65428,20.317,-0.7156060850651773,-0.12487581549970128,0.6526658632326402,-0.2152701388761749,-0.576900882918055,0.6362432698640603,0.5237616474051391,-0.44679172159998387,-0.42303887532148526,-0.2974074502702627,-0.31532049369208315,0.38347368490777095,-0.7490713498633729
65429,20.325,-0.7151920853181302,-0.12411674555476304,0.6540796919353126,-0.21277939554619704,-0.3639960630342153,0.8676055791250546,0.6594293825258116,-0.5784690236220879,-0.37998858123827184,-0.26528246323096893,-0.31340699369517105,0.3824538033547679,-0.7400344538443183
65430,20.333,-0.7149623799655739,-0.12275583323325753,0.6555740585734677,-0.20971994270141,-0.641191806947713,1.0867257925055545,0.5512789883346465,-0.7793307998565755,-0.31796546354543914,-0.2567789058397046,-0.3175370366068588,0.3844291565732377,-0.7446818661973947
65431,20.342,-0.715091024979689,-0.12075153432384894,0.6570132783132204,-0.20590639881278455,-0.6682986516986523,1.190366612367536,0.34511845528872087,-1.0177198987678204,-0.27510256168354863,-0.3219391322845195,-0.31315553313580097,0.39076268672952286,-0.7417025144699917
65432,20.350,-0.7153296230193834,-0.11881355114858662,0.6585713322104025,-0.2011732360057485,-0.698984012287265,1.7539338567208442,0.4077166044514514,-1.1598020675997545,-0.2759782582941222,-0.4734186179060478,-0.32462155148700683,0.3949223983167899,-0.7436860271609312
65433,20.358,-0.7154662565014793,-0.11727783476553089,0.6601905882931092,-0.19622011214365126,-0.2867566761656997,1.7809036992239768,0.2733111769262326,-1.1272284851805283,-0.3615710415336293,-0.5863387420951893,-0.3337254200488451,0.39801889806307467,-0.7275974895382576
65434,20.367,-0.7150168801330293,-0.11653485358569472,0.6622233957423118,-0.19139138736137384,-0.035583236940166206,1.2549540473173715,-0.6818335003297322,-0.9734049339608933,-0.5267575871247493,-0.6327209816834108,-0.3293481183536857,0.4004415388038062,-0.7236603331839623
65435,20.375,-0.7150189680406345,-0.11712808955420141,0.6627324373762417,-0.1892474634673753,5.443808265884927,-0.252040192770431,5.637245925077065,-0.26022795849202,-0.210990490623571,-0.4708225194689797,-0.3359165519504385,0.41291833138787815,-0.7290005056598692
65436,20.383,-0.7131384228438064,-0.11729958211962059,0.6644193228110191,-0.1903191040693441,11.896779615868564,10.97627920919229,15.547183683178496,0.18251318958336127,-0.5674256352979371,0.28492835254230015,-0.3364410984341819,0.40604265551132324,-0.7207348319625646
65437,20.392,-0.7112513805304154,-0.10794137175984256,0.669240737689113,-0.18597572146254412,22.774656668440322,14.108172478067978,3.64272251786052,-2.4532249189352453,-0.8526627023314419,0.9613923782578481,-0.33478293983641766,0.42844829343025603,-0.7091452288290625
65438,20.400,-0.7117004018735661,-0.09773825741574038,0.6714565560499222,-0.1818677111196957,6.914672654527218,0.4210066556363665,-2.4430290534027503,-2.5026606258753783,0.04503226878033413,0.9792742988527365,-0.33648796799762365,0.44481021147486705,-0.7100508055392603
65439,20.408,-0.702626260294414,-0.0994426510278941,0.6812032900898062,-0.17997103953707244,18.444946825916393,-1.2576021161044346,-25.05264192984627,-0.22365589258868446,-3.2816981134867933,0.019136913351224145,-0.35684256667318853,0.4488610117977544,-0.689368275998589
65440,20.417,-0.702249138826322,-0.09561024060515542,0.681908197568585,-0.18084811029667142,37.35213085325686,-7.0598366164293935,-6.768798314525862,-0.5156505339411731,0.007263192933101074,0.803362068969963,-0.35660151294335896,0.44275405312476074,-0.6886640755313523
65441,20.425,-0.6998183391823225,-0.09238411021539376,0.6843308564859782,-0.18278606944998047,31.34386660186342,-18.646285271219032,2.087857822374902,-0.2687942149929042,-0.6485329436209448,0.9964649911719734,-0.35316784097173115,0.45839643969811106,-0.6922361644904304
65443,20.442,-0.6953827962649282,-0.09372390775771852,0.6871020446748527,-0.18854542152231937,30.706045119636396,-6.331726968442573,-2.3503562222478385,0.5811789139061873,-0.5626725909091275,0.49535993110072046,-0.35806740845441065,0.4425087442196406,-0.6884275371767208
65444,20.450,-0.6923221458978654,-0.09686668935258293,0.6880209539368471,-0.19476667511942602,26.60811064259507,1.3356736733138703,-0.400151271776112,1.580697689684312,-0.7031641523289165,0.6414152362020263,-0.3577964902039171,0.44229388362499183,-0.6945310239261605
65445,20.458,-0.6891427123901185,-0.09947546003680212,0.6884981646853444,-0.20287245262718495,25.692191001563845,-0.9289469976206011,-0.6877292521962803,1.8333877797126863,-0.5352407965786068,1.063882589915639,-0.3531619619915893,0.4335002378843177,-0.6935762917407348
65446,20.467,-0.6856579599339414,-0.10098387585657898,0.6890437446487603,-0.21188236537433358,27.11160945049593,-2.7362603875471523,1.4949988868181536,1.8023842423140166,-0.5491562106502693,1.395134606279407,-0.3562628035853782,0.42747642652068907,-0.7102207035194283
65447,20.475,-0.682312566694338,-0.10214574768736229,0.6896312627496668,-0.22005574066284897,23.537168835347405,-0.035372321324819926,2.3613994416731554,1.6050244319344937,-0.5070868521835785,1.3261957109286582,-0.34921145867919573,0.41548205412480765,-0.703655369541172
65448,20.483,-0.679609615163572,-0.10267660112778457,0.6901676570248367,-0.22639984928200677,17.776306277121495,2.6575534873880025,5.686633372676712,1.1799845091947665,-0.43452735163706785,1.0821234698648334,-0.3491977052973196,0.4235538262164925,-0.706790485052892
65449,20.492,-0.6768754015472354,-0.10294405127619236,0.6918832046883657,-0.2292157153366038,11.489885112933536,4.345435609117471,5.572839932938949,0.49197858936846617,-0.6775180717001053,0.6004784242862728,-0.35285111901390825,0.41916871423479835,-0.7087807132736641
65450,20.500,-0.675817711178269,-0.10362474585355792,0.6928872320620968,-0.22899698021999615,9.80627409308915,2.2716323472190423,2.175852003886959,0.04521844828220538,-0.414805473616022,-0.08431474892682309,-0.35917825228662753,0.4138199329655873,-0.7134728970069333
65451,20.508,-0.6769015304876341,-0.10628246122076232,0.6912777713944762,-0.22944149414663895,11.500365567125664,-2.334887935362119,3.8550334502729915,0.5695463635951146,0.3014372618731522,-0.47986350064711514,-0.358443705746933,0.414310550775828,-0.7139556127685147
65452,20.517,-0.6787911094067588,-0.11069095234423822,0.6880506754731096,-0.2314657876241433,10.976937686035704,-7.801515048424462,14.282296637433783,1.1793471845995604,0.6102092046710932,-0.6166518604035663,-0.35672271543093753,0.4028489553893018,-0.716688646512995
65453,20.525,-0.6796540186546097,-0.11574816072321197,0.6858781313141573,-0.2329033430434876,11.041397456201233,-11.672746091176123,14.64534861781476,1.1610351208960763,0.24769550760258224,-0.719322112764487,-0.3559793646238643,0.39211860236267954,-0.7191783155808342
65454,20.533,-0.6799363223911623,-0.12176741845426362,0.6834508448625205,-0.23612334902095775,13.401344032393263,-13.999550525280187,11.506879886848033,1.6378518471468702,0.1564241051202045,-0.577206421125391,-0.3478691028631173,0.3850971601344695,-0.7313837069945928
65455,20.542,-0.6796760757929178,-0.1275347938588137,0.6816504015199137,-0.23901472435368976,15.283348869286451,-11.166923413953317,11.930352012785498,1.527919840791196,0.003726466165408492,-0.5252422197963663,-0.35881443230206855,0.3758644244935837,-0.7407535509548644
65457,20.558,-0.6756340894273695,-0.13384851492021121,0.6840719875370581,-0.24010137051754252,14.361396373711703,2.2144641301737784,4.654229102963912,0.5977776532876203,-0.7147041594806247,-0.28808749483363233,-0.3652356999797088,0.365041555446682,-0.7239875772898886
65458,20.567,-0.6737650726745535,-0.13434274168767618,0.6862074224420658,-0.23898122935726296,16.623878091512008,3.648323193785448,1.4239754225498098,-0.16666926405343002,-0.7572733200703015,-0.1025199424487685,-0.37545200224255987,0.3641059922919082,-0.7325819851931441
65459,20.575,-0.6728244482586089,-0.13495873528315375,0.6874954171018398,-0.23757830932186916,19.667994162871455,-1.196820918896088,2.813602495337548,-0.17088493838902466,-0.44742301386495775,-0.2363911208836561,-0.37376767743686357,0.36456733288054144,-0.726957030253816
65460,20.583,-0.67310450380448,-0.13605160861227392,0.6874614356876774,-0.23625634635788076,21.25573419000975,-8.899633064059676,4.476726587708784,-0.05010598229056727,-0.09520140705977816,-0.4297874112082676,-0.37497766915582176,0.36506731940169657,-0.729401397798753
65461,20.592,-0.6732489152224944,-0.13848007592453718,0.6871982375668552,-0.23519725552964568,20.658201530526895,-13.776209724494107,5.3826173351905195,0.23031011135639043,-0.11132792469605743,-0.5954921015035773,-0.3835150015804348,0.36458724139123455,-0.7311501734271489
65462,20.600,-0.672240108768685,-0.1423804782089186,0.687314090485947,-0.23541532789336791,18.097254684301884,-13.092246614949168,3.1615538790379687,0.6913185280326746,-0.44123642713505906,-0.5692002238547778,-0.3896428961059118,0.35528306932962656,-0.7256063337776741
65463,20.608,-0.6699540715627699,-0.14730736531484,0.6878452934870494,-0.23734138776914185,15.695808318924492,-8.868744555897493,0.6087425106948884,1.1642685307240321,-0.6796370494506248,-0.36297006449414887,-0.3833218959635251,0.34670896853905814,-0.7195160886647285
65464,20.617,-0.6671044473921354,-0.1522537632063016,0.6883584164238685,-0.24073458080960772,13.696675155905702,-3.550344409229245,0.46120760426188356,1.4270216806059544,-0.7559902884417785,-0.11497359488635911,-0.3886165532893195,0.33043488215926925,-0.7369517311560834
65465,20.625,-0.6638201392725213,-0.15664726861985515,0.6891627793457484,-0.2446612341475312,11.90527359219521,-0.16154466148969884,0.24561934563653665,1.4313188475363159,-0.7837359549488928,0.11301984441685178,-0.4064278758409478,0.32751693925283987,-0.7394853221826562
65466,20.633,-0.6606074137969267,-0.16021327768372912,0.6899302038421506,-0.2488490793969323,10.309568658437222,1.5439530878821923,-0.4392875388088318,1.3378390866104488,-0.745536494496692,0.27181048599345603,-0.4015492504518308,0.3206763960422139,-0.7385201503706507
65467,20.642,-0.6574074894985705,-0.16308747786582325,0.6908004773167593,-0.2530070509955973,9.024383152363795,2.12979119134401,-1.0764194739967547,1.222151346196741,-0.6802439127027113,0.39934168693516536,-0.4093584417481821,0.3197033580437827,-0.7392915132683737
65468,20.650,-0.6544550433054892,-0.16533812700704945,0.6914914626456897,-0.25727700468160053,8.03655950721166,2.0444826067122497,-1.5869450254252158,1.1387077822579226,-0.6067939162424724,0.4854485775367146,-0.41160247601457217,0.30378287207711174,-0.7286353118117433
65469,20.658,-0.6516308830661092,-0.16714871107284057,0.6920829039259304,-0.2616481506042462,7.658623267100736,1.2575353134578513,-1.8956117718351437,1.0930353808092752,-0.4997204278008293,0.5751048738776182,-0.4076458858082593,0.30188481072368545,-0.7401019112934948
65470,20.667,-0.6491235140635998,-0.16872678044901643,0.6922730503186452,-0.2663230385294368,7.351150078797902,0.35706818724746814,-1.772724820921902,1.1142183323503492,-0.3955608609769636,0.6131345211014877,-0.4103516118720369,0.295026701180095,-0.7355079086551027
65471,20.675,-0.6465953706261071,-0.17043630765203266,0.6923197523131741,-0.2712180898757572,6.8861436620198075,-0.8072587810084862,-1.7102799151277717,1.18693859737547,-0.3378728689618913,0.6320274831744552,-0.4169089656425672,0.28993728188237583,-0.7433737533889712
65472,20.683,-0.6441693081348105,-0.17233625931009305,0.6920171234774908,-0.2765111516703505,6.526089203063914,-1.653101260787018,-1.6439283098412205,1.2952200234506646,-0.30074918144564944,0.6300252245918303,-0.41056257503651544,0.29628369401616833,-0.7430713237532317
65473,20.692,-0.6416768065475231,-0.1745300498159184,0.6914791045921211,-0.2822176209287859,6.15990490016931,-1.7255236236167637,-1.5568363112325059,1.4337263915388185,-0.23977555690079239,0.6494502781268362,-0.41276059768179874,0.28236666740071037,-0.7429035787614052
65474,20.700,-0.6396931703382115,-0.1766620332082068,0.6900508452536653,-0.2888130966734237,5.919746187372938,-1.5967328078601517,-1.2808311640293284,1.6046693130757965,-0.014157987495485965,0.7132584151600475,-0.40321022131448814,0.279224495188718,-0.7494686911553073
65475,20.708,-0.6384766381444342,-0.178590981907011,0.687413852004568,-0.29650470451160277,5.5152630892622385,-1.6027588312510364,-0.29114460957227334,1.8131127518767804,0.3971794362686882,0.8176385845373748,-0.40804777392223746,0.26828747918949714,-0.7597964993818459
65476,20.717,-0.6379887955110489,-0.1803138657572723,0.6834495280297793,-0.3055387851875796,4.325571885560773,-1.961267691644201,0.6817228728618419,2.059949565362922,0.7559886451953691,0.9370838134778153,-0.3965323408864176,0.25710164101856303,-0.7690771794280739
65477,20.725,-0.6373090656912407,-0.182408568598135,0.6789503499912732,-0.315579928285157,2.9828276167015004,-2.385984632086336,0.8836434599033982,2.336846861489728,0.860760328491153,1.0282320544518295,-0.38870151395030483,0.24784431251152703,-0.7732377111315005
65478,20.733,-0.6363324696980489,-0.18510950293843145,0.673954888434986,-0.32649696519945565,2.307940387383753,-3.169711439004843,1.125252157270416,2.6155993477637485,0.8430990272221741,1.05543725481786,-0.3733440356379855,0.23219372831612664,-0.7678742064550658
65479,20.742,-0.6348470362430205,-0.18860492986383673,0.6687552909709602,-0.3378813131897897,1.759700644155367,-3.7909963721762376,1.7722409436875983,2.8584751870987524,0.7881412993868893,1.0359080162167051,-0.375700404057417,0.2129993568521798,-0.7872641335446627
65481,20.758,-0.6303672822128995,-0.1981511128653451,0.6581461562053055,-0.36085573718306047,0.5044536574642036,-3.6958770145455992,3.4203160145360574,3.1079244713229084,0.5644591958340694,0.9000027297867361,-0.36097762843324444,0.18549258874688496,-0.804177552194534
65482,20.767,-0.6268455659053794,-0.20427127732055006,0.6536040177536208,-0.3716714540328871,-0.9559327094030193,-2.185194491370759,3.3759111151601955,3.1949141364989733,0.07740171791085286,0.7324949649901638,-0.36949624536795356,0.16086277543776914,-0.8101925674457222
65483,20.775,-0.6224543062339333,-0.21104895046916014,0.6503499178482474,-0.38085950363812265,-2.222718920480159,-1.0653718932302747,2.2442354084012988,2.9740750536631357,-0.3534027874774762,0.5334892460509177,-0.3638817353019293,0.1418188546809346,-0.8100151428973869
65484,20.783,-0.6177251960920982,-0.21799120026293803,0.6481850065187772,-0.38826745426980586,-2.0845105742296806,0.708849202312723,0.5636218131393866,2.6281126177960124,-0.714272310831472,0.32754051494572106,-0.36778647086864846,0.12253313828557261,-0.8103689295875726
65485,20.792,-0.6130032428516796,-0.22475914811791214,0.646412384704861,-0.39479282983713154,0.0019225697941202882,1.7249683377779126,-1.336291348965533,2.4370045204034243,-0.7624122990240788,0.24835391997787049,-0.3634195657282712,0.11005166134604341,-0.804061854295559
65486,20.800,-0.6086698101826622,-0.23150175477808507,0.6437368312085131,-0.40190905918191483,2.831283278144457,1.3530423722089817,-2.6289121722953763,2.580118416265033,-0.5741852713595492,0.25043638865999784,-0.38197272114148617,0.09662525254082613,-0.8044517954722346
65487,20.808,-0.6043803616558574,-0.23808351927045635,0.6404545919500096,-0.40970542093884543,4.7433718764725645,0.6313785947480822,-1.7803758301248722,2.727607835366946,-0.38586655157453076,0.3368707787991543,-0.37390385309822777,0.07173607726021844,-0.8072213923333424
65489,20.825,-0.5962176768596986,-0.24948417153259306,0.6332766794777496,-0.42572617629687265,5.051194215308805,1.1991794716044972,0.009792256060081985,2.6468653351535654,-0.22909566183757032,0.4654773476342567,-0.3780269357615234,0.04832812412124706,-0.8134554095590212
65490,20.833,-0.592274830480987,-0.25446801273811603,0.6296730987366795,-0.4335531621372172,3.765606447422857,2.446047794629936,1.715013245999297,2.5048937806034144,-0.16237823272529797,0.5355152017212327,-0.3746365374880259,0.03364940683541362,-0.8071631579886225
65492,20.850,-0.5842180095293915,-0.2633472290143366,0.6239966401961199,-0.4471752982175344,1.0928602218997432,2.269268991544121,2.9492653748036197,2.2093337761746286,-0.2513469684057371,0.5281767757626509,-0.383904540749935,0.001188445984276138,-0.8093126932666155
65493,20.858,-0.5803809296966016,-0.26724975793082784,0.6218224705211922,-0.4528491564366038,-0.7452452022388228,1.4754493105918058,2.7748425997913406,1.8645336535399308,-0.3878027894366031,0.48109847165870495,-0.3936677859492617,-0.00564507069316408,-0.8098765946060369
65494,20.867,-0.5763914965964182,-0.27100349470089363,0.6203204412305591,-0.4577471995575389,-1.154706711061355,0.34707686296637524,2.706177546577965,1.680095536642742,-0.48036544018616767,0.4477955746412968,-0.38931587985514676,-0.017898805060537384,-0.8001504516969394
65495,20.875,-0.5728160001966406,-0.27456579885797583,0.6189708507684186,-0.46192048873721153,-0.9640654743072162,-0.592711236264914,2.5219106983658652,1.4909562870417028,-0.5048060612954419,0.34821949911554373,-0.3939232941631529,-0.02518897797115366,-0.8072858616813461
65496,20.883,-0.5696108364812981,-0.2781248342811118,0.6178080161397365,-0.4652991797893734,-0.8854443290429768,-1.8879082936087213,2.2128544043273393,1.337370058019859,-0.48975969969802163,0.20451614234368412,-0.3944296954060893,-0.029115091541943153,-0.8031564379936984
65498,20.900,-0.5614160704407365,-0.28458861342700376,0.6130031214495256,-0.47754422837232113,11.722446975656442,3.24166977545233,5.804124734652487,1.8939820819022823,-0.2500355975546235,0.645365572024058,-0.39908186539605733,-0.047196514100125146,-0.8000896857738568
65499,20.908,-0.5628045936154377,-0.27656472523857656,0.6075206515960136,-0.48752599935124286,20.566144219892927,7.380215868492477,24.33210199595647,0.9230502461314813,2.5125401819676596,1.97903733341477,-0.38266564490006816,-0.04957348237514914,-0.8134570898511793
65500,20.917,-0.5613278646622722,-0.2698563384033055,0.6106057323931323,-0.489131091371118,13.674940133744165,4.558022812909345,21.385216447392533,-0.9230310736833887,0.2644258054137602,1.5688541457812677,-0.38975225039340694,-0.041523960971885966,-0.8119846906564612
65501,20.925,-0.560434518917469,-0.2648759589438952,0.6109693643576292,-0.49241274576896554,27.828473414656656,0.6334437553771062,8.680766693546747,-0.17836123636377693,0.57850127300224,1.3033895876881183,-0.3829248695576009,-0.04519539692664077,-0.8100191849207798
65502,20.933,-0.5606488662471595,-0.258709629771476,0.6112514238573037,-0.49508976264077537,33.587458145758106,-0.70186256289024,26.45799995534058,-0.473186479334648,0.8958643809348658,1.2482124329680593,-0.3721639596279034,-0.02369018949655289,-0.8142634442444827
65503,20.942,-0.5597169483533508,-0.2535583929047908,0.6132147276520811,-0.49637967011566475,31.322546248080666,-7.603806004104335,20.584416351533154,-0.6852535933684198,0.24954902529800663,1.1700349666003378,-0.3660617792209845,-0.013925847935176025,-0.8139456905282151
65504,20.950,-0.5590753570793333,-0.25240989993752666,0.6140206692285874,-0.49669166016777616,22.325667459689168,-14.44832382964612,10.453167641005546,-0.15873731197311128,-0.047836142295156106,0.33089023269024276,-0.37851714094883193,-0.012709843209353066,-0.8130179145682817
65505,20.958,-0.5597425478423437,-0.25498230710782427,0.6123685712567956,-0.4966659200446957,19.05044018617351,-14.916313446356995,5.773290219375662,0.48340772474880384,-0.04023752493285749,-0.5583650120490555,-0.3775286938947874,-0.018067993189478444,-0.8157248843903061
65507,20.975,-0.5599145176193849,-0.26180339327402946,0.6050274130564149,-0.501892962372972,20.90990179296552,-9.731418782271534,2.3999456955288556,1.277985738315414,0.2546916542372294,-0.39832117293915664,-0.3636295730400443,-0.035908791197997295,-0.8118431582497501
65508,20.983,-0.5589748919674855,-0.2629488295483662,0.600980304050773,-0.5071761600589314,26.35338188056917,-3.328809275672219,5.7306876866077685,1.4490805672084328,0.5309839558570949,0.4053149150183282,-0.36968258535655346,-0.040980644162751975,-0.8233688929785864
65509,20.992,-0.5574182436663513,-0.2635600869472302,0.5975716152832726,-0.5125711138993586,28.23140237805417,-0.7153887005103167,7.006078862439434,1.3810856279123724,0.49914578291641615,0.595060961696185,-0.36600723803220675,-0.0609858920293748,-0.826378481859521
65510,21.000,-0.5558928805086637,-0.2641778137090801,0.594239337501786,-0.5177574701625361,24.9321715848416,-1.7262804252269999,6.632143955016331,1.3229563082045277,0.4330585253027411,0.5821606370015492,-0.3538420005143928,-0.06542604518769088,-0.8168247277484428
65511,21.008,-0.5540352316460024,-0.2654754821309538,0.5912119562649142,-0.5225286147683313,21.149854446583053,-4.11820159635275,5.275501589378091,1.3548080821955717,0.2799632682490882,0.47662921021310695,-0.35818382585246733,-0.0741576232185574,-0.8288488025347368
65512,21.017,-0.5522288412935893,-0.26749476936607997,0.5878728605855037,-0.5271578084334373,18.087164275202284,-5.030839073226838,3.813900871637161,1.4476692538208746,0.18247876913017805,0.3453905293742381,-0.36161097425293937,-0.09443160176758647,-0.8267637768526168
65513,21.025,-0.5506705726162349,-0.27002239242680803,0.5842555699992444,-0.531502828748323,16.043712471818413,-4.554152159498218,2.4034109039547302,1.5116473482224753,0.21699310766931443,0.17004466427220108,-0.35896831350806657,-0.09350189405713422,-0.8169818927940375
65514,21.033,-0.5496922383952765,-0.27277271412781123,0.5799466265976744,-0.5358128402467747,13.446860773482056,-2.751044418851413,2.2435742705920614,1.567876923784039,0.31306104126501283,0.03215238237092337,-0.34626636841203673,-0.10911968776433427,-0.8184659622605233
65515,21.042,-0.5487458100367215,-0.2755677086281069,0.5755580746468207,-0.5400679370574054,10.95535704037712,-1.229221327341273,2.5052978963364096,1.5924366389444664,0.36379546348675157,-0.008449640339948689,-0.35163087663423376,-0.1142395553725251,-0.8199789298205624
65516,21.050,-0.5478486858325512,-0.2782733759601617,0.5712071548116687,-0.5441949392958738,8.665005971211448,0.045163355352368234,3.1311469859481873,1.5364923703458926,0.3241041964492281,0.0024417544827593004,-0.3453129713125992,-0.12843233920357508,-0.8131832130910016
65517,21.058,-0.5466183866590062,-0.2807481478208164,0.5675861749884616,-0.5479368128018536,7.457073953983285,0.5771702411215178,2.939050573289797,1.3988817762279433,0.2318566825331935,0.0578810705079026,-0.3538052449498743,-0.13252529872557706,-0.8252032445017986
65520,21.083,-0.5430950257429756,-0.28570986847010865,0.5599786115737649,-0.5566341874624202,5.8626605050898855,1.4486293796368848,2.449662034893657,1.0240540390635935,0.13392929784254215,0.13392208850609288,-0.3460127631469114,-0.15183443689822498,-0.8206229135708275
65521,21.092,-0.5424822015201821,-0.286551377822768,0.5583663600112019,-0.5584159533085801,3.7342683058764354,1.7602903916360115,1.8907331987271851,0.5837373797489449,0.06958909610775252,0.11443601593889159,-0.3509050545824572,-0.15721600865563629,-0.8184728781902418
65526,21.133,-0.5418104435111991,-0.2869981523642664,0.559746353758706,-0.5574562972068113,2.5033516090553842,0.9356787566522756,0.7347996780570112,-0.036718200645800676,-0.08168783109866276,-0.005880797007276709,-0.3518817104333351,-0.15233325233051573,-0.8184537406615783
65530,21.167,-0.544658965248831,-0.283532029553046,0.5644332387984452,-0.5516985759734212,1.9225113922369235,0.2425653127566223,-0.2079255639492635,-0.5212791502228694,-0.07591068244014423,-0.07192427640861468,-0.35113659266796393,-0.1452392025927193,-0.8213461919991357
65534,21.200,-0.5497456678732365,-0.2742183664734891,0.5734331141376648,-0.5419948816673462,1.1881118986870647,0.9625782273059963,-0.007576760066202612,-1.0216974076222025,-0.003208094713619064,-0.007978317203484051,-0.3455487676851763,-0.11768090657739547,-0.8150858404194493
3,-524.892,-0.5567173102464432,-0.261892889132169,0.587667597336338,-0.5254757331551159,3.3500339311381935,0.06820803585958365,-0.7787399154956678,-1.244730007185083,-0.1012577998731149,-0.08303168419094611,-0.35435273196770906,-0.0671596027676333,-0.811708222494008
5,-524.875,-0.5567930346453357,-0.2601473927151056,0.5929179394853107,-0.520339473488668,8.651437768136324,-2.5174075948751438,-1.0565045736346985,-0.8294125375845737,-0.45453696224272166,-0.03623376403639096,-0.3521149849530291,-0.05783786437306094,-0.8209312302430875
6,-524.867,-0.5572948638124845,-0.25892198916117837,0.5946315505014719,-0.5184545857114766,11.060214268407474,-2.8663937613615156,-0.5327471512159254,-0.6896241204070435,-0.16857278882215948,-0.016815581024059674,-0.3574924683942277,-0.057112477457478626,-0.8194864663355517
7,-524.858,-0.5575041765378888,-0.2579064116523994,0.5961633132351895,-0.5169745447542224,11.303029967519993,-3.345059691458617,-0.44240277300419306,-0.5454635249642323,-0.14309795410462586,0.012740565260023602,-0.3594349776882406,-0.051729734611203025,-0.8219106253460119
8,-524.850,-0.5576622216605523,-0.25724980904083433,0.5972782921784588,-0.5158430226080944,11.518395656738166,-4.626854549861193,-0.8648588889811676,-0.40978603954981035,-0.16056724115830895,0.006845464820111278,-0.36116327487564526,-0.04930943604820007,-0.8175119732028326
9,-524.842,-0.5576242659945859,-0.257206245745684,0.5979339402670809,-0.5151457349140076,12.340517871980357,-5.82432881097113,-1.0753570511643387,-0.1796768736461659,-0.13362635414202226,-0.04693088098930001,-0.3643082840715542,-0.043174371242463344,-0.824088276950378
10,-524.833,-0.5575047047470729,-0.25814927948324146,0.5976456795786741,-0.515137938195303,13.420968259454213,-6.321171226301047,-1.4538780480632472,0.15604821815360195,-0.14098952540221998,-0.1274905245176095,-0.366555813874278,-0.04567079058164557,-0.8126352598246592
12,-524.817,-0.5572011638127424,-0.26212273100089684,0.5947531124338061,-0.5168048685806448,15.4287825719722,-6.1133377186091495,-3.223369864657317,0.5776281259717562,-0.02600735376989253,-0.25316305580928783,-0.35720449130855664,-0.05364653338645807,-0.8294785543947548
13,-524.808,-0.5577458062064766,-0.26463529060141194,0.591479383930477,-0.5186905792595592,16.66475544974048,-4.744575584437097,-2.3536351807692544,0.9569091091238243,0.2576510625120275,-0.3640295307810201,-0.361152179637285,-0.06760806137875928,-0.8200411586935814
14,-524.800,-0.5586768428191752,-0.26682957645068295,0.5876683460787427,-0.5208916177534662,17.64080730903792,-3.8260929152985197,0.6316146139331573,1.0249279048488937,0.5045377129451932,-0.3881947142455265,-0.3538280056756919,-0.06882875046003942,-0.820014883907166
15,-524.792,-0.5607047392819081,-0.2686026125582537,0.582644508350232,-0.5234388300107329,18.766559276263347,-6.184571352482948,3.2466075180419933,1.082925825673785,0.8571394470669921,-0.47976451737802966,-0.34966777458844744,-0.08029268802429412,-0.822248936659302
16,-524.783,-0.5635225554738365,-0.27128304412265536,0.575417490467613,-0.5270128566816344,19.004894325432247,-10.184895297921392,8.151529690272135,1.5887148212928437,1.2541928127869664,-0.7332084400067972,-0.3462644113707067,-0.10032838420138863,-0.8189120744012864
17,-524.775,-0.5657711823116219,-0.276991450414553,0.5665140625733985,-0.5312631387265027,16.807637504656455,-12.706659636958449,14.810237434475695,2.323926937504057,1.0228750927885129,-1.0795442235020978,-0.3281646185449991,-0.1173817275845175,-0.8264829948831148
18,-524.767,-0.5646675650401379,-0.2874405660166033,0.559598514269917,-0.5342077918063323,13.574433810532874,-11.560413955494967,12.96235422671454,2.7736086813986183,-0.35663820472375246,-1.356854751965364,-0.3328316488719896,-0.14182712860945637,-0.8200287941412764
19,-524.758,-0.5603266038293118,-0.30048499952099716,0.5556349057470247,-0.5357356751416418,10.44611016679874,-2.8537655123148147,6.227240057147574,2.7654424076921957,-1.6620074419441293,-1.2525176085489502,-0.34362066150143245,-0.15115589353721454,-0.8093784587930195
21,-524.742,-0.5514875300487119,-0.31777340099894696,0.5509665663735893,-0.5397382815372935,10.283239259514609,6.900466498739466,4.8998281306579825,2.051293945067717,-1.2475935669757316,-0.4931922906853835,-0.3599952543790946,-0.19292336862768852,-0.8055001675105778
22,-524.733,-0.5487851626026642,-0.32235600491461425,0.5493884905225689,-0.5413813239150298,9.536917167770438,9.39649326617088,4.575264176217507,1.2185048799567095,-0.6802431486075539,-0.13146375110280986,-0.3607244665008479,-0.19243157972858357,-0.8062334447741445
23,-524.725,-0.5468984835681172,-0.32586630548043566,0.5484765075276178,-0.54211319880052,9.531423906331995,6.302847856732013,3.8251479362577117,0.8275647332325071,-0.5316428182881672,-0.1994107210421117,-0.3659013627828331,-0.20884385459435945,-0.7948600311411448
24,-524.717,-0.54588135574279,-0.3288395504218547,0.5471780510098146,-0.5426548405974709,9.54942745852089,1.804788680681981,3.710015266639876,0.7001968269715806,-0.3522909392945875,-0.2704669161392082,-0.36491622118209005,-0.20981103714846916,-0.7968135151651258
25,-524.708,-0.5445926154673817,-0.33221992411652934,0.5461176588550641,-0.5429588454800854,9.766437626029589,-2.1235206935957254,4.839401177130227,0.7263102382303713,-0.45070521226646576,-0.32742804230086825,-0.3669194739997508,-0.21889917752656415,-0.7853910461286806
26,-524.700,-0.5429951977800199,-0.33612588052363107,0.5449190604908887,-0.5433588364458408,11.027634097584974,-3.7211242180171356,4.041419863993343,0.8365253015675379,-0.5741810193365181,-0.3265576158172077,-0.3749664700838021,-0.21547070829920112,-0.7876072134381299
27,-524.692,-0.5411721342662594,-0.3398159137156656,0.5434434504293068,-0.5443593317513526,10.782157626453472,-3.754661576738166,2.984068259973681,0.9553079214148903,-0.45033541143780687,-0.24199541128496319,-0.38062100490582673,-0.2284533428487496,-0.778660901401478
28,-524.683,-0.5393762711989939,-0.3431459048645326,0.5412784148601133,-0.5462067407572829,9.066684064948644,-2.944384190416473,3.932023087192603,1.0943449660145101,-0.2800684060166871,-0.11833399797508888,-0.38254065344520916,-0.24062392990675785,-0.7862962228080685
29,-524.675,-0.5369267577683828,-0.34649400847297246,0.5393052331194286,-0.5484536666070007,9.072644910577885,-2.029966865953775,4.385116206678297,1.1908713094824013,-0.3191736694899251,0.0043765901747993595,-0.3759852464412505,-0.24481408980449643,-0.7779866080886286
31,-524.658,-0.5302386638858824,-0.3531129447149043,0.5357280894993757,-0.5542144185390998,9.048212506025761,-2.2616955741700084,3.082934013075952,1.312328788810761,-0.41972910953909975,0.2386835964602265,-0.3897220584839997,-0.257336554854276,-0.7632140458780683
33,-524.642,-0.5218975015337542,-0.3593510533228017,0.5319476351163751,-0.5617130333744392,9.107272184693874,-2.7078221993507636,2.0363741340719455,1.484526378378967,-0.41219024833348644,0.47447753793842684,-0.38900309907040953,-0.2795683202888105,-0.760143639849466
34,-524.633,-0.5173377347608075,-0.3624144969405902,0.5297647176625461,-0.5660094915456617,8.829785379147829,-3.131778396858002,1.8262871212302385,1.61379952145689,-0.3897326726359871,0.5928054718332405,-0.40122710252102395,-0.2817842980569435,-0.7563015623647855
36,-524.617,-0.5078523051569582,-0.36852123188304653,0.5248871451017312,-0.5751274838721587,8.593364557347867,-3.271489142320021,1.4212825682717973,1.7104076315669716,-0.3181454421583718,0.5975712792254754,-0.3986270297842336,-0.2928641868976085,-0.7368116424241496
37,-524.608,-0.5031943226563291,-0.3717423675914205,0.5215971343088387,-0.5801202593124729,8.250718561426622,-3.3677959288603225,1.1408396768133031,1.8756807305270944,-0.24282428775001189,0.5879808448869412,-0.4088763016632593,-0.3048222555386967,-0.7378905493389222
38,-524.600,-0.4981428981964744,-0.37510222559141165,0.5181249802456807,-0.5854045423279531,7.837221775066292,-3.2860816737785004,1.097123458454728,2.00916901956606,-0.20906682604048984,0.5968424868373887,-0.40373741658477263,-0.31433074839517455,-0.7405992203812516
39,-524.592,-0.49286982261772666,-0.37863354933939797,0.5141990305579708,-0.5910290434831975,7.824748989197836,-3.2629512516597567,0.9889677099122232,2.142802226849083,-0.21130573948837075,0.6379812917844742,-0.41428109664779844,-0.32951764982421317,-0.7302200553565875
40,-524.583,-0.4871312709519031,-0.38229334540875365,0.5101198485050457,-0.5969360628058556,7.880286656046112,-3.228430806219486,0.7425762740369999,2.2701383358270557,-0.2073326509188033,0.6750018304809382,-0.41455508403214797,-0.33614216135132624,-0.7234169523785116
43,-524.558,-0.46855550466197415,-0.39338271773482236,0.49554807221374264,-0.616553229302849,7.173927492035674,-2.4535216539215057,0.6724059325562052,2.5009323297962482,-0.12966133564086835,0.7480267803100199,-0.42398043086450216,-0.3731697529581238,-0.6896996533886055
44,-524.550,-0.462110562864666,-0.3970616778116745,0.48997836695510133,-0.6234717729122076,7.054158121746253,-1.7972127538209988,1.3029820998449082,2.6556519544741346,-0.07430132831516525,0.8029971305548356,-0.42841529906448905,-0.3883507989428408,-0.6805143905541439
46,-524.533,-0.44845456584326865,-0.40430381576528857,0.479181244139563,-0.6370339568632218,7.439149072489525,-1.25108749654017,1.5164730018003314,2.6664844145979676,-0.0984844186837589,0.8158974298829431,-0.4358010203995005,-0.4142973306201091,-0.6665107978615301
47,-524.525,-0.44184414922435117,-0.4079068212683065,0.4736462349005103,-0.643463298971718,7.13440047920979,-0.7034047545859716,1.436191962085107,2.5997345990689906,-0.13036495213960042,0.789988561692198,-0.4416782787648949,-0.42701240557611564,-0.6624470950952213
48,-524.517,-0.43525033521425227,-0.41136705552315234,0.46844622431193306,-0.6495324674363765,7.0201728627406625,-0.6635863996258939,1.3919337487691632,2.5138815133811363,-0.1373402632694385,0.742672432634811,-0.43954514490798613,-0.43416266757939825,-0.6478232892668044
49,-524.508,-0.42905081636526604,-0.4147971594415407,0.4631358728622242,-0.6552586334903747,6.964135129766357,-0.8123329270981168,1.2397002813135707,2.434826866464748,-0.13695060713390872,0.6767992241367645,-0.4412913561541314,-0.44567813305368204,-0.6393410856057796
50,-524.500,-0.4229985704916122,-0.4181987130339741,0.45794823179291905,-0.6606553282737678,7.008552548565378,-0.8855705862033536,1.1204283298386974,2.3762736160593088,-0.1359268777532099,0.5967621942824494,-0.43693086156256633,-0.45889904997516506,-0.6315727107439157
51,-524.492,-0.417362540116662,-0.42164005050310405,0.4525638362365776,-0.6657433079272668,7.159823445908608,-0.8561123664003077,0.9975100681804343,2.320193445742965,-0.13249072376782564,0.5154022050252097,-0.4494054652116086,-0.45941308956269167,-0.6262586939192399
52,-524.483,-0.41184761102126927,-0.42509806049050297,0.4473019380160941,-0.6705178301211178,7.372968886966443,-0.5592284524413275,0.8822566237645422,2.2708870793851936,-0.14177396176987478,0.4356280528216062,-0.45433931989815846,-0.47460584643605164,-0.6146342184253417
