packet_counter,timestamp_s,q_w,q_x,q_y,q_z,acc_x,acc_y,acc_z,gyr_x,gyr_y,gyr_z,mag_x,mag_y,mag_z
26390,0.000,0.4411876367098352,-0.832416278233815,-0.19429273069260805,0.2732891211624871,-0.2586235128160332,-9.832334501379401,-0.38232542637215616,0.04042517663395884,0.06077433609471268,-0.11392119487018997,0.45692020128316124,0.4229110708279642,-0.3345937580435674
26391,0.008,0.4414034945554403,-0.8324257425797643,-0.1944248887044018,0.2728173395095235,-0.2186516373983974,-9.70056890447176,-0.4665974111191174,0.04988892619990359,0.048256502686670914,-0.11103482671407651,0.4562104187693673,0.4252240440688365,-0.3273193822408847
26392,0.017,0.4415877607978227,-0.8324405223855597,-0.1945808039081319,0.27236251018539115,-0.21129782795683857,-9.668695319187849,-0.5020146620166465,0.04395074366103494,0.03522876460877046,-0.110320430116812,0.45581204963752203,0.4246181799685881,-0.3297384580391576
26393,0.025,0.4417073591288523,-0.832471825589171,-0.1947894194453265,0.271923427758259,-0.2426291713936774,-9.694632781147153,-0.6060320611433277,0.029831995644067775,0.02306715413233968,-0.11478267073670534,0.46274629986316246,0.41956724948210544,-0.33116764285887046
26394,0.033,0.44177900898610944,-0.8325160175816075,-0.19502334999175006,0.2715037396562109,-0.26654976807353925,-9.71477691467193,-0.618839764836315,0.019394907734840112,0.011121294459157976,-0.11455022100522094,0.45922531856491094,0.4235514351449018,-0.3229618640706348
26395,0.042,0.44185538829003046,-0.8325511749439533,-0.19526047094795027,0.27110091372714745,-0.2775622229034578,-9.727981792481923,-0.670686915438196,0.021161304622341896,0.0066720701029338424,-0.1119031599861031,0.45859154107357086,0.42694451528437105,-0.3280192008027825
26396,0.050,0.4419232307502659,-0.8325767128215105,-0.19553680091268455,0.2707124579316748,-0.231729850890367,-9.638169622416301,-0.6403394137146962,0.021927304484678216,-0.0019719221018596094,-0.11288152558776851,0.4548614165198459,0.4298302489108131,-0.3321685365438654
26398,0.067,0.4419500107355523,-0.8326676413546324,-0.19610805793613223,0.2699748445027378,-0.28207666217438476,-9.659340009529828,-0.6417821545885575,0.008308568109875175,-0.006010892076340548,-0.11112687752662746,0.4577199416541263,0.42695787735928176,-0.3313778127410104
26399,0.075,0.4418942508161972,-0.8327338809117715,-0.19641883842011404,0.2696356701011661,-0.29934569887633106,-9.660628050358115,-0.6296547204956513,-0.008089184325737468,-0.015299732334289714,-0.10980567747330175,0.46569963656033686,0.4286980902145842,-0.31553518401106573
26400,0.083,0.44181227840211146,-0.8328161849711246,-0.1967173040245936,0.26929800407833143,-0.34888401924734247,-9.662120786530156,-0.672486945448624,-0.015343573732194613,-0.01758274511545701,-0.10813242952084902,0.4638372126529811,0.42462735253746675,-0.3214036691033287
26401,0.092,0.4416838400159241,-0.8329377046572644,-0.1969680540806004,0.2689493470911906,-0.2973801835588835,-9.705588693731643,-0.7121144224621981,-0.030687428163888725,-0.015347847903297586,-0.10641933119668255,0.4609804861627332,0.42550623475558935,-0.32001993316186284
26402,0.100,0.4415065767274736,-0.8330886774997521,-0.1972181459462283,0.2685892794540279,-0.3529202910072776,-9.777918708265078,-0.7054752672218265,-0.04451914241988658,-0.007334567777330799,-0.10952964056371255,0.45263134582560177,0.433256432764961,-0.3208571033116829
26403,0.108,0.4413041821981737,-0.8332521718159795,-0.19745160503262413,0.2682429879948323,-0.3651606334621518,-9.823754503562439,-0.658258931514235,-0.05172073076833591,-0.007791203250206295,-0.10524461461772884,0.46357547295079715,0.433478795587214,-0.32463692962878726
26404,0.117,0.44109552405511315,-0.8334145498964202,-0.19767345711187204,0.26791814241094986,-0.3718829874897907,-9.79864690621239,-0.6629560754012841,-0.053461435765368916,-0.006975910594455239,-0.09945283014362404,0.45809611895772195,0.41680536109069516,-0.323032851752427
26405,0.125,0.4409036868908481,-0.8335806436988574,-0.19784542932881335,0.26759005106758676,-0.3567580231248786,-9.792846304200333,-0.5750773046122957,-0.05212327504672033,0.0017034669101112785,-0.09483077554856117,0.4543553350171378,0.4321418256496748,-0.31960523958537984
26406,0.133,0.44070205156740233,-0.8337577668760696,-0.19803396944011925,0.2672306772545075,-0.33140970369555145,-9.85025950585759,-0.5399558582363638,-0.054615625776805586,0.0046741347371192015,-0.10275449779800477,0.4611093060916874,0.4335653476015352,-0.32302051139421645
26411,0.175,0.44040878752292106,-0.8342600610569991,-0.1988577410869181,0.26552937541366517,-0.36509462359333,-9.816026077971905,-0.500652333201385,-0.016927805798508486,0.011352781146649093,-0.09251801540476526,0.4595536868888511,0.42874734900819483,-0.31145548832550907
26413,0.192,0.4403621178786311,-0.8344307869959603,-0.19917969803764526,0.26482808525604284,-0.41111259561268876,-9.75772804363472,-0.47590417168622406,-0.007741051819455112,0.0108918720294513,-0.09391380706363044,0.4596381296208408,0.43604085580016066,-0.3215995601296375
26415,0.208,0.4403236842766075,-0.8346207142443907,-0.19946948088705416,0.2640743126733591,-0.3804433009065183,-9.7485405814986,-0.4372093764790626,-0.00863680901728615,0.02148038332312396,-0.09719623959009159,0.45585954813484497,0.4332656053338397,-0.31010615708496614
26417,0.225,0.4403810436978483,-0.8348239011261633,-0.19963335592323012,0.2632111579377235,-0.3416283064683277,-9.70050110044665,-0.4103420718422339,-0.0010447455081880747,0.04126141784421373,-0.10013358872184713,0.4588654150400619,0.4322016535141747,-0.3139074054280489
26418,0.233,0.44047379234562567,-0.8349204886241643,-0.19965670247759548,0.2627314543179454,-0.32955694974834393,-9.666175656522118,-0.37041819332950116,0.01105852444642189,0.05998769693922071,-0.10257435222602124,0.4620228624973611,0.4292174023005114,-0.31143776650524396
26423,0.275,0.4413569358275455,-0.8352677067073183,-0.19945153316169958,0.26029022119216305,-0.4030951091576152,-9.609309269762518,-0.31093276250489926,0.029241548906782704,0.08070948062021985,-0.09436086704111898,0.45581464199575755,0.4395669537435404,-0.3129089232523438
26424,0.283,0.441603693891479,-0.8352718593190168,-0.19937772336640236,0.2599146436743893,-0.4208542421711933,-9.509361821153169,-0.21812741286895207,0.04976505093134075,0.07178036525109245,-0.06617826637407022,0.4651832987776826,0.4336251754660352,-0.3171030265740775
26425,0.292,0.4417943304751478,-0.835286813933215,-0.19934318582789126,0.25956887774404247,-0.40422161439270315,-9.572696643324203,-0.2674680966857842,0.03800038919165923,0.06123390103090108,-0.06439132485783537,0.4566532114104675,0.43367583076165644,-0.31721399873028383
26426,0.300,0.44198019028029745,-0.8352965269548551,-0.19931169591991416,0.259245195377807,-0.34926261749547716,-9.506843890632597,-0.23520641975022683,0.03741898767754047,0.05596093737920603,-0.06116628262858818,0.45459264128737137,0.43803155212954814,-0.310450544277253
26427,0.308,0.4421491417186868,-0.83531012788714,-0.19927165669443064,0.25894388111105354,-0.3519362032623184,-9.545935822477956,-0.2202212164650175,0.03325576487035276,0.05591191357679506,-0.054804556717689,0.4617191327809096,0.43076616598941436,-0.3169252814243507
26428,0.317,0.4423227399976964,-0.8353266196522947,-0.19922225405074717,0.25863202754520037,-0.3531607659414729,-9.51462984474379,-0.19147428102870043,0.03353676105532588,0.058581931563791476,-0.0564328283808234,0.46385166786131754,0.4319539630441111,-0.3159477482629547
26430,0.333,0.44269893522815906,-0.8353699520103212,-0.1989748925547113,0.25803815252588064,-0.33255830632442424,-9.57495797278028,-0.19416225415787255,0.03335246510691601,0.07338467119187218,-0.043685845114611495,0.4549657965573151,0.43187937660269,-0.3102524160411552
26431,0.342,0.442934131101692,-0.835401343633178,-0.19876530248184024,0.257694208492106,-0.392650219062604,-9.614222673722894,-0.10884160287334048,0.0390623138458459,0.09677486725996212,-0.04377735623089294,0.45681740221456346,0.4339953146691199,-0.30820446450889616
26432,0.350,0.44320804872284336,-0.8354014245568048,-0.19853887494998107,0.2573973592120684,-0.3799557747345701,-9.607658797928222,-0.07876293438804015,0.050032838033018896,0.09752552638407158,-0.029605120416434205,0.4540103693304578,0.43397138352331993,-0.30997840164737017
26433,0.358,0.4435174556558006,-0.8353711233614216,-0.19829584021375773,0.25714998062687394,-0.3528635732050512,-9.625855576603167,-0.04718195639499056,0.060085944804157555,0.09591272623616971,-0.01644858081337361,0.44748999468711886,0.4350993527135168,-0.3126120213466293
26435,0.375,0.44426533495519344,-0.8352310197900659,-0.1977415481257439,0.25674060037795093,-0.3035543916663017,-9.662291659261012,0.0486939735433184,0.07661874720332479,0.09935996259485994,-0.0015557358340999926,0.45529530874795504,0.43938048763998727,-0.30959821317254205
26436,0.383,0.4446928128542972,-0.835130878935125,-0.1974473050830502,0.2565526826213666,-0.2095276572324848,-9.670514871156143,0.12251896042451046,0.09005657765223452,0.10789524477981194,0.0053552616673723736,0.4674123381561848,0.4352190084425166,-0.3067076196021668
26437,0.392,0.44520141545192204,-0.8350147697622173,-0.19709869634131932,0.25631647988201817,-0.13663532989974053,-9.73051808402879,0.05548063670476947,0.10749461452923213,0.12259363126633302,0.003438490222969808,0.46431113074595115,0.4313467024418521,-0.31340737889963677
26438,0.400,0.44577597704873556,-0.8348742150351255,-0.1967182017957658,0.2560679059116335,-0.09506904192052391,-9.702805530990588,0.10669187410634152,0.12315496690918515,0.12698010652088695,0.005381890611355457,0.46219057770872823,0.427583483099298,-0.3116475123310671
26439,0.408,0.4464097331494569,-0.8347197060233792,-0.19633945594632074,0.2557580508300315,-0.024254451624573153,-9.692712583352003,0.12144631391637277,0.13721374988367344,0.14229602375734035,-0.005534676034178384,0.46932555986621854,0.4313333403669415,-0.31213544825808465
26440,0.417,0.44708419753813683,-0.834550269575196,-0.1959584798721691,0.25542482657298116,-0.010260219964821462,-9.685509319001932,0.09438285134369596,0.14740735863021429,0.14171358400695663,-0.01036394016680635,0.46288067458746235,0.4360514248710499,-0.3162473603901276
26441,0.425,0.44775046786381206,-0.8343828741258452,-0.1955945936829763,0.2550833056380265,-0.05936972791271644,-9.649615186222345,0.0506023997482043,0.14615579324601732,0.1442147273316851,-0.013097676966492939,0.46132684738653257,0.4315184099684838,-0.3057642239259242
26442,0.433,0.4483942193685916,-0.834226759804612,-0.195267032127028,0.25471380690302636,-0.0174592414457348,-9.692220053790557,0.09095840482002507,0.14157387208172376,0.1379986809534693,-0.02411577719157857,0.4598783520158943,0.42832655450948887,-0.31189635304778107
26443,0.442,0.4489695243013484,-0.8340869765529328,-0.19499411478696718,0.2543670123892943,-0.06340952915656417,-9.68822454860961,0.08554171942482652,0.12740701844461808,0.12291315034343878,-0.027004365649154063,0.45603448430825433,0.4375734644101315,-0.310844288839427
26445,0.458,0.4501397939621241,-0.8337623846351891,-0.19452536538374257,0.25372097682592554,-0.03174230218749383,-9.68649511973726,0.12294318833594668,0.13312031327708393,0.11316564775201116,-0.026081853591433415,0.46034804461197043,0.43421767749137286,-0.30825022955826503
26447,0.475,0.4514431360046969,-0.8333730019291969,-0.19408888692443796,0.25301786218011685,0.04016497053182937,-9.746509838853115,0.1705050661767402,0.15158126270651254,0.11421308229227181,-0.032022153944122715,0.47120887951400175,0.4271732576714814,-0.30948181059892876
26448,0.483,0.45218654353917653,-0.8331516045045962,-0.19384438431250814,0.25260658824348653,0.07954880115558587,-9.74510317666742,0.11358531697721277,0.1733415370377212,0.12125555070234437,-0.04046331946285173,0.45687548057582567,0.43450405768415773,-0.3129736573475119
26449,0.492,0.452947880049194,-0.8329047503794398,-0.19363369971853023,0.2522179317328927,0.08087467413641365,-9.713463948990478,0.08825153466873693,0.1808385448959626,0.1209406240954537,-0.03787195221855094,0.4662615550031973,0.42936517868134316,-0.3106205139145889
26450,0.500,0.45371665002930794,-0.8326617208279876,-0.19341277996677378,0.25180777728156417,0.05175873127021151,-9.73440995454355,0.08774568369454955,0.1813876994896304,0.1263907996372897,-0.04123913935478626,0.4559218652772528,0.43004562922301276,-0.3040124905117565
26451,0.508,0.45447500648186245,-0.8324170707254923,-0.1932054019070435,0.2514079583506459,0.07535653286508176,-9.75975929047085,0.038559918336534243,0.18016718560746087,0.12147390872970797,-0.040643775041113155,0.4647843743178023,0.42617053021832696,-0.3059551500620322
26454,0.533,0.4564761333171585,-0.8317920720589871,-0.19266463990436458,0.25026351132786895,0.09248578759990297,-9.745171422871753,0.004565068457958431,0.1579853216572636,0.10981730686735111,-0.042207893236263165,0.46558521888530296,0.4231637443608744,-0.31087784542771607
26455,0.542,0.4570763385156861,-0.8316021688473798,-0.1924954863483324,0.24992907248447008,0.0845461771692996,-9.767847125694754,-0.0016713706309268092,0.14164128158745976,0.09562054650149977,-0.03644225135562644,0.47326955554593,0.4324212233324064,-0.3086469440732036
26457,0.558,0.45820164549935666,-0.831244999452465,-0.19215469282780612,0.24931822430621778,0.10781464467841294,-9.773258696408679,0.010039928011506587,0.13272253439456144,0.09535219138038735,-0.029889694232713208,0.4663753444694024,0.43008431894573407,-0.3152790997234726
26460,0.583,0.4600153007384909,-0.8305749349358668,-0.19166134729594214,0.24859028238340575,0.21925426115645205,-9.66801699542259,-0.005135763488613458,0.1462675009711485,0.08564456696749662,-0.01598046625862032,0.46611421323226093,0.42755675894947676,-0.30602854176865113
26498,0.900,0.4515008699330317,-0.8329434188373064,-0.16731551225684532,0.27268616544218915,-0.9747710735078831,-9.364221283440234,-0.6514142839133685,-0.0823714832927468,0.049902823540081694,0.20302163882172422,0.49638904150899926,0.3794419962769972,-0.3219029819062648
26499,0.908,0.4522476460367568,-0.8324857803734866,-0.1632792613837799,0.2752805386004016,-3.6103283527221737,-8.674622942127003,-1.155561818206611,0.05375512820092297,0.5020595718914209,1.0183906967603553,0.49813460760420775,0.37971361789286073,-0.32006555789815677
26500,0.917,0.4529727450167343,-0.8319581743049189,-0.15907635693853237,0.278129468309986,-3.7117542802071535,-8.622649654783041,-1.1312727042862707,0.04197521990253404,0.5245975776035363,1.1220032126141224,0.5021755636433426,0.3761741578745704,-0.3250681068430106
26512,1.017,0.4569525165040344,-0.8177196645449162,-0.09401347688979815,0.33718009140557464,-4.248051765168772,-8.958297974492622,-0.8788658754936872,-0.0322875790119073,0.47902238279070375,1.7177400737293957,0.5209502706242074,0.2590371318414072,-0.38222707122960814
26513,1.025,0.45687347687703367,-0.8156390100782501,-0.08751442223635285,0.3440070599064803,-4.666541557165701,-9.705877633859899,-0.7328210419828336,-0.09172606816115433,0.4186212787256677,2.256779183568529,0.5331163654297506,0.24915763369069488,-0.382495397964707
26519,1.075,0.45459623274190747,-0.800175155125703,-0.04445790722285698,0.38869715818589046,-4.755464136683727,-10.13743562712547,-0.7114616988591824,-0.13450844781099164,0.4492912344652805,2.5180746030468732,0.5281036020567335,0.16857269418447493,-0.42229729723295006
26521,1.092,0.45302054609977555,-0.7937825884525822,-0.028227215851029087,0.4048268906165693,-4.674984032414851,-10.999839974714513,-0.5007976744874185,-0.1849723181441243,0.5251532923390511,2.796046522281795,0.5208120533466937,0.13758028115905216,-0.4308037585843649
26522,1.100,0.4521166121439043,-0.790348352322872,-0.019851695269781974,0.4129721070471416,-4.660851569322467,-11.435448803882814,-0.32529048802254085,-0.18862257486434267,0.5581973518784362,2.8671141744523063,0.5244491980095954,0.1323351085021485,-0.4452915767010073
26523,1.108,0.451244280824974,-0.7867121256566321,-0.011316793263868705,0.42111110239199223,-4.5198004255919635,-11.5458322206958,-0.24994351388596164,-0.16217393721958628,0.575662304969223,2.9097022171474185,0.5147741994091971,0.10868266805828075,-0.45093195183044826
26525,1.125,0.44950762565781416,-0.7789137040789842,0.0061072208837983635,0.43726312207469314,-4.342522433811886,-11.837748371662627,-0.11889223030817954,-0.13127046054970723,0.6026885019249417,2.9436544247836545,0.5113961424937016,0.08760425340025958,-0.45709591481336376
26526,1.133,0.44869216520058414,-0.7747578233750378,0.014965875690102838,0.44519847098975324,-4.23406736888626,-11.92265534241392,-0.01566104408135659,-0.08658537442987413,0.6303227255887626,2.961137023580719,0.5057460049433172,0.06948476230809104,-0.46397173800421926
26527,1.142,0.4478829021035602,-0.7704461954832766,0.023937219531153277,0.4530348500830321,-4.113694307201367,-12.030278906040767,-0.056437486924994076,-0.06489745463432267,0.6536598508343499,2.9762079111460538,0.5131437979714889,0.04569232155025949,-0.4633951755169228
26529,1.158,0.44627234721852277,-0.761345541137119,0.042073522475854386,0.46842691831829214,-3.9584394700785617,-12.181961241156898,-0.03227709171103296,-0.03268155504600742,0.6725939004028997,2.987350279864305,0.5066088225408171,0.020531203642220823,-0.47636950482704027
26530,1.167,0.4454604260750017,-0.756627627938685,0.0511248868634039,0.47588432143133413,-3.8806980563969864,-12.38950607979431,-0.10449294934921242,-0.0052657434514924205,0.6841986575100549,2.961264221972631,0.4945809242475171,0.0024729369165628324,-0.47745497377757223
26531,1.175,0.4445830901442926,-0.7518626662064609,0.06012000827915905,0.48315007164149126,-3.7006700502970586,-12.557457598365335,-0.12175792979649325,-0.005258784970712295,0.6929538950624095,2.9293489073742127,0.5012078210827289,-0.010957986825339829,-0.4794943680991124
26534,1.200,0.4416865201650074,-0.737308020958981,0.08660778960596066,0.503774742234709,-3.3692813672614776,-12.855969337102884,-0.1322035692898008,0.0038205359660944726,0.6989964318267168,2.852828176823576,0.48028539531610037,-0.05223314091923825,-0.4955251338648837
26535,1.208,0.4408156812822028,-0.732376727738985,0.09528961181217228,0.5101232730259717,-2.8692212403444666,-12.923353364482699,-0.10209090422470385,0.06186362206007383,0.7183477587184514,2.7546588241418566,0.4760969386427808,-0.06490763117603943,-0.4973280942422262
26536,1.217,0.44003368273568105,-0.7274405786911771,0.10394327714102315,0.5161359875737251,-2.5692705198098427,-12.81477828378925,-0.003304865472902365,0.10254601378466852,0.7459575095353929,2.6972883911604284,0.4764059650246234,-0.08431902291816859,-0.48965917472008813
26537,1.225,0.43933128471586047,-0.7225271579869611,0.11248696450981789,0.5218133871956181,-2.3097782801228033,-12.77601212406107,0.08495905198030156,0.13751747588393226,0.7585561790620476,2.625271015867088,0.46849634380711186,-0.09268286109465664,-0.5010209038610333
26538,1.233,0.43871369672344623,-0.7176492844180413,0.12076736176134273,0.5271859645464083,-1.9411278024271774,-13.038847913879438,0.038545569211014485,0.16527057849003027,0.7389225838423252,2.5374498137693497,0.4748129777692009,-0.10316822334561736,-0.5009626731093053
26539,1.242,0.4382363080428791,-0.7128289376681425,0.12863830819092484,0.5322368172173277,-1.3919126932152446,-13.037676243157188,0.11861955550706622,0.19934429512240212,0.6904478118595521,2.42553477208796,0.4657951189235957,-0.12626405848284727,-0.5052983841781222
26540,1.250,0.43776076179103757,-0.7082827147405936,0.1359970838968986,0.5368481206145416,-0.8105165875316275,-13.094973967352846,0.35385857878064475,0.19152653898581767,0.6562220981757482,2.2553948546753695,0.4598677352205712,-0.1310032811287344,-0.5089255875771914
26541,1.258,0.4372454229069352,-0.7040399769649937,0.1427923065853761,0.541067933038075,-0.4118498161388204,-13.495841395266773,0.3599958740414231,0.16726700434496938,0.6105421661474469,2.085021124524923,0.4556853622847202,-0.14231966330621781,-0.49714841465783444
26542,1.267,0.43685204711222186,-0.7000201369726917,0.14909487391165596,0.5448878924511561,0.03824606350932798,-13.83472153279874,0.4544603014280834,0.186817457228876,0.5662367791737961,1.9283062644906677,0.4472474014975831,-0.15937520257872134,-0.5003328148370112
26543,1.275,0.4366588548039952,-0.6962080082902162,0.1549853986137637,0.5482727240437616,0.5949663834356261,-14.226152269244084,0.6592495044938298,0.22968026188534593,0.5355719497304648,1.7807139935684073,0.4539923596081838,-0.16417844259514036,-0.502137814112706
26546,1.300,0.43742353812891765,-0.686710805125617,0.17112882677713726,0.5548007237381609,1.8448506702852052,-15.236261420586354,1.1306990243309762,0.3492674219921892,0.5860115605980412,1.435782554768279,0.44306902231458395,-0.1822353128187877,-0.5091711562074647
26547,1.308,0.4380233239408552,-0.6841958733267838,0.17598103374374868,0.5559156863849829,2.4702051156900997,-16.647741272003188,1.6583013767020884,0.43630937863686414,0.620381544584487,1.124471086040354,0.4396629082931609,-0.1985013148915112,-0.5045363789904326
26548,1.317,0.4386582007769617,-0.6818275487504686,0.18008744925740264,0.557008695871087,2.6673729106789446,-17.32861489000417,2.020783061113293,0.4013788219292351,0.4846438603572698,0.9971889382678221,0.445852666549324,-0.20007680273023531,-0.49441832149154574
26549,1.325,0.4394197754379224,-0.6795561177877237,0.18281568001387224,0.5582939824791499,3.2691181148654116,-17.780806658983284,2.2907501043781138,0.3398389180076312,0.19504440799524986,0.8440062361898206,0.43998268004431684,-0.213924331464812,-0.5066151254441429
26550,1.333,0.4404833956909503,-0.6772828926039728,0.1837489678157896,0.5599094376175466,4.468465095929095,-18.035974961195034,2.402846693258147,0.29129073856791493,-0.20839738856124468,0.6590323783515292,0.4417665991955636,-0.2117218413840609,-0.5041588343227569
26551,1.342,0.44211212233905434,-0.6750170765442551,0.18298343626973199,0.5616100779948893,6.365398892673359,-18.019547395619682,2.2464146879231857,0.31898278755371656,-0.58274047454986,0.4574073585901973,0.43435727372600147,-0.21113851192760177,-0.5063864595278731
26552,1.350,0.44478794401852684,-0.6726358691284043,0.18081434317782902,0.5630549224709956,8.407968992574524,-17.559355148887192,1.7556265179505914,0.4990842350377833,-0.9051879739781906,0.23698226866077834,0.4474105207137353,-0.21847988101116741,-0.5092352405014356
26553,1.358,0.4485771369154965,-0.6704717035427353,0.17769038280918764,0.5636243206625519,10.585510137791728,-17.02523161474585,1.049864137119629,0.7398237344876578,-1.0567204513559811,-0.052345128709523625,0.4428849143139774,-0.20717546440658405,-0.518220233387996
26555,1.375,0.45792128585834035,-0.6680685613475642,0.17174744392491142,0.5607988131247246,13.397192058213486,-16.13892533353379,0.3394135219247159,1.0263137034462018,-0.8139811481880355,-0.4918810756621783,0.447506317280081,-0.21857700209637795,-0.5166431598011323
26556,1.383,0.4625521216450461,-0.6682729219753781,0.16969786241442694,0.5573683450000824,15.77460459673927,-15.012397564168063,0.6273373063203089,1.1228493124049668,-0.3287359920213645,-0.8658206522654339,0.45796773845027333,-0.2166503231375223,-0.5050996691336254
26558,1.400,0.4700884795122304,-0.671562338250038,0.16450753778387797,0.5485964976978132,18.74351523431473,-15.131909106978648,1.2014852876116584,0.8890958267371759,-0.19166929490700493,-1.2803397791586681,0.4527562540265493,-0.21070714835800644,-0.5083909935957742
26559,1.408,0.47316741483295094,-0.6751404533761712,0.15837297913768744,0.5433378002995687,22.28387029906569,-17.11866664499235,1.1493928581203636,0.5015695474510149,-0.6414445853555832,-2.0695100253577756,0.4677594889539869,-0.19880245366121735,-0.5030265538987856
26560,1.417,0.4759368753982324,-0.6800926134203799,0.1486845943471358,0.5374486200661723,24.20942969166694,-19.556421278212664,1.01586248875726,0.2240205197801001,-1.1831301196050386,-2.7924970734803973,0.4725744755881004,-0.1863489297246585,-0.5086632562559568
26561,1.425,0.4784316344393984,-0.6866905326861253,0.1362305784290028,0.5300948150923482,25.761799979300445,-21.924999187579743,1.2402190995782068,0.031780313836818314,-1.4706667165510496,-3.5520393613719405,0.486398328030248,-0.16386175169169823,-0.49858493596469494
26562,1.433,0.48079432766112634,-0.6949759090164348,0.12326599913311814,0.5202410920269372,26.848588591326077,-22.86395923766789,2.5772919112934454,0.03969911299397491,-1.2091002168308709,-4.251385480722847,0.49563237230374313,-0.14129579771128473,-0.5035890168098056
26563,1.442,0.48306397018337865,-0.7054783998470947,0.111574299538487,0.50645888652718,26.723885786693963,-23.712382423058664,4.3452440688689995,0.17477043508254564,-0.40909426892630874,-5.005745351198348,0.5134851987418407,-0.11977265740875763,-0.5012506451933634
26565,1.458,0.4893270847541327,-0.732318264861165,0.09207169184470103,0.46453392409770156,23.66898757688892,-26.81900390139128,6.748392175911709,0.6956861575598813,0.8607510307423323,-6.364674654372701,0.5463546906420963,-0.07627666809635074,-0.46312872648664033
26566,1.467,0.4942757880663162,-0.7467383074447808,0.08080511885258955,0.4376572612137783,17.769197653576736,-32.05972242631079,8.616246372646101,1.3721684066267152,1.1677020345039848,-7.649238452426975,0.5735525474286234,-0.03356881948171326,-0.437895255669121
26567,1.475,0.49979537824365483,-0.760549537659005,0.06621029826373019,0.40912733599306716,12.89234523030909,-36.69098811234302,9.601735729993395,1.625686377363748,0.6015252660783593,-8.300074688800013,0.5780941103000778,0.0029284222435767278,-0.41422508409070274
26568,1.483,0.5046592030609912,-0.7737297714416228,0.0469964620360833,0.38006928592933037,7.973478698526421,-42.16878408154763,10.097482518350926,1.5601143650705815,-0.3229805657641267,-8.845105539132533,0.5882115181784501,0.061062080435536355,-0.38925380927577946
26570,1.500,0.5105634488495874,-0.7962768371065274,-0.005410078100767128,0.32440544761360585,1.2001352555378706,-51.970176884231826,9.559635486206936,1.3005351589949259,-1.99412068691553,-9.292268150103464,0.5950160365893336,0.15916343993769783,-0.3540354502869037
26571,1.508,0.5127611196958315,-0.8041383537242592,-0.0373012445021902,0.2984060310323904,-3.5340370066600912,-59.81149808910851,8.483407374123752,1.5092738636216922,-3.5220229552938616,-9.25890367069207,0.5830811582764671,0.23093841912091312,-0.3191165755910253
26573,1.525,0.5143496902557659,-0.8140347098567177,-0.10597483643822479,0.24811533875232047,-7.117236091159186,-63.321338109406774,7.376772470534236,1.5761368906674398,-4.276346408035526,-9.22132320958173,0.5284055812475559,0.34135390519086567,-0.29144443102308004
26574,1.533,0.5122149011569538,-0.8175597511908712,-0.14034769405367806,0.22256341352367187,-9.417914891029728,-61.87933987312912,6.964464748188055,1.17004095454521,-4.393748806220709,-9.219156112566758,0.5016452341404359,0.39851854258954555,-0.2821605082384236
26576,1.550,0.5008622432112564,-0.8242019557662165,-0.20258807699928025,0.16966502436939035,-11.81803241888862,-56.42942219325722,7.108825469164663,0.3833377546011073,-3.818950786702535,-9.157487903518932,0.4322104272989573,0.49061969245171255,-0.22137780993353595
26577,1.558,0.4935718003675076,-0.8268393461065539,-0.22895801381022843,0.14248439045783118,-15.462298312106196,-51.072399004281955,8.013295516146233,-0.08654490510360092,-2.899832741379563,-8.764081302845796,0.3971824469006809,0.5372082260790785,-0.18888945932059117
26578,1.567,0.48694979374309305,-0.8282022602946116,-0.2523061428488162,0.11533657137789799,-18.23344901977154,-47.053773932130426,8.40364388915311,0.03187747352047027,-2.2904170406796345,-8.439261933654207,0.3510687370487409,0.5634269162419248,-0.17026952527947187
26579,1.575,0.48196668478478244,-0.8275149360980988,-0.2741005455912372,0.08829516520575913,-20.942251998663345,-41.936989176939164,8.477869279229372,0.5122674490182997,-1.9015815751056346,-8.159630487362085,0.3209729580739393,0.5863229232006912,-0.13938610720850356
26580,1.583,0.47875857671800065,-0.824332697083536,-0.29563845888653334,0.062158920237838436,-22.958874784849872,-35.91039701653232,8.475601294701072,1.164286350086267,-1.8403941272713198,-7.904739334596656,0.2776884332641905,0.6139651353153978,-0.12220458901094912
26583,1.608,0.46237040683363595,-0.8039883500802416,-0.37386028105913127,-0.006695525829748164,-28.278414518198122,-25.016400476143385,7.257788930894746,1.6182777137122264,-3.333646506660707,-7.748652367513112,0.12295479582084844,0.6573089681293224,-0.07121111112034471
26584,1.617,0.44818774529283006,-0.7943406078563684,-0.40910163703888175,-0.02804628766543563,-42.868712088944356,-13.003091158337188,4.685697862627892,1.3764596283626112,-6.256771815914604,-8.549790271080976,0.06675949234479299,0.6722633279123172,-0.04764162678012938
26585,1.625,0.4299209230901547,-0.7833813186288666,-0.446265719526356,-0.04825574668608665,-54.48776138520546,-3.2261711205417334,2.81841734416211,1.098478283114823,-7.265681603084639,-8.671181761885604,0.006361958150326756,0.6768336360355941,-0.02753061594271837
26587,1.642,0.3989550345902333,-0.7699455910843269,-0.4934733594788561,-0.06710224012329374,-62.8240987898127,8.846055787805597,-0.2468784133529456,0.2007775334848795,-5.464685362005438,-4.8573125949509715,-0.07036377625393508,0.6669210341702032,0.001409799890507212
26588,1.650,0.39023530719055494,-0.7705952748876012,-0.49975833648573953,-0.0643500773566179,-69.29341614718629,7.89239992451396,-0.8768715763011449,-0.6781946320093376,-2.5692286302819833,-0.1186448457290207,-0.0667275833838553,0.662383829761605,0.02545336786263519
26589,1.658,0.386775532937449,-0.7734897067359442,-0.49900107027090174,-0.05582376342554413,-67.6891141019648,5.02631581398492,0.6877614080094865,-0.4652863960235274,-1.1097177974798704,1.9849899918061404,-0.06387914902414696,0.6742540242417048,0.026766779960951594
26590,1.667,0.38924363070853363,-0.7775902794097899,-0.49195083882738394,-0.042744888551468775,-62.37698610473301,2.414418223613487,2.9225302739027983,0.016496093650006705,0.41930142348369803,3.731747507946632,-0.03791516304027072,0.6702417179270767,0.020243565052999776
26598,1.733,0.4576845435719397,-0.8137027185276197,-0.29278254899071254,0.20661830374535559,-43.63248230170156,-11.233752689738779,2.9779783524280803,0.43647665959778953,2.627237316026108,9.532787605539433,0.29359147555145576,0.5505869074117307,-0.22305541735394527
26599,1.742,0.4562986824660082,-0.8147032009270143,-0.2573754299776574,0.248612338436526,-31.249083333199277,-32.956142937434755,3.4226214857671513,-1.3655326512679857,2.5090915947864953,12.834862557088094,0.33665430645025923,0.5221298304494332,-0.24827519019811545
26600,1.750,0.451158736358301,-0.8137194198477572,-0.22155254806851168,0.29194343427205305,-28.372997855950956,-39.053163491299614,3.1598166448471807,-1.8993479270684495,2.0877047426648354,13.25728855068441,0.37949836620506316,0.476975387844817,-0.277728359566347
26602,1.767,0.4345266279452244,-0.803820499741271,-0.15317884026589793,0.3762917175504142,-22.99907261214753,-50.87443769050791,1.7671024524146426,-2.033636257951224,1.4649883858795554,12.99727737644966,0.43055687384620206,0.3787755107554343,-0.3440596041897694
26613,1.858,0.40782808971855866,-0.6763150646768623,0.08393123022955701,0.6076427660392217,9.381198320471842,-55.66356317161131,5.086731183030058,0.3333720759550347,1.0602650497625594,7.728586906904694,0.43421931528900737,-0.0028737369432019753,-0.5457363556973559
26617,1.892,0.4253606953496326,-0.6569609320944947,0.0953657314812226,0.6151227436961352,17.77759869179832,-24.75011743481347,1.6182942329060896,1.35031445597749,-0.29790641791764333,1.1127726547184267,0.4250211839344373,-0.021773592666271928,-0.5488018074064717
26620,1.917,0.44241206469102135,-0.6453015383120008,0.10128941583100404,0.6144899868253406,21.433504040969105,-6.85783811649357,-2.2713317517001324,1.6267498347528118,-0.24685902232858467,0.5081427002294938,0.42327250318099635,-0.032205506617590016,-0.5598716924481716
26622,1.933,0.4474830302519535,-0.6455056172638273,0.12168885912914564,0.6068552193737988,27.87798030624995,1.833416347779269,-0.7521649400204667,1.4087001464582647,2.2192761136775077,0.5663756270163232,0.4328395248210433,-0.05267447061452687,-0.5359931367076419
26623,1.942,0.44444824953084006,-0.6498132676953274,0.12873893629442015,0.6030213569168795,31.498813916054978,0.9621364538789468,2.0419672182604747,-0.26439315106532707,2.2835145374740518,-0.18685618600499854,0.45045017818152405,-0.06115717096320003,-0.5314219567354657
26627,1.975,0.4321551109182412,-0.6772790022855014,0.13209069105957297,0.5805920792654713,34.98028605188631,-1.1566994487483429,5.7522177318368195,-0.7139517471178005,1.4566759186025138,-1.5772850201024577,0.47842313027199285,-0.04189834805313067,-0.4899961374890127
26632,2.017,0.45731915567087733,-0.7278481739638285,0.13413608395146676,0.49305551056261526,29.36569522074208,-6.493769429497907,8.391844745248392,1.588640195737352,2.4055006485448676,-4.082196060079538,0.5560687439901936,0.00717366045134732,-0.4009677051843579
26633,2.025,0.4669208196610742,-0.7366979780357865,0.12476221110067014,0.47296451030313735,28.74859990077557,-18.296220845916075,5.35473128183473,2.575100137779314,0.45433154704726986,-5.536173807712911,0.5712032389836986,0.025402238201626362,-0.38991544405221823
26644,2.117,0.4982104430267745,-0.8373347686292123,-0.1571940051090002,0.16108036646817095,17.57559153405224,-48.43686265985773,9.009811300028899,1.4759251307885126,-1.737834717993123,-9.25480229437263,0.4404033598668664,0.5809379408414425,-0.10253733143657773
26645,2.125,0.4883851151332187,-0.8386732752501875,-0.20233459273973656,0.13102606335489717,14.248880039089032,-89.89660839663296,15.252920079051512,0.9950333522767183,-6.3845880004600115,-11.32003161979507,0.3721834513627779,0.6185940654127825,-0.07190594479991441
26646,2.133,0.47366871753703654,-0.8396808240642303,-0.24603435886288744,0.10020555865101934,11.784060713600898,-91.8070429724363,12.455408720192482,0.0365222911245267,-6.404535928053563,-11.671174551368612,0.29570797095104623,0.6618162430505004,-0.020759795021540118
26647,2.142,0.4547710233316452,-0.8405688255525758,-0.2862659649754877,0.06840440880312361,10.010067260221392,-88.23133231388549,11.123401455698257,-0.9906294103436272,-5.981558164323901,-11.601412447018456,0.223479389193236,0.6759980142694618,0.030677177375425427
26648,2.150,0.4352063982540246,-0.8408555546723107,-0.3200165855449396,0.033863137356702835,3.318688908010145,-83.5621941135542,9.397598150009529,-1.5627791501601593,-4.536674140950135,-11.548057835089374,0.15971310902993316,0.6783335221541236,0.07829148688779311
26651,2.175,0.4193099172207402,-0.8163408484405755,-0.3901031248456722,-0.07474198601388368,-9.714567713706995,-63.81792857287054,9.996717975612093,1.2420924758424998,-1.0551957522136082,-10.472898257894235,-0.007199174293870321,0.6537254229918866,0.11378942939924248
26652,2.183,0.42530930795521765,-0.7999441960744109,-0.4098122798170044,-0.10609039091599279,-22.3694567538071,-44.231968719713315,11.469809715480942,4.013713489952114,0.5564742202738381,-8.917199474837126,-0.058257557303874906,0.6445227888220081,0.11282336945154134
26654,2.200,0.4295733446779115,-0.7614552288860387,-0.46173059996970484,-0.14985836311650969,-30.85239262991376,-33.12237123138607,12.986893157728565,4.866488524079623,-1.9601885689215024,-7.7775408377912285,-0.14483831211430082,0.6116641276474255,0.08529283666487013
26656,2.217,0.3902725318747373,-0.7279526559878587,-0.536792343926838,-0.17212280791875295,-42.918620375285016,-26.276668155505714,11.329593012842885,3.196889697304778,-8.13389393701683,-7.080921818027292,-0.24061744898249604,0.5633952090292569,0.10679768501924006
26657,2.225,0.3567839600293086,-0.711074164603981,-0.5774542088378698,-0.18337223070570113,-58.576072468567205,-21.260482815541945,6.768006104278422,1.6627787404279073,-10.937177141117253,-7.805092415285618,-0.275105597276776,0.5313811204677265,0.13764418990077146
26658,2.233,0.3236756158437624,-0.6919141071242345,-0.6145049372356809,-0.1971614723611252,-72.71362241579344,-10.768063676504926,2.0263148489303466,1.3944874938051939,-10.177321725458384,-8.291827996038275,-0.3074079262385667,0.49794350995433556,0.16740312800357593
26659,2.242,0.2981106299456553,-0.6766313099333705,-0.6407023328513861,-0.20688316366985468,-83.03584856722173,-0.7608555116239154,-1.3439679630587176,0.9513114650488789,-7.611040402463786,-6.090209735357752,-0.34166365517896563,0.4775680804817733,0.18677118250940022
26660,2.250,0.2832393842578545,-0.6714674294502491,-0.6528427242154851,-0.20664781593719048,-87.65509308329128,6.271289744025926,-2.239355788618224,0.31223836202957295,-4.429134818205805,-1.7387441205860454,-0.339230478471835,0.45793292941538044,0.19702915495161025
26661,2.258,0.2777811670282908,-0.676127830116628,-0.653016025259541,-0.1981384650702921,-85.88609353556289,4.622158132719622,0.26011943887830846,-0.3225309291925295,-1.631767163396179,2.092651488548821,-0.3355188956864699,0.4681333079755669,0.19300084555980287
26662,2.267,0.2812251686480158,-0.6846807847088754,-0.6472303494507812,-0.18225669348244472,-79.3477214543747,-2.8914424137555916,3.072533129524963,0.39161410759134463,0.31837480631076054,4.5942027769126925,-0.31508915470049625,0.4780951686345684,0.193399951635051
26663,2.275,0.2935539538866872,-0.6945660708500829,-0.6378219449608794,-0.15680311191966592,-70.20800460254388,-8.541129376654933,4.920034887969733,1.9784801507275276,1.76480157014885,7.061602717945654,-0.2783647790937102,0.5060076058631281,0.17839034635388887
26664,2.283,0.31167291535630365,-0.7049918064355115,-0.6250286989543482,-0.12323015935854253,-63.368561744108774,-13.03804461849217,5.076052124379966,3.154055908074991,2.6640053382980735,9.083879986856802,-0.24127575880731036,0.5235880432296015,0.1478230290422701
26666,2.300,0.3513091951867841,-0.7286773940859756,-0.5862797527966799,-0.043441410957174104,-55.23589525260001,-20.794631512006514,4.130151869145423,3.163592200703363,3.4080801865510324,11.070378733463166,-0.15415943114818526,0.5574971035373196,0.08632498673556706
26670,2.333,0.3871902275851715,-0.788139801329702,-0.4599193505283143,0.13188469294097432,-42.33944976184779,-34.489540458088726,3.567885102425858,0.36916520776257966,3.2466450167809815,13.253269518190432,0.09696649554384185,0.5569349122226391,-0.02023294914783502
26672,2.350,0.36600566928470374,-0.8139102212753556,-0.3915440448496598,0.2242392978443467,-34.762269277730645,-50.998572803975165,4.0037728286403045,-2.971782515648366,0.9100278530581405,14.01491251053352,0.20359156226708255,0.5154726890799918,-0.047340748091125096
26673,2.358,0.3537851477682713,-0.8202004323663427,-0.35684751281598526,0.2734358655364968,-32.58877124844495,-57.86507650603596,4.6450256708671445,-2.3803337020057524,0.054686584587914644,14.614420850430117,0.2552970135816484,0.47805368590782576,-0.07711062903904108
26674,2.367,0.3439266957779452,-0.8213125198539066,-0.31929174392761284,0.32436546505778757,-30.936439944146738,-61.28819455146427,5.172615940702998,-1.3267601514112823,0.1848438382540449,15.31735787251163,0.29258276498547386,0.440142094799554,-0.10945825151393553
26686,2.467,0.3393632481885643,-0.6928268379203367,0.08753904232559191,0.6302066918915834,-5.763881908868593,-63.945973976005625,8.100395736369931,1.2868748753043677,2.3030743337718125,10.290608728570994,0.38317761774122905,-0.007640096072487775,-0.3740836312934551
26688,2.483,0.34517996339346374,-0.6794499336223514,0.10223036911733996,0.6393336626538617,21.13839231733616,-36.6955616155105,3.1156377810232474,1.243470866999028,-0.00515406057387101,2.4017786037111293,0.3929580866893428,-0.039520563884911805,-0.4035108013253715
26695,2.542,0.370164179544115,-0.7123270920325182,0.1831667966713164,0.5674667556219462,18.445995480244648,-19.198656501643146,5.59366222786662,1.8181850368357655,3.4997902098140523,-0.5103070441471835,0.4533946955036219,-0.11530267570829013,-0.33290962833798254
26696,2.550,0.3705592662780911,-0.7124123297673431,0.1805558195524241,0.5679384637411536,33.1609583775921,7.352687204543442,10.24145742689065,-0.08447999886130311,-0.5475833218746036,-0.29065005517138615,0.44526586682456815,-0.11913629198623336,-0.34307839831748554
26700,2.583,0.4053133414403984,-0.738890747381776,0.1945768741080192,0.5018977971124919,48.825711712945,1.3817989531288493,7.483339444037213,2.9222511027412037,2.5771512339504143,-2.8501524697095384,0.4820642514261749,-0.12591807214752126,-0.2721909619358233
26705,2.625,0.37568910953069456,-0.8203974711564846,0.15610973732412836,0.40179028387041754,54.366313340435205,-1.1278046732397233,18.388064812791512,-0.8413723712961625,2.2338473121848565,-6.175537399523078,0.5355889875116701,-0.07945458964557914,-0.18383451075986249
26707,2.642,0.4010180409968825,-0.8459476589378208,0.12676280667424894,0.32785405285997415,53.827920731510225,-26.374989504306978,21.615178846268854,4.7303029202831635,2.4985422367577574,-8.980468356627838,0.5550596518129347,-0.036159825013646604,-0.12672552766945175
26709,2.658,0.43758922240624054,-0.8606506381315627,0.07957074196762529,0.24792064968525213,52.99491106181906,-40.59186679498961,21.901603820026896,6.750490969999388,0.9314746084654826,-9.990497825744512,0.5707972754356544,0.023624701015273055,-0.07431439209385345
26710,2.667,0.4403940890497986,-0.8700730443524883,0.03755326074894052,0.21821021155829007,51.77837554059716,-53.877827927281075,27.580089280987753,3.359780527264195,-4.116078203820247,-11.363375723389947,0.5786329019098176,0.07115194472526154,-0.05550145901746547
26714,2.700,0.44204873038962095,-0.8699491438901213,-0.20371863899422024,0.07924722791436965,61.6432253164116,-105.57109374693077,11.807869677194695,4.9295075020307575,-7.347510362856629,-14.23243952343309,0.5061394930706602,0.3783449096323135,-0.010017487697042464
26718,2.733,0.3990100144171395,-0.8304557249784654,-0.36688144537529593,-0.12857800078030426,55.50383794577693,-138.62663338682302,2.4384948607555184,2.4304561531882642,-2.5374115139768127,-15.872504634224052,0.23135872571573607,0.617998358049846,0.14835233021120703
26719,2.742,0.38116898394709603,-0.8134812663741932,-0.399327868191839,-0.18301827400655737,39.88710257591187,-136.8995737637592,11.999830868715101,1.060077364175264,-1.7553496918961846,-16.113633528557536,0.14160030301333165,0.6403060524893066,0.1866950099003227
26720,2.750,0.3624918535317466,-0.7927248681705428,-0.4313860187223694,-0.23257910989161973,27.22718473676913,-127.21917533597386,14.317640952435598,1.5745001754540127,-2.2679175463692345,-15.427834077795184,0.04069691534504993,0.6439869093235715,0.22027794603509157
26722,2.767,0.32044140105826574,-0.742352548469474,-0.4973103280576199,-0.3145034815004692,9.757537506500041,-106.92827814721008,16.77431841547523,2.370789353135984,-3.5561025362264873,-14.240965887306924,-0.14075836623373209,0.6306445370431967,0.2578378542088887
26723,2.775,0.2940185750952471,-0.7154103755212284,-0.532727258365762,-0.34342792590241467,-5.041589061516882,-88.85417510238949,15.456570280801118,3.1353119843149195,-5.881330613871398,-12.554582627282775,-0.21491209275025663,0.5987253795080514,0.2766884300718321
26724,2.783,0.2638504913405945,-0.6891668333191348,-0.5684349544061222,-0.3637494971563713,-12.22608401999483,-75.53018208618339,12.96320255427234,3.368414341941203,-7.379965865732104,-11.113164126484934,-0.29370586972748536,0.5586605571126392,0.3004375765374859
26725,2.792,0.22990054592404738,-0.6645771215371928,-0.6021481623997468,-0.3780219293001036,-18.02872231796653,-62.04896876150828,10.937180612692188,3.0253635722542844,-8.448994527111315,-9.88555742271257,-0.3370627034243631,0.5150028263992937,0.3185609793914871
26726,2.800,0.19241592902668767,-0.6421899099271723,-0.6319969984084969,-0.3887776020389774,-21.816578020240453,-50.15350907786669,9.578612427269533,2.188535366174115,-9.111614704619045,-8.941181282691987,-0.3853123870183827,0.45728158369397615,0.3454228305549663
26727,2.808,0.15291633494541243,-0.6221080845602305,-0.6565550006051127,-0.3981628521247106,-21.67482116005242,-40.033863554099575,9.502366691251938,1.094129538752577,-9.224381129390961,-8.159908394941448,-0.4191801551454134,0.4004138955589705,0.36718929651947735
26728,2.817,0.11289191699598776,-0.6030700027750162,-0.6758548563475103,-0.4083897647853087,-20.46094116831832,-33.4363964803659,10.099901386431496,0.029679906527379517,-8.880758799685244,-7.856443809826684,-0.4525092678263303,0.3521457704976165,0.4019650798819201
26730,2.833,0.03667796881985408,-0.5572522543027008,-0.7053274121159839,-0.4366209951383206,-23.538643508201233,-29.175717988456444,11.861444350049167,-0.6436350465379739,-7.811369605504929,-8.745953563996842,-0.48053078866966265,0.22778223865865932,0.4543337732985219
26731,2.842,0.006231458185784003,-0.5202233242098531,-0.7206838253880362,-0.4581961214381849,-41.000737040981946,-27.017544651699914,12.485142733970253,0.09478421860806725,-5.35297082951285,-12.006111645925838,-0.513256436455158,0.1559045523821909,0.4561161581895914
26732,2.850,-0.013914481535174576,-0.4716827415486221,-0.7373379943825005,-0.4833781755197219,-61.238569374198356,-22.7498867585181,11.61978822043837,1.2902777106709846,-2.613086377497967,-14.252490334224797,-0.5378606818817714,0.08346248473221668,0.43440379307889404
26733,2.858,-0.020765593263352304,-0.4247455970326928,-0.7502964229474922,-0.5061770892187443,-78.20770035149327,-15.791772008486983,7.316283397904389,1.6271977160582676,0.368338403456784,-12.902068782366888,-0.5638175731582618,0.012533284052445361,0.40295054003602115
26734,2.867,-0.019538067524637333,-0.4047742165149457,-0.7569646899596629,-0.5126212595244038,-80.19987824863682,-1.6189344573827285,6.512519120277348,1.5518709072971726,0.9500710693741348,-4.970249369187515,-0.5752813182297174,-0.00504934337285335,0.38127623493956303
26735,2.875,-0.021338074505390995,-0.4239301117773986,-0.7501749888311834,-0.5070162058918224,-65.85647154584348,-0.7411503792129415,10.908921861730075,-1.6636123729487189,-1.016699804526265,4.691835785978555,-0.5705632587443976,0.0006391584265456004,0.40041231745625067
26736,2.883,-0.03225783688754076,-0.45705162778391595,-0.7353180529371489,-0.4993702058835011,-50.85255175942935,-20.612128185917587,11.126491133338076,-3.974332440927771,-3.4478019697351043,7.645696742681595,-0.5398293966564043,0.02595163927625203,0.43809328101446
26737,2.892,-0.04645009958674591,-0.48797894193261604,-0.7214517851475073,-0.4891076182050135,-28.657618476038152,-38.88284364831157,11.223423423614673,-3.3817346614639203,-4.317660900130777,7.333700180090991,-0.517564012524967,0.04759164230375766,0.46493114587946144
26738,2.900,-0.05701575054326323,-0.5148100156945501,-0.7092475234515163,-0.47821313491837164,-11.424557451716376,-41.648125696901815,10.531504326381409,-2.5537297858988772,-3.4803667660125277,6.683663493772301,-0.48398734357081363,0.05535320294083328,0.49468807160025874
26739,2.908,-0.0658655181279367,-0.535205565377035,-0.6977321885454444,-0.47157876264604187,-6.81432931798453,-33.06830683007338,11.397170142382313,-2.603458743208925,-2.6610851067149355,4.979089413412633,-0.464759699198376,0.06992764800666876,0.5133240172133121
26740,2.917,-0.07543487413203448,-0.5485268939172419,-0.6882381831481247,-0.46878143059549227,-10.898402144851582,-26.83625843539237,10.779611523979167,-2.4963988128599417,-2.4346168532541674,2.994940510938967,-0.44552682439921526,0.06639456755323572,0.5238295142423693
26742,2.933,-0.10294402740670765,-0.5604911722495763,-0.6836651135557559,-0.4559102823564941,-18.532230356458548,-21.377810556675605,5.722244459485592,-0.6329077990952191,-3.6722082882119538,1.3113542635331807,-0.4154281748272547,0.05486997818522466,0.5575357364039747
26743,2.942,-0.12289490231777522,-0.5636134190626022,-0.6861328234258185,-0.4432363990632799,-24.26813776437195,-15.85368943860084,0.5832356059753323,0.8103441162563503,-5.629393937117039,0.7899427751004776,-0.38206083437773536,0.03321182063158042,0.5727662910332407
26744,2.950,-0.1417733192637558,-0.5694202974040137,-0.6871743906805058,-0.4283132120798256,-23.18780782264796,-13.061524309764739,-1.9778873984449956,0.9004552595844109,-5.619435362731947,1.7146665244445332,-0.35068929367013024,0.02942686020205177,0.5938034487526809
26745,2.958,-0.15011622012504788,-0.583465147652357,-0.6823453936727639,-0.41405109064455115,-18.51103632885563,-13.029587741618839,-2.592320432958533,0.3288032507115048,-3.225967314146629,4.226989451272849,-0.3307572560738705,0.04539032700305836,0.6018979856789138
26746,2.967,-0.1429009188650453,-0.6042294681221174,-0.67219648780761,-0.4032839682153296,-14.4515287460126,-14.64002939593495,-1.5427839187403212,-0.07270839525872926,0.535802705227268,6.3375780388636205,-0.3116021255272453,0.06832362718253523,0.607364632035463
26747,2.975,-0.11894574957077121,-0.6252392179403247,-0.6611218356956697,-0.397298058609411,-11.822380187401967,-15.906917610423578,-0.5544402510965261,0.45093819695786513,4.6720084370176025,6.7659376884238185,-0.3126393306122455,0.12209658094375656,0.6036772319536018
26748,2.983,-0.0797462320917372,-0.6427501810225069,-0.6515849821338064,-0.3949047408178247,-11.011924078518515,-15.03759979454914,0.9149920857203183,1.682862306466651,8.287886227024863,6.347826187395592,-0.32082789090018876,0.16173981528364823,0.5787363735376578
26750,3.000,0.0002945465775186581,-0.6746862600913771,-0.6270514672846865,-0.38936463766288093,-11.061863378586873,-10.761630352037704,6.14571650703081,1.4787713683044175,8.534793639164926,6.425090810689228,-0.32978475520544787,0.2497229681222938,0.5457574827984706
26751,3.008,0.014648400547958233,-0.6962231571932064,-0.6082433501326071,-0.38091832033754147,-10.437474916768862,-9.370773957724719,8.936715231632204,-1.7941560542100563,2.8420134256905296,7.204788327015514,-0.3056061825746065,0.2788696681951394,0.5508857872634302
26752,3.017,0.005401634125541882,-0.7214557608261405,-0.5865184872649333,-0.36806041843154375,-10.992335441708544,-10.801795428121626,8.207125710983151,-4.487867123503031,-2.381193322926024,7.245704130592396,-0.2683270696342467,0.2878365774678545,0.5608573161003315
26755,3.042,-0.08254103560936654,-0.7880927003697943,-0.5249176326276598,-0.3107383980472196,-4.995257679698254,-14.492673643685231,7.167307327008701,-5.647276444738205,-7.190329301715731,6.304536300528519,-0.0907531481359065,0.23356364092689672,0.6377039744560123
26756,3.050,-0.09794134020792525,-0.8047652930573626,-0.5074551839885371,-0.2919752613009071,1.0071106849443232,-16.605415290192774,6.5711363984735955,-3.106343492366225,-4.666309870570328,5.993486377009625,-0.043534539631392415,0.2293219892799621,0.6457001692534087
26757,3.058,-0.09926693392051254,-0.8200717410900876,-0.4912921436278994,-0.2761529375273721,2.1075594477739252,-16.339864602892344,7.370496242505824,-1.232080360285635,-1.7683467830288615,6.1982635251520755,-0.016676120906741223,0.23631296080021094,0.6431236210165581
26758,3.067,-0.08865034945871754,-0.834240058083437,-0.4763390300295499,-0.26322190163491094,2.534752788773671,-16.81782385951425,7.820834970723511,0.3903619146430008,0.7294156618745641,6.317770343263713,0.013576958738271007,0.2550784022173598,0.6288341684283123
26759,3.075,-0.06864827387716903,-0.8472850861438243,-0.4621770816871938,-0.2525623535981691,2.2149557024574484,-17.82062102438677,8.298607764466931,1.7011065981982072,2.646101132341499,6.40902172751212,0.021459540881344757,0.2677915821968823,0.6227751048674623
26760,3.083,-0.04167446583173756,-0.8591161790653337,-0.44836120915526045,-0.2432177129459409,1.4819006149293084,-18.183541092793682,8.504264135952878,2.7298057868750716,4.021451363341096,6.516976475192306,0.036602274868382134,0.2914988674424033,0.6050794471692214
26761,3.092,-0.009569306467190017,-0.869546517252789,-0.434613147204093,-0.23432604418765693,1.0294005552482108,-17.836427229478698,8.23009200149679,3.560568263311303,4.9294249657394245,6.644381664033343,0.04679658014807942,0.32445166608655635,0.5943837268235612
26762,3.100,0.023897314174127646,-0.87900329435525,-0.42037802166519556,-0.2237508565095058,0.8662863287148226,-16.62790368976145,8.198915422275737,3.911045049212566,4.936361798790928,6.942160671033782,0.05776597390700104,0.35926353975819697,0.5743723982567895
26764,3.117,0.06926192690804388,-0.8976226969883215,-0.3939184682052196,-0.18521479352160442,1.563521585393781,-16.854133543602238,6.758877968217318,3.05398744944552,1.7612592193852805,7.328539421962371,0.10978223055791933,0.4084197196065524,0.5425059692245945
26767,3.142,0.055751566543460314,-0.918268897000373,-0.3787488549707607,-0.10111033818560364,3.7498269082600655,-18.460911189543303,1.088192395445241,0.29470911336602146,-4.546764456083027,5.460029243298047,0.2179242263771217,0.40295437418622093,0.5129826104147536
26768,3.150,0.0459764064474962,-0.9221205394882612,-0.37643613565098005,-0.07665322224283654,4.584335135683439,-17.269294874577923,-0.4351185834127857,-0.46865119512384323,-5.028421121197621,3.919686522695307,0.24389298654380104,0.4088975489657367,0.4939862635618345
26769,3.158,0.04199229500287109,-0.9256996378094788,-0.3716213499586408,-0.056695678624646674,4.131237713377772,-16.203401604081655,-0.18488798560613326,0.017338281790803673,-3.247773110495694,3.9200521802940176,0.2718883217517679,0.40987215576705927,0.4925814682308377
26770,3.167,0.04628477742471224,-0.9297343611155217,-0.36294269550153563,-0.04152513602551932,3.7258062236924494,-16.04284247670046,0.3550591284220185,0.7880738762255007,-0.9131223486651106,4.246089800005478,0.2856136594341246,0.41473941315401014,0.47587081300975204
26771,3.175,0.05950245596735069,-0.9342591325954386,-0.35025436978278657,-0.030679102723769457,4.056234959255769,-16.372287330287115,1.3170188433131724,1.7555432862683813,1.4161898694432309,4.713679195001136,0.30209802912964506,0.4089362386884581,0.45866790677264524
26772,3.183,0.08115585263712374,-0.9388925176079921,-0.3337002198150652,-0.023210585038841686,5.60116751124944,-15.848081366595007,2.783525978126359,2.7578581183659487,3.497932715125539,5.227661105934535,0.3138191426448032,0.4209063472577898,0.4520889066086813
26773,3.192,0.1096139720016834,-0.9431898226068178,-0.313042969044226,-0.01954060400576221,7.501008359695094,-16.06937492883234,3.8456311959336293,3.4603668004167702,5.43583856776884,5.6206098595008935,0.3262733413406665,0.4319897975421309,0.4274273511323082
26774,3.200,0.14356316712776682,-0.9463865424562057,-0.2887166269886585,-0.019617303645649675,8.333951160521595,-17.11754614632537,4.742690426663216,4.019808844048619,7.14539000230471,5.814014021243778,0.33302666428000927,0.43543353297722126,0.41424179305146314
26775,3.208,0.1785807159689889,-0.9481953216919496,-0.26191487638934463,-0.02086042500664527,8.344538373343374,-18.109838331614082,6.488594639065882,4.009474371808139,7.7508358319524095,6.017058812661323,0.3377379719662764,0.44861955925308167,0.40025841695296827
26776,3.217,0.20815888789180598,-0.9490145950504403,-0.23599713039091386,-0.018615322187653268,9.415479003837476,-18.986573338079527,7.849959404936232,3.1983814302633315,6.462438207908977,6.10968530738131,0.34993099311270803,0.45009513300257403,0.3843046052908634
26777,3.225,0.227325673122667,-0.9498665594986082,-0.21437357917011207,-0.010978435198142147,10.879643889309554,-20.466555397915762,7.252017192850521,1.713510635900997,3.8958523921205654,5.78053026848224,0.37206656488498435,0.44599906767764597,0.3685524137846428
26779,3.242,0.23294736630799967,-0.9535260206139315,-0.19036785324562505,0.01684437570761297,12.080567262759697,-24.36472823262547,4.726544885213194,-0.5277623101058345,-0.13388331142969528,4.442894791004635,0.4033336130041621,0.4328397655516068,0.3568187836737921
26780,3.250,0.23081729193331726,-0.9540403424021061,-0.18814154141450784,0.03366248962889418,14.634292475882322,-31.063101833579065,0.15606880803211234,-0.442702230870478,-2.553968370072547,3.1647865795695753,0.4240368307072109,0.42355975193628553,0.33171017630282856
26781,3.258,0.23841930808667794,-0.9515737562454338,-0.18763512851372166,0.04956489184962668,17.55734642912138,-32.468100482349314,-3.2834983955209016,1.95069631650995,-1.8655400567782308,3.311587351686582,0.43215595179222743,0.4391361308984609,0.3109245081016913
26782,3.267,0.2621961682667872,-0.945776127082996,-0.18178088660364705,0.06096225103861739,20.062584185048966,-28.56315292414257,-5.422103021593299,5.005703182749265,1.0174461856133188,4.200405832596752,0.43996709127798644,0.441517311015897,0.28952738317319254
26783,3.275,0.30190597148358894,-0.9367408170961019,-0.16488399891241975,0.06467374174521813,20.96092800939249,-21.74161543830849,-3.2220968470080877,7.533792360627935,5.255749595450115,5.333057231023263,0.44022576245163686,0.4526155198771594,0.26181938650439207
26784,3.283,0.3446938182930492,-0.927093824031187,-0.13323617202976865,0.0627003631300748,20.866429481909382,-22.789817581839277,3.9148922386922167,6.911213328771064,8.830878728650664,6.539359471297771,0.4454311895238047,0.4592299726294662,0.24230435276392023
26786,3.300,0.39097360749915855,-0.9155013916235324,-0.04786443901266161,0.08188916688105559,34.9050863494841,-37.405850539453496,10.058887689242647,1.4869390088794157,7.7035109986844095,9.036233046627101,0.5097310334065132,0.4036978579299891,0.2196291399594039
26787,3.308,0.3957888985855088,-0.9114773037741745,-0.019978188026812307,0.11027757915458887,54.708659081002,-57.19746381201151,8.028779315495685,-1.8467161836485508,1.3095858198791237,9.387214634154152,0.5399028836424364,0.3821268553358621,0.18672586254063273
26788,3.317,0.4015257043172831,-0.9051406262653544,-0.01984236745724037,0.13821662675005517,66.33316338218802,-63.54639856907704,-0.2686248066760895,0.655831902554755,-3.7858162066200767,5.864782853812664,0.5498816840554511,0.37014119463279443,0.14683800952563542
26789,3.325,0.41398747134269515,-0.8960179056902815,-0.04659822449778101,0.1536062880462185,69.6967713260328,-59.40081964611848,-8.4117602204607,4.615052421615963,-6.847038605861973,0.5160885511472056,0.536409066104021,0.39853346066774537,0.12063263085405589
26792,3.350,0.45668595688600105,-0.862763726187818,-0.17589476833187298,0.1270343261922004,49.29278291905011,-37.519502239448904,-18.654222504489063,7.0903777017095155,-6.610075199440835,-6.03818793165554,0.4122138803531314,0.5145048430667638,0.04773061930300584
26793,3.358,0.47114807893527827,-0.8511117425760784,-0.2027305102389298,0.1119313610342141,24.557050261213607,-18.61274386565051,-23.6583998774361,6.162710332629979,-2.6683709681302927,-5.369468517793288,0.3800860045697349,0.5455816180476826,0.03713174659385903
26794,3.367,0.48495325406404993,-0.8409849905095841,-0.2203521102083836,0.09491856845210431,17.37257716771894,-10.264573663258535,-22.644882566963222,5.252738344058134,-0.6605301217773325,-4.837927733986634,0.3568900965910094,0.5567875170650447,0.035582559395551557
26795,3.375,0.4954551409638185,-0.832691528443664,-0.23475783763814043,0.07770314934507329,13.343543715606026,-4.839803722356649,-19.907756630012592,4.159255204830217,-0.24214662537958578,-4.665572675747501,0.3203683770301331,0.5845099016292153,0.0265720127365194
26796,3.383,0.5015436128360331,-0.8259793691632695,-0.2496593573588086,0.06230803658608988,10.585948350892288,-0.4821188990102868,-17.251930260249406,3.1610199597690087,-0.8876711732631513,-4.51454514226826,0.29753423081683117,0.5875954634341211,0.025198333478149707
26797,3.392,0.5032147808331053,-0.8207449222100147,-0.26601304405507814,0.04888473596244942,8.916721868614328,2.2776970242423706,-14.05537374432766,2.2583434013140784,-1.7532965679877288,-4.375699110378942,0.26781431787866355,0.5922790477215403,0.022636485649037842
26798,3.400,0.5009355975913344,-0.8169224236885407,-0.2834326766586163,0.036975647969785856,7.5878443991481,3.2209845151168093,-11.149665907258496,1.4379360271983281,-2.4743494823524155,-4.310205738222037,0.2437450714330031,0.6080151686374473,0.022609733606384408
26799,3.408,0.49619172749011536,-0.8138791230317728,-0.30121567784539166,0.02576156213331683,7.062740592357305,3.2152550769559385,-8.582089393317728,0.9242975575505837,-2.8463395481634564,-4.256124245188254,0.22122743733566644,0.621640334549771,0.04737239038840497
26800,3.417,0.4909420170862294,-0.8108308061955318,-0.3182903931939991,0.014851437102796386,7.1257840153781915,2.7290661478251965,-6.39897515980629,0.7788249496106394,-2.7961473803882035,-4.162312167409533,0.20302491051565863,0.624379688297392,0.04216884614544756
26801,3.425,0.4866599260939826,-0.807307245764663,-0.33377323883806154,0.0035429233162164813,7.78637635953988,1.77007155802968,-4.601122568914932,0.8777422800093939,-2.3493592269206562,-4.055078264060205,0.17402814438733746,0.6365735561909872,0.05243987671991738
26804,3.450,0.4745897017552906,-0.7970376513871199,-0.37112001362198,-0.04201824304216249,11.940224172077631,-7.340016436509583,-0.22680299188051872,0.5697839175558749,-1.3809348235525478,-4.64546896036002,0.09662684101088044,0.6465156752102207,0.0827526506872095
26805,3.458,0.4670604146663476,-0.7960580576391607,-0.3797987121212108,-0.06244258315073197,19.978718934012495,-23.39913360338285,6.2257617834266865,-0.8590338388428072,-0.6168075424205339,-5.479230297509041,0.06984999538828046,0.6444729270832014,0.09743103978797582
26806,3.467,0.46009210988682553,-0.7964746224138634,-0.38422211747223267,-0.07947824051737282,27.087757581992875,-35.939486187545796,10.309938847790631,-1.2895952340524166,-0.10385643037105592,-4.355648331927599,0.05528070564336827,0.6469203146299949,0.11843608395168848
26807,3.475,0.45303762960529137,-0.7971159717794036,-0.3891755790653905,-0.0889123296000833,31.067578302459886,-45.17341050594868,15.064697963027204,-1.0290173525257285,-0.915796917736863,-2.718142551315947,0.03966313461598563,0.6518685380232242,0.1384453486766912
26808,3.483,0.4443064417618823,-0.797169794066109,-0.3981839088361198,-0.09252934659599613,31.123442160448352,-59.20335639537051,16.336182188530245,-0.5936263528226999,-2.405282649347911,-1.914234230328482,0.040024962620077036,0.64399309827681,0.1489327098036565
26809,3.492,0.4350462764078064,-0.795574740395389,-0.4111074400398575,-0.09373495917952554,32.78480023228354,-71.56636020514055,12.339194438964233,0.056204413349304184,-3.3811061732103473,-1.7993487042034444,0.014984597247942941,0.6380287853555157,0.1534905959098202
26810,3.500,0.4257516655837614,-0.7920326962289272,-0.42677102286059554,-0.0963650424350579,34.344283661138356,-74.55780577955537,8.014202745129419,0.5482182357006888,-3.7271824666400986,-2.4516785421730094,0.0007225284161236676,0.6483663712256444,0.15448214320130493
26811,3.508,0.4140471353191562,-0.7867719281283246,-0.4450782915566036,-0.10705240412197073,31.33585180513276,-67.2722538968098,5.688994058384952,0.31645456565440083,-3.760357787601056,-4.578197752315596,-0.02679537075113657,0.6314065565363408,0.1736592126411786
26812,3.517,0.39959442814902063,-0.7803599505521509,-0.4641653464586997,-0.12614742055776482,22.601886950386994,-55.45443198670657,3.017132619447177,-0.30224618436021444,-3.5151032545207057,-6.626739569070003,-0.06681891473473604,0.6363695385064915,0.19677225473237725
26814,3.533,0.37543879802754654,-0.7648399443594169,-0.49457619431552435,-0.17163902954831817,7.755151448673313,-40.72938923244742,-1.7482696040103265,-0.39123793146793107,-2.194832896384303,-7.067812503530392,-0.1386111780136133,0.6078378751027729,0.2306229251723442
26816,3.550,0.35333403472528546,-0.7476641695055115,-0.5189281860608929,-0.2164876145508935,-6.499586585402841,-29.171472214889306,-5.014768559088122,-0.4720726543494657,-1.5956105759284402,-6.781991525486915,-0.20715631403435242,0.563229468733905,0.25192506049581626
26818,3.567,0.314845569034695,-0.7326956858134064,-0.5480130836141993,-0.25241030057685543,-14.485636359363792,-23.565498720006605,-7.121496717733714,-1.1125614987100818,-3.7416750456710415,-6.330548514329319,-0.2620837385785517,0.5198152389845914,0.2915798055884632
26819,3.575,0.2916441584399723,-0.7265283453842875,-0.5621709642155132,-0.2665784222213236,-17.74969277398606,-19.45594884940831,-7.04259868921586,-1.5274851718358107,-4.746138409996647,-5.608323928926435,-0.28348024051676934,0.48947096634297427,0.32073921075026324
26820,3.583,0.2684896646888907,-0.7206990152705748,-0.5747968716696081,-0.27949022462709344,-19.35032388297975,-17.432867725802296,-6.958826765046255,-1.6592137210171278,-4.665483983001514,-5.203153392545655,-0.30263819438104306,0.4712726993033526,0.3380612912023112
26821,3.592,0.24772695191165126,-0.7142048823706493,-0.5856931471272634,-0.2924145699219716,-21.38344489143127,-14.908209204477549,-6.774681399437007,-1.5233192367092439,-3.9934022830129337,-5.048708588741723,-0.31957384719902415,0.4345792159604348,0.36142362300995745
26822,3.600,0.23116553015786057,-0.706344383493897,-0.5946062433102934,-0.30673037832905037,-23.272737237392402,-12.606497556574,-6.515609781097054,-1.2668634918295683,-2.8324709874535543,-5.1077204023993605,-0.338315564866803,0.4150348064143952,0.36654675272586085
26823,3.608,0.2198604075877289,-0.6972516206288222,-0.6011680786991751,-0.32264302233115455,-25.406151222798375,-10.941012682185878,-6.4691886803735095,-1.0059485518767404,-1.3886329523607612,-5.134701629614858,-0.36203217487935535,0.3860689864370599,0.3797027241299265
26825,3.625,0.2119053742877532,-0.6775237619309232,-0.6068609495258865,-0.35745972123789893,-30.401758617496753,-7.924139208421798,-7.568055391704221,-0.7701768816947565,0.5758025660160734,-4.849203532213149,-0.3960346483219877,0.36657802519066285,0.37732197398873374
26826,3.633,0.21197026630972807,-0.6705799416273244,-0.6049611226806829,-0.37338075490389944,-33.473463826773504,-5.254084140475526,-7.780062810894547,-1.2223983558773355,1.694134956282804,-3.6753197319504296,-0.4018639078725113,0.3526812376624756,0.36412058362989164
26828,3.650,0.20936404554706423,-0.6737127823225242,-0.5893117695730207,-0.393686958902788,-33.20550325639576,-3.6033712339832644,-7.185158691368531,-2.5857190007614776,1.2947040176402356,-1.1617991311045592,-0.4092139315911917,0.35176645872565304,0.3630961385943243
26829,3.658,0.2040461773040207,-0.6853523269752485,-0.5753984170071437,-0.3969559259450614,-31.001049740724405,-4.129342785679747,-6.023011391051863,-4.338899736256335,0.22206094973293342,1.5288401317884721,-0.4046002056484594,0.339456521663894,0.3831105250500753
26830,3.667,0.19589260243624101,-0.702533307848073,-0.5576970171592155,-0.3962916561404179,-28.83970314021866,-6.898073716807311,-4.400145474369977,-5.416565144669029,-0.5300945914012856,3.0481015038846557,-0.3678068869354225,0.3538831903488977,0.3899466849320749
26831,3.675,0.18417500873054296,-0.7244125936722466,-0.5362876624597381,-0.3920478330275826,-26.165510703475658,-10.005613222264499,-2.6150664105680015,-6.530422667307046,-1.3412313346012028,4.284278939405095,-0.35017388270085265,0.34753477320441173,0.422241071483295
26833,3.692,0.15224371033433856,-0.7769405061872878,-0.48318209804161855,-0.37379187075319703,-22.41253348368709,-13.896484035844065,0.5824124126779434,-7.810292986746513,-2.3314986806168547,5.782927297147603,-0.26442576560619924,0.34792903416491505,0.4817672882265168
26834,3.700,0.13508253878080456,-0.8050026977613729,-0.4516302891797892,-0.3602130566884323,-18.945289204590196,-18.706782184891974,2.3742803267876824,-8.544325402686011,-2.612487269116285,7.074813560677244,-0.22081078913001967,0.3406630450795853,0.5070314470117732
26835,3.708,0.11893708228772722,-0.8324573924951926,-0.41740393051391966,-0.34444537873009495,-16.51714942922784,-20.11647130780726,2.934220270609569,-8.61614618347151,-2.477396800896931,7.738114743502392,-0.1645456296404265,0.3342119208418462,0.534073816553618
26836,3.717,0.10354959749494408,-0.8586773587058144,-0.3810297664406875,-0.3267521868186902,-14.786447437387734,-21.34519200769502,3.18720321512689,-8.62726253747888,-2.3347790413381486,8.203876195139822,-0.10538662063629241,0.33309810728337463,0.5511225979102855
26837,3.725,0.08871451294365465,-0.8827250505274287,-0.3436119610174832,-0.3079887020821355,-13.95991866056381,-23.191961612683752,3.092093473068574,-8.500779030430373,-2.261206531192515,8.340615288304747,-0.05584861824872678,0.3062236912814733,0.5772916973076004
26838,3.733,0.07474589440190141,-0.9040896852731903,-0.3063865766497916,-0.28837849764069684,-12.641247677544508,-24.52337863094929,3.0282508623919586,-8.12852246995584,-2.1621309858575075,8.271835595927888,-0.0003778827209207094,0.294057341094514,0.5908169548951736
26841,3.758,0.04548326048582698,-0.952220391972391,-0.19953979624050547,-0.22669686333035624,-9.773804212686384,-23.896371226766636,3.420227621177709,-6.8891904309411975,-1.7406151982759495,8.210519218431209,0.1429728429604502,0.23496481884658643,0.6062306511195296
26842,3.767,0.0401794233596394,-0.9636275247032848,-0.16521246205996284,-0.2061854746406573,-8.038968964116336,-22.358498539879253,3.479126900785003,-5.72318153520664,-1.1323264679702696,8.154070824084071,0.18522597519105238,0.21769329631668718,0.598941327642319
26843,3.775,0.03753513298495487,-0.9728782732342783,-0.13103036718120684,-0.18689575205672496,-7.463070824965589,-21.705927110949897,3.38633187495619,-5.20107071953309,-0.641112488340363,8.16238116415919,0.21363146968276303,0.1906555518002181,0.5972654049285233
26844,3.783,0.03764544967525148,-0.980176624681445,-0.09646749260730293,-0.16891011638412526,-6.879277728254651,-20.757811646763294,3.5443912898906835,-4.719239212495411,0.009669287105629547,8.244284084958158,0.2627774770493152,0.1704025710606769,0.5797811967658363
26845,3.792,0.03966458447076313,-0.9854993749160588,-0.0611590322274474,-0.15322296027626545,-6.249792680652692,-20.313783876506033,3.619081062238438,-4.466545940362083,0.7261423891662677,8.209822055027189,0.27652138306853546,0.15306982416426718,0.5842735720729401
26846,3.800,0.0422662729384469,-0.9887893620766037,-0.025219366602142586,-0.1409721361270474,-5.041980920097695,-21.1975912909393,3.0117134315860015,-4.432518314720057,1.606147877446739,7.85264994895607,0.3093973678532605,0.13072483650409603,0.5751915506973829
26847,3.808,0.044703610533710324,-0.989880008899907,0.01082803567646739,-0.1342457032048307,-1.471347774430364,-22.977582703846547,2.327869502219828,-4.466341901529528,2.731401640344556,7.105710438526705,0.3177463229412312,0.09465337234035871,0.5738574642849902
26848,3.817,0.046835458607260946,-0.988688215758165,0.046792780134928734,-0.1345826421394255,3.303690078071533,-25.71244310730605,2.456979123625457,-4.436108144650119,4.223861297517591,6.114733719612213,0.3220069889981183,0.06560100034870213,0.5725474536802185
26849,3.825,0.048784240977321,-0.9849349954158361,0.08442389438964144,-0.14281372025670597,5.287075705741876,-29.79118452635132,4.679641885856315,-4.576181839550008,6.047915404990995,5.388766084462166,0.3091393707812826,0.0534071324551069,0.5833628867353141
26850,3.833,0.05045268607759112,-0.9779113913072703,0.12542211590879523,-0.15941496184485376,-0.40566348082382986,-37.96411839440813,6.0928886847175905,-4.8823580100964366,8.270201171940442,4.881567782728289,0.29669630745998515,0.018004153260139124,0.5923076064097822
26851,3.842,0.055391296596893264,-0.9663490163786563,0.16877937088973932,-0.18605081770146145,-11.504738824818494,-48.586363937717586,7.1431619827211605,-4.2814757310104365,10.909239572272966,4.584743762571944,0.25391654832133576,0.008151379259248063,0.6121194366608004
26853,3.858,0.09508612680729209,-0.924982523665386,0.2595783487064357,-0.26073941068668893,-21.579614131881264,-42.870999396138735,14.07844129437716,-1.3895982992887155,14.469526502346438,5.989236922734391,0.14763685057427928,0.014919194400429311,0.6301439205376739
26854,3.867,0.11825419907826705,-0.8947015416544695,0.31194706158420865,-0.29700863039725206,-18.69366496819369,-15.661029437967139,24.56832460235847,-2.044396078966392,15.908514718581927,7.810497410681328,0.11181482293521601,0.03204154404748609,0.6366332966726408
26855,3.875,0.13540336028948075,-0.8629676652981184,0.365823237195798,-0.32113252373407936,-16.625110457562265,-11.70838877130973,24.146216924757187,-4.242143606882982,13.781703229072077,8.242315172951294,0.056634076289399524,0.03355720402171038,0.6432217726228364
26856,3.883,0.16087625155112337,-0.8347263834165067,0.415611270034948,-0.3234470107068495,-10.09071766387489,-20.191887786156116,25.66609760699524,-4.3012645152512485,9.025088450514733,11.242226039904944,0.06827132896910683,0.03596869484980391,0.6462452773479819
26857,3.892,0.1981131677175353,-0.810331299082042,0.45829528232213057,-0.30672429428757814,-6.399285101245661,-30.968621689167065,23.66255360075893,-3.4800124924939384,4.329334149350596,14.2992925680787,0.08012786180855863,0.05484601592908459,0.6393924121463173
26858,3.900,0.2422925173730497,-0.789553244327244,0.49029108110676833,-0.2784145581403931,1.0709954562304682,-44.672570403539126,18.41117141597162,-2.205082378804722,0.5947797358849992,15.378132734687757,0.1317779064604261,0.05058462264238204,0.6257941944072876
26859,3.908,0.28486457990795333,-0.7737464793095284,0.5084784069671334,-0.24823026914166102,8.01448806138786,-60.157257143579756,10.474075171500449,-0.6886759168531922,-1.9717936175481028,13.638592637781807,0.1835239462120515,0.06999042837646853,0.6134720066284236
26860,3.917,0.31467905598883306,-0.7678727291895484,0.5119460238001021,-0.22194556135286178,11.089081218517913,-63.083790102045086,4.146317514989919,0.05305197326933586,-4.009992360899844,8.773515107457074,0.23146433901733085,0.07705458983612795,0.6044486540983571
26861,3.925,0.32946034364168647,-0.7745104062455788,0.5027251167409228,-0.19712171261085454,10.481450572927285,-52.61668827797409,3.9778942033039377,-0.3667490980685573,-6.4203319274639705,3.758774696292521,0.25801352618460105,0.08197110601668949,0.5822628907306812
26862,3.933,0.3362360548154694,-0.7890651317083777,0.4868517159877862,-0.16521785618969212,12.100079224957657,-45.44993719517705,1.9712958742701332,-1.8198055844219378,-9.004964999164141,1.7843136736257406,0.3196515499013973,0.06104824380636807,0.5640719855616916
26863,3.942,0.34388176370065215,-0.8025138569275635,0.47051334627189023,-0.12780466741634872,15.014148144239542,-43.145605202485676,-1.68533057920684,-2.398532795249385,-9.847061871250634,2.6512384171478964,0.3423094503866246,0.062252195939996785,0.5401305313328556
26865,3.958,0.3696068721218356,-0.8076248662495759,0.45423347921013724,-0.0693165338164115,18.559579085728632,-33.77764681075753,-2.156230560916239,-1.128695432250403,-6.496714670753657,4.389790284791363,0.4166226126661906,0.04564417531602055,0.487947718083344
26866,3.967,0.38325713092211683,-0.802002734830269,0.4551631436181325,-0.05226947114498336,18.68790738233229,-25.923117576344634,0.0910537177000828,-0.0024104841341277676,-2.5285709589265637,4.754908774392349,0.436605203219426,0.022806599719743442,0.4755191778609805
26867,3.975,0.39550834086338427,-0.7942582420942623,0.45925457014144877,-0.04257037675448691,17.216242086636914,-24.031940821351014,1.456702277394205,0.5446420440444194,-0.6900195792524396,4.208447480742393,0.4499436778254154,0.036361368696677956,0.46726673446536277
26868,3.983,0.4079943172714878,-0.7847695462346977,0.4648272903274104,-0.04016200373035838,16.75271223700387,-22.730756984895685,2.690533109629746,1.533892688821797,0.7602945935128173,3.632165315040009,0.45340172041455595,0.02850348053120639,0.4562223882272082
26869,3.992,0.42098352501917835,-0.7739768552112749,0.4710170458670881,-0.043308679988356975,16.492331960113223,-20.87571969952682,4.456870927296576,2.405123261799988,1.7338447555298448,3.2292478000369678,0.4494356982293776,0.051813902423821424,0.45106198674837594
26870,4.000,0.4337787148472065,-0.763602379168134,0.47591870524468244,-0.04742171519986181,16.12986124529214,-18.19644018653207,5.771790009651739,2.6176001179306065,1.6324692255281144,2.8932512030724418,0.46230207995493316,0.04754194006622951,0.4500130982886864
26871,4.008,0.44583601202407597,-0.7555180694166647,0.4774989477393152,-0.0491675917168161,15.99528379934618,-15.868477340180691,5.787502935579034,2.361385291750335,0.580164913955403,2.5594437511334296,0.45658090345618446,0.0643406162997908,0.44842345859873173
26872,4.017,0.4569360351090964,-0.7504109303268925,0.4752218070511703,-0.0475092577054923,15.480836791719254,-14.426162933415043,5.03738913379719,1.9206643722102117,-0.7415697344431329,2.1723300203848597,0.4635187244013861,0.06441659924322277,0.43831780787236135
26873,4.025,0.4673265859614823,-0.7483643133925156,0.468711026552861,-0.04320520896717414,14.910935652760747,-13.19145166077103,4.2905173618668435,1.656274718703543,-2.0562457124022164,1.727951367068714,0.47925086532492495,0.08168672527111127,0.4217923396833183
26874,4.033,0.477725340925558,-0.7485332436469672,0.4583280735424121,-0.03757470952397093,14.221975559403397,-11.324835498585683,3.4440707715805394,1.6914739988430199,-3.0951985586097535,1.3165609879929685,0.4949889377648099,0.08363095581090953,0.41070586967166534
26875,4.042,0.48877405617492686,-0.7496200501083076,0.4451379741841769,-0.031966958334122525,14.3992542260423,-8.994087217293183,2.4965015647776942,2.002272058208881,-3.704727460190613,1.0842273172599968,0.49712803238780146,0.09733769067470775,0.3948720379347655
26877,4.058,0.5129417164485334,-0.7513092135084839,0.41459703542753595,-0.02312054149008007,16.127018507547987,-5.6948419564928985,1.8085848990323652,2.5341636072305405,-3.960549389870679,0.9197230853912909,0.5185616110380218,0.12681783967512364,0.35655996638870086
26878,4.067,0.5248271157114528,-0.7516818940132208,0.39888764965276646,-0.020481010257949617,18.15609638492364,-3.2437351916894763,0.834689466016672,2.823977413481905,-3.777812405186995,0.6555710111728648,0.5393991438688285,0.1314986309585215,0.33931613464827753
26879,4.075,0.5353901789471373,-0.7524304505057255,0.38318507834369014,-0.019364120776416187,19.205023390656887,-2.3206664666054992,0.0777185175523325,2.810981522559295,-3.571923927280701,0.22442201967972206,0.5380753289127048,0.15197676752433695,0.32366254251217275
26880,4.083,0.5438411413643638,-0.7541690487629052,0.36753797966828544,-0.0195369483009991,20.18678746631483,-1.7010386126480685,0.03839143844242919,2.5702811809359014,-3.4058054278924628,-0.3430347477597943,0.5446657108234836,0.16700990325478515,0.2982135983121836
26881,4.092,0.5497887838098533,-0.7572789203301744,0.3519483883180036,-0.019830834092588154,20.937509147249095,-1.444425095209032,0.6221825666068247,2.0846684631179895,-3.4012020518472204,-0.8133178778440697,0.5418305876228204,0.18319074981519803,0.29095666962953326
26882,4.100,0.5534671945948774,-0.7619707767357162,0.3357195510014565,-0.0191567999265676,21.683051434008387,-2.173781031023688,1.135525890851891,1.5120326784398657,-3.685789946607657,-1.1437106864469075,0.5431226684794402,0.19885368079169452,0.2739839262910465
26883,4.108,0.5555056251082868,-0.7685535970255382,0.31695763566793345,-0.016635088336162222,21.81418251185955,-3.5599820845003514,1.7354783924113744,1.074518715940945,-4.489814314464027,-1.4264471246321668,0.5382496628980151,0.21144441203819586,0.2691937180238159
26884,4.117,0.5572713073991585,-0.7766491230833343,0.2934339195339571,-0.012702929995078315,21.46788049369872,-4.753089750069213,1.7635882365315598,1.1265646344500204,-5.690750026062695,-1.7222329443905544,0.545729048589433,0.2318240310167901,0.24713793981906174
26885,4.125,0.559082466704566,-0.7857002228171311,0.2646228183426185,-0.008758955477577983,20.70004723016256,-5.634184097597747,1.0383722201419168,1.51348543365216,-6.808743806722326,-2.2191570308990594,0.5363991743563713,0.2437771909503752,0.22101659791852488
26886,4.133,0.560564773222575,-0.7952630365363065,0.23082738104308245,-0.0065236417565681494,19.503347814572653,-5.852004006253121,0.016266431241963673,2.038633881014067,-7.636932593459644,-2.9675059539342055,0.5453732113330471,0.2729562011810849,0.2046418631052488
26887,4.142,0.5617790200304371,-0.8044324445597185,0.19301085530407824,-0.006291623646253661,18.4565724041114,-5.455209647751191,-0.7142663256061957,2.607532278406,-8.195092817806197,-3.6468177633805476,0.5199494408705577,0.2965107269829274,0.1758752175014217
26890,4.167,0.5598296722828212,-0.8251481326294102,0.07349734690260654,-0.017872807507065998,16.111780410862696,-6.010517383418415,-1.2420392597157508,3.115242837582457,-8.037672924439065,-4.551201772066973,0.4780941945941943,0.3976242677389655,0.12371232741819453
26891,4.175,0.5554495159133132,-0.83046722413419,0.034519090642046044,-0.024666927083962148,15.7732455926111,-10.060907699287439,1.1053150101623253,2.7814023967665644,-7.555519022905242,-5.247416202707283,0.4385377969781344,0.4236395431625122,0.11193316205142834
26892,4.183,0.5498038282117877,-0.8346331268197497,-0.003152685582345267,-0.03306591405617143,15.82580930246325,-12.758483003650353,2.6156673520399947,2.6726619956954014,-7.121278628468393,-5.544868294829936,0.41735648181492035,0.45548192419741085,0.10298651634385685
26893,4.192,0.5425618154685247,-0.8379784594469925,-0.04034774769943526,-0.04231828391992027,15.167573440312905,-14.422770193280375,5.497045610023159,2.4987576731742154,-6.971194214946526,-5.7452752832945455,0.3846463407167362,0.4802200575479183,0.0961161326134177
26894,4.200,0.5335356176207122,-0.8405291889024804,-0.07938437283232885,-0.05048315246735497,13.847824940037682,-14.657849917251571,8.499939652073683,2.4060576394705886,-7.54851769468659,-5.819830511566866,0.35588981008512904,0.5031723058103487,0.10035145266617318
26895,4.208,0.5232401077514327,-0.8416380895343706,-0.12069099393585422,-0.05743517970704017,13.406455889566226,-15.141909987384977,10.658304970885132,2.5501211318226162,-8.168548025078037,-5.7901584198445235,0.31271949113274994,0.5171414897211316,0.09767899032286605
26896,4.217,0.5122539302606505,-0.8409160348129647,-0.16214088675091254,-0.06454816938213813,14.34284505950745,-16.20879514288053,12.286178591354073,2.671641076481708,-8.190943929682641,-5.8810456008104675,0.2836866993519545,0.5413736730606226,0.08291327582276135
26897,4.225,0.5015953290300293,-0.8380136492895525,-0.20140303105317603,-0.07464628980905473,17.281108055543726,-17.002454480918466,13.868378153712829,2.8464646900452326,-7.349734220565364,-6.250840877819313,0.24487614957232695,0.5623964493601757,0.08618294751961537
26898,4.233,0.49240389581597066,-0.8330833359852337,-0.23601376295110912,-0.08836324115053151,21.151492536896974,-20.16457771993298,17.014026355126056,2.8966398978152004,-5.898826888443893,-6.548352188370478,0.20498428850549436,0.5800423005991918,0.08079315236159167
26899,4.242,0.4847492214941527,-0.8267162609734449,-0.2654006265200675,-0.10545578953123491,24.586572998877628,-25.619093241134184,21.428084736695396,2.791481969763622,-4.362260686050371,-6.7076388958663955,0.16725428286737257,0.578385846754189,0.09109260126612971
26900,4.250,0.47673442255752224,-0.8205127684550575,-0.2902519776676521,-0.12343774386701926,24.26624729069811,-34.27182443383517,25.77872635551605,2.1914209895761476,-3.4876216020925117,-6.566833597875004,0.1265304054688792,0.5936906041005007,0.0921917806401456
26902,4.267,0.45075089965157,-0.8102769837252495,-0.3385623747640861,-0.16015728051673045,23.570731010307988,-45.63777986930166,30.467728239175834,1.1559938197252007,-3.931625300232316,-6.872481394680853,0.06315270086093032,0.5919356326682769,0.11344144583786424
26903,4.275,0.43469816428892544,-0.8049417850869247,-0.36339590986416626,-0.17620908398521623,23.94068876542585,-50.675111459197396,34.42641883515703,0.842321029576613,-4.676238825426682,-6.625276545318893,0.015094861704839046,0.5856159391208189,0.11571895784997016
26904,4.283,0.42038286635049543,-0.7975150014515673,-0.3874145128341203,-0.19276426895083407,20.260705336513873,-48.86019078904369,35.058695336532566,1.2677000576801238,-4.210527625409881,-6.680702389799767,-0.03223977768698968,0.5916083726939453,0.13462850875503574
26905,4.292,0.4110720067572238,-0.7865406596172708,-0.40898398949567616,-0.21238100754450287,13.815452881110575,-42.42683585391252,35.02305842248908,2.057836525040768,-2.7139645316694123,-7.003908165889037,-0.06665845429807855,0.5851008165409237,0.13847683079289103
26906,4.300,0.4092278470766784,-0.7706076627749092,-0.428611813532461,-0.23449586894014532,6.393889945937841,-34.2540519946294,33.598078860513674,3.442219304269779,-0.9302721504013348,-7.242545732200019,-0.1025974919704113,0.5817400465593184,0.13279401072439384
26907,4.308,0.414729657673407,-0.7492438942430405,-0.44790688064977496,-0.2569286364970062,-0.8332094845297844,-27.945372729424978,30.96052504947131,5.13335262209627,0.42252812823969466,-7.193976607164137,-0.15130236700506322,0.5785938633330981,0.11750525277684351
26908,4.317,0.42421042392593444,-0.7252748790046349,-0.46681986137563314,-0.27586424767016493,-6.6708649963456805,-25.29084952062373,27.4277564025095,6.151920966056369,0.9053503273194914,-6.392491984955088,-0.18715649259982545,0.5729362751895525,0.0902821266616181
26909,4.325,0.4337370456053191,-0.7017633356914823,-0.4860823173769533,-0.28831298389455934,-11.406612052772166,-24.931667082104482,22.68860126215906,6.487046901408723,0.3223792023525611,-5.006411027939273,-0.22429432758033943,0.5575842584968368,0.07190753142855397
26910,4.333,0.4400191173236091,-0.680199913167642,-0.5079934449558642,-0.2926669000730324,-14.046198488179828,-24.658504291665146,17.327588381681437,6.651040113969934,-1.2495777276868487,-3.4631246165563825,-0.2546015119427311,0.556631392782489,0.03833001321791017
26911,4.342,0.4410133819471048,-0.661790545060362,-0.5325467328601176,-0.2897144261722242,-15.55709548674991,-24.05728295900293,10.962174393857799,6.379449360098721,-3.153506705598142,-2.053347354289611,-0.2808640302443736,0.5324476746797941,0.03720514317985548
26912,4.350,0.4357172232352344,-0.6474099136758572,-0.5578741037678044,-0.28246661642690746,-16.811155165305625,-21.976132480203706,4.5200579924586695,5.465840404186919,-4.727382985785781,-1.1176332386880552,-0.3082581155921159,0.5242491644650805,0.01863747502713599
26914,4.367,0.4126967418839166,-0.6293331336361082,-0.6014672675653177,-0.2680640449475971,-15.965369296749405,-17.840581420518664,-2.796240638767799,3.506723316110024,-5.47048054052855,-0.7473065740566239,-0.3427631062774294,0.4914455387037699,0.03913881989016674
26915,4.375,0.4008579741755096,-0.6227941666971712,-0.6172439624672205,-0.2654245679390803,-14.041469845611696,-13.285490719742706,-4.600008365697373,1.9447182806188736,-4.496872431426121,-1.2077572493536255,-0.3532226162526313,0.4948505844161392,0.04062445629456141
26916,4.383,0.3925719971510892,-0.6167729221635577,-0.6275702261814581,-0.2676452890472477,-12.44198371712466,-13.586062296877136,-4.416072610382579,1.1338288501442157,-2.809018502714998,-1.8090682481320888,-0.3668415442940733,0.4703551584728488,0.04180743016726707
26917,4.392,0.39009300861023005,-0.610296909477401,-0.6327098551772483,-0.27394044257345096,-12.6470377465878,-15.524552216293962,-2.3184122690015987,0.7798961917977699,-0.8098030641861963,-2.3222957745802266,-0.3894320099437185,0.46352811841236363,0.03060582475651548
26918,4.400,0.3938364926954265,-0.6025089741294051,-0.6338587318192346,-0.2830174220987276,-12.69963629679331,-17.078592165040426,-0.11908746970309622,0.8563627733332057,1.0960621615183086,-2.6816187606194486,-0.40331136831527065,0.4623163902118669,0.03235719304420884
26919,4.408,0.4025297926057427,-0.5937361892648427,-0.6325648674795136,-0.2920766886498585,-12.263911568937925,-15.832876911210377,2.3443663962474632,1.186117580927214,2.370087567889217,-2.5643434189827534,-0.40651219468183103,0.44787775595396323,0.007007098902632315
26920,4.417,0.4114771309000773,-0.5863405178596297,-0.6308672318743757,-0.2981575147627592,-11.840828675089657,-13.343277180189924,3.3455286552127848,1.224178112254803,2.343737915832911,-1.7543719654870484,-0.41233418031589625,0.4447245902176895,-0.0029235168954696456
26921,4.425,0.41591683370250027,-0.5825892331142286,-0.6308358708513357,-0.29941455701000746,-10.570737298807785,-11.482683330037975,2.849840124753707,0.8809019373060165,0.9617267438191696,-0.5629640809257639,-0.40848848757831147,0.44739992659477856,-0.011027346265424034
26922,4.433,0.4138940914425402,-0.5828935205387106,-0.6333680838055118,-0.29626288191313593,-7.772785483722676,-11.236660807496824,1.3094160837393225,0.37111559857204807,-0.8611470915622907,0.5461349519740683,-0.4181142023216064,0.4349583682311197,-0.0013736533940021999
26923,4.442,0.40662192186293605,-0.5867394935914451,-0.637115649590343,-0.2906527625322394,-2.6668204618437388,-11.724090155710522,-0.21077130316771406,-0.29825967215938826,-2.223675006238264,1.2316373341564872,-0.4242476013376202,0.43472403983596675,-0.0016108175911484035
26924,4.450,0.39519275406465104,-0.5931391656932875,-0.6405170576272773,-0.28591347667425954,1.96854660834227,-11.681280380660596,-1.3942054003956172,-1.210490263093968,-2.964547276673027,1.2542752699819963,-0.429162404859435,0.44302525714393354,0.019023932960230756
26926,4.467,0.372697592215407,-0.604237469999431,-0.6428098645195769,-0.2877308858670696,4.786865491792569,-15.66042439771575,-1.2717578416013438,-1.881504521944863,-2.3838473191824945,0.0689236557632827,-0.4454442770071113,0.4439984674432454,0.04531242639145013
26927,4.475,0.39437221485199325,-0.537100006949658,-0.6947767740060048,-0.27070163093195404,4.781914102101893,-81.44339144721255,24.733117152515018,20.434845775987164,-2.512556809975869,-5.965396144366078,-0.4987531975609999,0.39544796108351987,-0.014393997524686992
26928,4.483,0.4264362188570507,-0.49736237698798796,-0.7060667557463175,-0.2687983512479762,34.5538378151921,-23.944935210715485,52.634444957820854,10.61084743901325,5.110931205519749,-4.3668882906722075,-0.5100698789178513,0.36022148186641184,-0.06616876991162231
26929,4.492,0.42831262392036296,-0.5122230937373619,-0.6967916435981495,-0.2620251969646614,-32.79018903627261,16.790330278922625,13.35456253711854,-2.6653250426890636,1.4112604772546957,3.381619081297439,-0.4939355994269022,0.38395907782259014,-0.05801606864796736
26930,4.500,0.42394671049442234,-0.5274547027534913,-0.6883180135338782,-0.2613025745165184,10.099568760258741,-7.391315110766844,-3.3659622132998237,-3.770499018216423,0.1839794281152237,2.0934940139642833,-0.49014117383757616,0.40418114490627793,-0.04342735002714118
26931,4.508,0.41853066363735913,-0.5354929158845757,-0.6867082131532405,-0.2578977522596711,-8.373550815356749,-7.927633736696277,-14.29877087967986,-1.6229454822128775,-0.9735628919464834,1.625916141532284,-0.48567245562009054,0.4017534989992525,-0.039982523037924225
26932,4.517,0.42813423969713643,-0.5190913050953557,-0.6921807909053035,-0.26101923774899094,-20.913198022872724,0.6328546931329223,-17.135960392034917,3.8227941725902133,1.315537818076166,-2.5987150232055223,-0.48950282733897116,0.38925769877913635,-0.06278344084864773
26933,4.525,0.4366599029034683,-0.4954786765809244,-0.6999908361212651,-0.2717385500737834,-6.051948778051508,2.4799743416828357,2.952540343992716,4.4199140497548335,0.9843422376673869,-5.0922445030552295,-0.5103310433656223,0.36908628699106977,-0.07319994370092478
26934,4.533,0.43047777152957856,-0.486460113645767,-0.7061041504791723,-0.2818907141549045,8.597255835638201,7.3139863113726085,14.469775501156017,0.6887125240744869,-1.827569860750193,-3.338514465337456,-0.5213730238311499,0.3446668439912112,-0.07992611392650967
26935,4.542,0.41938731736577534,-0.49296127518876065,-0.7050008084656753,-0.28996089263856684,27.146068159332643,9.786326741413335,13.79377409037344,-2.8856921069974772,-2.023516622950994,-0.952259785399545,-0.5145494484134824,0.3490570655757922,-0.06746425190374682
26936,4.550,0.4134768141741525,-0.4970539675115667,-0.701151396481127,-0.3006010591032072,29.280434458986658,2.663050743424191,-0.19138166811705684,-2.689479444491302,-0.5624172144403106,-1.6727019923044282,-0.5109953179174123,0.3559973818004198,-0.05389532959940899
26937,4.558,0.4128315299960802,-0.4968506598941125,-0.6985013568141388,-0.30790486214525475,30.75596842342919,-4.039801090600828,-8.86671136448158,-1.099252864174155,0.3407074817106562,-1.476298473946058,-0.513555601891919,0.34914082458609214,-0.05680754599722619
26938,4.567,0.41605184514919874,-0.4927738039502723,-0.6993563094433995,-0.3081811037848262,23.06553024135077,-1.2591757831981503,-3.786234193333464,0.9770969174652657,0.6066317004699314,-0.5302082901457016,-0.5135274918315751,0.34913025551520277,-0.06380712570779593
26939,4.575,0.421440120308622,-0.4871935676398881,-0.7022455502561378,-0.30312017384203677,15.82557741292096,-0.3193904536918262,0.2961717144511834,2.1845007179188105,0.7192764434575918,0.36953989749440663,-0.5141457363039557,0.33888061816140574,-0.062320957361889355
26940,4.583,0.4256552132025595,-0.4829411222190877,-0.7056870063876529,-0.2959583770716497,10.93127930869633,-1.0770997802273292,0.3453329229661946,2.165332111528003,0.36360003759221093,0.9397059324466426,-0.5169384398149348,0.3434150295659825,-0.07600633368521975
26941,4.592,0.42818557472949387,-0.48041658981969954,-0.708514118314544,-0.28959412626734676,8.582809236525094,-1.2226794740109976,-0.5818324910122086,1.6004612659314543,0.09370872267467657,0.9798607870816352,-0.513348601575478,0.3325355969661371,-0.08244723954379567
26942,4.600,0.4302759947308897,-0.4777472846272107,-0.7101584036368374,-0.2868712989018758,3.76362782358586,-1.9234611319239205,-1.909326297226269,1.0738134468542655,0.203562681928154,0.2266446340095301,-0.5178562150753764,0.3446562749203219,-0.08868289893954316
26943,4.608,0.4347972183761043,-0.4725963948384048,-0.7108269833461591,-0.28693035082602275,1.725260853352371,-2.103526405515881,-1.0831746258056232,1.2620423692626477,0.8728318347380286,-0.617272664179075,-0.5140296987745152,0.3348513632110308,-0.0859703567155265
26944,4.617,0.43899576094148857,-0.4661762426824352,-0.7119547609236978,-0.2882409600177793,3.580143562358642,-0.9664218432171197,-0.12656981614639803,1.374784853582639,0.7712151067528891,-1.039136635303108,-0.5304939533421504,0.3339541358551509,-0.10237629055759047
26945,4.625,0.4416557190840542,-0.4613325490496321,-0.7130342387048281,-0.28930032738028955,9.555915857826914,0.5477021150833086,1.3994779291002166,1.0204208245029607,0.45093515756708236,-0.8046537377011946,-0.5238574616464512,0.3244848631322553,-0.1065675243272913
26946,4.633,0.4435497603033435,-0.45862592740024294,-0.7134002174628313,-0.28980337916438875,13.90392520428418,1.0991297274324283,1.5647973199573213,0.5804939341670402,0.36567412535332033,-0.42622443856187425,-0.518281815172946,0.32235695949292537,-0.11395037035064885
26947,4.642,0.4458210767040992,-0.45733871640995266,-0.7127804666911179,-0.2898773401673322,13.826903191549563,1.0032813462730947,1.0448896578042826,0.29653275098743,0.5538824342824598,-0.15285696288513392,-0.5263117722975859,0.31922772490245166,-0.119581066387985
26948,4.650,0.44864197844240683,-0.456836423112917,-0.7111536660954049,-0.29031245391085925,12.508690385599701,0.976687199602486,1.087787078265187,0.04770828903519724,0.7901697212104541,-0.11978152001537885,-0.5298788698402924,0.326963164334902,-0.11363773407764215
26949,4.658,0.4517057180550156,-0.45662377131391435,-0.7086413050158966,-0.2920345468824333,9.835012326220545,0.5089789907058733,0.7719009556295158,-0.21883885049321414,0.9581918819113107,-0.3421869751372431,-0.5167237624751224,0.32771820131799284,-0.1200833401006764
26951,4.675,0.4563430619607315,-0.45764727106797354,-0.7030646781779804,-0.29666486711916806,7.002099627191004,0.7844804408801389,1.3707298766440068,-0.4858757298342057,0.839887595039574,-0.380605872516378,-0.5197291070803426,0.32399367169816007,-0.12387916551081544
26952,4.683,0.45684067091180036,-0.4598502148600889,-0.7000884579840424,-0.2995171652702274,8.503879398349659,0.19950270365814068,0.9980588398382607,-0.9756895518214591,0.4811922359256049,-0.30312827387836877,-0.5140054310305299,0.3310127638702409,-0.12879722961637383
26953,4.692,0.45756260094677886,-0.4625000265838647,-0.6967202344169204,-0.30217727674127853,9.45911846514867,-0.11878029655754044,0.8769108569122981,-1.063638690376723,0.5709105435869665,-0.20518838845449996,-0.5120957337277674,0.3290804989033427,-0.12500577822508097
26954,4.700,0.45912108898205833,-0.46544107640684856,-0.6928126399389882,-0.3042746719428571,9.390463546606473,-0.17338625467254615,0.7343272315137441,-1.0640967817072886,0.8013682694602251,-0.04100807131451305,-0.516423114388865,0.32764640788059296,-0.12979816477225797
26955,4.708,0.4602430303529159,-0.4687701607877832,-0.6892492952606292,-0.3055589932390923,8.962446154008838,-0.09894648274748112,0.10112570276964965,-1.0403306022049785,0.6573013132015912,0.16660668669604564,-0.5095473854841553,0.3455927949441191,-0.12428814741667635
26956,4.717,0.4607269029887055,-0.47182004270179867,-0.6865342218915232,-0.30624717196916323,9.114156230155567,-0.4882711883780736,-0.28597686930438393,-0.8781290630004033,0.41705871632149594,0.24348018317104905,-0.5130271241700524,0.3470177133979902,-0.12794037513673231
26957,4.725,0.46109971463692245,-0.4740478101068124,-0.6847442069223758,-0.30625332321614257,9.371889462222507,-0.9270539561358522,-0.6581670692326967,-0.5692833542649764,0.279534871028139,0.2803179983520017,-0.5057256369065626,0.34658355682437353,-0.12809773720008796
26958,4.733,0.46166731399698707,-0.4750925830098122,-0.683961274000844,-0.30552791103762444,9.344421466642261,-0.9086230378705328,-0.7872544394700094,-0.1629441887981449,0.19658684789797223,0.2888460572996703,-0.5053553448070228,0.3588372525824688,-0.12464896024834178
26959,4.742,0.46257207077121093,-0.4748402229747529,-0.6841238472984207,-0.3041848180717252,9.472988058322743,-0.8006545074697186,-0.5429193737538967,0.25459117796562025,0.1528287557220972,0.26307950748985337,-0.5054883835907451,0.34767143978983844,-0.1227422023813392
26960,4.750,0.4635285472371495,-0.47398319714637244,-0.6849188158745058,-0.30227045899357446,9.793861018290906,-0.43193317349486443,0.29607361941071747,0.49167178498984265,0.08296565319740178,0.3073114641831526,-0.5057004826412029,0.3508182259612548,-0.13293229647611574
26961,4.758,0.4642768944594481,-0.4732918475039465,-0.6858333104809657,-0.30012407866099483,10.054598486624537,0.27217380332266095,1.1844800022016255,0.4849106800264486,0.021055679150558504,0.37157410252446665,-0.5057957701918034,0.3506838116553337,-0.1396341436272904
26962,4.767,0.4644967937341201,-0.4729418770799908,-0.686752298327225,-0.2982280842862586,9.264111325547198,0.483682728409805,1.2403910001900127,0.365442890793082,-0.0874193516495141,0.3520879467604866,-0.5044551063851116,0.35174636697298794,-0.1326306554250806
26963,4.775,0.46432251454870627,-0.4728066682577471,-0.6876955634324422,-0.29653544302412005,8.751160397263295,0.40725189506360615,1.1122746338868552,0.2839166970160367,-0.17024985391227754,0.3296467300538058,-0.5019014548339825,0.34811756193635507,-0.12647527366481992
26964,4.783,0.46377671301937784,-0.47277639346510075,-0.6885718021040994,-0.2954022944903891,8.734991290928178,0.4056735795688671,1.1810977264464528,0.17782531066435806,-0.23184096613151425,0.22077201740865682,-0.4990627278857197,0.3487008913928142,-0.1338646894459235
26965,4.792,0.46297172164492334,-0.47287588218614934,-0.6892874258589581,-0.29483627584905236,8.925349103686752,0.44446457057245936,1.1947569208114506,0.06359710908235786,-0.2586843878873399,0.11560494254035951,-0.5081882396882368,0.3540754952927923,-0.1384141312209995
26966,4.800,0.4616686447221272,-0.4732599706339525,-0.6899394101576926,-0.29473831272374484,9.144788469176092,0.39747546185381827,1.2581648478241285,-0.07348036825685246,-0.3490475719127301,0.04572990076826129,-0.5133350131447296,0.347983147630434,-0.12746620358298733
26967,4.808,0.4598829507768676,-0.47391475814240464,-0.6905856297192283,-0.2949643395817265,9.050838223607073,0.320344018703699,1.10962888403921,-0.18645906217105007,-0.4448380920957942,0.004313627147858656,-0.4939614092542236,0.35196733329323027,-0.1307920845921703
26968,4.817,0.45744056666580557,-0.4749619563301762,-0.6913057127790418,-0.29539072342668354,9.172869821549403,0.2891628256517347,1.0711502843983705,-0.31145164578368634,-0.5888808886589505,0.00036213149773845263,-0.5031491520341029,0.35397139169752845,-0.121354300706954
26969,4.825,0.4543934133581747,-0.47633789658657266,-0.6920901617366461,-0.2960406090378988,9.313293467762284,0.24181530323448042,0.9364616491641463,-0.42520990106407713,-0.7199267979003503,-0.015102281188115779,-0.5133661253123478,0.3451586383705024,-0.11884441757842874
26970,4.833,0.45107960576262124,-0.47782403270103174,-0.692801261703865,-0.2970484721722949,9.704234145602681,0.17768751131277669,0.7964539712288875,-0.506848569155272,-0.7615514501819453,-0.07912144843524695,-0.5105703800239303,0.35281809485952087,-0.10949477975735875
26971,4.842,0.447761704116909,-0.479257719705198,-0.6932992882537572,-0.29859268466613437,10.132315106027525,0.006291653936992183,0.6891501995240845,-0.576229382647918,-0.7277437516524001,-0.19483231076015928,-0.5096712391564288,0.3505023286146273,-0.10608148791703195
26972,4.850,0.44447224196189167,-0.4805773406244382,-0.6935992627337153,-0.3006824047711466,10.356240788658612,0.04498746112393614,0.48559453404099306,-0.6323557174883866,-0.6887932113877588,-0.3193016716005955,-0.5145185216776159,0.34658993638923086,-0.10050890477173849
26973,4.858,0.4414753732581256,-0.48156095642557,-0.6937423949124087,-0.3031831617261829,10.571015326940264,0.0020055753756106774,0.3201929945103545,-0.6141742469537945,-0.600141787647047,-0.4394014903623246,-0.5112418425097243,0.3454246739783234,-0.09563165828430162
26974,4.867,0.4391295842214043,-0.48212347901211344,-0.6936216263747158,-0.3059594722705727,10.540128530160107,0.10505397523192465,0.39001311289732915,-0.5556019228044244,-0.4262543208749506,-0.535538841629692,-0.5105002400965634,0.3464393670043778,-0.09470202698133164
26975,4.875,0.437223836050232,-0.4827919521296834,-0.6929685144483524,-0.30909850554729795,10.90272739241412,0.15287060168019892,0.6243069655324436,-0.6419258637304398,-0.26544829551519544,-0.5852149480700082,-0.5141128719871864,0.35566094925720976,-0.09156270806390053
26976,4.883,0.4354476728934407,-0.483979467331601,-0.6918666255374022,-0.3122014923740688,10.984167442886799,0.43680816129362315,0.7337087560500575,-0.7697809343510095,-0.18987161923236587,-0.5075013264015684,-0.510626540548076,0.3553626034915249,-0.08844011349801661
26977,4.892,0.4337082892553192,-0.485606632102517,-0.6906203262412866,-0.31484422127721284,10.656631825975618,0.2928893877931567,0.35849675885810167,-0.8116792079060224,-0.1765880476118624,-0.35689318891561894,-0.5153546443130868,0.34846735655447586,-0.08425908327746916
26978,4.900,0.4319716522535833,-0.4874581830781912,-0.6894689752127873,-0.31688727273029976,10.345995385910022,-0.04059304264294401,-0.0714385191414852,-0.7769896073959716,-0.2006229796143122,-0.2073651150071419,-0.514303929535629,0.34650976393976696,-0.07783125052007941
26979,4.908,0.4304989236953065,-0.48915724738861127,-0.6884793643565918,-0.3184211501761823,10.010836640526584,-0.3944030503974116,-0.4969390426499431,-0.66198392031441,-0.1727502676609536,-0.11905119571214662,-0.5117809010627508,0.34666033332462004,-0.08693288825260592
26980,4.917,0.4295036703361167,-0.4904687819835904,-0.6876349551809631,-0.3195702418571114,9.781719370770967,-0.5366770667064106,-0.6295751246382989,-0.5072832481725329,-0.09460104286600272,-0.08115374808700268,-0.5139564840416715,0.3523037658364404,-0.08148322099885609
26981,4.925,0.4290959676571526,-0.4912913911648735,-0.6869152450001281,-0.3204011012685028,9.668835530822534,-0.49111460773939986,-0.5884707899406184,-0.33719240075746826,0.011724138864493172,-0.06682714684218859,-0.5192913461499621,0.3512876763083753,-0.07470777385513563
26982,4.933,0.4292973924728375,-0.49167560039788666,-0.6862588123539541,-0.32094811925908096,9.663604535150297,-0.49810660997544026,-0.5135208641827047,-0.18493154057165087,0.1294889332263751,-0.05219742208167005,-0.5119509835304373,0.34799590676014863,-0.08184334255843516
26983,4.942,0.43004833219576954,-0.4916712969708911,-0.6856660829214791,-0.321216111740546,9.662715540165701,-0.4105848607460096,-0.4594449827248266,-0.04565704500846006,0.23477810027691104,-0.0330503247001783,-0.5091792419985536,0.3514474182621071,-0.07525497198902525
26984,4.950,0.4311444417961843,-0.49135567047396783,-0.6852383802956661,-0.3211423945403453,9.58736737994254,-0.23793614227075993,-0.24213734178114651,0.08497770823855401,0.2832387281807382,0.0029830420551633847,-0.5064183253589032,0.35522260317756116,-0.07574348132844398
26985,4.958,0.432437919904761,-0.49086899108142795,-0.6849615846910577,-0.3207377535006754,9.481921038770126,-0.09519897489707144,-0.05444355215746418,0.17897162628416932,0.301614796106613,0.05201108475990892,-0.5103779400400287,0.35133833160399663,-0.08360477252366093
26986,4.967,0.4338544831945979,-0.4902673293607038,-0.6847437429165314,-0.3202096808501127,9.478075978728004,-0.01681436281401213,0.11946134005751777,0.22636548807354717,0.31889447248067726,0.06455366626473129,-0.5118977125626077,0.3499415338019575,-0.09042113519620776
26988,4.983,0.4369856266866379,-0.48890770552592294,-0.6839566812475842,-0.31971248915776557,9.420520089528802,0.09530041965932476,0.37253173002818213,0.20062379008106385,0.377191156292505,0.0027930667478274227,-0.505618089256445,0.3635948203661131,-0.09314999517440795
26989,4.992,0.4384060757903961,-0.4883281520442204,-0.683298837366894,-0.3200600373120545,9.359876137369774,0.022489393674000453,0.3607524121988919,0.0823125394995721,0.3889782483976558,-0.10793845705810919,-0.5073594695249238,0.3547926361099765,-0.08792372026006849
26990,5.000,0.4401242888476864,-0.48761028817925917,-0.682242552381849,-0.321048153627394,9.2101327103689,0.5519473574540392,0.924668685338884,0.014532032067325172,0.5121966448272263,-0.24611064585783943,-0.5076763714635502,0.3495313083741408,-0.0858392761731818
26991,5.008,0.441696878682604,-0.48725570207028773,-0.6807126005207457,-0.3226702707940721,9.30208584866495,0.3062120620659365,0.7569899912774921,-0.17677167393650595,0.5464360554317931,-0.33079439105222597,-0.5072594541038102,0.35780221497145037,-0.09423781919441411
26992,5.017,0.44294575032023886,-0.4869927419974839,-0.6791673086155688,-0.32460575845615824,9.100894730138977,0.43320812024562977,0.8060366720301101,-0.24737715790921327,0.48622905191673027,-0.39014081842969517,-0.4935628414063746,0.35330788979160554,-0.09743744923281461
26993,5.025,0.44393010328067084,-0.48684903433238597,-0.6776082056224987,-0.3267280227404654,9.126749925707786,0.44123535510930034,0.7804620902675219,-0.3057080196870443,0.43502728152936426,-0.41977569655374203,-0.5076003797253481,0.3551683613211039,-0.10468368140566181
26994,5.033,0.44465731437731143,-0.48682085883872817,-0.6760606738800709,-0.328979162566727,9.262326809162785,0.5103800027350571,0.8978865569842172,-0.35406216325909745,0.38158132274897255,-0.4374991234348086,-0.5038738391754363,0.3517126603131133,-0.098370572455571
26995,5.042,0.4457966626786093,-0.48616881367012826,-0.674632273831416,-0.33132539181935333,9.21383732131402,0.9515215914949254,0.6363693338860186,-0.21522195523051352,0.462826490661735,-0.5251645510325443,-0.5099773361291996,0.35175274653784533,-0.10668920296779093
26996,5.050,0.44779449245505093,-0.4845397998834378,-0.6731095583556965,-0.33410297410535156,8.624347456787445,1.167286494088086,1.2792910634936565,-0.04524942908525127,0.6742726181522174,-0.7122953216482334,-0.500159928803916,0.35285259507621025,-0.10456514950745462
26997,5.058,0.450242161228387,-0.482597232915683,-0.6712766245413271,-0.337297495364136,9.364675500562706,0.7020776413290543,1.0969485535627894,-0.04028341393418017,0.8167949744608308,-0.8240040052650206,-0.5127939904422966,0.3568810564697705,-0.11933668605340335
26998,5.067,0.4528465284009026,-0.4804601416336242,-0.6692640548642841,-0.3408426306717884,9.51792094455922,0.44312498526969196,0.8637668838931508,-0.052694192271209764,0.8806925703380992,-0.9148749127165564,-0.5075470491609767,0.35963735885313813,-0.10620596720523164
26999,5.075,0.45560474622929104,-0.47802818938196706,-0.6672963852638893,-0.34442546302979565,9.329287046638969,0.43311264845588165,0.7083897726445969,0.00950428261289708,0.9128229550784803,-0.9551289243764596,-0.5046988332610585,0.3545786522997875,-0.12334554341325198
27000,5.083,0.45838737107413846,-0.4755743974846394,-0.6654096248776071,-0.3477643478235014,9.355914412340711,0.46243663263982737,0.8126048077558834,0.0478011680088122,0.9051919525519867,-0.907119650778402,-0.5047492213146976,0.3504213626083488,-0.13050097074587375
27001,5.092,0.46134569441690704,-0.47307859167531624,-0.6636452334980764,-0.35061631507499075,9.211964336077664,0.40038833813893177,0.8614952609922422,0.12707311106868774,0.9198018166008385,-0.8081060767633331,-0.49882905857371546,0.3492188069767307,-0.12634538141816679
27002,5.100,0.4642718109402807,-0.4708665964443418,-0.6618022693735948,-0.3532054503700552,9.826958413587166,0.317929100831382,1.2259141970385068,0.09094835033420196,0.9134429255597188,-0.7203589776479331,-0.5018775306003683,0.35663755550573883,-0.1405385522978371
27003,5.108,0.4671798376950732,-0.4694986317973913,-0.6594921197075856,-0.35550552461977136,9.289859904141853,0.3077022566628522,1.4978324089255834,-0.0870160662752207,0.9437219220137576,-0.5601745133371523,-0.5004776379235885,0.35823557798825234,-0.14590008346193076
27004,5.117,0.4701810905071258,-0.46919380340143507,-0.6566560055601202,-0.35719715472138514,9.573625240173977,-0.07075651890192526,2.198602028008857,-0.2748634214533727,0.9948918997520935,-0.304874306500843,-0.498085161785029,0.35256542132661073,-0.1438637495193969
27005,5.125,0.4730613203028815,-0.47101195262599754,-0.6527935534192024,-0.3580800250377991,10.433792808869622,-0.7722681117166101,2.8913797288066063,-0.7045089301485428,1.0342672717414851,0.10994386858275956,-0.48840128915755215,0.36120367412298365,-0.14146208934475735
27006,5.133,0.47486302884989423,-0.47636337314521165,-0.6474978702633499,-0.3582311384590222,10.212398217068449,-1.2421053206457873,3.12743827968168,-1.4969814791976725,0.8949348537727412,0.6468885241893557,-0.48664253755591697,0.3637284411152196,-0.14068393164499327
27007,5.142,0.4749764615442475,-0.4864463398298523,-0.640788004906739,-0.35659227727572457,8.850478705160361,-1.4999747776576366,3.6860539149607385,-2.440942449306361,0.5817136310961059,1.5200189280624947,-0.47996152308425677,0.3739872510378953,-0.13284688307243495
27008,5.150,0.47364303624896775,-0.5022977292572309,-0.6322996959326964,-0.3515058462092899,7.5739127193105125,-2.6334796532984317,3.5953432213133674,-3.4553807486189707,0.3087000415839262,2.8615613577658845,-0.4689645480245226,0.3928258823944547,-0.13326545364415895
27009,5.158,0.47199398370707496,-0.5229811120377954,-0.6214008630260285,-0.3428897829136111,7.143574289376045,-3.21714940524416,1.9416150062254671,-4.312246339828414,0.35983622885003025,4.145801152520652,-0.45173159255533796,0.4159414591714526,-0.11370519926034742
27010,5.167,0.46976685587612294,-0.5467595983450602,-0.6084772429381784,-0.3318561247953153,3.69081036791631,-4.582785216571075,1.1928615289606515,-4.941263718377799,0.3778090300738435,4.994196899959484,-0.4288486583990171,0.442770996497394,-0.09866660315381426
27013,5.192,0.4485394187867911,-0.6027101023026801,-0.5822739990468072,-0.3106604455200878,-0.2710845442260052,-9.976404524077356,1.341093166792956,-4.256110082364003,-0.8751105483610206,3.3638535481141325,-0.3745501168204591,0.49057703494491806,-0.03265364004533252
27014,5.200,0.44463023581079636,-0.6110226029334545,-0.5794886578067523,-0.3052019455714382,1.4767401712262558,-10.218267724426633,1.0232780705973221,-1.6449976441651835,-0.7891573956153451,1.9139040626646968,-0.36742172077405627,0.4909218465001921,-0.029355596469353363
27015,5.208,0.4452871937314019,-0.6163210618296364,-0.5767448683542157,-0.29871896603845133,1.4462049056913007,-8.879300437061769,0.7724209627000337,-0.6387669760675713,0.08463877860847538,2.021028428883437,-0.3564660875933829,0.5004375850126771,-0.022258135162716925
27016,5.217,0.44956424561976915,-0.6198893504943951,-0.5730532845804847,-0.29195738599234555,1.0726639695770412,-8.102798422574875,0.6508370441942806,-0.10647396097393953,0.9176972247515256,2.080596516408363,-0.35608998981270695,0.4945971173264143,-0.030737720058810744
27017,5.225,0.45616560465545275,-0.6225805682260968,-0.5680825413241021,-0.2856371884740259,0.2525964458932462,-8.08576393066532,0.39840198996255205,0.06879082370898094,1.572888731311928,2.0457112379940483,-0.33761792061452534,0.5097126155651516,-0.04562247843527199
27018,5.233,0.4641035967805765,-0.6250501692849912,-0.5618695952411672,-0.2796832052084347,-0.9078997046851431,-8.471573946905764,0.10339215228753272,0.05607696321721202,2.0201056561306587,2.0340717850935457,-0.32581653672726407,0.5099202198104833,-0.04064494632694172
27019,5.242,0.4727000546122655,-0.6276780543401191,-0.5547340456577401,-0.2735782466819319,-1.8782520976342814,-8.576875453950375,-0.11107889669129581,-0.008866094421329409,2.266908552522892,2.14753130490663,-0.30796023219418533,0.5224096404657421,-0.04806866889826335
27020,5.250,0.4814974681739215,-0.6309618175644635,-0.5465929649855397,-0.26698970681689044,-2.687354780835315,-8.414376624543362,-0.1634619683490489,-0.1862316005162631,2.415560812005679,2.3431873337554574,-0.29390668505113665,0.518067281172761,-0.06467042984235725
27021,5.258,0.49001625094371687,-0.6354360002179994,-0.5372352356558728,-0.2597757975789785,-3.227079401579235,-8.225851623316442,-0.29033545199335903,-0.5223100032604768,2.498083900167316,2.623085205086925,-0.27766414432082437,0.5249850627535994,-0.06607178969338336
27022,5.267,0.49787156814993216,-0.6415792065365888,-0.5264252843047605,-0.2517467843140431,-3.865616792576125,-8.281899432749787,-0.34045494521967207,-0.9936490490222526,2.5312695542535932,2.9522341332855517,-0.2642734433469991,0.5500624216513382,-0.06770787822033002
27023,5.275,0.504862848818704,-0.6495160564322576,-0.5140512080311199,-0.24288629405772807,-4.558511425796985,-8.452180030312887,-0.43082255272275116,-1.5282977462030178,2.5522955313609934,3.3101196371453945,-0.23342137500665824,0.547879673210355,-0.06724006314396783
27025,5.292,0.5162831027611623,-0.6704356002085693,-0.4843653196817344,-0.22216683115599006,-5.271346386146635,-9.127736572108288,-0.3375658510435312,-2.303257196973223,2.6036248267900275,3.8640147616854255,-0.19159860999485648,0.574189898450369,-0.06398665774153561
27026,5.300,0.5204371131382939,-0.6833264878083283,-0.466811495357254,-0.21046888161944025,-5.933719987975038,-10.212488301532236,-0.3767100847698285,-3.143669596233497,2.678644893492737,4.358179552408811,-0.16143893309136675,0.5842369146216811,-0.0627226055031332
27027,5.308,0.5236257425197749,-0.6974274610006388,-0.44738968020218434,-0.19812494154296767,-6.333300062084065,-10.92263672797821,-0.3748191715828911,-3.6572554904756545,2.7828624937209505,4.631429839838788,-0.11608798556305766,0.5963105238410806,-0.05572079356282839
27028,5.317,0.5259372499301855,-0.71257082812326,-0.4258367133034043,-0.18519157012823081,-6.7525061668902895,-11.608717017939803,-0.15240647492144088,-4.159200019206337,2.9588971453653636,4.863781327535052,-0.08782184473454185,0.5994622930753437,-0.051703440412130375
27029,5.325,0.5275151564151322,-0.7284884796347819,-0.40183840735673415,-0.17192495212948725,-7.1844036903219415,-12.238720319866747,0.034119539866415104,-4.659020369803608,3.244127098590843,5.084407342308404,-0.048087383185179584,0.60638785072305,-0.047168863369803825
27030,5.333,0.5285028775487289,-0.7449309116417634,-0.3751130442917892,-0.1582809189556055,-7.835991798441853,-13.079714302423703,0.5196031308418759,-5.119049464127849,3.610411378101191,5.2907966102222765,-0.005830335940016192,0.6139404106127833,-0.027314304422104828
27031,5.342,0.5289607798470296,-0.7614832534891551,-0.34567407504447223,-0.14440630831560897,-8.39415176921746,-14.314745682545373,1.0396756518790016,-5.524103874533008,4.012126628581828,5.498276814532573,0.04122900170479263,0.6152676050362478,-0.013664376719358579
27032,5.350,0.5289251209676762,-0.7778559735167191,-0.3134371638218712,-0.13013625632001463,-8.801073017652552,-15.329616890499002,1.5966322512935205,-5.870334221531105,4.436465730187687,5.705634802067795,0.09035127008689113,0.6148158968816886,-0.014914049686815619
27033,5.358,0.52819570302512,-0.7936420728884064,-0.2788230390709918,-0.11575522593131114,-9.257280675353265,-16.11230555785612,2.151208247159269,-6.164677293533271,4.79939735433556,5.858821890736088,0.1444293538263374,0.6001578834171718,0.013213392182687762
27034,5.367,0.5266550586880163,-0.8086593130458087,-0.24185649286342573,-0.10104455177003448,-9.772549422229401,-17.086630020333477,2.721848211597195,-6.429137220554893,5.1406598129682175,6.011062395496056,0.19108959486376575,0.5841818480980692,0.020101022231695763
27035,5.375,0.5244763974515319,-0.8224482445575166,-0.20258621788597436,-0.08638412969509754,-10.446478687501376,-18.29076104535598,3.074182657350629,-6.625499058660943,5.547126410698953,6.150535952452981,0.2403897553968492,0.5607631331041585,0.03819980737645614
27037,5.392,0.5187118226455135,-0.8448489353843175,-0.1175843254474414,-0.05781217723650725,-11.613912084130735,-20.690277911779294,3.884453514400571,-6.736322647405689,6.213337954140881,6.275393179788574,0.33240801288609806,0.5230888540066796,0.06567133861904235
27038,5.400,0.5162704504339808,-0.8521955035010729,-0.07247839704007268,-0.04443565892106859,-12.594631435702052,-23.080878672723347,4.34105615018153,-6.405358024230597,6.960882687707924,6.396986577884134,0.388311079782111,0.47747432423543995,0.0854821548882522
27039,5.408,0.5143335500229772,-0.8565944705437588,-0.025535872525901348,-0.032478170652920454,-13.232580628915565,-24.305959603129754,4.952966131237495,-6.115182615642429,7.6062551152285405,6.428742470600674,0.4193385604661594,0.44470100918478667,0.09932356061759878
27040,5.417,0.5127573594194068,-0.8579231305175822,0.023615321921980067,-0.022138406778051005,-14.116649700927805,-25.53430882544813,5.404587343012797,-5.818295593885576,8.358749431298785,6.42349437567244,0.46200743334435446,0.39872830578336244,0.12270935585398499
27041,5.425,0.5113516235396838,-0.8559613649325928,0.07517294881997921,-0.01409562385178923,-15.196331562213794,-26.844517919761792,5.832540986195937,-5.553372776278364,9.239521356789806,6.408477382867266,0.4934727603391998,0.3546027118365258,0.141219102873116
27042,5.433,0.5096142077465806,-0.8505564665931348,0.12953567955441547,-0.008219739764925895,-16.325603033361677,-28.34306949742698,6.273428955704806,-5.349116737100583,10.194340523432858,6.399507060779373,0.5069955611687308,0.3088818884111971,0.1626396132686302
27043,5.442,0.50683696672404,-0.8415411477637446,0.18681472919918857,-0.005004271843916037,-17.399968957952762,-30.145071942005387,6.60031187521697,-5.275342227950956,11.244509506739892,6.36929870607348,0.5264133175194682,0.2529219967029607,0.18925111177850107
27044,5.450,0.5020681349214596,-0.8287497440079893,0.24715188120852707,-0.00417100926226287,-18.679353886651963,-32.450918885646296,6.825793639713945,-5.321476825016602,12.324939612070706,6.2986186871658125,0.5495505523213233,0.20197015625245354,0.23410158663523448
27045,5.458,0.4948480992173516,-0.8118627485268116,0.309782570767599,-0.006244605999002917,-20.342970050218536,-35.178726055456615,7.1061775675167285,-5.354218367718425,13.386861936205912,6.158217721909637,0.5458910174793508,0.14966300072664998,0.2680829509835453
27046,5.467,0.4848644962132675,-0.7904625695631976,0.3740940869915197,-0.011356078081049997,-22.25608188897636,-37.941261237425095,7.776718894010769,-5.252410713146677,14.440875193659156,5.933759358539299,0.5329621933239513,0.08529778811518296,0.31242564374845594
27047,5.475,0.47268607466615326,-0.7641758925172841,0.4383917190549464,-0.02039070317976252,-23.61641773914955,-39.582520656587796,9.21855406141342,-4.828856401553321,15.365254324775846,5.656310713285817,0.502056259200173,0.04629771109625018,0.35906771612967664
27049,5.492,0.4440934258731199,-0.6965180783136716,0.5614475911319627,-0.04919550884605748,-22.288215615808067,-37.79745769742616,13.032318588912183,-3.732013206405542,16.299591028569616,5.335963281234312,0.431671665435927,-0.036934253523608254,0.44021634807025495
27050,5.500,0.42703624345944097,-0.6560545980144744,0.618489855518433,-0.06857630652713524,-19.916132956689953,-33.49910107543429,15.965533113161475,-2.6459324307732843,16.982388530910146,4.959197990320698,0.3729992910507917,-0.06331687514621837,0.486004045453976
27051,5.508,0.40708556127627166,-0.6124110008892257,0.6714319786255311,-0.0917235513335841,-18.95211386967637,-30.236161515783035,16.98312142905002,-1.9715499984642761,17.384629982455678,4.370757655392606,0.31846196325168447,-0.07718195546173763,0.5182924431299321
27052,5.517,0.38407819714415115,-0.5667349592006203,0.7192015308599906,-0.11850984139309147,-17.99818911159752,-26.591091059699405,17.3368918376833,-1.1438808188219685,17.58894618883631,3.586957607000826,0.24573534709341227,-0.08125269313885518,0.548117190743965
27053,5.525,0.3592158881150485,-0.5205793364937449,0.7601248312227743,-0.1489004402276837,-16.81195296851477,-23.47225942133266,17.075114690554752,-0.08483843006194408,17.333605184691294,2.786170471469877,0.17464532805923674,-0.06873515183176439,0.5725076303705756
27054,5.533,0.33440153666706784,-0.4757398199669678,0.7929026264206325,-0.18207872195224722,-14.922301009510576,-20.603668363137842,16.23206123856161,1.2433758666486703,16.459502998542646,2.1048281724444102,0.10749332023401058,-0.044605675585526715,0.5911484155152991
27055,5.542,0.31162867862704113,-0.43402480955070977,0.8169571710477921,-0.21700463595329839,-12.55493422015021,-17.960631935608742,15.22721875779891,2.5684756762921013,14.986474857963957,1.6358294105012534,0.044821972816699335,-0.011808429389073465,0.5964333492862565
27056,5.550,0.2918441152296037,-0.39676424522924864,0.8330751183160691,-0.25177568062897265,-10.616042915861208,-16.192153315456544,13.764489289179496,3.611112653992923,13.142844714956553,1.3188571658567014,-0.012811040990516841,0.013301239666529269,0.6014095063204948
27057,5.558,0.2753035935600659,-0.3651203034753024,0.842361635894748,-0.28517007159893515,-9.416124928572122,-15.456980929336234,11.902338850913779,4.294204434418727,11.102902955035653,1.0105711742905017,-0.057751908338555466,0.05564234502729939,0.5973927431096706
27058,5.567,0.2616129264161925,-0.3398532517343398,0.8462393018956643,-0.3161289103272437,-8.380943805640202,-15.79210878946543,9.986350229247767,4.68980452652038,9.033945678696771,0.6172977640158837,-0.08638559686984458,0.09489928508517434,0.5926456726121291
27059,5.575,0.2500657367424729,-0.3213974180587935,0.8460508101548887,-0.34404774902452484,-7.213997647302576,-16.621330472215334,8.121620938940103,4.774814140902237,7.031452857660864,0.08899797960039704,-0.11934490708836308,0.12136985522411631,0.5879942075200028
27062,5.600,0.22036525089741008,-0.30733517607393873,0.8345642414737714,-0.4006080036617236,-5.139656675901053,-17.277790463469117,4.800784712427452,3.861767645914251,3.377774468899406,-1.4125243149954645,-0.17976349625168764,0.16582470859249104,0.5554193637199463
27063,5.608,0.20974715706336988,-0.3151217096433175,0.8310193744262331,-0.4075674637940804,-4.398546070211309,-15.545656129378251,2.7018397649929753,1.9532968691325756,0.14524717484080663,-3.128291964530219,-0.18521997725326816,0.16952670356853455,0.5548979641209082
27064,5.617,0.19884179107107483,-0.32715177905562887,0.8289532432034534,-0.4077624016101291,-4.304989253472323,-13.995378263280612,2.286365930212852,0.5714316652521988,-1.1304698404712563,-3.717290228917889,-0.19197167369607845,0.15424089430517607,0.5523478077802906
27065,5.625,0.18797371531619064,-0.3412346669047899,0.8288078021035449,-0.40162471490795526,-4.649256621012997,-12.40514068875949,2.421311447186106,-0.8116315262981026,-1.985639303138252,-3.9714545044839187,-0.19753068295408835,0.1356724880624696,0.5581355182134615
27066,5.633,0.17736339461696812,-0.35568383243904533,0.83049546081359,-0.3902672509440703,-5.013943933752584,-11.186142180843342,2.6261017908073723,-2.061279724024401,-2.4848383368166758,-3.9575915665606436,-0.20269496668060794,0.11461660804823774,0.5614505708157105
27067,5.642,0.16761989283583767,-0.36924541859762405,0.8337745344891818,-0.3746750832490954,-5.3903856254618345,-10.368587037411658,3.043895802675766,-3.0918530344285102,-2.750962583399795,-3.670260024793934,-0.2090829702366264,0.08970676717109864,0.5818740885334067
27068,5.650,0.15904527974130903,-0.3811933254143534,0.8382176801701046,-0.3560721391822228,-5.574000547151324,-9.778551474150147,3.525082282461452,-3.8814361763348044,-2.849795015087553,-3.2129733959483056,-0.19604067379374435,0.056891175836888096,0.5768326779270053
27069,5.658,0.151693712993686,-0.39114738519885556,0.8434851710372854,-0.33544821765883515,-5.591764907713699,-9.256136108315532,3.9476705010994912,-4.4229670594182915,-2.808418143411342,-2.7125436983548554,-0.19588695090466743,0.017589166491434514,0.578766040970604
27070,5.667,0.14517307211034958,-0.3993204051524767,0.8490419171144961,-0.3139997072378354,-5.59091435374037,-9.176250017220603,4.367027805674934,-4.696036650846322,-2.6852493517253344,-2.3009969034541866,-0.1910409445449245,-0.004323061097130648,0.5856735346289883
27071,5.675,0.1394437163324515,-0.4060025708006613,0.8544183758506293,-0.2927227382480256,-5.500324143785783,-9.328560294932945,4.574725500922224,-4.681592840943817,-2.5163648918841672,-1.9641756079731256,-0.19184915565346378,-0.026220530108774547,0.5862398271528255
27072,5.683,0.13428849406839896,-0.411461484638477,0.8591768780763199,-0.27291232877788896,-5.1079229959206005,-9.233914153497874,4.731774563122907,-4.379393779401249,-2.263220865056065,-1.6859916128673405,-0.18760041204321956,-0.05017410932234849,0.5892479236562908
27074,5.700,0.12467879304613202,-0.41874495782890236,0.8668408213450909,-0.24019752144266454,-4.593576889435062,-8.560996474518491,4.86423188681925,-3.690852304855581,-1.664381895419949,-1.3897293034929254,-0.17689675197618887,-0.09611170956188751,0.5887897371581348
27075,5.708,0.11963316284456452,-0.42052955423981336,0.8698919275014967,-0.22832177913287477,-4.342128011307491,-7.9476962126955435,4.851437248556079,-2.8608444580130734,-0.8524728463096045,-1.1814586162471103,-0.1631343043712,-0.1035009409370531,0.5792081472969084
27076,5.717,0.1142345639168606,-0.421074122701156,0.8724881234921276,-0.22002618472209778,-4.334076867620601,-7.638413426534444,4.6957590434884855,-2.215507954045097,-0.22306117612551554,-1.0431598107558369,-0.1741642035268367,-0.11861364617176909,0.5795613514312206
27077,5.725,0.10882953730048464,-0.42043066877678587,0.8746626682046537,-0.2153123345560674,-4.373422654007408,-7.163647754732941,4.553099519641124,-1.544844805298637,0.3773575774535499,-0.878205490051924,-0.18216845087549036,-0.13368905818577445,0.5777807541087588
27078,5.733,0.10344656343129736,-0.4185692410860064,0.876517270183004,-0.21404689673497856,-4.444087962796732,-6.639022582975144,4.293239038341069,-0.914469065383688,0.9469703154654558,-0.6569286180437901,-0.18152034401102354,-0.13252379577486698,0.5709266516560502
27079,5.742,0.09851270692689125,-0.41547417904614764,0.8781470336968136,-0.21571796478122582,-4.466244765312476,-6.104869111486475,4.086392789992877,-0.3703340158570305,1.4265719897872262,-0.39211896053316475,-0.20238191380899395,-0.13002016692440962,0.5691274844006895
27080,5.750,0.09395297270552964,-0.4112133933929041,0.8796595726634292,-0.21971668174192047,-4.463073486100418,-5.597918290439235,3.8482152341545,0.04330345775347414,1.8149038876871095,-0.1072606354659944,-0.20735081522347096,-0.12921447464569755,0.5674032208032245
27081,5.758,0.09005731418818236,-0.4058289728435203,0.8811350738908967,-0.22537414785478105,-4.461486123419159,-5.279566567849637,3.584374669529131,0.33215042147891416,2.102825580831652,0.17713153037705773,-0.2122225974152764,-0.11863059480751571,0.5685853855441585
27082,5.767,0.08664165354148744,-0.399456687049274,0.8826096725168642,-0.2322234807742088,-4.289583780435994,-5.026790152660926,3.403850942477327,0.5269261190476812,2.3177136344247375,0.45138571287084023,-0.22682918251457262,-0.10921835694509868,0.5580384974845788
27083,5.775,0.08386780249640617,-0.3921188390643574,0.8841392999696686,-0.23980555874372267,-4.12076640123973,-4.895788214182131,3.2495526832684045,0.6284433002039393,2.4776195065781232,0.6986762553027636,-0.22229632876686023,-0.10066525966103626,0.5572688795365802
27084,5.783,0.08144234150170537,-0.38384322303570156,0.8857895336604906,-0.24780723798512225,-3.9897516874011334,-4.830742029501103,3.1401323434155866,0.6517034410004106,2.6161710117425474,0.9362934075649634,-0.24121101199910724,-0.09363280541404474,0.5609631646158285
27085,5.792,0.07938696895541691,-0.3745986317195198,0.8876194090255847,-0.2559401472903527,-3.82575391561835,-4.767954946517062,3.0344484537458722,0.6016024249225648,2.7484925411619208,1.1241507778039201,-0.2482429303159196,-0.084457688950802,0.5540576094550649
27086,5.800,0.0773916059842032,-0.36445282659515016,0.8896595971891585,-0.2639895407761758,-3.681080651436183,-4.729249356508821,3.097566137634136,0.5010677375828018,2.8669092600122554,1.2959578044519253,-0.25655911352910993,-0.06879615447631621,0.5473159271855603
27087,5.808,0.07552456254194503,-0.3533365366791827,0.8919535121129937,-0.2717871677061014,-3.687980308213414,-4.769061781533016,3.162635686366558,0.35189203566427224,2.993090779961359,1.4274873325083968,-0.27058219663974725,-0.05960907244017348,0.5455256158530871
27088,5.817,0.07350335344952423,-0.34136352855748137,0.8944860247197379,-0.2792184628271209,-3.681503011843747,-4.945866603467848,3.3363009655154583,0.18404578100220761,3.105243889203163,1.5452462862720255,-0.2804636271268911,-0.041334822457119856,0.5362190643563267
27089,5.825,0.07160046518658672,-0.32850984204026623,0.8972135307805632,-0.28629100099727156,-3.866281933617975,-5.270602139821072,3.4480721385134947,0.023729957369286424,3.2076212977803644,1.6520903991786269,-0.28511977921884185,-0.038129604923214266,0.5416283894936514
27090,5.833,0.06963631718929462,-0.31496497998322043,0.9000459991743343,-0.29302737770173654,-4.1123907585466295,-5.598401347878127,3.7567642599100397,-0.10870933948722475,3.2827628335488575,1.7607659599838812,-0.3016520440590635,-0.010387478719275653,0.5419118182537986
27091,5.842,0.06801230622633679,-0.3007390081003832,0.9029049691564448,-0.29948788269506454,-4.431449985124549,-5.885748105056954,4.049717413293789,-0.21382752505167427,3.3293794702750743,1.876035717408534,-0.30544803673097126,0.006785526223402373,0.5278627105914176
27092,5.850,0.06658608487296185,-0.2860038601946225,0.9057384527086063,-0.30562385466466124,-4.757347695213955,-6.116846694466203,4.436841503993971,-0.3089797008584902,3.3396581618184356,2.007406760172298,-0.31406370423734137,0.017988632236743265,0.5297527191634566
27093,5.858,0.06587309880072013,-0.27068946078347794,0.9085023515606436,-0.3114665758695803,-5.059693309646325,-6.348642124745689,4.801314887380338,-0.392697703122482,3.3164546507999715,2.1741344612379625,-0.32056789790910534,0.02648329815831642,0.52118128051304
27094,5.867,0.06563708593922879,-0.2549223414444845,0.9111806572514647,-0.3169482333641512,-5.36507536675443,-6.582867184218622,5.160734097508927,-0.4805477050556702,3.2762719393947655,2.350696930993604,-0.32376783793688235,0.043147560085956604,0.5115718896950627
27095,5.875,0.06634389562735551,-0.23868042440831108,0.9137211047206583,-0.3220929761812812,-5.614481344901262,-6.9274352353073265,5.4382145458186315,-0.5594431139835351,3.200402436062592,2.540897626208469,-0.3356181879547509,0.06054013484686632,0.5140952525221377
27096,5.883,0.06782800803705058,-0.22209169714633947,0.9160799284533008,-0.32691314453441583,-5.86977128789531,-7.406760852286615,5.724576845370362,-0.6215760359624267,3.104024856966356,2.763795215175844,-0.3383407317945767,0.07489002703162356,0.5027200577200885
27097,5.892,0.07063937223098704,-0.20516579220494055,0.9181703893091688,-0.3314818441416975,-6.063564065279135,-7.852918483327473,5.968531196896777,-0.6628377761322581,2.9579088363424653,3.0086563609688315,-0.3353832624076801,0.09371808931729363,0.49936544469974237
27098,5.900,0.07463404028801228,-0.188196232780825,0.9199563092667329,-0.3356967784142775,-6.155325996811026,-8.45689668576399,6.141873013363851,-0.6975829273993828,2.748694944443464,3.27002912033484,-0.3332950052575307,0.10602244037101008,0.49754145891929497
27099,5.908,0.08032194948039174,-0.17125384150276934,0.9213571635144127,-0.3395901698266452,-6.198516864587631,-9.091555954430104,6.269564204137114,-0.7224191261625904,2.480920309137904,3.529105653906136,-0.3313911865166981,0.12421791440661048,0.4996930726225755
27100,5.917,0.08741995650312018,-0.15478393036509996,0.9223422542495943,-0.34305167559932126,-6.164277822854193,-9.648548903105473,6.31003536390928,-0.7310110099264672,2.1419240089566927,3.7641966530901354,-0.33136662743212913,0.13527464054113028,0.4888873875639173
27101,5.925,0.09643335415441931,-0.1389282333696753,0.9228468518053649,-0.3460538141564641,-6.116044986087801,-10.404980579523334,6.24833065892449,-0.7450206411537219,1.7282882375214295,3.976020326320497,-0.31481131099337833,0.1585076829883027,0.48539339154175976
27102,5.933,0.10689799648655515,-0.12409856994284925,0.9229069765492348,-0.34844666151658066,-6.115087125583075,-11.276285496926741,6.074724195092048,-0.7577590230676945,1.272521352150307,4.138290744525407,-0.30817821805233164,0.17678970903822433,0.4855371875432796
27103,5.942,0.11925881309469771,-0.11042529944899318,0.9223605666873216,-0.350477636606228,-5.875708360748711,-11.999300271335438,5.7475039262200465,-0.7183707456475262,0.7703421868324752,4.275678349844583,-0.29597906021401565,0.18442523438144287,0.4869626696672522
27104,5.950,0.1331690548947681,-0.09822540491479768,0.9212370239473935,-0.3520513007450878,-5.529749878418926,-12.497382208333406,5.53242664024082,-0.6712207911919816,0.22663411566080918,4.409022991393507,-0.27975197962186926,0.2029521578974068,0.49258600427402427
27105,5.958,0.14912813734139485,-0.08753644279250672,0.919471028915452,-0.35308808649043993,-5.412223084986239,-13.309141706269639,5.16565107709057,-0.6658431602014798,-0.3730435218042231,4.5146515828135145,-0.2634638979015148,0.2061053236336804,0.4972450041647348
27106,5.967,0.16664946779162346,-0.07863688336629393,0.9171775979164305,-0.35331211320792794,-5.419825660150405,-14.444362527606671,4.702431301077126,-0.6954288524908665,-0.9965226710007921,4.590717122335178,-0.23795321172447556,0.22277596512617795,0.4963344887736213
27107,5.975,0.18596849109657318,-0.07142907451499993,0.9142492834553686,-0.35279151822930704,-5.455556986933175,-15.579315389056188,4.1059541834473405,-0.745078826335366,-1.6015828507513428,4.611770103715053,-0.22381370047710766,0.2363371136679697,0.5108385632245777
27108,5.983,0.20631396641933986,-0.06609761899790001,0.91080322051939,-0.35143014315029353,-5.236270826591056,-16.443469015829347,3.585416110301398,-0.784409748884407,-2.1643665277256456,4.578701267215339,-0.19501979533337932,0.2481672219233376,0.5104765006773512
27109,5.992,0.22783740851435338,-0.06248791458141082,0.9066444075990586,-0.3495444091701121,-4.96428565120849,-16.99269735646418,3.1317689329341363,-0.7912581402768655,-2.674907505908424,4.493309146460485,-0.16817692937147427,0.25260670230152926,0.5138390186171922
27111,6.008,0.27167647307608844,-0.06021123627675003,0.89667317763447,-0.34430177680904533,-4.631005745380547,-17.630912401941323,2.6987724236996318,-0.756667739313398,-3.2640018909236495,4.282634614780794,-0.1203526137657997,0.25434132914878904,0.5311785976490342
27112,6.017,0.29387523078743194,-0.060875988468064655,0.8906206375942115,-0.34165237105711727,-4.618365023307002,-18.067129800425104,2.4441203504134092,-0.6519431359019036,-3.6442460812803876,4.02430665523233,-0.09274419458861603,0.25920160402568665,0.5344328536541274
27113,6.025,0.3153332408557749,-0.06250567218842819,0.8840733419168627,-0.33922310397084876,-4.676774301961314,-18.37670069750247,2.273918888602668,-0.4760699277874062,-3.770666039616781,3.8757950391557636,-0.0630009656992853,0.2513873886457831,0.5326992146711623
27114,6.033,0.3365958552492867,-0.06476458084731866,0.876593200304234,-0.3377767613040497,-4.79722347309627,-18.467184840314147,2.3016128051929905,-0.19100558917809748,-3.8531281954343424,3.755051591074527,-0.030641635821673036,0.26024381475837705,0.5415867200945025
27115,6.042,0.35721122915927245,-0.06764016943335718,0.868356743444985,-0.3373151513869025,-4.679132832263323,-18.16470393932434,2.3767223281761094,0.14924186203157963,-3.923080445034092,3.666598552897392,-0.013641913346950162,0.26161388841059485,0.5482013107650539
27116,6.050,0.37772136100815684,-0.07102159503287425,0.8590941665960383,-0.3379936676888946,-4.413137184196937,-17.942048071276425,2.1241547872435085,0.46145098510142313,-4.008529222554908,3.5831637051839964,0.01598148200887133,0.261081214249757,0.5348325920860015
27117,6.058,0.39780732378557193,-0.07538654055055619,0.8489914395206839,-0.3395287002110095,-4.261723278585384,-17.86430346884598,1.7133012577464897,0.7787329569976282,-4.201639043431677,3.4740852157469853,0.039622529958638485,0.2654608667634487,0.5318383238800877
27118,6.067,0.4181424873551218,-0.08091972446761257,0.837536509868923,-0.34225933602626735,-4.262040468678394,-17.824663212592284,1.2027078699444087,1.1173686701464485,-4.491422056853135,3.3679488353611378,0.06504623399986864,0.2646910712034366,0.5280415059956668
27119,6.075,0.43835500748258016,-0.08790027435835536,0.8248997501815127,-0.34591737645448145,-4.068769055453346,-17.488269289371008,0.599810115226763,1.4684521622472575,-4.851151441674652,3.2546116131805882,0.08663741088356296,0.27033450371525697,0.521520212126382
27120,6.083,0.45895748833903016,-0.0964614093503245,0.8106722070019136,-0.3505193192939944,-3.761629175392858,-17.02286805082727,0.0003314655625561473,1.7511441282104678,-5.272915182678264,3.1276372431521198,0.11063481802453029,0.27485276004090176,0.5089217262786186
27121,6.092,0.4798038627327641,-0.10696033803721242,0.7950142435689171,-0.35538724219677253,-3.6126493214995747,-16.66365454732592,-0.9428010666814945,1.9547591785593967,-5.818490174073681,3.026678343908704,0.13776155592032693,0.2786758072479557,0.5025361127154051
27123,6.108,0.5242310925041777,-0.1364984203903286,0.7567229190977567,-0.3659513172472419,-3.118196564517913,-17.324863686057302,-3.68110911814599,2.2342607898654783,-7.076858190256,2.8475217792742216,0.18589178952655513,0.29461953240919436,0.47706527598217746
27124,6.117,0.5478196574750296,-0.15754189044711364,0.7329676674866428,-0.37125809628543033,-2.687759468711264,-18.329544582813025,-7.8150784699545115,2.4337327642773374,-8.852694596225188,2.498356774358172,0.22280115241115853,0.3027384731196402,0.4635083828593647
27125,6.125,0.5712874610553926,-0.18317742859007072,0.706478327231496,-0.3754531124497443,-2.431935048302342,-18.41149111974956,-11.082804988733882,2.336445199403649,-10.049958083829011,2.121915828347568,0.23762630329632464,0.3115673815255981,0.4440967615330983
27126,6.133,0.5943444299331964,-0.21208051030814404,0.6767745614803345,-0.3791473970475369,-3.479377498463332,-18.321895716140155,-15.438509035552965,2.3479588565473457,-10.968945711441036,1.8327480248380519,0.2737036166386376,0.3287375934642549,0.4207471111982012
27127,6.142,0.6153964116266425,-0.24146522685859587,0.6450550011341574,-0.3832568933326463,-4.760637056962421,-18.336735141627074,-19.371304069402658,2.663515677854354,-11.163713399388683,1.5564954202358412,0.29111052913527685,0.3339271277626906,0.4004912919216259
27128,6.150,0.6326692617079092,-0.2683519688260196,0.6133972716754537,-0.38917941006466167,-5.111387514762473,-17.855029314875893,-23.0551459824855,3.096343086003956,-10.337615963532341,1.0619255699191437,0.3047118673837725,0.3477710699364313,0.37485089712847997
27129,6.158,0.6445967754149263,-0.286743173492067,0.586476931714842,-0.397892143861527,-4.638201528201696,-16.104522300081378,-28.84626623453534,3.675621708586614,-7.733380211764094,0.659904942158778,0.3133006877069912,0.3669600988563074,0.36096769876568346
27130,6.167,0.6481523630342969,-0.2903707689422564,0.5696351850028818,-0.4136412537981101,-2.9572526665175607,-19.18755244533768,-31.89789811626186,4.7920487164252785,-2.92285166450437,-0.34509512748871934,0.3165994725380869,0.3831437384207418,0.339838167829308
27131,6.175,0.6441740881815509,-0.28248236751111616,0.5644997069674113,-0.43195316527893324,-1.2144645066079665,-17.47394173020253,-28.339246931976234,4.674516524858151,1.319484059017958,-1.320161671566553,0.2957570395066759,0.38876882579480476,0.32993616118824776
27132,6.183,0.6364161515949066,-0.2677807311559504,0.5675537801062249,-0.4484982371178831,-1.4559449369418336,-13.40151401621839,-24.813021245093022,3.782288681029868,3.918672230589533,-1.591609919251857,0.2873001535880525,0.41082882976420176,0.32779963205106216
27133,6.192,0.6257128594121479,-0.2513048504740721,0.5760321619277459,-0.4620781731691353,-3.639787094132806,-10.665941923961663,-18.727779017156855,2.6668577692714335,5.08963530246437,-2.0026815861610108,0.2723420299752406,0.4141086337395285,0.3371782541301383
27136,6.217,0.5849514311094605,-0.21308963565365635,0.6204851294600316,-0.476888702465213,-4.418200308175953,-11.276537092873562,-10.779072147935542,-0.06768976138195597,5.234057208008782,-2.588087567914252,0.21646417066418605,0.4227004207463122,0.3608352596767195
27137,6.225,0.5709334695815133,-0.20133653552018127,0.6380552817217553,-0.4757983083653384,-5.670422931604509,-15.020245872818457,-6.744581541203707,-1.6448391485239748,5.296416212581245,-2.526572102611816,0.20329172517648927,0.416830435906207,0.3775581648297741
27138,6.233,0.5574784079414377,-0.18817425983466182,0.6552181734559145,-0.4738115846914811,-6.233967243988036,-15.568589066657061,-4.645790159084522,-1.703473578610716,5.481276607573947,-2.1655019623327787,0.1946844293235785,0.4109724166390016,0.39357557124670794
27139,6.242,0.5448606449776094,-0.1741831481276896,0.6715690718588152,-0.4709374588898197,-6.628719638192509,-15.293617381274368,-2.9756361793694306,-1.74475005853775,5.479169206143883,-1.7950459535127856,0.18071164828412606,0.4078776822652172,0.40111140531457495
27140,6.250,0.5331611445258098,-0.16042471161517627,0.6871977471543024,-0.46665014965942947,-6.523241689197912,-15.144179569549229,-1.5111220070844873,-1.9739873153533476,5.269342276079585,-1.5121546883046482,0.15721317456461822,0.39307249536506467,0.41524317966834307
27141,6.258,0.5224332548933084,-0.14771304999317064,0.7022908681512713,-0.4604692015266958,-5.932749290878527,-15.476018495428686,-0.5531808350280064,-2.347214304431472,4.894653706417645,-1.3114553651360457,0.15569948577950746,0.3930338056423433,0.4220069502924957
27142,6.267,0.5128638081943062,-0.13642326620248132,0.7166577675414201,-0.45250530483700313,-5.440616180488875,-15.679040992808403,0.39274371553402465,-2.714629646633318,4.4209168627330095,-1.128583711361631,0.15095462578850885,0.3787584998990074,0.4359237127280445
27143,6.275,0.504511265716486,-0.12639397790808782,0.729978601392746,-0.4434232590002577,-5.095654934883939,-15.49364488824974,1.1452384045309187,-2.8857517164165367,3.938214575838942,-0.9255813060523924,0.1379366967215007,0.37355839652968226,0.44698344566597037
27144,6.283,0.4972030509567655,-0.11743757500506308,0.7419256382069953,-0.4342164085653111,-4.589238532272561,-14.898832344871948,1.7019062153009785,-2.8264644164582915,3.5005546573583417,-0.7622550996613239,0.13514101102962506,0.36842231053088914,0.4446893146831032
27145,6.292,0.4906624271830216,-0.10945144825515675,0.7525260342941315,-0.42541195415181116,-3.7083237435481715,-14.237954441207755,2.1345833043887765,-2.630525006316162,3.106849999886126,-0.6510532048186217,0.13520035927538832,0.3509748909683261,0.46868691929442563
27148,6.317,0.47173478170552446,-0.08949400964817936,0.7772788203177413,-0.4065645747624764,-2.1655218624417243,-13.103266630502366,2.5201775246459586,-1.8958973762582203,2.6419722217466712,-0.6931415703706127,0.11850681329635611,0.3440423508105665,0.4795045895593103
27149,6.325,0.4638369528003646,-0.08373667300775071,0.7840057214346831,-0.4039535611529475,-0.722801928579816,-11.67322383720545,2.732846262666714,-0.9115026413178547,2.541057322470172,-1.0490026482387658,0.10766028802366491,0.3394509045455111,0.48130730266986366
27150,6.333,0.45462747329174275,-0.07836801864800724,0.7903124212851074,-0.4032103557003745,-0.41848390364897714,-11.283097114993794,2.632131270299188,-0.4497766065837054,2.6080346714464144,-1.3708212522168575,0.09463328639616594,0.3255006687176813,0.48692180130272855
27151,6.342,0.44391164685522233,-0.07371260058385797,0.7962868660613817,-0.4042723453806756,-0.39224320279391545,-11.095180939204937,2.4863370154645064,0.012146410998519562,2.6305692684722484,-1.732918797296531,0.07530890012409544,0.3324824676690516,0.4952298971257467
27152,6.350,0.4319511310300146,-0.06992285679538963,0.8017887585898056,-0.40701818276150953,-0.4745529076750992,-10.875666202826565,2.3154276980937,0.4473255362507804,2.5926610002936075,-2.082472265776127,0.06839618048983744,0.3318393103480926,0.49670182808671137
27153,6.358,0.4189784202403723,-0.06718865179750538,0.8068837031151296,-0.4109518926708228,-0.7311825658293901,-10.615883114285138,2.189152047040734,0.7701903992949114,2.4859734199225008,-2.3769790323180016,0.04567518889178572,0.33310727985225325,0.4874119694450989
27154,6.367,0.40556051499473705,-0.0655404436807521,0.8115743451775818,-0.41541810404568724,-1.0904420169270783,-10.387645100374119,1.8752650803987516,0.9335616176780629,2.307212491460197,-2.599870130331848,0.03212170575264446,0.3340248517930971,0.48818215332103543
27155,6.375,0.39207900930801776,-0.06518296824561196,0.8159173337564373,-0.41988586018884005,-1.5140748338617427,-10.339605253932044,1.6159945432803806,0.9694809564281708,2.0352834561959905,-2.7416839450224173,0.008486086763013014,0.3353019938661364,0.49172992220281536
27156,6.383,0.3790908208617103,-0.0661551060133743,0.8199031448766065,-0.42387791226744154,-1.94620603463229,-10.239079300448248,1.5166694058465109,0.8913983003680475,1.6859646974849452,-2.8238169671446953,-0.002504851054134191,0.33377078175817626,0.4829342016294653
27157,6.392,0.36683758113636117,-0.06860558106070674,0.8236342319389865,-0.4270247244500283,-2.2542067966073467,-10.092001749465648,1.4518295226037037,0.7179708090509138,1.2735600484415017,-2.8463739260792096,-0.017320440289442247,0.34029588949214046,0.4839122517634469
27158,6.400,0.35575056247383907,-0.07250807391252542,0.8271762048730904,-0.4289098303942152,-2.5773030095069633,-10.067443246738906,1.5817566765809477,0.4450522754881111,0.8117573757220767,-2.8336049714070715,-0.02407800200993078,0.34058087318291475,0.4862349504324665
27160,6.417,0.33687122674238834,-0.08485506355535453,0.8345443327219705,-0.4276133200728622,-3.0978012597223676,-10.308361547627134,1.6060198837658508,-0.1389226470669627,0.11615230204155273,-2.834882613731725,-0.06099407019870559,0.32401014577964904,0.4894668093818704
27161,6.425,0.3293862524386649,-0.09347068888078817,0.8382127649776957,-0.4244611733162521,-3.3426864933884946,-10.847600605421338,1.6738887327882048,-0.6911316392768435,-0.6719321841699646,-2.7929375368570244,-0.06783793289175824,0.316471741521641,0.49270361327249484
27162,6.433,0.32354169076719347,-0.10378628908512354,0.841556103542173,-0.4199196412700418,-3.4586073079959374,-11.042314774310478,1.7041264217016845,-0.9597210216151211,-1.2647744173990927,-2.719816336633377,-0.06946428702016064,0.3018249000732096,0.5057563680837648
27163,6.442,0.31916574955367766,-0.11589067538732581,0.8445815898358823,-0.4139861275216871,-3.479043635812205,-11.007054734009238,1.8958167631236218,-1.230094431526597,-1.8596200255347433,-2.6495369923080077,-0.07563000830916039,0.2962159677780785,0.514681309580662
27164,6.450,0.31612586316316443,-0.1295166087695037,0.8473310682519278,-0.40659555760883426,-3.3879480463499565,-10.93296776081316,1.987561884742543,-1.5006540021773598,-2.386979433261857,-2.6156293346547903,-0.0826014874679256,0.28544701833835434,0.5171220256653303
27165,6.458,0.3138836576344029,-0.1445034058782774,0.8498491458489836,-0.39793497516476184,-3.1960390385931747,-11.01572300198252,2.0081138359238078,-1.7404215372538165,-2.8134249412831887,-2.6222828025488845,-0.08134604682317466,0.25771685770731567,0.526127203326825
27166,6.467,0.3122641513522941,-0.16045444835159167,0.8520441311397146,-0.38828632267282814,-3.163455373819192,-11.16396797775542,2.070514682665875,-1.8966385788277793,-3.1352834829598315,-2.645355196849005,-0.07796996715874643,0.25018902252019704,0.5312017963520318
27167,6.475,0.3106997428338795,-0.1771272656267901,0.8538607332670225,-0.3781711910752071,-3.368164944545531,-11.259637617161028,2.116344091117805,-1.9515342462361094,-3.325946074035202,-2.698908131658545,-0.07803170886415013,0.23039273299806176,0.5435618268161987
27168,6.483,0.3089496341193104,-0.19415419030039352,0.85533109162899,-0.3677811817631565,-3.6315600961342636,-11.238583980541712,2.1817579142648627,-1.9571102017959663,-3.4024312870996956,-2.790772265738786,-0.07948859544944302,0.20503816647641673,0.5580364814054132
27169,6.492,0.3066201110870473,-0.21141811842168026,0.8564529934471292,-0.3574559507064548,-4.148117641067639,-11.447300026799725,2.0959449597652076,-1.914217840276521,-3.395220057568011,-2.9024321528347508,-0.07835050188879787,0.18993463381057932,0.5646377931788785
27170,6.500,0.30390088747754057,-0.22879970788731827,0.8570821384158336,-0.3474264703064282,-4.878409286921384,-11.69225403969377,1.8302362423759002,-1.7895946287434221,-3.3807320257932325,-2.998281513116599,-0.07102757665850598,0.16964575635233828,0.5634375489756682
27171,6.508,0.30091274113808025,-0.24641258620506093,0.8569906322349153,-0.33808196615924535,-5.456183478070886,-11.819029401372806,1.4114679595922497,-1.5790658875752408,-3.399368294661345,-3.0480696218544474,-0.06452163729712557,0.1543557575829479,0.5703842868810277
27172,6.517,0.29828911614751746,-0.2642321448067847,0.8559814072086228,-0.32939460735094866,-5.892964348030517,-11.839042604751441,0.927937393618973,-1.3218266918591266,-3.501483987769534,-3.0100782617626947,-0.06816192964629807,0.13780337531743955,0.5816095225211746
27173,6.525,0.2963578593810049,-0.28232067994393917,0.8538333962240333,-0.3216140300914025,-6.035834329354419,-11.274026808527939,0.5115580147519105,-1.0049031572143576,-3.6601105684922444,-2.888738481353122,-0.06298289997289587,0.12599580170586094,0.5734392463033117
27174,6.533,0.2953544385481188,-0.3003073837428603,0.8507284268430638,-0.3143920715612432,-5.895144432807819,-10.466811678252338,0.09254582831846953,-0.7548125634619162,-3.786403011897945,-2.705525461399647,-0.056790853800741545,0.10600108050727267,0.5841045683503938
27175,6.542,0.2951921328196364,-0.317925092746697,0.8468166316938265,-0.30771225586596473,-5.486288450336841,-9.818273258434397,-0.3512495176551458,-0.5577554538618357,-3.8511344257595685,-2.4780654858174778,-0.05069705097417198,0.09011718321053395,0.5902330636808433
27176,6.550,0.2957923582980516,-0.3347305142703573,0.8423796830995922,-0.30142798989113595,-5.151690403071987,-9.209490774577487,-0.8399695650900406,-0.40221854814447267,-3.812764161352895,-2.229836564053271,-0.04117385120305457,0.0757313943070768,0.5934011735392801
27177,6.558,0.2968471260285374,-0.35045890645457345,0.8375691214011388,-0.2958687302345198,-4.689342453714163,-8.597300628945552,-1.3132766427574065,-0.2374041814964826,-3.6583519302506553,-1.9875281701669913,-0.029442679941362526,0.06132167425781966,0.5922693636369512
27178,6.567,0.29818771485808876,-0.36473509451019653,0.8326478247571144,-0.29111852821075346,-4.235001999020441,-8.015124564683333,-1.6239154290898539,-0.0665273571738648,-3.3850622590821247,-1.7468886154183014,-0.022032825529677585,0.05367139033767987,0.5901562614376703
27179,6.575,0.29951686207189326,-0.37725962624913556,0.8278441788398285,-0.2874697189235416,-3.7697715548709723,-7.45620106021912,-1.8613080723017053,0.09255410006198687,-2.9859007667779816,-1.5091378319957485,-0.02588696926105012,0.04933960011558801,0.5895597573792731
27180,6.583,0.3006723153385131,-0.38779065541197405,0.8234132508765727,-0.28496523409883545,-3.402952098065426,-7.122711195409606,-2.021901500837414,0.2505600369176182,-2.4954837243003545,-1.2843670634275466,-0.013255982610737538,0.044509635949347724,0.5923853006833583
27181,6.592,0.3015266205975041,-0.39636662513303705,0.8194053133295076,-0.2838135444954431,-3.0744547715351764,-6.840955634386238,-2.1240980941021053,0.4115373389271654,-1.9768257915815655,-1.083012051050917,-0.003443376036760653,0.044767895490300615,0.5939571006933626
27182,6.600,0.3020557416026399,-0.4031494332816271,0.8158616207396119,-0.2839061098562627,-2.8229430457230063,-6.492479667994127,-2.1221597143700426,0.5766514622135527,-1.4831577828433127,-0.9202968677573101,0.0018921938032787514,0.04628714202536086,0.6040074466598534
27183,6.608,0.3021985817082572,-0.40835233916759656,0.8127655782787632,-0.285195545328215,-2.660638794407377,-6.231021651195845,-2.0886661319200317,0.7056980175703107,-1.0265346403704474,-0.7912191155659634,0.0004898609893856348,0.046424349335303323,0.6006805781564425
27184,6.617,0.3019776623105754,-0.41229109762872984,0.8100831361460934,-0.28738624673642266,-2.6297921976576926,-6.100343781057727,-2.036978834816206,0.8130655643312021,-0.6514409731913477,-0.7046246897031145,0.003876745619669253,0.04540825980723828,0.6030630120440035
27185,6.625,0.3015209115497173,-0.41517167908311203,0.807714648570646,-0.2903698732133463,-2.694494151174634,-5.95654370342435,-1.9114639279614,0.8920120798678808,-0.34690837916779177,-0.6166221059436516,0.008517331664622096,0.04420849717964154,0.5970800603857209
27186,6.633,0.3009691979308782,-0.4171979382137834,0.8056200902149016,-0.2938361660673276,-2.8656438542984084,-5.792656600281096,-1.898773723368322,0.9508962878944078,-0.12229697483652659,-0.5270130802258446,-0.005034868488357652,0.04564258820239123,0.6108781241080249
27187,6.642,0.300454085910802,-0.41861396911629334,0.8036599102870511,-0.29769184691156203,-3.0173827132516298,-5.542622275265667,-1.866631341402578,0.9914345743631013,0.023598916299358955,-0.44446320529062894,0.0030735072273455274,0.057230591995738156,0.5998401218827359
27188,6.650,0.3000825277532544,-0.41953332529440795,0.8018488521301637,-0.30163004466096016,-3.080653564840531,-5.302651242174467,-1.8135996530880885,1.002471166138482,0.11247822485283633,-0.34794901647170823,0.006177624120273187,0.049777343250040657,0.6038320466051107
27189,6.658,0.3001101905770503,-0.4199411992378925,0.8001330618597702,-0.30556561654308667,-3.1406608316629727,-5.161815963887594,-1.8366552773338083,0.9901800549707149,0.16144518339492148,-0.20104906428333214,0.0032616355493076048,0.061513123424219385,0.601299070168756
27190,6.667,0.30063633363890413,-0.41975645671160633,0.7985569263582654,-0.30940127231528136,-3.1487985994279244,-4.947366694453718,-1.8487915813066937,0.9824809970850901,0.2090666923245122,-0.015348134912535725,-0.005284599761444368,0.06583434457542182,0.6011560384066109
27191,6.675,0.3017086860882787,-0.41893600850057056,0.7971328562469849,-0.3131193047578162,-3.0620919770506307,-4.676999548038293,-1.817199337147538,0.9464333746408093,0.25833025885237293,0.17865722467112086,-0.006815765788543686,0.06246938508778452,0.594317055437904
27192,6.683,0.30317056351402716,-0.41735955952277837,0.7960451986224756,-0.31656065649989384,-2.969068305434399,-4.636628019333911,-1.8864245523972192,0.8701681159561192,0.34696374414476583,0.3756882884873771,-0.010469766126730989,0.07148196659327419,0.5919470208383962
27193,6.692,0.3049272112201743,-0.414997294538783,0.795347003296568,-0.3197182912035959,-2.7374276598841774,-4.685214696343047,-1.7963164759109989,0.757085218638603,0.4559594647410901,0.5466517193043153,-0.0031700245528576963,0.07784314286747472,0.5934143595200977
27194,6.700,0.3068609248170771,-0.411790678943655,0.7951570320319853,-0.32247496641695544,-2.6247162827222796,-4.869496205914015,-1.6985021087836711,0.6214891761934322,0.5871700787767907,0.7215670422771849,-0.007451824553748936,0.08200322556293478,0.5919688005063856
27195,6.708,0.3089377357970106,-0.4076311002331479,0.795489424116012,-0.3249475921481895,-2.56012175433181,-5.224679707925147,-1.6039169926922454,0.4822355802944951,0.7550098786770723,0.8834617439874076,-0.010689502530395736,0.0830791429554998,0.5974807074042354
27196,6.717,0.31088672056014716,-0.40258957840118764,0.7963868780010198,-0.3271681813531081,-2.4558260693306417,-5.692816916531244,-1.397736678173317,0.3532232839729013,0.9455543361005914,1.000673797566613,-0.00346462211227633,0.09066540950510771,0.6004275857442547
27197,6.725,0.31268706720602224,-0.39667749057403173,0.7977894999895924,-0.3292501787096582,-2.4176530120964657,-6.130037331084107,-1.1694823085432209,0.23329797429177893,1.144579494453161,1.0861819059837665,-0.007533827331216716,0.09600411668638593,0.5885496616767982
27198,6.733,0.3141169584084765,-0.38997178786589687,0.7996711348193944,-0.3313285638841682,-2.5298418793722064,-6.559113000416927,-0.9331275974123658,0.15456041488919303,1.3622034521805113,1.1361940510585458,-0.018407272485261795,0.10080875320481561,0.587042595761962
27199,6.742,0.31535668337252476,-0.38230040178952013,0.8019149704969176,-0.3336599243792713,-2.67758214583331,-6.973972171203324,-0.7242372088056086,0.12855259643975347,1.6060977175664588,1.210474077946176,-0.01900023039753805,0.11831320762785714,0.5820663009046758
27200,6.750,0.31633062496210723,-0.3736569686548713,0.8044592774263659,-0.3363936331879442,-2.779902058459585,-7.282288057796073,-0.4439772838093831,0.15639314300536347,1.8644608536069225,1.2937250319812303,-0.012966846802637853,0.11553795716153618,0.5886175640361677
27201,6.758,0.31727565182121686,-0.36396383458541126,0.8071352628495794,-0.3397045118040769,-2.84774711971388,-7.448641430741061,-0.14926572928799836,0.23014622674466753,2.114517815265688,1.3987604041530857,-0.01557204355835791,0.1172612213810921,0.579646235122148
27202,6.767,0.3180916887914411,-0.3532461300853951,0.8099574420089724,-0.3435167990590613,-2.9221858855104905,-7.620274163623508,0.08052347351206289,0.3021614741745428,2.361582555401424,1.516214670310328,-0.023866623299372117,0.12519509248999555,0.5865154985297476
27203,6.775,0.31894810020024794,-0.34151660462602734,0.812802834843943,-0.3478362686854442,-3.111250375556575,-7.901969438243067,0.33090190786756735,0.37807320886385615,2.58248995765232,1.6309374338672462,-0.03532826528455091,0.1389869828661043,0.5832979234162287
27204,6.783,0.31976243487951705,-0.3289181030219071,0.8156452813058801,-0.3525445246034104,-3.1939588429547072,-8.154468295259672,0.5558193069969561,0.45021610459543077,2.7699853360022915,1.751208823581681,-0.03718766069871998,0.15166705913094816,0.5665810071240558
27205,6.792,0.320681257139444,-0.3154404395897228,0.8184372553298558,-0.35752107557323226,-3.333250053909086,-8.486131915084819,0.7176482301816616,0.4888418385164717,2.935289978382244,1.8654822828251914,-0.03957889352128197,0.1484949453117212,0.580286085236161
27206,6.800,0.3215891846506175,-0.3012550351177983,0.8211611024338911,-0.36265719899304616,-3.4669678227541456,-8.869066732461746,0.8997928977231601,0.5250800869715909,3.067945885156897,1.97952519630254,-0.03733611995044397,0.16146917783621784,0.5727989272405848
27207,6.808,0.32263962449984734,-0.2863655126700756,0.8237199038548069,-0.3679456289307299,-3.498342503816453,-9.266730776306913,1.0914406820520215,0.5559941110170729,3.181453077727472,2.0799260075971673,-0.05079012325272032,0.17474175612639953,0.5683393932377478
27208,6.817,0.32364232654588754,-0.27099999757873316,0.8261189828309783,-0.3732855100142538,-3.634984014143034,-9.540476017138051,1.3212188670497123,0.5830792540488956,3.2616216463185395,2.1624315937011716,-0.047260717529184725,0.18152791640533805,0.5558085624825648
27209,6.825,0.32479264115635287,-0.2551280254321066,0.8282626231156781,-0.3786825293558337,-3.656058243308069,-9.692634388074204,1.4837138816044784,0.6061654895535294,3.326390585317546,2.239209734277293,-0.052239703076107855,0.1947977016914983,0.5578633335293859
27210,6.833,0.32590316007092607,-0.23892746157712774,0.8301825726595339,-0.3840542857624332,-3.7109839128128805,-9.91355711370926,1.6953453213844325,0.6275888294057386,3.3701614794241497,2.309805502227307,-0.050320906826942104,0.21553130479424537,0.5578737943198186
27211,6.842,0.3272866034018452,-0.22243195866531879,0.831665112837149,-0.38953901356291143,-3.7746764439089033,-10.099452426552656,1.8122375585732784,0.6860669151058898,3.3731811792392934,2.3861089110593663,-0.05830286972276591,0.22537490622625775,0.5512529400881528
27212,6.850,0.3287660203123653,-0.2057747057787328,0.8326991469048233,-0.39519843761536483,-3.710458910318134,-10.148511069838277,2.0088649544227932,0.778693342783402,3.366080912773107,2.470171587926187,-0.06012205384032232,0.24051573211280564,0.5443848574917817
27213,6.858,0.3305642133080813,-0.18894200852489862,0.8331889488770364,-0.40102916822067486,-3.7401380521930987,-10.104899210070013,2.2659031964010796,0.8605155389521141,3.3382648879612264,2.5437713889791715,-0.06649747389542206,0.24998919434173328,0.5322700264684582
27214,6.867,0.33250878994469185,-0.17209914464885054,0.833210120387137,-0.4069160654300887,-3.8168099649023306,-10.215558885782915,2.4338972201915814,0.9318751364327209,3.289413726527849,2.6247395546727943,-0.06702516551243211,0.26230690747036045,0.5279660314010147
27215,6.875,0.3349194444841657,-0.15524728168716925,0.8326043606555262,-0.4129130972160676,-3.9270032716438417,-10.429745259327234,2.6011050827078113,1.0079017139884896,3.205225991392141,2.710697495522351,-0.05573713722692833,0.27711209437051293,0.5199844756058699
27216,6.883,0.33771977772532213,-0.13866653484596966,0.8313635012429159,-0.41898886936062035,-3.9920008874446125,-10.578596366077342,2.758826755295627,1.102644381613834,3.0638509852850113,2.814547734147939,-0.0626121056280646,0.28750033553626303,0.5128478015486573
27217,6.892,0.341295841990463,-0.1224377015041967,0.8293241083752895,-0.4251443058044196,-4.081431902130341,-10.816151878563868,2.795182116016022,1.1864418451847043,2.8624562270434755,2.9235117641638624,-0.051766142508125765,0.31055110138591435,0.499104084098377
27219,6.908,0.35068074691835627,-0.09236774693426851,0.8230712803997725,-0.43708681111210645,-4.061328321368744,-11.051843427780582,2.8330909026411177,1.2691947098507417,2.417244049893462,3.0775910463530147,-0.040119215627602435,0.3356418223585639,0.49454868495881843
27222,6.933,0.3730545248812643,-0.05618605440481762,0.8083893634337947,-0.4518629060269686,-3.871979911981062,-11.543087330184838,2.3853592874474665,1.1874725219625255,1.3723211252254373,3.308881896179066,-0.014279738275923593,0.3638673639297297,0.47095388662845733
27223,6.942,0.38288457012456006,-0.047374592885512955,0.8022520351840373,-0.45557296446621304,-3.5239044445118113,-12.340082758776724,1.587427114136328,0.9769489572882907,0.3609755068735116,3.390829416649142,-0.009224020231011596,0.36837505118448527,0.46091062490227097
27224,6.950,0.39353940199300613,-0.04058235735483081,0.7957219029832692,-0.45859182773267665,-3.1296437967257296,-12.750457693985796,1.0007871844855458,0.8680360461229533,-0.1857791136011967,3.375246840201169,0.013536507959942433,0.38070193688199094,0.45725364557237747
27225,6.958,0.40507739670912457,-0.03571357225294717,0.7887587024047652,-0.46097348385025755,-2.8986092387138367,-13.131585287526791,0.3631091365538415,0.7285023839074596,-0.6986448480457224,3.294966688798293,0.02977355349145104,0.3817180264100561,0.4449869318584576
27226,6.967,0.4170539390124494,-0.03281622473131051,0.781662084228763,-0.46259430760411513,-2.6443094625910497,-13.4653187272203,-0.21721620036340086,0.5737144656045415,-1.1703896728078176,3.1772945172870646,0.040684749878617796,0.38794478837833546,0.43788539275511645
27227,6.975,0.4294974221087283,-0.03151307925505261,0.7743400510861074,-0.4636123116589837,-2.361893634267852,-13.641354488454098,-0.7383998150748139,0.4249750589482862,-1.5535438527488126,3.051903447563875,0.05796001912865431,0.3898102429706805,0.44341887851949197
27228,6.983,0.4418992523398961,-0.03146043998118983,0.7670976959606027,-0.4640004486523325,-2.0351160110118314,-13.719461812459976,-1.2335372343574273,0.28998370376983595,-1.809295242631386,2.9195711195201186,0.07817819664841902,0.39357346231323453,0.4325435094443913
27229,6.992,0.45421437505530166,-0.03220612786675334,0.7598467703069889,-0.4639880951867084,-1.671632405009342,-13.716707752262547,-1.5247606791707313,0.1845908378092829,-1.9535885683756478,2.779956314067217,0.08535153186194756,0.3992541880457655,0.4326744406306518
27230,7.000,0.4660021628094849,-0.03339845299513892,0.7528796675176493,-0.4635717137972589,-1.4881856351982232,-13.7099504249499,-1.8161950562892706,0.10125972921018561,-1.9780042076520112,2.6381122306342446,0.09793997298736626,0.4033023910790937,0.4245610715501867
27231,7.008,0.4772641236728716,-0.03464768811109536,0.7461012819786096,-0.46298096180426024,-1.222343828880592,-13.772715234159945,-1.996494719160335,0.05139950147561678,-1.911106650740241,2.4977973732528214,0.11797609928051134,0.4064196600966674,0.4225505411369406
27234,7.033,0.5053989300334094,-0.03797163063028607,0.7279937381703738,-0.4616873335636224,-0.7881204847940592,-14.061625387351063,-2.4331775367315958,0.10693451749513311,-1.643271438847465,2.1276891662865234,0.14553949976764963,0.41025606937863207,0.41214736364707527
27235,7.042,0.5126594449722525,-0.038611812196641004,0.7225524187683563,-0.4621768314959458,-0.4855959487583558,-14.09802464530531,-2.73247220343075,0.3184688879261416,-1.2807315228945104,1.7003514407880516,0.15919775940904707,0.40383087573389953,0.40832886649539674
27236,7.050,0.5186057100397873,-0.038825216924751604,0.7175516024219049,-0.46331459928069546,-0.3581239161553613,-13.912704838849578,-2.8034871985011462,0.5008993772042792,-1.0512630666592664,1.4809500236348354,0.16941948048418273,0.40868337454392917,0.4025720763278255
27237,7.058,0.5232354496697582,-0.03862004280723972,0.7129358424962949,-0.46524793496215744,-0.24792946274781055,-13.676964242988529,-2.8920277832111587,0.6887710278520683,-0.8071348958491624,1.2302864513600746,0.16955066766945648,0.41704083315556,0.39469169822712413
27238,7.067,0.5265832187663216,-0.03797069727307094,0.7087884879980864,-0.46785384378423583,-0.14395939391679224,-13.328374874445071,-2.976510100333031,0.8584672290955208,-0.5689212416431952,0.9941437396856412,0.17187782455833353,0.41175557427392434,0.3922565718904371
27239,7.075,0.5287415812735174,-0.037058386931091016,0.7050990573630961,-0.4710566160199001,-0.08433907994539586,-13.022206872011626,-3.117077348246343,0.9883737572355499,-0.3651996103325046,0.7512376389098494,0.1706312845091647,0.4153576551607359,0.3930380646694402
27240,7.083,0.5298276988861544,-0.03594320976862819,0.7019009134300663,-0.4746849511945471,-0.11595332533885001,-12.904820794605401,-3.396982256878382,1.0858370615356658,-0.19179448952741135,0.5196802859598475,0.1816748451589347,0.42085470779373524,0.3834857063330091
27241,7.092,0.5299111195869817,-0.03483349508888612,0.699127402057358,-0.47875015263756715,-0.20538171400173674,-12.814287318155225,-3.696494838970101,1.1725969424479605,-0.0651448808317278,0.29093878615163715,0.1721461767575173,0.42022491254768685,0.3824776280069778
27242,7.100,0.5291376269692619,-0.0337641483896421,0.6967740616248539,-0.4830934289096315,-0.30340303805996643,-12.621444456995249,-3.885074844343071,1.2243933556226327,0.033645722363684044,0.07282162559830942,0.16796976818345935,0.42824952517694337,0.37147231024540833
27243,7.108,0.5275898950779275,-0.03283812860509355,0.6949034227720032,-0.4875241460083098,-0.41963599024068476,-12.297716963778772,-3.8686658025668192,1.2199933827954943,0.11658992970873222,-0.11941240788210906,0.1729135483606149,0.4348464263483077,0.3720612545618048
27244,7.117,0.525462249871332,-0.031991220996238405,0.6935791514210637,-0.4917458148813928,-0.5215499895477678,-11.956511380749513,-3.9192445042216475,1.14136196668476,0.1994600627442552,-0.29574337049084787,0.1745890407671245,0.4417416732853567,0.36941777898091316
27246,7.133,0.5199098502729829,-0.03055915503031433,0.692696986578707,-0.4989296247144847,-0.8480819940055088,-11.826190003970313,-3.8819122830082766,0.9424698958132905,0.31324453257801443,-0.4859170541095157,0.15827525591290978,0.44825621194843146,0.3641650267241529
27247,7.142,0.5166639043980134,-0.03006927817161011,0.6930865126495006,-0.5017821582975951,-1.0679065276006467,-11.49586183301565,-3.7002046940557074,0.7177312592476002,0.38430205627128206,-0.6398058084272493,0.1562685519384338,0.44773550336049384,0.36832181432204164
27248,7.150,0.5133242201036412,-0.029722608603163378,0.6940213923627787,-0.5039336449728695,-1.173555904487303,-11.34614433223003,-3.4810490634427143,0.5076495997857073,0.41752632770071907,-0.7319487805452176,0.14673207403630942,0.44570751381039575,0.3651273424908424
27249,7.158,0.5097399528868838,-0.029706021283794477,0.6956468223061844,-0.5053298243184078,-1.3575287938713583,-11.391002286538642,-3.3633154107607943,0.28786703093840094,0.43233776636554644,-0.8282748661270458,0.14187579165283395,0.45404104127622646,0.35657128056570675
27250,7.167,0.5060937343607003,-0.02996352974992628,0.697737042784871,-0.5060971626590983,-1.4843220638826196,-11.390395493351082,-3.045423539044254,0.09020165028401292,0.4285877727887687,-0.9299711530962274,0.13879743749030848,0.4543499561128007,0.3602286150475846
27251,7.175,0.502181036398616,-0.03054728142670917,0.7004070806232291,-0.5062716579978532,-1.590456064433826,-11.341528472315908,-2.673387832282529,-0.08345345181122346,0.43316320974829386,-1.0213019357239979,0.13490315534311706,0.44552384071086404,0.36335147682923796
27252,7.183,0.49823088816432864,-0.0312959988939018,0.7034746791762274,-0.5058753979885968,-1.7504767295524537,-11.38504998644504,-2.30810914024215,-0.2581617587959097,0.4429887525653189,-1.104893792139841,0.13041229825179795,0.4419949497634629,0.3696316955197094
27253,7.192,0.4940584688987155,-0.03229128135177855,0.7069773318127051,-0.5050213408967054,-1.9288544095404196,-11.531897543399781,-1.984752295834331,-0.3810581973674237,0.44393316825484014,-1.164545541014162,0.125341576130049,0.444063025538293,0.3687907247634444
27254,7.200,0.4899001301419734,-0.0333022264098473,0.7105357103008991,-0.5040117345759144,-2.101340990389852,-11.533046428427816,-1.6290448123474317,-0.43664686995926577,0.450914415560848,-1.204368173153584,0.13582093724568464,0.4420041223323416,0.37928438843238627
27255,7.208,0.485469695068361,-0.03451248774858722,0.7143496813463589,-0.5028246176550945,-2.1934138577167053,-11.57864447098597,-1.2680849086167845,-0.4765728271757259,0.44820831742070505,-1.2548530961727236,0.1144890863129734,0.44316021217437046,0.3711243182537038
27256,7.217,0.4810327882871481,-0.035812119414928546,0.7181689966730155,-0.5015558203364581,-2.2049231012316373,-11.58786385708705,-0.938335106988162,-0.5138664486832765,0.4379846528895876,-1.3075433403801253,0.1086498751073394,0.442217312585716,0.38232566891320313
27258,7.233,0.47141089312612194,-0.03920622706583077,0.7262537759577717,-0.498788627084032,-2.2733893735851742,-11.60418537897339,-0.7020663346906483,-0.5459525505766545,0.4036880313432807,-1.4174099968819778,0.1012393461745354,0.4379720743779453,0.3838947097463966
27259,7.242,0.4661620821276998,-0.04132021653814075,0.7304388200326957,-0.4974381198509542,-2.2591689482932784,-11.648316292473217,-0.5114150615756625,-0.5337975469153009,0.36437252377001295,-1.534459018834747,0.08433793328406528,0.4327360742899204,0.3921287989795054
27262,7.267,0.44902248037035203,-0.048319583453210004,0.7430700291228731,-0.4938531783802738,-2.159594058841716,-11.385135964658073,-0.2031153893621539,-0.5081511237383431,0.3721585544356939,-1.7032082591333086,0.07248508371513278,0.42631088064518785,0.40115986560209344
27263,7.275,0.44216823109758147,-0.051063126399108386,0.747846349592549,-0.49255014966141614,-2.132957267130854,-11.210321111307099,0.11425572289268035,-0.5078556579473995,0.4218858119952136,-1.8978992997136788,0.06810325500887612,0.43201833052754013,0.3995157128250775
27264,7.283,0.43528063340459466,-0.053717255045391585,0.7524477578570774,-0.4913935270118451,-2.230235699346392,-11.189362619056446,0.2325024607382492,-0.49842244730301044,0.44813464695936717,-1.996559551641894,0.05855424637765767,0.42343850909365655,0.4104071399230555
27265,7.292,0.4277940613856488,-0.05655208951006094,0.7572730739451865,-0.4902362631352628,-2.4234544529306064,-11.13075304617705,0.4392405262710651,-0.47931091585583424,0.4778518760432442,-2.0903524113232117,0.0479540006689846,0.4216047617139793,0.4224678080168655
27266,7.300,0.4201306250556541,-0.05942742566240715,0.7620176971222826,-0.4891703877402412,-2.5855319456755286,-11.12346947951224,0.599050512007432,-0.4658975449976291,0.49004164836806247,-2.18277880549948,0.03573382789715708,0.4171533157628877,0.4101461596495944
27268,7.317,0.4038230021623434,-0.06585058493357304,0.7715467022596808,-0.487141016155189,-2.9110162790626863,-11.05485584475594,0.8933370981861122,-0.42985205791078274,0.4682127342595843,-2.2872437886236305,0.015299980607373392,0.41140996916183553,0.41950790053657605
27271,7.342,0.37871095939970983,-0.07713105014084311,0.7849169618745554,-0.4842872838474496,-3.3971366329394592,-10.802691578379527,1.2650478698487573,-0.3794949337358101,0.3596722954986815,-2.380210438888793,-0.009082603516886644,0.40626052108813177,0.43188439062654743
27272,7.350,0.3702316958115427,-0.0815767943974764,0.7891715084597798,-0.48319980160142595,-3.700848692886105,-10.39003695026742,1.5739427086198168,-0.3570558863140178,0.20894815128601213,-2.3923962096206237,-0.019042545219674085,0.4019153687911293,0.43816090911130573
27273,7.358,0.36222357097862995,-0.08606151009995713,0.793106065625704,-0.48204799530183823,-3.842163213186878,-10.200707535147801,1.6425159025840375,-0.37934962958064883,0.13899230107594227,-2.3781215405659286,-0.03583680770944266,0.38919161974071753,0.44172323154914944
27274,7.367,0.35422581440174283,-0.09081779378003388,0.7970276305694527,-0.48064868339900185,-3.970282151093938,-10.099308919790728,1.7448640309270609,-0.40999158914194633,0.07112100658984634,-2.3441245697362008,-0.0355288657803492,0.3930280290226821,0.44504822048478243
27275,7.375,0.34672205465807454,-0.09555764906866854,0.8006833603246101,-0.47912285378328945,-4.159892092920847,-9.955860995677279,1.903782067497507,-0.44046474801579183,0.007925171909782414,-2.2901161727291584,-0.049970182264926166,0.3817904227926519,0.4445984508842705
27276,7.383,0.3393347019552144,-0.10045062044318756,0.8043013413699274,-0.4773478659971995,-4.310840971722869,-9.863561610633218,1.9794554462073533,-0.47358913362326066,-0.048722002209674084,-2.221410353064262,-0.06301027677427157,0.37974767466563253,0.4523578441065857
27277,7.392,0.3325366830592296,-0.10525620922195153,0.80764466466906,-0.4754477683950072,-4.614676916846546,-9.928945250638131,2.060521752683686,-0.5040533641877556,-0.10956173069261604,-2.1388730547188053,-0.06748267162015051,0.36744472011392676,0.44999116204527023
27278,7.400,0.32603747970144853,-0.11015449626851305,0.8108159297039049,-0.47343751110378895,-4.775406950916878,-9.910922349297799,2.1808941592744175,-0.4997243814033988,-0.17740513774099487,-2.020853521595002,-0.07565985796476876,0.36983227979622024,0.4598071054814526
27279,7.408,0.32028006053627256,-0.11488261527103322,0.8135894442620736,-0.47148158364532095,-4.850111352319072,-9.705686567504978,2.3222055256691614,-0.4816649354811375,-0.24044506296277615,-1.8886614644755764,-0.08322016880562252,0.3655138516490391,0.4572797187930793
27280,7.417,0.31491498037072346,-0.11957258101728853,0.8161921207359834,-0.4694266450207839,-4.858183618369907,-9.670874608876776,2.5210710756003603,-0.4806973930720025,-0.2915652225002559,-1.739554653869162,-0.0971204493035146,0.35861720820997944,0.4714721594198009
27281,7.425,0.3104063972012421,-0.12402614560004863,0.8184293634774509,-0.467374326190512,-4.841695778147242,-9.679534032407053,2.542880577773751,-0.47830686824645063,-0.354793508265228,-1.5765989798234852,-0.09678143487696717,0.355919337189101,0.46888889455914695
27282,7.433,0.3063958563459765,-0.128409063934951,0.820452142642928,-0.4652859047359966,-4.699855256485228,-9.680039770325715,2.7621045203596832,-0.46350774476641193,-0.4112919060251386,-1.4032897893748606,-0.09337123429552047,0.35177261656855163,0.4669758416346311
27283,7.442,0.30321946331957866,-0.13246768255751032,0.8221374518665252,-0.4632496954995729,-4.415367072268382,-9.714303630009425,2.8736837144284717,-0.4520511038840834,-0.4519938307824256,-1.2327299666460734,-0.10585427070985405,0.34703199742065377,0.47204214466488814
27284,7.450,0.30048117780544975,-0.1363170965474838,0.8236502124760791,-0.4612255830519627,-4.159992172175151,-9.799048859190489,2.968221628384664,-0.4351023049044789,-0.46984340700038657,-1.059652220089399,-0.1056008164960838,0.3486511580449459,0.48122889957895393
27285,7.458,0.29842270883405414,-0.1397491439909395,0.8248767061418836,-0.4593391810747928,-3.9220082326643757,-9.865266393837855,3.0359165538594337,-0.4072920639118294,-0.46926479859849407,-0.9078601761074648,-0.1000120175441902,0.33713913719503086,0.47875666580434884
27286,7.467,0.2966821073506556,-0.14310325602721624,0.8260170524796207,-0.45738060114664103,-3.6185689251283564,-9.835549621609601,3.117066585902059,-0.4138974020030291,-0.4990579602900992,-0.7827750859693893,-0.11088786962471898,0.3322866383850012,0.48484293196613204
27287,7.475,0.29560391585339685,-0.14652107121227284,0.8270301985155784,-0.4551603578588863,-3.3345471989674507,-9.900402501963987,3.163065579073011,-0.47183037519526655,-0.6025401109484315,-0.701995953179796,-0.11264240901371214,0.3351470443636327,0.48190224828289413
27288,7.483,0.294932095134188,-0.15055042725940204,0.8280630569598959,-0.4523949621845962,-3.017252132453457,-9.947226376855404,3.1689469765654863,-0.5749951235951021,-0.7956867049935821,-0.6553945910214964,-0.11061643579534107,0.3392790064072608,0.49026632767336104
27289,7.492,0.29492250948803495,-0.15515353456522119,0.8290551927748294,-0.44901623739269086,-2.8116248067998333,-9.903397980250759,3.197556497378553,-0.6991883018386076,-1.0131893774187029,-0.6422782942825378,-0.1106956547427334,0.3161564471202095,0.4890236045446683
27290,7.500,0.295088358563254,-0.16046997917304057,0.8301135903882059,-0.44506592037298326,-2.5026324225922663,-9.90624227437804,3.2401773084069276,-0.8081724742677042,-1.199604544943462,-0.6588285215531773,-0.1124512387317202,0.3285938159778365,0.5012770683678741
27291,7.508,0.29559278688433216,-0.16615699047232488,0.8311309188673046,-0.44072457903085455,-2.230934073322498,-9.944948988373087,3.24022503168145,-0.8826236700361113,-1.3304786158461688,-0.6818119492583639,-0.10229316391485285,0.306039827570323,0.49810752794139307
27292,7.517,0.2960075265079997,-0.17215526209207901,0.8321075386328849,-0.4362787573730193,-2.0703528982606194,-10.042818883279907,3.2450782360945216,-0.8907105255730478,-1.3909627888169482,-0.6952121063234715,-0.10477721112286398,0.3126353322396765,0.5078292800127318
27293,7.525,0.29640254699554897,-0.1781213771449849,0.8329426398578987,-0.4320009998195384,-1.833167660454152,-9.879287672998062,3.394698510012026,-0.8401496365552004,-1.3800393328161746,-0.7307371982390557,-0.09997738724624415,0.2942294609547231,0.5021624740061955
27294,7.533,0.2963462666333098,-0.18407352212662248,0.8337636589492433,-0.4279415727876521,-1.6412713058182002,-9.733784954617034,3.422606032816673,-0.7914884461583369,-1.3171453113455254,-0.7761393732049611,-0.10416331115786999,0.2939803739826488,0.510133541577464
27295,7.542,0.2961067520570285,-0.18972267109654323,0.834522967126007,-0.4241432739033317,-1.5489879598474605,-9.632127212304471,3.535436803282554,-0.7340394940326915,-1.2246754722332938,-0.8116449112826573,-0.10117779112458009,0.2872448689993315,0.5149754523095658
27296,7.550,0.2953908788156912,-0.19519518433288177,0.8352341576395985,-0.42074573157409084,-1.6379674129266377,-9.67867145774988,3.5905267252157067,-0.6514230026228353,-1.11893096275683,-0.8406302015021885,-0.1067175047527825,0.28620345182345575,0.5240578048251711
27297,7.558,0.2945037493739093,-0.20042334915932464,0.8357825912735196,-0.4178103431469721,-1.5692493147739504,-9.632890715835732,3.7355430523954705,-0.5368045224703213,-1.0340307476059871,-0.8767761615249249,-0.10262927531824088,0.2766609891611497,0.5169782221793473
27298,7.567,0.29328482237332726,-0.2056123425616395,0.8361995946599049,-0.4153044852182218,-1.4799749645151468,-9.445654960240317,3.8388855616262094,-0.4399136883548163,-0.9742544413135903,-0.8934141847205597,-0.10347083355597328,0.27516008776384665,0.5294181966489256
27299,7.575,0.29212733073142966,-0.2106195134944897,0.8364872894958761,-0.41302549278091416,-1.5005702122019802,-9.359541708784757,3.9484583807709295,-0.37473645172339487,-0.9390429379015335,-0.8923149148421116,-0.09427896454590617,0.26210209622905006,0.519988604847954
27300,7.583,0.29085914764904447,-0.2157082239521131,0.8366429860564782,-0.4109737610003787,-1.3412145891283376,-9.40134119444141,4.03606181962616,-0.321206478558529,-0.9390236973402006,-0.8823907480136243,-0.10296288052843908,0.2688214461334354,0.5325975589706133
27301,7.592,0.2898654228128405,-0.2207618029216518,0.8365833364908105,-0.40910950139812036,-1.1472184999155095,-9.384267548202486,4.067633028395037,-0.246916083749096,-0.9641242063232944,-0.8548904668471576,-0.10389382136892968,0.2609741270388532,0.5307492990711081
27302,7.600,0.28877894184123504,-0.22592756601210875,0.836335339272873,-0.40756184555013203,-0.9548390138940314,-9.354380684958,4.03804824004203,-0.17107064261667354,-0.9696792975412034,-0.8452231252260057,-0.10157677499841121,0.25423722555352524,0.5413194322846285
27303,7.608,0.28773388712649717,-0.230988724647579,0.8359279694095056,-0.4062977347262246,-0.6877853968783715,-9.29811097365803,3.98723585488511,-0.08166598472145849,-0.944785722398344,-0.8565868590579957,-0.10226689180352302,0.25260470285432246,0.5361502412972148
27304,7.617,0.28632783842282183,-0.23612884282083169,0.8353753538020259,-0.4054720172741275,-0.44760382750348165,-9.257464277924282,3.9775885681124734,0.008869506581032228,-0.901988009718542,-0.8987411512193557,-0.10862665964657915,0.2534821885704344,0.5446899290283511
27305,7.625,0.28467289912639604,-0.24118035863305448,0.8347421715369646,-0.4049677544822021,-0.26921345851945633,-9.26487442429483,3.875078719967996,0.09929038609679583,-0.8386763344077945,-0.9724173841753907,-0.11444800378756366,0.2505872823751137,0.541273253153433
27306,7.633,0.282439108772222,-0.24634562083155945,0.8339736021490338,-0.40500619236208263,-0.13746469181651644,-9.268627065881502,3.7672046094836613,0.20555788077809736,-0.7692926474688772,-1.0642373364624402,-0.11277196251255353,0.2435801557759329,0.5440580892146187
27307,7.642,0.2798798398590627,-0.25147274530070624,0.8330444717374467,-0.40554363725630094,-0.06919332047016423,-9.222160343013362,3.650524759121032,0.3455918706888987,-0.69949887458132,-1.1589169606364262,-0.1076587677467045,0.234667488359675,0.5422697728195817
27308,7.650,0.2767824221219253,-0.2566949200022228,0.8318655082143149,-0.4068156647582694,-0.015048431750435722,-9.060826979625597,3.5984310986571164,0.5001797374877532,-0.6248225764910413,-1.2393025925937924,-0.12261869000354887,0.23994078166841062,0.5494739351543371
27309,7.658,0.27352440961325347,-0.2617907861632108,0.8305457632546991,-0.40846507410724675,-0.05270016025492565,-8.904172980232396,3.4943591864529613,0.6139698755553232,-0.5630796451414078,-1.290253726200159,-0.11972011907802979,0.22740210221954119,0.5454596648360348
27310,7.667,0.26991496172197077,-0.2670072932869859,0.8290263248364235,-0.41057078743914266,-0.15346506537512108,-8.84772089132601,3.3910776370005102,0.7036345866023572,-0.5295246015990472,-1.3376967456838333,-0.12513164762823273,0.2318830653244754,0.5482838455449277
27311,7.675,0.2663194182733369,-0.27217949920978163,0.8273689394362227,-0.41285945031771315,-0.21451695214952782,-8.712006045884598,3.233846901147447,0.7840646780508564,-0.5155869553951153,-1.3636749177423253,-0.12357189555308287,0.22336865776313428,0.5399833609092898
27312,7.683,0.2625586003834739,-0.27743387034361133,0.825520355968307,-0.41546307998761534,-0.2613884370434066,-8.693860356992818,3.1350685024492804,0.8414830295199138,-0.5046369008121091,-1.3693159734467608,-0.13345688347553616,0.2319590482679073,0.5458659680168365
27313,7.692,0.2589757881148979,-0.28262410248868736,0.8235357118655244,-0.4181436226284886,-0.30841632055845836,-8.710020957348947,2.95946870840218,0.9043674179237738,-0.5119374327159375,-1.3588673145277868,-0.12791894856498848,0.2281585357046427,0.5443781948033847
27314,7.700,0.25538524107379273,-0.28794547773344736,0.821311865688163,-0.4210850267753141,-0.2869533776644127,-8.635697145236435,2.8161976019900528,0.9579508952110617,-0.5341789079025976,-1.3386791619762313,-0.1439434589110882,0.22579770017217038,0.5391570366253572
27315,7.708,0.2520161275308683,-0.2932109995899632,0.8189973519978577,-0.4239793846454064,-0.3189583971436628,-8.57043035668154,2.6668222703664695,0.9938361005653067,-0.55355374521399,-1.3199275659020844,-0.14628326572214326,0.21948438618956975,0.5415670482148157
27316,7.717,0.24864511140477413,-0.29855175794686606,0.8165116765814294,-0.42702592240697457,-0.3686388053614052,-8.53541165678,2.519375923659765,1.0135520200113475,-0.5696110116459572,-1.293298967159525,-0.14707694228201765,0.22363110681011913,0.5421621971624839
27317,7.725,0.24545346422668446,-0.3037398805201594,0.8140167608712592,-0.4299667369708763,-0.3593931800202593,-8.471425154892081,2.3814821857614885,1.0259116720772006,-0.5650817919092506,-1.2713850887641982,-0.15067643497850397,0.2280255179007322,0.5436994356310177
27318,7.733,0.24224316225256726,-0.3089226277814379,0.8113703239658252,-0.4330857395182626,-0.3766792368131307,-8.399831793722479,2.2602518587485623,1.043931512663347,-0.5605943898700884,-1.2402199550393571,-0.1613792554384878,0.21987068047158653,0.5392747893152633
27319,7.742,0.23927464332386297,-0.3138896204046368,0.8086610448380398,-0.43622043260938803,-0.4476661293776474,-8.376375573636787,2.052948139949758,1.088196189820363,-0.5432016023355287,-1.196986372050148,-0.16570606084517273,0.21844995152374738,0.5306844895042425
27320,7.750,0.2363691728076247,-0.31881790160935153,0.8056872853519228,-0.4397189534030792,-0.3916602389819569,-8.324185663587812,1.8474666668722917,1.1569190763029562,-0.5318308250139775,-1.146492067487679,-0.16401678110931983,0.21849781381534736,0.5362092197464623
27321,7.758,0.23375968047884943,-0.3234734901874872,0.8026467095622644,-0.44326016351260666,-0.3899059362823546,-8.124981576929182,1.6387315295910492,1.2075600460527423,-0.5059533769990017,-1.0845389468406101,-0.162855927108138,0.21644449661743864,0.5298303867169485
27322,7.767,0.2312318373310811,-0.3280079186283955,0.7994412892501291,-0.44703049981366183,-0.40232772149782764,-8.059401368837719,1.4040554938264664,1.2335318925965524,-0.4853379759742025,-1.022525045763827,-0.16966668045612768,0.23350143239195284,0.5353038136071976
27323,7.775,0.22901547941972877,-0.3322457931229924,0.7962319677022133,-0.4507541422408536,-0.35223012279018406,-8.121416461728899,1.242169886714212,1.2588205740859808,-0.45916523687310334,-0.9535231917839636,-0.1821384689449375,0.21176649833806205,0.5355079481631304
27324,7.783,0.22692665652349406,-0.33630239696610215,0.792902692872564,-0.45465405528748903,-0.355761186358677,-8.13397543730552,1.0878869147241437,1.2671874985574425,-0.4328060966439315,-0.8769054009298349,-0.1834484899295919,0.22311877723424534,0.531278908198962
27325,7.792,0.225182308378275,-0.34000617439444514,0.7896226514627557,-0.4584591559386873,-0.4257890085311466,-8.124974563063908,0.9423147460619555,1.2752047031783458,-0.39899773874027233,-0.793500262320663,-0.17450932108925624,0.21602509862074326,0.530031168734689
27326,7.800,0.2236207485730233,-0.3434509129873464,0.7862828657761534,-0.46237915844319694,-0.411710339928497,-8.089459187961701,0.848148577864326,1.2622230854029703,-0.36399110986801203,-0.6984867460707006,-0.18339816811462062,0.22703116945964183,0.5281224823445562
27327,7.808,0.2224141673316377,-0.3464730406975912,0.7830722843761386,-0.4661396439714991,-0.5081887915795664,-8.051450498981676,0.7142616076121525,1.2446638656327718,-0.3178678433948118,-0.6038346152694799,-0.18035989941349795,0.22702977295763113,0.5319836741921071
27328,7.817,0.2214520148606978,-0.34917271597891464,0.7798299840416268,-0.47000278245951,-0.5810007414140442,-8.089162503469966,0.6192229288295579,1.2251477853200845,-0.27492371145061073,-0.4910648777401739,-0.18871388681422613,0.2268580654309994,0.5300514364514018
27329,7.825,0.22096447981685102,-0.35141067083652844,0.7767105041213751,-0.47371513789302644,-0.5526585027341108,-8.120662455675946,0.45310989963197756,1.2113457892264055,-0.23068452404358575,-0.3652850582423754,-0.19147781220327686,0.2225262752089076,0.5289058057359847
27330,7.833,0.22080607069150687,-0.3533121678582977,0.7734940974108262,-0.4776212646644398,-0.5056899475151758,-8.175733570876405,0.2315686162019037,1.2206810954709866,-0.1869924750393491,-0.2359458516128403,-0.18597208055522255,0.24142752743398826,0.5284395415917615
27331,7.842,0.22108948359415656,-0.354856525258792,0.7703592336528768,-0.4813968610731461,-0.4440615281713511,-8.377248056584005,-0.017295455133419953,1.218971208264553,-0.15953048641126427,-0.12666377785412983,-0.19267526046921996,0.2343260727536182,0.5173021533035925
27332,7.850,0.22160039099365217,-0.35622516639598667,0.7670916572638173,-0.4853527448092393,-0.4711128777608981,-8.612885237927976,-0.24535096452684182,1.2354223887628137,-0.1401299321727305,-0.03814024242091433,-0.20137842576927012,0.2305987501297641,0.5271592794843707
27333,7.858,0.2225124472901889,-0.35733637661239215,0.7638376112940592,-0.4892351462467138,-0.5004100271023147,-8.714563197932769,-0.566083724304819,1.2557653966525424,-0.12645037918492077,0.05348362918694432,-0.18998440423401652,0.2401679369418916,0.5188454370728237
27334,7.867,0.2235606040963283,-0.35811322510709614,0.7605380117705804,-0.4933127881491942,-0.44575016198898537,-8.738813467842965,-0.763124261865767,1.2568386656713424,-0.06054078437872388,0.13531785835654656,-0.1910721626954386,0.2546269157847593,0.5156003921426023
27335,7.875,0.22475734695676097,-0.3583881536561112,0.7574824996916717,-0.49725479280624174,-0.5059441744355149,-8.707576748022811,-0.8855385715555656,1.2162640297436786,0.031028639603169175,0.19808116405974963,-0.18283982721603856,0.24787944522854202,0.5162056616976454
27336,7.883,0.2259390816545505,-0.3580890828798133,0.7546606425004282,-0.5012095916522685,-0.6075923899663731,-8.730955849365625,-1.0260870077590127,1.133452962708065,0.1577148725770874,0.2688272428002305,-0.19243191695639963,0.25752321848209075,0.5172425574666453
27337,7.892,0.22722118283908574,-0.3570718511918878,0.752261617045203,-0.5049482019733725,-0.7463025910822468,-8.786158231247018,-1.0824578365267816,1.0415936731019877,0.2994357109043264,0.3435983073756556,-0.19606565640511425,0.25576824704986684,0.5084000818596713
27338,7.900,0.2285604073889795,-0.35536794248904274,0.7501364574686018,-0.5086934841353341,-0.934527255776044,-8.765435273257031,-1.0445566918758897,0.9525206308338154,0.44538994281008626,0.4373725399274343,-0.2055492730884479,0.267799579985709,0.5150795584715021
27339,7.908,0.23012651283712188,-0.35291820088098746,0.7484579987450919,-0.5121534493595117,-1.1288358327960888,-8.807259287716406,-1.0181415337390047,0.8437628905517641,0.578495446319046,0.5440833731711124,-0.19521079346787118,0.2645690348039929,0.5090118547581547
27340,7.917,0.2319471718645801,-0.3498896218740239,0.7470615059622403,-0.5154385203671775,-1.2875125987798566,-8.937063763178083,-1.0318452673271392,0.7300690596022373,0.6726115203743036,0.6692659842174759,-0.19952194684510371,0.27758195705121075,0.4988244634003734
27341,7.925,0.2342233073408685,-0.34634589027706436,0.7460172474754088,-0.5183070837406217,-1.4681416827760967,-8.972353690910573,-0.9761673959492927,0.6201508010440849,0.7255382687450657,0.8079304664391261,-0.19595717688855233,0.27890696141585003,0.4950473987501066
27342,7.933,0.23692113624887448,-0.3424703237836751,0.7451803084946255,-0.5208538762051237,-1.6441616241416979,-9.003035207891289,-0.9060541767726196,0.5033716560099881,0.7416735090287149,0.9450519195155137,-0.1932669158341396,0.29157088260176195,0.4906195567367074
27343,7.942,0.2401195225812777,-0.33828047051463994,0.7446917615025057,-0.5228222628140734,-1.7622237025713257,-9.095664090203627,-0.8565510871776935,0.3677310495121769,0.7373672723250527,1.0789406789751341,-0.1862056243971995,0.2897371352220849,0.49378437298679445
27344,7.950,0.243733106882511,-0.3339395541979078,0.7444237717033696,-0.5243203170528785,-1.8520511760568705,-9.224599741610092,-0.7743546651037027,0.22852919203970296,0.7070445705577848,1.195810657840452,-0.19662432807758934,0.3118105012663925,0.48883835856840097
27345,7.958,0.24784324450443854,-0.32944409908380995,0.7444364663046632,-0.5252186776650244,-1.9584057216800288,-9.270579164202653,-0.6634764768610252,0.09994232488206214,0.666778456050166,1.3170919986407954,-0.18342852678597393,0.3008790168689151,0.48735804469621824
27346,7.967,0.2523740457818281,-0.32473331493938046,0.7446083036736741,-0.5257509764940115,-2.137220702876407,-9.453198319556915,-0.701339046288898,-0.010753637981194821,0.6554221388849667,1.4372782675593507,-0.1791442073076411,0.31370128350654813,0.49206493896089154
27347,7.975,0.25720783470769765,-0.31986529462632113,0.7450331187172157,-0.5257908092322408,-2.158540244210781,-9.563820828262736,-0.6754758007329144,-0.12149560176850281,0.6399005202854525,1.5175646764409185,-0.17883337582223133,0.3130475571146998,0.4829130542749549
27348,7.983,0.26233156514501876,-0.31489420183446704,0.7456330489602463,-0.5254095049367169,-2.13376017512358,-9.573067320519215,-0.5501050563232998,-0.24169895535705682,0.613920795621152,1.5955743161815845,-0.18072982802202528,0.3197563379481958,0.485117843413521
27349,7.992,0.2678414228060252,-0.3097866255660505,0.7464249493235766,-0.5245407647427801,-2.2247943158620247,-9.690284752564674,-0.5471978366023786,-0.34442482539358077,0.5857297243312757,1.6956046156940605,-0.16828693666563646,0.3222811049404319,0.4805145598744897
27350,8.000,0.2736807552682992,-0.3045914320937522,0.7472471104280503,-0.5233972293084672,-2.207000864546479,-9.884044496347267,-0.5911933529163442,-0.41338095782845785,0.5570262174375054,1.7784626866912683,-0.1556984293015498,0.3265742054398023,0.48271304398105225
27351,8.008,0.2798777305858517,-0.29940995928779285,0.7480693382303528,-0.5219333265858751,-2.136530549225233,-9.993551499564644,-0.7025256647427852,-0.45691031965103207,0.5026196121708522,1.8614636506288988,-0.14217543676332375,0.329925802852529,0.4873095469863837
27352,8.017,0.286376162658849,-0.29433547613650285,0.7488270369538098,-0.5202051419154451,-2.0395456682456348,-10.096913240819426,-0.8352017665215526,-0.5046294161621877,0.4320565866594198,1.9184520461766583,-0.14141527283801664,0.33404859232727846,0.48393425216749797
27353,8.025,0.29306553487288806,-0.28936830955934695,0.749628840855639,-0.5181073003248128,-2.0103364611604184,-10.127661593226751,-0.963764503962575,-0.5670569882888001,0.37194498713936125,1.9581260096996476,-0.1317710296106136,0.3379609845526749,0.47594551173131683
27354,8.033,0.29985595627527906,-0.2844207883904481,0.7504649949977348,-0.5157455883482128,-1.8599903358974084,-10.208796206906724,-1.1027783508373845,-0.6302977488962852,0.34239671759739293,1.9761965829503283,-0.12499358372165288,0.35065940595527606,0.47963223457853726
27355,8.042,0.306586483588407,-0.2793835955653204,0.7514007841605951,-0.513172871625861,-1.9192268864432915,-10.363280787776251,-1.213079830481715,-0.6783882277830111,0.35912184090353844,1.9794714764591592,-0.12222083725993971,0.3351751650154647,0.47373998984977517
27356,8.050,0.3131292859708034,-0.2740150918886203,0.7525119905152827,-0.5104816194687265,-1.9822828002468853,-10.630513462530756,-1.181239702783504,-0.7376743345120297,0.44527979969206777,1.9638168814377308,-0.10802267903902263,0.35153689167138796,0.4764206118494471
27357,8.058,0.31925467772107025,-0.2680508544523378,0.7539828200255188,-0.5076761736451242,-2.250842710243062,-10.99185627716666,-1.0738632858258785,-0.8141324486799121,0.6205497194787704,1.9356806395676753,-0.10784540863733202,0.3445058339264072,0.4767725587837349
27358,8.067,0.3249256777611977,-0.2612744584827688,0.755861829244423,-0.5048087324593714,-2.7021966835703526,-11.598060391762228,-0.8423921498172418,-0.8971792054903936,0.8480354294411397,1.9049721424278447,-0.0909145431038145,0.35277115451567403,0.4816222765246266
27359,8.075,0.33002150613506315,-0.25350972582022707,0.7582139120020666,-0.5019265763529766,-3.2343335543787517,-12.421585716085763,-0.6864191099015682,-0.9743762100228827,1.132775904879351,1.8822706486087353,-0.08362382777814188,0.3574625148699612,0.4781871950418201
27360,8.083,0.3347373814282223,-0.2448102596238413,0.76077165565778,-0.49924473978721623,-3.8627826367686047,-13.276722336443504,-0.4735789969412118,-0.9732115464526276,1.3814712272174043,1.8828009160576789,-0.08069930887306007,0.3661007676663342,0.4839934404899833
27361,8.092,0.33925290509473316,-0.23539034956908295,0.7632767256278079,-0.4968978665977766,-4.308384446224201,-13.880117565337509,-0.3040563973699844,-0.9063315946172001,1.5633151177042406,1.9265371975185683,-0.07414069372464083,0.3595784529363913,0.4763912599749396
27362,8.100,0.3439093417167794,-0.22543205211972106,0.7654684206529809,-0.4949392402508151,-4.426756659275425,-14.079636403723478,-0.11386868046880945,-0.790930523492726,1.6577404270443596,2.0097657202161137,-0.0726287109589823,0.37577126506970415,0.46853865788757254
27363,8.108,0.34874127501638263,-0.2153086440840552,0.7672584710402973,-0.4932911407065189,-4.165360105553064,-13.929022628179117,0.09998111307413836,-0.6804209016731634,1.6657874760326605,2.0891262443724368,-0.05668517853414311,0.3663618202113084,0.4676291009843148
27364,8.117,0.35382128390909195,-0.2052078596174918,0.7686708346703309,-0.4917777763699234,-3.627647592254856,-13.431270841935106,0.21921460763820572,-0.6021982376771643,1.6160956903509083,2.139278139353784,-0.05609688907842911,0.37153519943081226,0.47042523846410395
27365,8.125,0.35890783644155366,-0.1954721993123485,0.76982332571098,-0.4902528239879122,-2.9319811452718385,-12.89928793288503,0.36060789705412766,-0.5727035632917008,1.5249925526880197,2.12582629901895,-0.046579574511367676,0.37955562255403685,0.4686971642857036
27366,8.133,0.363990807933191,-0.1861740899765213,0.7707450486252045,-0.48867368455983906,-2.221201806374313,-12.3717013024008,0.3472993950242436,-0.5466230806005845,1.4147082738756147,2.073543311419258,-0.03534487014810945,0.387613338897972,0.46549424063895345
27367,8.142,0.368693628198767,-0.1773748566464226,0.7715375560503931,-0.4871683162512495,-1.4921784719791114,-11.830667773064475,0.2815612966038086,-0.5131825861532259,1.346033245284897,1.958654914020971,-0.028484330569397216,0.38381422283671807,0.45794876894987085
27368,8.150,0.37291461896565564,-0.16891425915093886,0.7722838593130851,-0.4857780364134186,-0.8543085854826379,-11.36183663424527,0.20631103083002175,-0.4692050061790505,1.3216281679704125,1.8097634981624953,-0.030325613890622913,0.4023573014316139,0.45809219982491645
27369,8.158,0.37639270699402094,-0.16072836409261987,0.7730749096085471,-0.48461335849474935,-0.4175305339604177,-10.967746924619535,0.11555368722627743,-0.4214230088670727,1.3522699580853588,1.6355846396529032,-0.018593278835853298,0.38341735948381206,0.45587725609254937
27370,8.167,0.3790905010958802,-0.15267108867892804,0.7739717765265529,-0.4836833879727497,-0.27473108369150795,-10.886299854612513,0.0772194322318648,-0.36448212749512715,1.4150113106364588,1.4439819673192607,-0.01770783267311483,0.4021096109615503,0.45220797039087113
27371,8.175,0.3809105884339861,-0.14481499553810126,0.7749849340402245,-0.4830466775549163,-0.24792157699455872,-10.967440954075599,-0.02666880036921304,-0.30726264275667875,1.4814482972807148,1.2450347011105194,-0.008391243395777421,0.39905077330646577,0.4527949936686003
27372,8.183,0.38198949601603194,-0.13711636045346506,0.7761354305177124,-0.48259395160372576,-0.37980443856523216,-11.11349435499032,-0.12979105837126878,-0.2617007399173446,1.5350502928714005,1.0602051870978693,-0.013019245757220068,0.41160421133225655,0.4484912068870837
27373,8.192,0.38233111552352855,-0.12968429639316956,0.777411018628687,-0.48232458934440703,-0.5656509240914538,-11.269294815703674,-0.0912935545930848,-0.22900360531417582,1.57147833435852,0.8804738937528512,-0.005009794367755379,0.3946563622158528,0.4513675805314704
27374,8.200,0.3820824203495869,-0.12260389409752151,0.7788621919434846,-0.48203215159667157,-0.8176979923775028,-11.467848471467802,-0.020181788588998238,-0.23079742932880634,1.566892600000765,0.7057081986569447,-0.005435559368661352,0.4153153788771787,0.45377861360158295
27375,8.208,0.3813274746827401,-0.11595740132427117,0.780500869089085,-0.48162395235431327,-1.1161338860701004,-11.641938423152888,0.06304414918670528,-0.2713494333160871,1.5419891855030008,0.5483813948368157,-0.0034402952109956132,0.40678760924092694,0.44905639156698096
27376,8.217,0.3801764274648001,-0.10975379488648247,0.78235114947668,-0.4809851010381038,-1.450791821904343,-11.810289205374202,0.2087231027951894,-0.3229839754186206,1.4963593215110995,0.40293592897593145,-0.010135520045289776,0.42004682545619776,0.44499018555446423
27377,8.225,0.3786462017495029,-0.10400672180501111,0.7843777772985256,-0.4801678437799375,-1.7485925586662692,-11.92181172371551,0.3553414264400953,-0.37743775547213676,1.4521621977748347,0.2659898256886463,-0.014741489259139652,0.40592348559972563,0.4456146424157237
27378,8.233,0.37677267897899447,-0.09858988995853792,0.786593915078316,-0.4791580060217319,-2.063550095913732,-11.963489059987879,0.5508035301215125,-0.4188472382292988,1.4244054845205174,0.14711912352121118,-0.010916117007569547,0.41684300442430294,0.43692774721503247
27379,8.242,0.374551555928152,-0.09344680397266324,0.7889077534856779,-0.47812486158876544,-2.376489548036544,-11.949913616438678,0.6944584033535591,-0.4321909879588641,1.4136269649271571,0.04004219376307659,-0.016601440001343913,0.4117547807171097,0.44246467843386883
27381,8.258,0.36907037559321615,-0.08351728292356189,0.7937454307999356,-0.47621435551311664,-2.696801060775332,-11.81141537114293,0.968816860784457,-0.4060070279403661,1.4387600323794518,-0.08958615538031262,-0.01328947612335606,0.4094404109742266,0.4392711451415451
27382,8.267,0.36583957849189275,-0.07856251272425185,0.7961880637782286,-0.4754722930943526,-2.9697280324668847,-11.496385556125444,1.2014195588038787,-0.3437565544753019,1.4940841307418178,-0.18588241489482257,-0.013452972479955307,0.4141810301221245,0.44057471133271914
27383,8.275,0.36233783694232796,-0.07356431652141614,0.7985861298367811,-0.47493133870803267,-3.0327995467829045,-11.195742737990777,1.4086987074236899,-0.29558892471160547,1.5366873191541919,-0.23251341412566676,-0.010800515613080238,0.4110117093069189,0.4409563138481192
27384,8.283,0.3586315360164507,-0.0685035925514106,0.800914447526538,-0.4745805800128072,-3.1483268654670464,-10.923365349147124,1.5840224038965816,-0.23439259030620158,1.5692581274946424,-0.25560637421363136,-0.0259443606213705,0.4196661171822238,0.4412826555645558
27385,8.292,0.3548448191893185,-0.06339732054766753,0.8030683381833427,-0.47449676316000383,-3.259827777333865,-10.691398434099696,1.6848745951985584,-0.1635104419342539,1.5852279094580755,-0.25580638575973474,-0.027579165743560684,0.40336282188878964,0.44563507694747406
27386,8.300,0.3510748601976104,-0.05832033047297618,0.8049891088735154,-0.47469749966244296,-3.3005315446758314,-10.336011227391902,1.8602412310293839,-0.07342478573672523,1.568123387927066,-0.23416277683848172,-0.03495970663165991,0.4158311044022699,0.4369519333978755
27387,8.308,0.3474827382740487,-0.05336009372974399,0.8065899983418013,-0.47520629370168854,-3.256011626924331,-9.96387610009326,1.9178095875276484,0.015221961291976692,1.5147839240585184,-0.19335081817671382,-0.03816388525799132,0.4131944577479021,0.43873129346929324
27388,8.317,0.34413071821544106,-0.04860649414542301,0.8079296440548585,-0.4758793416033163,-3.1684344680704375,-9.464669513333133,1.9955516686033234,0.07427331213631769,1.4336087080029984,-0.14811091482911964,-0.041050580049157605,0.4135540278800975,0.4378846425388052
27389,8.325,0.34109979151786257,-0.044115397208755416,0.8090205110636298,-0.47664512651859614,-3.079754926871837,-9.129474370177615,1.989545150348855,0.10749806240201028,1.3338354490447888,-0.10365444727622314,-0.03700598705179373,0.4153863787577639,0.4345174808743215
27390,8.333,0.3384804140932935,-0.0399786358137816,0.8098750333625747,-0.4774255421420918,-2.934096315542368,-8.805041564576698,1.9522353195668574,0.12499510881421402,1.2025904864616364,-0.04623378403463578,-0.0382824623738426,0.4301064101456059,0.4270987082242742
27391,8.342,0.33634929457157203,-0.036171927197442826,0.8104764420687369,-0.47821405309299564,-2.7506371976454282,-8.46110743582874,1.8647245733998297,0.13622747903248605,1.067953611699798,0.021940131415291258,-0.045905639043013535,0.4198807039376088,0.4353009536218343
27394,8.367,0.3331219760212439,-0.02704818846939452,0.8113939823276383,-0.47951845640676094,-2.3142805425270554,-7.962903356334136,1.737284250476311,0.058709403687215445,0.7713703714325872,0.15036378904124312,-0.042881752852024814,0.43354874907868574,0.4250228138636433
27395,8.375,0.33301383708650895,-0.024860377707216885,0.8115528542422382,-0.4794431256160122,-1.9093391666202617,-7.692775216944235,1.5805027144700303,-0.06780589809990419,0.4728845741502041,0.24110309038755276,-0.04903787263841099,0.4296229947783786,0.4350522622612045
27396,8.383,0.3333669632127248,-0.02308112872879946,0.811683739722792,-0.47906496010933,-1.7603798444750196,-7.601835614427688,1.537946563150564,-0.1387195030004284,0.3295065038757582,0.2708995315861216,-0.04518379514570639,0.4337098875344281,0.42533691313257416
27397,8.392,0.33413029268368777,-0.021644623894737695,0.8117715823029849,-0.4784509963756762,-1.6798302487473,-7.6154085089963175,1.4875127133746946,-0.20180544429216601,0.20839806199106725,0.31230895935217423,-0.045507236883129916,0.4321238306248146,0.43175015086301083
27398,8.400,0.33529063524717806,-0.020551326486996445,0.811819418387828,-0.47760555359377677,-1.6387328076765988,-7.588081183273664,1.4498073493207053,-0.25494431363932846,0.08625499591072054,0.34108755441948285,-0.03426111908897378,0.4353142895817989,0.43833888655889514
27399,8.408,0.33675321086788146,-0.019753430837195447,0.8118134494045993,-0.4766193452915423,-1.5801391835690368,-7.621824024283642,1.513754824722798,-0.294348142757777,-0.011496809167966865,0.37022014029742284,-0.039324765827676765,0.424361667042543,0.4320847411035078
27400,8.417,0.33855835547560087,-0.01920880611996897,0.8117228731767019,-0.4755157609026878,-1.5606424297444708,-7.604642178101488,1.5639957617117304,-0.31662742885920375,-0.10996278830621284,0.40374276190471686,-0.03880775352390356,0.43133010391900256,0.434196645032607
27401,8.425,0.3405851981998578,-0.018908271415271575,0.8115440074889154,-0.4743843630939811,-1.5608266925716785,-7.566957306709542,1.62177402756913,-0.3273659775028184,-0.18765275891667796,0.42863542888672124,-0.035755082568860605,0.43385347440922795,0.43971459723115397
27402,8.433,0.34283931272487594,-0.018806845765263893,0.8112855031753826,-0.47320538938199286,-1.484845475384065,-7.623372958547562,1.6777465761864192,-0.32966634213044227,-0.2612058557253652,0.44646111127747845,-0.026746388908326507,0.4340385440107702,0.43751944571380336
27403,8.442,0.3452585721262201,-0.018960747459032624,0.8108986610899318,-0.4721020756909623,-1.4694140453202371,-7.656257699610703,1.7426621082320664,-0.3133611818171103,-0.3349206313913459,0.4643289426693006,-0.028908363347529893,0.42526448040646553,0.42997079827605633
27406,8.467,0.3535301684463155,-0.02035539811360634,0.8089358809509635,-0.46928117187465074,-1.4664925962109996,-7.776349244334381,1.8182645176228633,-0.2542263850325619,-0.45138273745217117,0.5054200404640419,-0.015845990844889166,0.431475087295813,0.4363664120969328
27407,8.475,0.3564801088216215,-0.02124342949251945,0.8079604709126049,-0.4686902240932739,-1.5238784054160763,-8.034352323570083,1.7717608885107723,-0.17523954711195025,-0.5642691897525435,0.5366701366336033,-0.02021833059949031,0.4315405011683556,0.4249720988930001
27408,8.483,0.3596135794103864,-0.02223300061205464,0.8068469755001452,-0.46816847962427244,-1.5236840972176395,-8.180689386315173,1.8051410186713042,-0.12985337231543537,-0.6205999205071799,0.5512629014961699,-0.008575106733272695,0.4279848860711331,0.4307210695872642
27409,8.492,0.36283059865936457,-0.023465410481255222,0.8055734903898826,-0.4678190705481077,-1.5476715576883926,-8.290668168196959,1.6984829006631865,-0.09159596701587241,-0.6815785468981099,0.5613434948142176,0.0003365736134221039,0.4279954551420225,0.43321781071027043
27410,8.500,0.3662012555606318,-0.02490224621021419,0.8041740754352233,-0.4675260152733817,-1.435414147333996,-8.287635088324969,1.6062138006335878,-0.05852997834491692,-0.7516472899608512,0.5645167869039291,0.0051227889503245635,0.4240070799731942,0.4405493193952312
27411,8.508,0.369677926324857,-0.02669429489550715,0.802627398265542,-0.46734880438669474,-1.3456406598706465,-8.333897289057587,1.5909082925992732,-0.03521019261272259,-0.8376047668451546,0.5644468871183138,0.0004875193145495201,0.4235384231828883,0.4362311044017992
27412,8.517,0.3732957494062563,-0.028737291090783528,0.8010082459567154,-0.4671297908347656,-1.2560236393237898,-8.359770048913651,1.5215322755549663,-0.026500272397114,-0.9145510447374083,0.5531155417976934,0.005945197137245858,0.4269434688952576,0.42969949161370274
27413,8.525,0.37694922484163157,-0.0311626752084179,0.7993103979395244,-0.4669486666764432,-1.211846187761249,-8.430476744039183,1.467211017271637,-0.025090897332977077,-0.9946284197567133,0.5320138516566778,0.01963643382896188,0.42159419264309006,0.4297455213888141
27414,8.533,0.38069017061653676,-0.033873439587841475,0.7975867183801972,-0.4666722733888844,-1.1891999227563141,-8.529063299707596,1.4341787405859134,-0.02923400038643761,-1.071063684182714,0.5007662265177701,0.01108661451439677,0.4253454464127441,0.4317662628356768
27415,8.542,0.3843917846658087,-0.03700195763986118,0.7958542281588971,-0.46635807973472376,-1.2707748433595791,-8.781132674012026,1.3763047164371311,-0.049272300802167115,-1.1461994971128266,0.4571577518199712,0.020314528920724696,0.4164433480673755,0.4348908448545337
27416,8.550,0.38811662779406986,-0.04042287318604319,0.7941558770741766,-0.46588401717776323,-1.3644876600099791,-9.109736381563923,1.2896101281535048,-0.07016475225066378,-1.2145486285405411,0.4064457573567203,0.03239386650978343,0.4268034685812937,0.43119393998006866
27418,8.567,0.3954131793831095,-0.048347192421594964,0.7907083887535148,-0.4648561180730136,-1.562215822039067,-9.480353112224302,1.1347808992714408,-0.07995060296333989,-1.3147887182858415,0.3350092304242358,0.03375432186036713,0.42668879591514064,0.4431212214174122
27419,8.575,0.39894840696769096,-0.052876405535963886,0.7889824120120177,-0.4642747116215113,-1.5929492195240595,-9.73744958111691,1.0172993614800774,-0.09821621662675173,-1.4147699378000445,0.2537200337850255,0.04826801969342048,0.4290777520994449,0.43611658390037317
27420,8.583,0.4024550741064236,-0.05770790596698115,0.7872800884992436,-0.46356204888614716,-1.6317200776497764,-9.876963212651477,0.9433628527664508,-0.10997442690222733,-1.4805701793146986,0.1894132699463907,0.04594198028533094,0.42275247254394416,0.43692576226646884
27421,8.592,0.40574279001106517,-0.06296691106014425,0.7856141295511722,-0.4628373320240437,-1.6499109440187363,-10.137461357759761,0.8202441762999241,-0.1263603792042583,-1.5337167991739522,0.11352615592808725,0.0439639749098636,0.4176776109116615,0.43679774958759365
27422,8.600,0.4088981954832755,-0.06849661604233062,0.7840262896152853,-0.4619667266301331,-1.744504867614575,-10.45729433592096,0.7770596143416431,-0.14365993692472634,-1.5787564187851468,0.02766933282433375,0.04648533057391923,0.422589937586191,0.4428890121359766
27423,8.608,0.411725115372491,-0.07432061266326279,0.7825165940028662,-0.46111458013710604,-1.9050963901176303,-10.864633444069499,0.6456028821073757,-0.15492520066978593,-1.5896838604970842,-0.05326039122836573,0.052391038106564994,0.41406077144792863,0.44158868062330964
27424,8.617,0.41436251840773947,-0.08017030048945198,0.7810783950303201,-0.4602096990232676,-2.2688735277911762,-11.351740903040358,0.6098524420085936,-0.14989182462887835,-1.5782366895928626,-0.1213225089174788,0.05696995514431651,0.4140607714479286,0.4392823486638259
27425,8.625,0.4165475057693098,-0.08610812567489287,0.7796988504551682,-0.4595032847858795,-2.6027151894872107,-11.86290535006769,0.507496963039619,-0.1169289112402842,-1.532828180012186,-0.19812470052284945,0.054794332495231544,0.4103454143969746,0.44744554812584736
27426,8.633,0.4183096526549516,-0.09192372012519195,0.7784641109741445,-0.45886892692715037,-2.960256304860031,-12.333013940053306,0.4378119645323255,-0.08629921980400414,-1.4596276088272706,-0.30087806397734235,0.05096781619437029,0.42015032610626557,0.44473300590183057
27428,8.650,0.4203203792371796,-0.10326397343176533,0.776498066703022,-0.4579498695222725,-3.745005197243051,-13.189736084080932,0.2928499221751214,-0.061327114507219206,-1.3252179543142621,-0.4325758616571399,0.058561057773252476,0.4184643551074204,0.45058210537644067
27431,8.675,0.4217319777379677,-0.11884359593937446,0.773262914836277,-0.4583479062855271,-4.239980047063109,-13.564627323444368,0.07233357083919159,0.09515268263895692,-1.1701392453100745,-0.48084715265416544,0.05271572315998589,0.4068045578766735,0.450916854947512
27432,8.683,0.4220285119663024,-0.12410670486736937,0.7719586000326619,-0.45887839427247545,-3.904724327842752,-12.962406319251011,-0.06928349158303931,0.19134959361950166,-1.1661888039294979,-0.4772704347014033,0.052991263293173704,0.4095784118409838,0.4465794036925113
27433,8.692,0.42244512363314346,-0.12946516802253896,0.7706401509573926,-0.4592304928027333,-3.466053311569172,-12.454891116919933,-0.027285049124881815,0.17370498274274682,-1.2139365912123337,-0.5089354422776079,0.055752193217076036,0.4087966507080716,0.45260358705074205
27434,8.700,0.4226555963971378,-0.1351912164351462,0.7694399950315975,-0.4593992554181392,-3.0679095475560034,-11.989395550009705,0.027646317794535413,0.11022846919208777,-1.2551177676116128,-0.5664102054643375,0.050942675213262394,0.4113587109210183,0.4560802578755078
27435,8.708,0.42281018837324896,-0.14111964467962296,0.768405158804084,-0.45920616548185184,-2.803840481920213,-11.683622020815854,0.04102659831769602,0.028306654648709597,-1.2934274577427223,-0.6379546333128482,0.04920367548535486,0.3982979263822004,0.46293942561914914
27437,8.725,0.42221312559770613,-0.15379492632436487,0.7670576418786061,-0.45793642707861887,-2.603157020236625,-11.23689717325139,0.17285643865575098,-0.1060263947864445,-1.3098544848372986,-0.7733815662332386,0.05106719030499443,0.3998720177189138,0.4541565773455216
27438,8.733,0.4213522217048088,-0.16060247086345245,0.7668079792787365,-0.4568092320996116,-2.6443458898256313,-10.94413747217223,0.30711888309183144,-0.2574075497060731,-1.3250816639934757,-0.9379404326977138,0.05353047424991373,0.40199712835422236,0.4682733790813452
27440,8.750,0.41915891123676746,-0.1748938894239331,0.7668558914337182,-0.4534864676551822,-2.932130489983397,-10.909408978767727,0.4654338292288904,-0.38913307144160975,-1.3698542337210438,-1.06389178605028,0.045142894874289914,0.3913773517973407,0.4689880598859655
27443,8.775,0.4150227921823614,-0.19856852561260513,0.7671394143987081,-0.4470164890484465,-3.388493813400471,-10.831208693450359,0.6077755073223976,-0.507741960355642,-1.4987931705979487,-1.1849654158283565,0.040373541854798856,0.3893198450933999,0.48177075026597965
27444,8.783,0.4135024207304071,-0.2069653506429621,0.7671374035928729,-0.4446136476674051,-3.6355394130154814,-10.814619089665321,0.7711759886536954,-0.5576868908345074,-1.5976973164460166,-1.2282158800829828,0.04479489405229732,0.3787345687532074,0.48620698267506035
27445,8.792,0.4121348170532307,-0.21529558594619283,0.7670088801928444,-0.44214260250501153,-3.6430789245493744,-10.753096871822901,0.7329407495826554,-0.5451955368396337,-1.6202882676420465,-1.234299827037873,0.042239953055471936,0.36109570002424474,0.4860189850208277
27446,8.800,0.41055994137892776,-0.22367455925016072,0.7668350089909198,-0.43974344232185386,-3.649518287042714,-10.645238501467029,0.7521843640624613,-0.5318872746852784,-1.6059243740768092,-1.2461859797466113,0.040305055175059515,0.35171297931567036,0.48651927876500933
27447,8.808,0.4089031969926475,-0.23183748737562374,0.7666995437580686,-0.43728865127935695,-3.6106035194305055,-10.540984779651607,0.8201886159960559,-0.5398368209317937,-1.558833063056037,-1.2696226189767588,0.04434201746134234,0.359717247359963,0.502132244109966
27448,8.817,0.40693493881955367,-0.2398834726969345,0.7666455222935514,-0.4348729909318736,-3.6267508044000105,-10.467438570095887,0.8684918684530062,-0.5479202001043371,-1.4926521466334988,-1.2872127372017208,0.042133371449648696,0.3478456563778525,0.5058881025046444
27449,8.825,0.4048103104880206,-0.24760715712270687,0.7666769655471674,-0.43246472545583586,-3.5654575585052166,-10.347290197348702,0.9325204641567498,-0.5494565890560722,-1.4103614520328431,-1.3149589177705532,0.03794084150055761,0.3510269427659581,0.5078761105324353
27450,8.833,0.4023017133897822,-0.25518292319273456,0.7668221454920384,-0.4301381223484433,-3.50530666982988,-10.283531730977662,0.9002517102559788,-0.5537502693245108,-1.3266359163572627,-1.3466631105611326,0.02838933313568393,0.34165898063430494,0.5030236311247059
27451,8.842,0.39959488796026316,-0.2624894565765128,0.7670531119857857,-0.4278466244989128,-3.4538032101243115,-10.243597498694623,0.9338205709984682,-0.5515986407038231,-1.2489670158644257,-1.388942091337022,0.025923225873116237,0.3442689031388515,0.5116955561974795
27452,8.850,0.39645092434142676,-0.2696515160174557,0.76737917735153,-0.4257275216210543,-3.3079988812504952,-10.045240689304128,0.9815410908470391,-0.5367022770405971,-1.1578696416706995,-1.435000434562636,0.024954573469668173,0.33474897512033464,0.51574236910788
27453,8.858,0.3930107676942172,-0.2765018299906385,0.7678370750847401,-0.4236926959643533,-3.1893440326298057,-9.77269331029409,1.076726834424631,-0.532466085134012,-1.0554135686342652,-1.4932074789715126,0.027787369084176092,0.3276285723570113,0.5251655654506066
27454,8.867,0.38904868740472315,-0.283103380907772,0.7684480961261816,-0.4218780844121891,-3.08031924396642,-9.585811547862376,1.1021011410983093,-0.5174596912081272,-0.9281287435363558,-1.5478653108024243,0.023008930219942325,0.3213778792429319,0.5259903288279101
27455,8.875,0.38475222864776076,-0.28930784028275847,0.7691986621083186,-0.4202381637979591,-3.0297109523848307,-9.40397689991184,1.2738300201595028,-0.4977435524737364,-0.7992057232907556,-1.6046123881638303,0.006428532214034317,0.3149062198086101,0.5256354733607272
27456,8.883,0.37989082851913125,-0.2952447071200048,0.7700711013664541,-0.4189319994520919,-3.031693424552599,-9.272829956303513,1.348723355009812,-0.45879432119360053,-0.6599005897466705,-1.6696058951075745,0.00959199717013399,0.3130351792082225,0.5313733923932041
27457,8.892,0.37471155739807127,-0.3007654461241089,0.7709973656665706,-0.4179646603545408,-3.0540823544377145,-9.14692135686033,1.552105844644385,-0.39636743325802815,-0.5257445274684657,-1.72200488355737,0.006280575518520769,0.3037256484390586,0.5367388909787805
27458,8.900,0.369073820059147,-0.305965696651779,0.7719440797506106,-0.4174587950412873,-3.124280314104444,-9.003064544106058,1.6501303921500867,-0.3199549729071105,-0.38691066111943306,-1.7621655345273919,0.001775990694400346,0.30956751262733195,0.5419064106843432
27459,8.908,0.3631597306303671,-0.3107322498374359,0.7729082838281058,-0.41734070463991,-3.1770517918251495,-8.809166374977385,1.7225217443435272,-0.24376744156570626,-0.25224262547154713,-1.803047343948507,-0.0017900356798088814,0.2986120970840547,0.5456809808835417
27460,8.917,0.3568743163437286,-0.3151838343763446,0.7738672882467401,-0.4176473309667596,-3.306147526436748,-8.665668704085851,1.8679603736821369,-0.17305417167065887,-0.1265786904252078,-1.8267268092598004,-0.012006387391350765,0.2968930223705307,0.5449357648887762
27461,8.925,0.3504294601679046,-0.31926116221535716,0.7747873890917166,-0.41830133331340436,-3.3874570168132205,-8.510001053412797,1.909297372650243,-0.09628833154784858,-0.02083671133184989,-1.847006830160562,-0.021024728866788623,0.28794445823557296,0.5454835953649095
27462,8.933,0.343705567634349,-0.32309928495807344,0.7756710062640519,-0.41929443697483615,-3.5431501613756087,-8.375028328533102,1.99654199003345,-0.039537267935543935,0.07375333358927122,-1.8606935632050592,-0.028640644903752975,0.2930193198678556,0.5504439226255602
27463,8.942,0.336930564854952,-0.3265965000215786,0.7765257373696689,-0.42050005926595324,-3.7038686917350363,-8.29129653747671,2.0289111291032436,0.011014865236047786,0.15511361410185265,-1.8570656790445308,-0.03757757878251371,0.27689192160708515,0.5484397661486504
27464,8.950,0.3300296859248037,-0.3298937459822291,0.7773332765533232,-0.4219046099926655,-3.93813911277932,-8.20003065928353,2.07877996990127,0.04211792232952813,0.2169011602367856,-1.8431658999980503,-0.04827017617318101,0.27751394078626557,0.5418645276102693
27465,8.958,0.3231546494348186,-0.33288110504063145,0.7781717571158367,-0.4233319724316118,-4.176096345562922,-8.18781895800129,2.1379181649289327,0.0491379991255312,0.2765699622732555,-1.8207172781482224,-0.05871710228228136,0.26924303418895607,0.5553150358760851
27466,8.967,0.31630556662895326,-0.3355932323165626,0.7790064477281574,-0.42482575880096557,-4.454053239972238,-8.161381416820644,2.189425645759352,0.048464601280520825,0.3315607505973639,-1.767217825967609,-0.061229438340262184,0.2682789964585229,0.5508698471433852
27467,8.975,0.3096300127173701,-0.33788791268723345,0.779892378571398,-0.42629671771050837,-4.819199278102658,-8.20170929961271,2.2011581132217453,0.046225151861111466,0.39585802485199023,-1.6975037736500938,-0.07064599008429716,0.2731300987665419,0.5603960832893795
27468,8.983,0.30312872642126976,-0.3397901840555689,0.7807831595191047,-0.4278238701253902,-5.125079741467656,-8.247535951322158,2.272472819612725,0.04187205037604401,0.45833012874341944,-1.603408399238747,-0.07425401975702565,0.2594289499107863,0.5554037063972802
27469,8.992,0.2970529331222811,-0.341229861774538,0.781657606526977,-0.42934033413516687,-5.378934522980883,-8.203949607606688,2.2853760864823776,0.05683803700731709,0.5031730408361037,-1.4721162075974052,-0.08873175171673801,0.2655079354982339,0.5581379718494708
27470,9.000,0.2914851878806458,-0.34220198426281745,0.7824176253630057,-0.4309951817991598,-5.529414445045004,-8.009955513682858,2.4039581332423894,0.08907853620413023,0.5451463482817644,-1.3052738218489421,-0.09284288735340378,0.2660673338088931,0.5510613002265689
27471,9.008,0.2865110129446238,-0.3426900135384725,0.7831642607316041,-0.4325837893346991,-5.546921059232953,-7.794443621701606,2.5263623968949567,0.0969396518691518,0.5742795279211295,-1.1310728640723196,-0.10007493577914943,0.2573411324961884,0.5524419683045653
27472,9.017,0.28217215341886037,-0.342827449652219,0.7838173459046499,-0.4341412026736339,-5.498149576112791,-7.552664600318104,2.629012215497852,0.09618819166129539,0.5693354196057846,-0.9530509102541017,-0.10117113195010752,0.2655867114456872,0.5470092826436417
27473,9.025,0.2785460926436375,-0.3426411851285446,0.7844590111124284,-0.43546888799451544,-5.432338088462628,-7.289344961057018,2.7108762174868613,0.07880186748498773,0.5437153522030366,-0.7649707727391564,-0.10679245835052532,0.2502382813138076,0.5467033265036031
27474,9.033,0.27573087771477545,-0.3421709751331154,0.7850220434352717,-0.43661412960622775,-5.283330000531339,-7.105608174063496,2.7723474732157474,0.05007207398012562,0.4973500329499831,-0.5601720294761463,-0.11306055585742349,0.2620725790752074,0.5478269028507982
27475,9.042,0.27378999102798673,-0.3414947757288865,0.7855525008990644,-0.43741013624972014,-5.124951411313382,-6.9564681709149125,2.8444650015394433,0.019940606206501926,0.4227381636830214,-0.34514456639437396,-0.11167141519208301,0.2619606994130756,0.5489566913137282
27476,9.050,0.27280273767001356,-0.34055957386040786,0.7859734385109176,-0.43799953987086365,-4.892531781940021,-6.80914491190023,2.92808273401408,-0.007428877390493229,0.3532212615659445,-0.11727162102483236,-0.12338648482252842,0.2650195370681601,0.5495777466814428
27477,9.058,0.27271068241732993,-0.3395224228459931,0.7863338175397478,-0.43821517029152196,-4.632138858328489,-6.780415136924794,2.9541248063794194,-0.034385081231925886,0.25318803195360945,0.09501077791526319,-0.12098984278361714,0.2576542368387944,0.5489087404999496
27478,9.067,0.27350393883813967,-0.3384308652550476,0.786523905580947,-0.4382240190044774,-4.294049795733546,-6.833354862083912,2.9002285067322138,-0.05247529242759898,0.1465767066556783,0.28128952139015506,-0.12357519504102929,0.2630021165889513,0.5486603653104417
27479,9.075,0.2750838944057193,-0.3374293564877026,0.7865900802761819,-0.4378884858385613,-3.928461618343035,-6.766322399559521,2.8566116470825436,-0.06182837706770038,0.018728665642222104,0.45255956788049984,-0.11785873331113311,0.2618009574593439,0.547527033482346
27480,9.083,0.2774292675462403,-0.33654645290393137,0.7864309700892114,-0.43737377131131244,-3.6362999212647638,-6.7998684295945235,2.7638869876423664,-0.0679365084886228,-0.11113065499926206,0.5902698700334874,-0.1095927992147114,0.2632230829091936,0.5487417308408882
27481,9.092,0.2804038101234439,-0.3358317442387197,0.7861170501471281,-0.4365898834121253,-3.4160299683086013,-6.832231820820634,2.647772254377574,-0.05909691675312213,-0.23445112549307678,0.7218741408119377,-0.10961310641647423,0.2669103193083157,0.5546713577078011
27482,9.100,0.28411306822692806,-0.33524002394142444,0.7855153801867594,-0.4357286750955061,-3.1901979800568174,-6.9400745682768505,2.505844532436599,-0.03960174574031731,-0.3583478816955698,0.8486750313436707,-0.10715416051940681,0.26088198901648935,0.553583325401868
27483,9.108,0.28842795496925727,-0.3348394896697946,0.7847118708244909,-0.4346482609387175,-3.0527259088759027,-7.071884740905001,2.34357275979835,-0.013678394750973068,-0.4830602670353679,0.9750395380278614,-0.10370798742249317,0.2629247371435088,0.5506562467613284
27484,9.117,0.2934814067377632,-0.3345784192767075,0.7835987608741375,-0.4334730986001784,-2.901539538468244,-7.222200760744294,2.126114075610361,0.003754649737217979,-0.6136742726109513,1.0989755336583693,-0.09697912430101326,0.26719390649707925,0.5526183483690728
27485,9.125,0.2990458844285212,-0.33458127612058514,0.7823222550587415,-0.4319708530858193,-2.7722429265396586,-7.404355324672852,1.8727733780602729,0.0032552933462187887,-0.7491395059522052,1.201200768191127,-0.08655675063435607,0.262129613935686,0.5532298715107399
27486,9.133,0.30517935109195343,-0.3348173243605254,0.7808158244546388,-0.430220375222253,-2.6780721653109167,-7.708280273761111,1.6374869186454362,-0.024272733901571135,-0.8875644497180384,1.2793750479285846,-0.07292414117240284,0.27017396820471057,0.5526167824823897
27487,9.142,0.31165143490261166,-0.3353884825796101,0.7792282567378784,-0.4280084961508795,-2.6036053214405985,-7.936443314702106,1.4306119700667708,-0.06487983047150579,-1.024478560030184,1.3416388684426492,-0.061911051197170254,0.2731047711187312,0.5582001500737009
27488,9.150,0.31856852289850024,-0.33620818987169465,0.7774516871137004,-0.42549620854424497,-2.5517102293081155,-8.235746774000201,1.1692627185355426,-0.11273627491472056,-1.1542733284542213,1.3919106334055977,-0.05661686308894708,0.27897196295481524,0.5562284498256034
27489,9.158,0.3257515735865748,-0.33736293245306964,0.7755953529494138,-0.4225210203005416,-2.5169438182730737,-8.471561167046321,0.8531888382792949,-0.15594422358229654,-1.28414180081649,1.4413746201274076,-0.045768625154677764,0.2651308137850959,0.5587709145270894
27490,9.167,0.33326075168182473,-0.3387271941113372,0.7735764085148628,-0.4192620893273948,-2.3964070147762633,-8.691194902967572,0.6162191175693049,-0.20897371000178358,-1.3911337812836866,1.4704946527339142,-0.04510491257304893,0.273649410852469,0.549776906387067
27491,9.175,0.3408149138273396,-0.3403571726780996,0.7715765438719063,-0.41553799641683564,-2.353428526523023,-9.010127824284021,0.3874129755963394,-0.2726629986362912,-1.4785440803638905,1.4837389405117096,-0.02282655475284908,0.2783351851987136,0.5603588629862125
27492,9.183,0.3484909039272852,-0.3420106142793978,0.7695109660363754,-0.4116256828113829,-2.426639986552684,-9.29299398569476,0.16893693566679774,-0.32731759190105225,-1.5147706993735683,1.4894124296952211,-0.017069994277298245,0.2722695616861765,0.5582196975263377
27493,9.192,0.35601507843300134,-0.3436480753133389,0.7675246167397701,-0.4075110145262959,-2.5248249080022065,-9.612092792044267,0.09923445325755567,-0.3542104933607341,-1.5052083098603621,1.489729922523879,-0.006148647519017371,0.2662771281130501,0.557650976965738
27494,9.200,0.3635044451038055,-0.3449315142636082,0.7655500649116048,-0.40350943851591203,-2.629814055925539,-9.743156083307094,0.062043384659631204,-0.36468347395560685,-1.425549764963513,1.4989703846379212,0.006164868397790636,0.27692362881975313,0.5473636136681581
27495,9.208,0.3707369166964016,-0.34575997318121765,0.7637715050078132,-0.39957135493209284,-2.8084507185504157,-10.030856566924626,0.0908914776408099,-0.3573748594504424,-1.2942387130161441,1.5228852853889603,0.013096189396950498,0.2670040444443089,0.5611248346782866
27496,9.217,0.377943989370964,-0.345940145034305,0.762016392251815,-0.3959984531428544,-2.99150945763979,-10.27098392451248,0.1756843670496741,-0.3172375366817513,-1.1411244377406635,1.5608717926056785,0.025622961515167974,0.2722520101052339,0.5566880852966204
27497,9.225,0.38500739963402736,-0.34554924530533837,0.760360974300303,-0.39270371790581526,-3.1559442004205605,-10.467885757490645,0.38059342432513377,-0.24921318073053855,-0.9932877159421926,1.6164261832207971,0.03685884295575567,0.27122255850225824,0.5589147205174816
27498,9.233,0.392223564246233,-0.3445427021577148,0.7585534034416894,-0.38993298932877124,-3.3284902630884248,-10.661072988905136,0.5901293914544953,-0.1471304173007278,-0.869054500893942,1.681283764911847,0.04237645073816276,0.2779447014106648,0.5535875351244683
27499,9.242,0.3994548310030362,-0.3431320598379287,0.7566546860486204,-0.3875176300252419,-3.3631032133358527,-10.83360361621596,0.7274051678766069,-0.033242548602723486,-0.7820112423851284,1.7478256827640128,0.058502742121370306,0.26968436388424466,0.5606389326695673
27500,9.250,0.4069735231640645,-0.34130572122148245,0.7544625677049994,-0.38557643864335345,-3.378390626732891,-10.840824467819314,0.8482437366975584,0.08118739907249636,-0.7261830658599983,1.8169962717251074,0.06228259330927591,0.27753307948083755,0.555660716773614
27501,9.258,0.41457220352578067,-0.33929573254379075,0.7521269305975559,-0.38381424440899914,-3.3266809414558742,-10.857429364654397,0.8639921847379304,0.16764519905371597,-0.7052162537678841,1.8772261048385215,0.07928103943996308,0.2761081610269664,0.5525037739466228
27502,9.267,0.42246921783970587,-0.3371380905019799,0.7494832024197247,-0.3822729354809996,-3.27481601690377,-10.930429540666955,0.848986493057408,0.2310711673855763,-0.7193349285619121,1.9247294775647283,0.07258037900340727,0.2859890556796894,0.544627720909415
27503,9.275,0.43050024893471306,-0.33508499674415837,0.7466150864896034,-0.3807275840417136,-3.0953494527489016,-10.950473466100359,0.7508996457392475,0.28910670308276454,-0.7784811152713742,1.9690120375031614,0.08245401309150469,0.28478929305209266,0.5360089612974367
27504,9.283,0.4388958381899719,-0.3331727129932885,0.7433494895845871,-0.3792069657463432,-2.850894821191055,-10.905648213540449,0.7206053101752058,0.32106917822533604,-0.8749993911081403,2.0033313803988717,0.09937046972897595,0.2928083196733066,0.5359455723385077
27505,9.292,0.4474740452592803,-0.331650023557089,0.7398216732729598,-0.3774110921124025,-2.703735978788332,-10.903738207138568,0.5394195550825548,0.3246140784197905,-1.0123767837312858,2.0348063742784954,0.10546614389778046,0.29592698519289096,0.53556511664791
27506,9.300,0.45648743462936686,-0.33054661164363386,0.7358233965194737,-0.3753959092624183,-2.489109403242472,-10.926931056022523,0.41090327595357823,0.311119037386576,-1.1886443078526607,2.0615777344213995,0.1265582947354351,0.2976967152020361,0.5264249059915143
27507,9.308,0.465702690139183,-0.3301221584126501,0.7314972388978549,-0.37289697559368307,-2.2638912412921464,-10.914223359621658,0.2057017106189774,0.2721943158713358,-1.40138262872721,2.072494791037047,0.13578261185369805,0.29278159552348526,0.5252005685217295
27508,9.317,0.4752838129492853,-0.33042392731234826,0.7266510302643124,-0.37000487243235947,-2.060492085776857,-10.959895978892712,0.06603898056162028,0.21775660790894194,-1.6418237550816785,2.0589162641878316,0.15351310520722253,0.297768508639436,0.5224115642375974
27509,9.325,0.48497147492569825,-0.331669846527937,0.7214533439662276,-0.3664735377793001,-1.8278991703438998,-10.983746397460644,-0.1373113193932219,0.13612403213474306,-1.9057951185217803,2.027212202048076,0.16236420745899985,0.29648219399751813,0.513933591693512
27510,9.333,0.49488389558695356,-0.3338826460101536,0.715737743715445,-0.36239728310662556,-1.6691988252923957,-11.153777154897599,-0.42974060625368055,0.03561743721361816,-2.1842753298023747,1.967953172409664,0.17448898677139466,0.2911955386138718,0.5119550719308525
27511,9.342,0.5047687790162051,-0.33723390525389346,0.7096223878877667,-0.3576560351597071,-1.5353507347604922,-11.264016120918168,-0.7197742636224511,-0.06133504242071928,-2.4775450516767785,1.8891593960287583,0.19382485917256556,0.30034253442528264,0.5047552246851008
27512,9.350,0.5146733209526299,-0.3415618832706047,0.7030387587615159,-0.35239658947739005,-1.3466404941123948,-11.254201259019055,-0.9933457345238178,-0.17370743409134223,-2.7309694908235347,1.7923624521928483,0.2032348844020551,0.2946097568951197,0.5060704748803059
27513,9.358,0.5242729089051902,-0.34681351482773337,0.6962879213855522,-0.3464699603912453,-1.2755608559676708,-11.289859955374865,-1.2502252666893656,-0.30696978505021355,-2.9319491246629874,1.684717371315187,0.22095810383912123,0.28885304821915686,0.5000106960354337
27514,9.367,0.5335630796209149,-0.3527494934009562,0.6893179991156452,-0.34017485366502037,-1.2991015530619985,-11.347750050318918,-1.4931396043271106,-0.42189132189469075,-3.064785936284334,1.5545189818073115,0.23599901065935203,0.2930715622771061,0.5021935951307883
27515,9.375,0.5422265925615697,-0.35923207838229615,0.6823868056138862,-0.33360288323736303,-1.148174793954095,-11.475564417430444,-1.6510214805010888,-0.5025976629607707,-3.123663851889586,1.4041125768242806,0.2461122586774604,0.2955365014048422,0.4907942241203862
27516,9.383,0.5504442354767675,-0.3659878234073174,0.6753026739467554,-0.3271549408282471,-1.3202573129100055,-11.32154194643797,-1.7011011797271947,-0.5162398087880108,-3.1390080438282486,1.2699019369241453,0.2704049181551789,0.28293380458544093,0.484209144669299
27517,9.392,0.5580394535128951,-0.37279607046672564,0.6682835307972096,-0.3209551068807177,-1.1925094584851121,-11.558042908593059,-2.1063451518944882,-0.4759003230725173,-3.0814334160069414,1.1425221721923522,0.2737647836374025,0.2794316377878611,0.47893982490153925
27518,9.400,0.5647421241131462,-0.3785834379313245,0.6617109812397509,-0.3160371672493559,0.3617551789030776,-12.228142274899987,-3.25069675745235,-0.27808361345431826,-2.695267259962975,0.9921007872330827,0.29164499266030885,0.28424684337718015,0.4699353949519465
27519,9.408,0.5695937195054135,-0.3828653116303831,0.6572254221430013,-0.3114994259049472,1.3169927318269277,-12.1149801664576,-4.522766014390109,-0.41760741490621445,-1.986041084438874,0.7917279958201117,0.2940512295597077,0.2808431941668215,0.46711454932229257
27520,9.417,0.5721302745616578,-0.3864926387164418,0.6552942203708989,-0.30639822763276564,0.13592086855542204,-11.829147680628305,-5.720384188050022,-0.9064197827284959,-1.3474197711392846,0.4560924855634828,0.30191585201355164,0.28134774767582743,0.4745878840147536
27521,9.425,0.5727179354573139,-0.39063990378538294,0.6551402432027315,-0.3003096630352159,-1.1715655946475816,-12.34137870880961,-6.579483893954757,-1.4009474872499637,-1.0813372414676141,0.0966715042650895,0.305617112462894,0.27088910957468804,0.4683681922156417
27522,9.433,0.5722109427944442,-0.39495050345414795,0.6555169244667245,-0.2947648189748825,-1.9491811706554585,-12.4189947389283,-6.189974613015698,-1.427112811475912,-0.9074500078081055,-0.1781564587967093,0.30401948331941264,0.2656038506930525,0.4679099218442264
27523,9.442,0.571136830877724,-0.39928713844250263,0.6561211626245328,-0.28961616226581616,-1.92902696617833,-11.689566118943697,-4.180131457356545,-1.387427383380104,-0.815666097110522,-0.3202600749727056,0.30401349238911585,0.2553767479830447,0.47766702712985376
27524,9.450,0.5701791393336693,-0.40383150222485803,0.656568783085014,-0.2841360588834073,-2.633236137658568,-10.938002676146542,-2.5265204864194466,-1.4527833591963069,-0.896989043060057,-0.29314564508108754,0.3063759935846309,0.2514657522596589,0.4742166278516088
27525,9.458,0.5696288345611192,-0.40892298164632657,0.6562737345352647,-0.2785853034120009,-3.4700013817738142,-10.53676200285189,-1.3471863858369615,-1.3843979563589524,-1.1352521361172783,-0.2797083070298933,0.3076824438497241,0.2349865599335611,0.4871221337224348
27526,9.467,0.5696891098494091,-0.41435769394109956,0.6548934397039354,-0.2736358935219401,-3.615220282337762,-10.507261138409937,-0.6219221813557322,-1.1404396612533045,-1.36267920098564,-0.25657333426025697,0.31560392127521064,0.23800670786592423,0.48385390256811533
27527,9.475,0.5703743728827337,-0.41979233471660526,0.6525010189461872,-0.2696106280286409,-3.768019468990488,-10.48344447093769,-0.40000561658980677,-0.8042828505537064,-1.511719755313559,-0.22304741922665502,0.31680546256071185,0.2265453423116305,0.4791840153406282
27528,9.483,0.5714316140926564,-0.4249965902899197,0.6491744451980961,-0.2672383736650628,-3.6265147547690435,-10.553717797925447,-0.42967886938576466,-0.3473594772888101,-1.54230142521501,-0.26734480895860485,0.31859591486863,0.22735103459034256,0.4740551664696395
27529,9.492,0.5726179014987468,-0.42943955625712943,0.6455007879677966,-0.2664941634216496,-3.203442322044658,-10.012594675363559,-0.34661219844298724,0.07031590052067913,-1.3881196442404986,-0.293991973846052,0.3329557311319496,0.23160684186900243,0.4759712947420881
27530,9.500,0.5738076462046953,-0.43293595047531475,0.6418929744992502,-0.2669918673509893,-3.0058706415667493,-10.010344819257504,-0.5527039443526414,0.3563090036397257,-1.1502977850852236,-0.280284166088656,0.32734530232196746,0.23693079047335938,0.4740588077455101
27531,9.508,0.5748697974765132,-0.4355986874565043,0.6384766610088851,-0.2685629400763046,-3.0551819581863877,-9.98497381789894,-0.6151882198843331,0.5934101142435094,-0.9168528042503854,-0.2977390726461824,0.32644257080852696,0.2409550623608876,0.46955294276536647
27532,9.517,0.5758432990516862,-0.43754100445055605,0.635287017148146,-0.27087408551701714,-3.006170141241734,-9.940767658596808,-0.7551599475625993,0.7445066466302729,-0.7142585985407802,-0.2856476208234709,0.32769696002856696,0.24810996534090027,0.4682443112832598
27533,9.525,0.5767565654460932,-0.4389486320829361,0.6323198946570604,-0.2735827359835226,-3.018707031222307,-9.884358677490384,-0.8272862324333278,0.8311673364591446,-0.5693372788867599,-0.26938729648555354,0.3321584506418843,0.24201901418055258,0.4689611778522897
27534,9.533,0.5774728578932148,-0.4401453151995265,0.6295986219413962,-0.27641051925360544,-3.0122877181520624,-9.727705440577944,-0.8650845939492695,0.8234473357374472,-0.47417832547856525,-0.28481302082635807,0.3355752836467086,0.24835765581096378,0.46380495956533024
27535,9.542,0.5779480134038832,-0.4412556291620308,0.6272307596873218,-0.2790181672174606,-2.9650554976914654,-9.587808415826359,-0.937491339312317,0.7357280584272531,-0.40433166013044547,-0.30096346338980046,0.3340837403775572,0.25199702991848605,0.4641000308586193
27536,9.550,0.5780631017111608,-0.44244132893699967,0.6253296011364013,-0.2811611830091837,-2.816336978359482,-9.44515311836987,-1.0667916562055115,0.5641487818511806,-0.345283661821782,-0.32702488198439195,0.32763346580882957,0.26041710939863805,0.45672108584243865
27537,9.558,0.5777403341389,-0.44377107526175735,0.6240442863884192,-0.2825810816315648,-2.778167168985436,-9.27012641502631,-1.0165574739781866,0.321738654019262,-0.2890495773243838,-0.36007178151272157,0.3278976786761651,0.26146769914339235,0.46267286747830544
27538,9.567,0.5769475904960129,-0.4453572868824453,0.6233875402765303,-0.2831542679698291,-2.770625013686513,-9.2125243842086,-0.93615293689847,0.04099008866099433,-0.25132431567986196,-0.39121189505372506,0.33380337292455897,0.25749547905349596,0.4548598432679889
27539,9.575,0.5757188178326764,-0.4471792706063912,0.6233581197557793,-0.2828483644425432,-2.836743447614116,-9.13868853804762,-0.7766648868031522,-0.23940880558346295,-0.2179215968943039,-0.42076948571326367,0.3233558649189198,0.2514896834054589,0.4688519184488237
27541,9.592,0.572021326901524,-0.45153601687214023,0.62494003243739,-0.279922815958643,-2.9103140777640712,-9.110384015298557,-0.37895096583555454,-0.6155552190392896,-0.17731599625329986,-0.4635790445215819,0.32470601767726726,0.24691020271330352,0.46610524622411675
27542,9.600,0.5697257789107434,-0.4540407786325221,0.6262555849588721,-0.2776030448160482,-3.023565939362918,-9.244507051192182,0.10659097603519933,-0.8870378296346819,-0.1718448030651674,-0.4990440556932284,0.31725544295322455,0.25233127240287084,0.4724792811784673
27543,9.608,0.5672852215939659,-0.45654868653900776,0.6277911093312034,-0.27500744939962796,-3.057561707343975,-9.299354380936096,0.3925230908821584,-0.976035583331567,-0.14670416111343199,-0.504000171906495,0.31907883928342307,0.24257561948719034,0.4771848377913649
27544,9.617,0.5647377350606354,-0.45899088067183674,0.629450972285458,-0.27237866206361977,-3.069288158832926,-9.291779343132623,0.7317936157374079,-0.9984322185893286,-0.11195318403888611,-0.5051678556540539,0.3134977572076562,0.2413252015639723,0.4807578367900315
27545,9.625,0.5621462299153648,-0.46124642784744896,0.6311930819793866,-0.26988635062054195,-3.132898111918854,-9.274533681363655,0.9548818794892142,-0.975015467645442,-0.05761780529931078,-0.5079410621176815,0.3175033755822789,0.23413300536324913,0.48002690713556045
27546,9.633,0.5595181908944582,-0.4632736860561839,0.6329825379932464,-0.26767516220549487,-3.1304483354967387,-9.357161561905006,1.1359947507806374,-0.9141007291866843,0.0070002997023595045,-0.5062151041160141,0.32166298807759336,0.23239917207280386,0.48122987901918246
27547,9.642,0.5569540301996447,-0.46500324757567224,0.6347295323133414,-0.26588081690437665,-3.2165115516367777,-9.446818645816384,1.2559437049601068,-0.8094598612472947,0.07094062807630337,-0.5022335584087313,0.3252853340217879,0.23218598181942948,0.49004973432999627
27548,9.650,0.5544240836062686,-0.4664386592465542,0.6364015063324117,-0.26465455865233833,-3.1643496396132558,-9.425863458849667,1.411499917151538,-0.6714070645350032,0.1425653000482274,-0.5076402318318682,0.32049491975649524,0.22623223796902425,0.49139344432615883
27549,9.658,0.5519668217308562,-0.46760132410394123,0.637977825679201,-0.2639430304937372,-3.1411693285945295,-9.35517834613528,1.5447332711079056,-0.5424511247525723,0.20099754175044557,-0.5139902822771373,0.3174608368821023,0.2177030718307619,0.49459595140105533
27550,9.667,0.549512466964565,-0.4685622360327944,0.6394757320998897,-0.2637352226566928,-3.106732941993034,-9.26178667272944,1.602896114954202,-0.4241428416518596,0.25625930285263687,-0.5303962079514748,0.3129412479811449,0.23012069904862079,0.4888792386241668
27551,9.675,0.5470693209726278,-0.4693765746549432,0.6408738102927876,-0.2639726283093469,-3.113830075472292,-9.187715120509187,1.64744519651214,-0.3188908121706847,0.2950317132357929,-0.5571586933877819,0.31237165915703907,0.2262667381857136,0.5056582277454019
27552,9.683,0.544597871600444,-0.47007138753467376,0.6422202192865611,-0.2645736925868012,-3.074558928223122,-9.175051632972162,1.6676511706989499,-0.2384216093475691,0.33464752724925206,-0.5762421062832456,0.30451661827943094,0.23428078174408087,0.4895203609071306
27553,9.692,0.5421365754094585,-0.4706564725342449,0.6435045256827846,-0.2654662763717856,-3.1633366934563267,-9.156253163682536,1.6545436558399655,-0.16833261396488708,0.36258789591408674,-0.5927668831155026,0.3077446750096777,0.2153274777213683,0.49538651836336284
27554,9.700,0.5396587575780096,-0.4711877178379437,0.6447389647856471,-0.2665749936043548,-3.2340731471259287,-9.102776356966428,1.6574936951257964,-0.12000670567189406,0.381280223310084,-0.6046012093021008,0.29511491174898474,0.2181505904792892,0.4985333480674424
27555,9.708,0.5371741958582862,-0.4717002974553078,0.645931749805804,-0.2677963541151944,-3.3100722606151742,-9.186027325866668,1.6433590690714721,-0.09217437412285495,0.38629293179687196,-0.6185122071947621,0.30360907955514904,0.2167123099505075,0.5034575064290504
27556,9.717,0.5346974691345022,-0.4722356880734972,0.6470408231357492,-0.26912867667106993,-3.37300264108224,-9.1998741605734,1.6219065370865577,-0.06316725477267447,0.3785759751018535,-0.6266244350722506,0.286418894530183,0.22239862169108104,0.4942938887837303
27557,9.725,0.5323156505308717,-0.4727579809364034,0.6480792926493697,-0.2704314517579706,-3.5194225618866795,-9.19431416632545,1.6560386674728391,-0.052473737238459474,0.36000031749409256,-0.6095345209449612,0.29595834815366934,0.21334595396085945,0.505092379226862
27558,9.733,0.5300297276195745,-0.47334355811525186,0.6490123490724804,-0.27165664832971503,-3.5659889884650267,-9.189096860912798,1.6244652332731255,-0.05442225048232573,0.32208686275258935,-0.5904863120880526,0.29058997341081144,0.2205993745280933,0.5090876804993648
27559,9.742,0.5278333680442933,-0.47401338779212837,0.6498554992373671,-0.2727472710840569,-3.569264396541646,-9.166915539479662,1.6877305524785855,-0.06589364329191864,0.2777640540401862,-0.5768286913166485,0.28258462186562205,0.21257755490285798,0.515445723845144
27560,9.750,0.5257264343165545,-0.474841541508309,0.650565005490237,-0.2736830289775069,-3.5969255700063156,-9.130535418276075,1.7414445079840726,-0.08499192535141592,0.2153386162402259,-0.5651420951050516,0.28535270651289885,0.21749267458140892,0.5106296680877094
27561,9.758,0.5237881372878116,-0.47580642141474055,0.6511288641625136,-0.2743819214735154,-3.555343379458141,-9.027646259020026,1.7236573528476082,-0.10607636761335129,0.14076323825011444,-0.5344935809767033,0.27670292473163616,0.22303619300399743,0.5227636689582957
27562,9.767,0.521964724977065,-0.47693388533400644,0.6515481751477354,-0.2749033836850356,-3.542227009092053,-9.01537556792722,1.7267440681634054,-0.12749056546211268,0.07243144375291877,-0.517756406240678,0.27843454463425327,0.21574966872208498,0.5050354056751583
27563,9.775,0.5202762934077699,-0.4781706940732746,0.6518527453026343,-0.27523329066225627,-3.5141873353870294,-8.966886768776968,1.7436590662587061,-0.1430842183674254,0.012474538158264608,-0.4927882317072581,0.2779560112217282,0.21348036826678055,0.5209097288845675
27564,9.783,0.5187186725243745,-0.4795014626300023,0.6520250039102664,-0.27544995985851267,-3.42819461448701,-8.905536279755873,1.7231172879431025,-0.14963305944839073,-0.03927830830840026,-0.47112059880137075,0.27566054839700815,0.21932502545907523,0.5141815023016769
27565,9.792,0.5172016183525692,-0.48086906151581826,0.6521527936970513,-0.27561597436199364,-3.382574571424203,-8.865389294094356,1.680301594901639,-0.14850385166188557,-0.05980544850110876,-0.46509849704374195,0.2693306892583284,0.2181984527708891,0.5178960700665646
27566,9.800,0.5157341812845663,-0.48226147711798195,0.6522079177946989,-0.2758023819850441,-3.298232835720195,-8.802473012244578,1.6617047313263982,-0.13956532686826453,-0.07544328294016835,-0.46152065522927577,0.2651943596861387,0.20516439238189246,0.5183674899279619
27567,9.808,0.5143235809253848,-0.4836621852796467,0.6521823530946278,-0.27604405979220203,-3.3383462154695565,-8.745315392722729,1.675438571891323,-0.1101897823068736,-0.08943592204531918,-0.45805203766815333,0.2745774783185262,0.20427075158684851,0.5228856537954271
27568,9.817,0.5129737946717912,-0.48500078667572183,0.6520936745169778,-0.2764162849017768,-3.2705272749908105,-8.717065950662644,1.6477847681506899,-0.07657086494542446,-0.08207521189888606,-0.4519095417468441,0.2653861116820781,0.21937568075469657,0.5149491327967025
27569,9.825,0.5116722675934928,-0.48623894607429125,0.6519871463932028,-0.2769042051582897,-3.276009070768867,-8.646961024769624,1.593079266174792,-0.03857496771091865,-0.06453198137460692,-0.4400676454478997,0.2685939008807263,0.21346840269388062,0.5240313849115761
27570,9.833,0.5103975082884663,-0.48738777982785164,0.6518524257080192,-0.2775535096264767,-3.25455560296168,-8.594392086687051,1.6217038844086915,-0.00589293630946262,-0.04251836649333095,-0.43997394886651797,0.27239411222481075,0.2224317254057597,0.5169227026380878
27571,9.842,0.5091640712386839,-0.48843042550684324,0.6517203934333518,-0.27829516126215675,-3.2955950156585527,-8.56574634332831,1.5940829459041006,0.02645865371139815,-0.02246833569178453,-0.4254978787107475,0.27046824059259905,0.21471882061709857,0.5223254165467773
27572,9.850,0.5080336514390439,-0.48937785767439557,0.6515258348803816,-0.27915086943614054,-3.3884555188946592,-8.494967545261076,1.5739594887618646,0.05903919366623095,-0.013548175460993059,-0.4080306109930025,0.2681428690635026,0.22256753621369146,0.5204223099301355
27573,9.858,0.506988072057799,-0.49022101007607766,0.6513023148213949,-0.28009239686110543,-3.406936751609576,-8.493713755608958,1.5351695711299058,0.09738816566480626,-0.002680335922053293,-0.38447635400153346,0.2604202985399211,0.21642592975772254,0.5316835551387505
27574,9.867,0.5060772668122638,-0.4909460423880204,0.6510258233331089,-0.2811105847043421,-3.4798408869424224,-8.435113851948596,1.5289582305566463,0.12424155731897418,0.005151150620390514,-0.3555107973852502,0.2577120576873094,0.22141842888171598,0.5176231460577663
27575,9.875,0.5053031569569589,-0.4915420300266364,0.6507303583831959,-0.28214385154580557,-3.505136249013297,-8.416873354259849,1.518894704594022,0.15312781533338657,0.012284361975866099,-0.31226864031019885,0.2661133913642382,0.21355355820619115,0.5310465496333537
27576,9.883,0.5047169583659762,-0.4920508507755222,0.6503401802339482,-0.28320381735096484,-3.5557370125718637,-8.39950926791636,1.4758847260824408,0.17738464027039513,0.001471035240784645,-0.2746835450257527,0.2587315940584811,0.21639142954103333,0.5223609116326868
27577,9.892,0.5043253229748115,-0.4924357705279776,0.649912101914477,-0.2842133710717639,-3.593634385359952,-8.359359080621058,1.422965471435773,0.20026994421257197,-0.004863563491091859,-0.21469973705089904,0.2630332385576803,0.2158559623761742,0.5325294243709106
27578,9.900,0.5041683846482342,-0.49271878107142975,0.6494053032158112,-0.28515819268584164,-3.5790170553547878,-8.287580278090818,1.3576187570851233,0.20863945126382746,-0.022082317514562605,-0.1594567443386386,0.255190179723257,0.22129458364668417,0.5191289572626051
27579,9.908,0.504202403970934,-0.49292803448918837,0.6488632487051781,-0.2859691821233872,-3.5740549342785304,-8.285242042591982,1.3016182965013687,0.2133500594636159,-0.04242759171041218,-0.09786043517539768,0.2556568371840206,0.2127133657107898,0.5303671656032063
27580,9.917,0.504454835990483,-0.49306892387121143,0.6482671409401151,-0.28663228836896526,-3.544385599426632,-8.32483957335646,1.206043002852676,0.1997514175893009,-0.06724355052478817,-0.043163133708375226,0.25201780771204063,0.22654254930760917,0.522599631742026
27581,9.925,0.5048544547366404,-0.49313407231739687,0.6476909240293353,-0.2871188485318517,-3.558722311613438,-8.34472331519773,1.2335486384123198,0.18731691041968712,-0.07922048880118243,0.016126788543851196,0.26207539112008765,0.21284778001671092,0.5338840781436655
27582,9.933,0.5054817144528058,-0.49312294773411397,0.6470610724571371,-0.28745428033426607,-3.5123755200904005,-8.394412237139866,1.1473045521336205,0.17367416437957353,-0.10343562968718492,0.07269116221130603,0.25658352595911366,0.22884634997960288,0.5148398733932366
27583,9.942,0.5062529556535807,-0.49303353452652815,0.6464506305713688,-0.2876238184820105,-3.514543673137231,-8.420627684678557,1.112617667658522,0.1636529319742431,-0.11403030026402132,0.13194991237285225,0.2689797127149739,0.21663632700707558,0.5275109742437271
27584,9.950,0.5072437738641937,-0.4928213244006752,0.6458125941318426,-0.28767514552473206,-3.470034461033546,-8.486383549561113,1.072530463547626,0.15428738927921828,-0.12337623506816248,0.1890082914126955,0.2675851761175359,0.22272867466943386,0.5198578065478345
27585,9.958,0.5083770877268812,-0.4925356679201447,0.6451686020069399,-0.2876088098184804,-3.479772654134851,-8.59925531425222,1.093655391550361,0.15656743500408532,-0.13459665567542758,0.2440481418500054,0.2622041448103741,0.22066199539661455,0.5205716467242842
27586,9.967,0.5097780825197913,-0.49210430619827006,0.6444337606674548,-0.2875148457307311,-3.4664459102309118,-8.664749473934913,1.020382277270136,0.1763240612205963,-0.14572269318680203,0.30316708472887877,0.258263137953685,0.22696613681033653,0.5089482435477648
27587,9.975,0.5113127525995772,-0.4915968603615346,0.6436682765245318,-0.28737248599624926,-3.422126666500223,-8.673893179783924,1.0208058062888903,0.1944770982294359,-0.15342469492619687,0.35129808912755867,0.26487459457710855,0.21830893593101025,0.5237025827304971
27588,9.983,0.5130602183327789,-0.49102427773973106,0.6428209140939318,-0.28713349410672834,-3.3518141948577322,-8.741816181921969,0.9577889624823781,0.19231041073236343,-0.17797447741833355,0.39589784769626624,0.26234857709861653,0.233795969874843,0.5186875091534418
27589,9.992,0.5149216707754767,-0.4904044312940399,0.6419547319987194,-0.2867983416922306,-3.312804761211913,-8.764866065652619,0.9350180890672621,0.19759356388096447,-0.19031317692621574,0.44201320733305094,0.2651190092584263,0.22281522668375506,0.5214742247824053
27590,10.000,0.5170097765296935,-0.48969459884288163,0.6410041634479049,-0.286380434525959,-3.274524209349153,-8.81849212391321,0.8635482839270452,0.20021585669917868,-0.21112689954149888,0.49032203275784436,0.26593423615346945,0.22916862689108766,0.5084392507212431
27591,10.008,0.519164358891853,-0.488988502650225,0.640043633154742,-0.2858369472100851,-3.271327422457418,-8.929199345747037,0.7926799244498787,0.19340466444379067,-0.22898237295580867,0.5249064829646364,0.2719370828351644,0.22358222923974586,0.5198143865934498
27592,10.017,0.521473662457627,-0.4882045997180295,0.6390400951807629,-0.2852178902673343,-3.1499029414184,-9.017058355380826,0.713706167590643,0.18707076204162562,-0.2395018954110124,0.5575623017187423,0.2702406085231816,0.23150832428178128,0.5055918173739465
27593,10.025,0.5238104621382487,-0.4874222244415457,0.6380465220272367,-0.2844974702944071,-3.1461965909069702,-9.056969533771857,0.6325909185539106,0.17967084870086927,-0.249416236241778,0.5840430445544307,0.2817030442225634,0.2346586970140336,0.5234644675299582
27594,10.033,0.5262710167080008,-0.48657565081137594,0.6370024152501926,-0.283744384924238,-3.130962604327756,-9.149080022204624,0.620690207985417,0.17958920125716263,-0.2571681925425953,0.6047982521372363,0.28076420107419425,0.23428217824609146,0.4960925755429584
