packet_counter,timestamp_s,q_w,q_x,q_y,q_z,acc_x,acc_y,acc_z,gyr_x,gyr_y,gyr_z,mag_x,mag_y,mag_z
25584,0.000,0.9999970863878606,0.000605155779591916,-0.0007190953052526369,0.00222348919835561,0.029741350411619506,-0.338566400884497,9.794292743550617,-0.0017625098433908986,0.0018989390292466844,-0.00020651011785836434,0.7153563649840369,0.43028310499394046,-0.8717693422539038
25585,0.008,0.999997079305049,0.0006155354849200203,-0.0007258450819511901,0.0022216314627247578,0.05757855910527101,-0.3542380760023395,9.737143208616306,0.005445107973828792,-0.002062055851274445,0.00020082558133300183,0.72439017503599,0.43369894635609674,-0.8718291152185176
25586,0.017,0.9999970783671728,0.0006194774304647089,-0.0007171177742539345,0.002223791116596832,0.02907780856786203,-0.3446566867534202,9.765779048133368,0.003782676037379081,0.0018625860597053282,0.001605727881904692,0.7227419901442498,0.43338028567608855,-0.8808679939224918
25587,0.025,0.9999970984549144,0.0006155257105447649,-0.0007003949403929197,0.0022211836439308607,0.06054043684115449,-0.3185903598626797,9.759046932694352,0.0019989095280439585,0.003553171243669619,-0.000421683160351713,0.7175884915664824,0.42496986903286316,-0.8769413251604783
25588,0.033,0.9999970897340931,0.0006191475003988696,-0.0006992057383417948,0.0022244754557255676,0.025529520485165057,-0.3792296723937277,9.743917058469941,0.003703860206054579,4.5234912646192656e-05,0.0018152099850123164,0.71708806934582,0.42918657600768406,-0.8751391547816357
25589,0.042,0.9999970954660249,0.0006150427826096228,-0.0006968705183633185,0.0022237700803657686,0.05970557271497721,-0.3247523278505912,9.730531426003534,0.0018625581158240236,0.00012681828691268258,0.001818019538593114,0.719503956901377,0.432740216582817,-0.8713395640276611
25590,0.050,0.9999970842064193,0.00061067188177532,-0.0007028964832860309,0.002228137124775043,0.026249384344240168,-0.37223707284464413,9.77246276008043,0.0017837303135934644,-0.0016905461741580476,0.0020274988891227806,0.7114958176734794,0.43541831953400245,-0.8785726480140128
25591,0.058,0.9999970825397987,0.0006213240719760393,-0.0007023819177436067,0.0022261015096731044,0.027000517888523378,-0.36531951102645993,9.801004971284295,0.0055239365408448595,-0.00024484073281401094,-8.447785916726269e-06,0.72070210554741,0.4348127002439751,-0.8679844820529206
25592,0.067,0.9999971057943111,0.0006248860330770778,-0.000703454940981278,0.002214288055793519,0.060542463247038485,-0.31731548340447313,9.759088455843852,0.003661364278031642,-0.0003716987974840707,-0.0018264478363498582,0.7206859926653401,0.4292784729205891,-0.8655905518908007
25593,0.075,0.9999970888461261,0.000620432225537752,-0.0006916799781682658,0.002226868189819633,0.05796389083546926,-0.34550792736909103,9.765752072564275,0.0019626903300217265,0.0021527527848666174,0.0034292554413824887,0.7173244763743492,0.4243412524364193,-0.8739893338921294
25594,0.083,0.9999970936794726,0.0006160310232091201,-0.0006988367340543459,0.0022236828925311855,0.0280911314569361,-0.34938723617472767,9.737315969095928,0.0017624614646354303,-0.0018989782044181256,0.00020677885439419988,0.7185477215002252,0.4282364586852154,-0.8743628970969818
25595,0.092,0.999997123326967,0.0006122140883198673,-0.0006899449246995244,0.0022141607219561175,0.028773166179637003,-0.342614966307398,9.765851793426558,0.0019201795847160951,0.0017357220770050086,-0.00021240061829894282,0.7217288771176817,0.42477755506900394,-0.8754408795521668
25596,0.100,0.999997117124621,0.0006001701936262212,-0.0006956467701081057,0.002218471040442906,0.05794720343857276,-0.3451320241901154,9.765765463452821,-5.759757148904926e-05,-0.0016088071280477869,0.002030416425929783,0.7270495212012115,0.42748442773140055,-0.8679273741715905
25597,0.108,0.9999971373146708,0.0006039516630937117,-0.0006864911303418207,0.0022111840223555403,0.028760974830100344,-0.3423888948250743,9.765859758262991,0.0037615184672543803,0.0016540635204976301,-0.0002152201548367737,0.7212211714490349,0.4329411429974873,-0.8725565895538331
25598,0.117,0.9999971236133574,0.0006152463107914264,-0.0006856247139534863,0.002214532849513121,0.026187737830606964,-0.370430402939052,9.772531575723066,0.005545245477065423,-3.635324835456174e-05,0.0018124323594503676,0.7251019657720508,0.4230581818910983,-0.8687614317839955
25599,0.125,0.9999971799272778,0.0005954491585790746,-0.0006853322301754889,0.002194515328285776,0.0268810274825387,-0.3636560656174593,9.801067160345436,-0.0018838573629116832,-0.00033556759451134623,-0.0036388191288318685,0.7278220924475447,0.4304495816053666,-0.8738899992925995
25600,0.133,0.9999971395480669,0.0005991313301047569,-0.0006818783233536983,0.002212911947244078,0.08706637003754944,-0.3469717078802181,9.765703799610497,0.003746454901718388,0.0004625376717908152,0.005456833517920519,0.7180278249494965,0.4335324697446707,-0.8696673780341013
25601,0.142,0.9999971900301388,0.0006020739292242674,-0.0006837646068103147,0.0021885851076673445,0.02871615659848363,-0.3414858998416122,9.765891507082491,0.0036188657687885196,-0.0007892137596007457,-0.005467984371698449,0.7256513254211775,0.43104374839856635,-0.8778343551882282
25602,0.150,0.9999971581533525,0.0006054054581013254,-0.0006889800842550388,0.0022005626312742274,0.027462918083232785,-0.3544440962042266,9.70884253125959,0.0036463492196056094,-0.0015632841869188524,0.003845734231155686,0.7187501064178503,0.42552390593078593,-0.8681583282661439
25603,0.158,0.9999971648914812,0.0006014348608255674,-0.0006786045821431905,0.0022018131005946268,0.0561428802066375,-0.36534848390061525,9.801011641177825,0.0019415072259251268,0.001944354530309796,0.0016082531286868483,0.7146272440649479,0.4302658800923184,-0.8722622381558861
25604,0.167,0.9999971488191925,0.000604736233238863,-0.0006849520302212002,0.0022062384935469604,0.02810293812456648,-0.34736558921993493,9.737388264410859,0.0036250532186448696,-0.0017719733791033568,0.002024986684451085,0.7222015949777644,0.428523509607996,-0.8731269455540444
25605,0.175,0.9999971379387279,0.0006156916588262945,-0.0006830085359629014,0.0022087411515668734,0.05687446566410535,-0.3581190204955332,9.829562622913969,0.005545319178575765,-3.633413166112336e-05,0.0018124096972655245,0.7219819575802725,0.4347466406835033,-0.8767682714004355
25606,0.183,0.9999971083228439,0.000603357039644122,-0.000695114143232796,0.0022217386349200983,0.028970959289328108,-0.3401443348151965,9.765937572909012,-0.00011526133282262098,-0.003217112141504978,0.004061237941513851,0.7234603113823526,0.4363856617580932,-0.8787705630935857
25607,0.192,0.9999971434840242,0.0005986141869939912,-0.0006958827365648567,0.002206905540436295,0.05511910801778503,-0.37771982078674415,9.74398537967199,0.0017987018592677394,-0.0004992559151627314,-0.003644396306825224,0.724161843252969,0.4240886513168827,-0.8741786950154362
25608,0.200,0.9999971348679407,0.0006022361999559892,-0.0006946919057400025,0.0022101969653762154,0.029142653826253886,-0.33985174738225327,9.765947248516653,0.003704017709850852,4.537078330966967e-05,0.0018151501762967116,0.7209677629226194,0.435432704389608,-0.8711804564635174
25609,0.208,0.9999971229028337,0.0005981777176901242,-0.0006831362077951394,0.002220291511244908,0.029722800136145106,-0.33299025098592644,9.794483965542476,0.001962936773617027,0.0021532063106215146,0.0034288837318035277,0.7185157084878029,0.4249842538884688,-0.8696066458139916
25610,0.217,0.9999971411960727,0.0006094119472886207,-0.0006845345877199108,0.0022085355236838773,0.0873373884381068,-0.34450983335924174,9.765788538826367,0.00550274435064591,-0.0004540495935718686,-0.0018291781165458653,0.726155843541965,0.43022565788427963,-0.8802450634318468
25611,0.225,0.9999971419778418,0.000605242675786359,-0.0006817991380621407,0.0022101736102529477,0.02580318500138783,-0.3740695142848501,9.74411580040445,0.001862670295797333,0.00012713109978058917,0.0018179813849414496,0.718341453434193,0.43536664482913623,-0.8799905371042933
25612,0.233,0.9999971542335628,0.0006011616017049014,-0.0006814170217666946,0.002205855921734595,0.05884172247067909,-0.3348302907905823,9.79442103184241,0.001841357121618708,-8.174382805207911e-05,-2.7960084636971427e-06,0.7216677494284527,0.43047257891178325,-0.8663589897729006
25613,0.242,0.9999971701537465,0.0005968242754422657,-0.0006723310899568845,0.0022026021405252903,0.05558995483362835,-0.36972841742641543,9.77256688087454,0.001920324705182771,0.0017355596009155487,-0.00021275001923502256,0.7202459834182273,0.431712587203049,-0.8727640842407248
25614,0.250,0.9999971466760413,0.0005998045553380567,-0.0006862155457172505,0.0022081626970633286,0.058170326918912246,-0.3410889545518214,9.765906185818928,0.0035460962045025302,-0.003589185528020947,0.0022351524112773466,0.7202861296428699,0.42075316205804225,-0.8787287066868616
25615,0.258,0.9999971816284452,0.0005963770224514193,-0.0006697298255914026,0.0021983019753516594,0.027156640445045423,-0.36004894926059144,9.801199573696243,0.001999320616263565,0.0035528364584644216,-0.00042279975941178884,0.720755312154819,0.4303806819988783,-0.8758895173996185
25616,0.267,0.9999971693331196,0.0005926776517483231,-0.0006595431875753763,0.002207954196452495,0.028074853114707456,-0.3447423206815228,9.737481572290653,0.001962961946044531,0.002153429846222807,0.0034287559727433988,0.7290607739700747,0.4301108559777198,-0.8765569855724481
25617,0.275,0.9999971866047009,0.0005799862510421918,-0.0006737151321129092,0.0021992058913895014,0.0579986619827988,-0.34063114987041404,9.765923185326313,-0.0001793118650876989,-0.003843546751702174,-0.001400721508495327,0.7190738778345663,0.42852634965401254,-0.8799884474684947
25618,0.283,0.999997173204024,0.0005912813277797293,-0.0006728476160772435,0.0022025545256493836,0.060664827505913024,-0.31199609057355243,9.759259204589943,0.0055454254061110125,-3.6358908523562656e-05,0.0018124050490986338,0.7193230554123002,0.4289884896390303,-0.8807359782008781
25619,0.292,0.9999971694597944,0.0005948970364598171,-0.0006709503249930861,0.002203859246325977,0.026459789188514375,-0.36585630839006467,9.772703152725802,0.0037040685078535396,4.542692305793931e-05,0.001815195600961881,0.7165968237381994,0.42358344907780987,-0.8747003761691569
25620,0.300,0.9999971816415673,0.0005908159976236799,-0.000670568224252935,0.0021995416878502535,0.057471984683254644,-0.3464507107313766,9.737424024316784,0.0018413726332873637,-8.180074232932909e-05,-2.7826663079053693e-06,0.7126894258008204,0.42529998220969906,-0.8745429701103099
25621,0.308,0.9999971963717889,0.0006021678632318186,-0.0006701307636894161,0.0021898783496839256,0.02714926132810101,-0.3586913785456038,9.801249371014391,0.005524127695621023,-0.00024540279048946407,-8.344240630980616e-06,0.7183049776062402,0.43409218673462624,-0.8745712344404336
25622,0.317,0.9999972035620112,0.0006057598914063244,-0.0006700728777057548,0.002185617864776635,0.05817935148106693,-0.3391378251374808,9.765974082727281,0.0036827599613431226,-0.00016360232988966376,-5.559695162124554e-06,0.7270888756283308,0.4270337402432102,-0.8737743573298059
25623,0.325,0.9999971833535534,0.0006013590229010676,-0.0006661176943046423,0.002197257268389955,0.025798424440763856,-0.37137074201316894,9.744219042641385,0.001884051116999717,0.00033642229711029287,0.0036387292962494367,0.7249042564216738,0.43160923779331656,-0.8756606610369523
25624,0.333,0.9999971881858998,0.0005969568195264689,-0.0006732733281453565,0.002194075175592674,0.05822534541179087,-0.3387647381971077,9.765986757279771,0.001762336282471016,-0.0018991018645504716,0.0002074182556112246,0.7224441649716123,0.4219358155524089,-0.8728927714433898
25625,0.342,0.9999972122462271,0.0005930997244488856,-0.0006639969433227236,0.0021869706334636534,0.05823201283920491,-0.33861487904906645,9.765991914722544,0.0019204308523228229,0.0017354398661571886,-0.00021299567194608675,0.7214497924443001,0.42300650718623206,-0.8702499787249152
25626,0.350,0.9999972036774561,0.0005967223558721279,-0.000662804902472825,0.002190262395276175,0.057479599224340525,-0.3450290650433596,9.737474456906904,0.0037041125078792914,4.549441950075258e-05,0.001815203238444149,0.7268441028994147,0.42434986488723025,-0.8736812657225577
25627,0.358,0.9999972278210875,0.0006000054758674694,-0.0006699146542786008,0.002176133710423184,0.02838509129936414,-0.3421345151539521,9.737572649319828,0.0035823791076303397,-0.0021901344333200463,-0.0016160389418595174,0.7324445463720053,0.4249153542819805,-0.8714648482197321
25628,0.367,0.9999972084653327,0.0005959859511127019,-0.000667263439988191,0.002186920618315126,0.02411418905659611,-0.39209855938777716,9.779461918165158,0.0018841044144657835,0.000336586049148272,0.003638702711746713,0.7150944557086785,0.43159778529648907,-0.8691302321736771
25629,0.375,0.9999972015827437,0.0005992439249165862,-0.0006644962454679956,0.002190017840229557,0.02843414353158996,-0.34168687507935525,9.737588223847522,0.0037041465575095456,4.550341606778606e-05,0.0018151811305588093,0.7214392437452946,0.4201303178663928,-0.8686827328026163
25630,0.383,0.9999971990081359,0.0005945201782326385,-0.0006791890686887058,0.0021879725431586806,0.055928316775789376,-0.3658377469505322,9.772711371908196,0.0016832252170848787,-0.003716386305702394,0.00041786196030584965,0.7217420725490046,0.424952644131241,-0.8774013569458843
25631,0.392,0.9999972399844766,0.0005985598577451774,-0.0006714708163448669,0.0021704553598332556,0.055344253954469,-0.3722626281400681,9.744194118259204,0.0037404912796160485,0.00144423729590747,-0.0020366838865944355,0.7222032180457092,0.43535519233230874,-0.8733680887146045
25632,0.400,0.9999972314589773,0.0006021829346247913,-0.0006702780168106271,0.002173747334592645,0.028614265432232902,-0.3409462223036242,9.73761365713615,0.0037041798233151796,4.556847741409973e-05,0.0018151513193741151,0.7219218535554157,0.43090888154436796,-0.8678384699320278
25633,0.408,0.9999972317509741,0.0005970568006817459,-0.000675992047947434,0.002173257535842316,0.02936574160872906,-0.33407702832450004,9.766145829024415,0.0017623197798503013,-0.0018991240727850996,0.00020760103973469,0.7275604150390355,0.432740216582817,-0.8712853382353101
25635,0.425,0.9999972353160642,0.0005965990524746715,-0.0006744161621441435,0.0021722321790295504,0.042436686538032696,-0.3526112478245593,9.755190337932808,0.0027728071120998623,-1.8149874310685803e-05,0.0009061623093493593,0.724431886361865,0.4293272152666772,-0.8780262685694803
25636,0.433,0.9999972180881089,0.0005993272190122221,-0.0006786833847012156,0.0021780752492946403,0.029509923442843356,-0.3334071917838514,9.766168285230226,0.003625121880407717,-0.0017716500506532913,0.002025575858422644,0.7246118024168324,0.4289311348421312,-0.8684834460487802
25637,0.442,0.9999972144855029,0.0005952772067610127,-0.0006771652813442977,0.0021813100339971737,0.057600125661461846,-0.35089854361244993,9.82981880391883,0.0018628260059206751,0.00012749455187068727,0.0018179136468966053,0.7210047598296655,0.41813818630855054,-0.8766771771183148
25638,0.450,0.9999972121501218,0.0005909745548064109,-0.0006818255486574862,0.002182098756180077,0.05629779912591059,-0.3640514063899935,9.772775957613046,0.0017837073285883976,-0.0016897409508945449,0.002028404618561914,0.719995840142833,0.44102721886867136,-0.871873077453217
25639,0.458,0.9999972424033035,0.0005948578641879785,-0.0006753652818660179,0.0021691499826647794,0.029639737632763265,-0.33281163943908787,9.766188205493613,0.003740534856323192,0.001443929141856843,-0.0020368640021962863,0.7156134445284597,0.4363225345563995,-0.8736908874371676
25640,0.467,0.9999972515876279,0.0005900428038842575,-0.0006664202611168839,0.002168997629242006,0.05801455347142317,-0.34183454652483036,9.737583951346485,0.0019205413240595843,0.0017353085041904655,-0.00021333719376654797,0.7229206309315463,0.4276164545395826,-0.8711357017756374
25641,0.475,0.9999972430929482,0.0005936657621017633,-0.0006652265699732682,0.002172289362988886,0.026925842193674367,-0.3607649821093878,9.772891153432314,0.003704245867760049,4.563164823829951e-05,0.0018151340706727935,0.7227042008183628,0.440418667219866,-0.8752535416691021
25642,0.483,0.9999972500236198,0.0005889078176644193,-0.0006635034341255977,0.0021709205360879325,0.056105561895065284,-0.3631413484173042,9.772810921739847,0.001841422435138615,-8.193451288084133e-05,-2.788715085016334e-06,0.7127069298839859,0.43668993758249597,-0.8771435944100526
25643,0.492,0.9999972342207347,0.0005922088603267523,-0.0006698470160430392,0.0021753492874173256,0.029510390372271454,-0.33190466422708875,9.766219462887179,0.0036251210954687313,-0.0017715783444718798,0.0020257238412747544,0.7275817634190276,0.43262825472227356,-0.8744571190845328
25644,0.500,0.9999972389695093,0.0006031757167925794,-0.0006615643491796343,0.002172686131474103,0.05618339834046616,-0.36254385906498626,9.772832658853165,0.0056034354851056106,0.0015713680262568587,-0.00021901068793850215,0.7180350504307688,0.4293416001222828,-0.870740885397858
25645,0.508,0.9999972231240398,0.0006064766738711049,-0.0006679077264487486,0.002177114954003539,0.056188821850917565,-0.3621684930885797,9.77284654493931,0.0036251274997360717,-0.0017715287796664927,0.0020257958584974567,0.7200244910859414,0.43012808087934185,-0.8761298179036185
25646,0.517,0.9999972477907674,0.0006096954065794268,-0.0006679258201934033,0.0021648458377315086,0.027775473420914472,-0.35261213023635246,9.801468207340172,0.003661441902783717,-0.00037354107934955635,-0.0018262898750677724,0.7227121410153147,0.4323153664470598,-0.8764332360833581
25648,0.533,0.9999972479552938,0.0006019168102005212,-0.0006573496372155589,0.0021701772847440813,0.0441278046006913,-0.3318553769931239,9.766220957848743,0.0019024441457111945,0.0010362922143878617,0.001712547850336912,0.7259030726493851,0.43540109463238036,-0.8789636651546082
25649,0.542,0.9999972355094255,0.000604892118778989,-0.0006543666484737171,0.0021759787041527004,0.026249055396920278,-0.36531883175301755,9.744446607244557,0.0037043020751796603,4.571244501819514e-05,0.001815144502936361,0.7278590702394592,0.4199953586994328,-0.8793838799657091
25650,0.550,0.9999972476056387,0.0006008107465944016,-0.0006539833972406599,0.0021716614171760408,0.028762635955485758,-0.33668295604787735,9.737761556464454,0.0018414429107912605,-8.19917136507959e-05,-2.7734531674421375e-06,0.7199925360402313,0.4271198647513206,-0.8713821788763626
25651,0.558,0.99999727047361,0.0006049155067280307,-0.0006451090500842078,0.0021626273080363923,0.059240210023746076,-0.3257391660564083,9.794725193778216,0.00376208377864049,0.001653214403753597,-0.00021632734492607267,0.7244087218986598,0.42871582357185534,-0.8745846678108067
25652,0.567,0.9999972668939602,0.0006008653059952749,-0.0006435891130826413,0.002165862079702005,0.028624687482868963,-0.3362275365433409,9.737777698410593,0.0018628586417096442,0.00012774764297897166,0.0018179315761106102,0.7197847417245474,0.4347466406835034,-0.8767830602528948
25653,0.575,0.99999728826956,0.0006040170292450221,-0.0006435207808235634,0.0021551097327728048,0.05598032463164565,-0.36035635931866467,9.772914728387105,0.0036614881649728653,-0.0003737609740788675,-0.0018261976428068998,0.7263402224124628,0.42785183075749694,-0.8713652922920162
25654,0.583,0.9999972619598783,0.0005996757351788715,-0.0006484011957307176,0.0021670342981505173,0.05605275939685514,-0.3601342300985524,9.77292250099358,0.0018050870974766515,-0.0014796209247152094,0.0038494657493694452,0.7269223289048231,0.4283368757361698,-0.8853034940114264
25655,0.592,0.9999972762449324,0.0005955509948395694,-0.0006467126542803436,0.0021620787387030744,0.026929849908379464,-0.357381984308646,9.773015438691626,0.00184145315632576,-8.202031405617351e-05,-2.765817495463532e-06,0.7165962638075255,0.43506814140952804,-0.8746171859041726
25656,0.600,0.9999972640738279,0.0005918542602889992,-0.0006365181640715509,0.002171726967343276,0.0585372168001227,-0.3314225324552661,9.766236817860483,0.001963538889068356,0.00215477918325396,0.003427719645450421,0.7219493649007268,0.4290545491995022,-0.8719258975601022
25657,0.608,0.9999972581205876,0.0006022715309166386,-0.0006432406501754186,0.0021696224962826165,0.05669234571009306,-0.3528678875700002,9.801465756435729,0.005445122659189004,-0.002063323461138764,0.00020265428981942475,0.7192713559394113,0.4397642132709889,-0.8730548615032716
25658,0.617,0.9999972821555203,0.0005908392461423693,-0.000634994491580295,0.002164110106625374,0.026160753432979397,-0.3633656136606018,9.744519874433825,7.924788667526238e-05,0.0018171778488120013,-0.0002109363672900615,0.7241459431226166,0.4263706738435222,-0.8718163738945657
25659,0.625,0.9999973019748671,0.0005937760264417478,-0.0006347799938849585,0.0021541883336027483,0.05528591518315614,-0.3658187818897924,9.744438493326552,0.0036615008322558322,-0.000373957777946663,-0.0018261668213366954,0.7278384563115956,0.43011946842853077,-0.8763212184593442
25660,0.633,0.9999972934789111,0.0005973990374600161,-0.0006335846019565161,0.0021574799639490004,0.053463177119203426,-0.38726323616081876,9.779669830009151,0.003704352363804001,4.582465926609448e-05,0.0018151822562995374,0.7234294188525956,0.43092894649200647,-0.8741807846512348
25661,0.642,0.999997289291672,0.0005930188782606255,-0.0006306662601144945,0.002161480508260983,0.027466820996276526,-0.3493559782688201,9.801585676784999,0.001862892150898767,0.00012787176717989169,0.0018179277247131365,0.7200187918543206,0.4338223607134677,-0.8752830691706412
25662,0.650,0.999997315185439,0.000589582188088759,-0.0006152081722109929,0.0021548859976710695,0.05581512458170566,-0.35847112732586295,9.772985005364507,0.001999995428172387,0.003552276452221354,-0.0004247514674760358,0.7121913025122014,0.4253516569145652,-0.8730823576684802
25663,0.658,0.9999972888399468,0.0005919338114558269,-0.0006358129715065173,0.0021604788784831586,0.05772458573758907,-0.3365077113071006,9.737771213474762,0.0034665524988277724,-0.005405670857846003,0.002448303604392803,0.7258654954538984,0.42949085183208685,-0.873380729631797
25664,0.667,0.999997311488263,0.0005954943913559854,-0.0006368925627062936,0.0021486671542399515,0.029458606448249974,-0.32694408149141585,9.76638694315016,0.003661502198639064,-0.0003741293512909534,-0.001826166451131914,0.7185355306181432,0.42536888181618726,-0.8725516680324351
25665,0.675,0.9999973206915158,0.0005995702971923249,-0.0006193350618481312,0.00214838295706675,0.05347079016082429,-0.38606075516382393,9.779717331584477,0.0038629216553396875,0.003680196987117546,0.0013930073775375743,0.7195800381384299,0.42769964668891475,-0.8826431388543611
25666,0.683,0.9999973305517346,0.0005874929198180597,-0.0006261626418916708,0.002145148437871647,0.02672919012080108,-0.3548923161911057,9.773106714789629,-7.927631389517663e-05,-0.0018171570980846149,0.00021110357709453812,0.7158937458814822,0.42245247028830935,-0.8790625533241684
25667,0.692,0.9999973454785619,0.0005913383987761867,-0.0006255347483606454,0.0021373022731900064,0.056670778775404454,-0.3506818609299986,9.801544336822154,0.0036829589926590683,-0.00016415245154832958,-5.468734737677176e-06,0.7215008160530905,0.4232274985485409,-0.8778306806460688
25670,0.717,0.9999973643357244,0.0005941186160593944,-0.0006325721646960064,0.0021256051213108876,0.04697255202404618,-0.3487161545109417,9.76133091674138,0.0030427172326099143,-0.0007425122435314289,6.582376789509424e-05,0.7241987248479079,0.4270710300924708,-0.8796582834694359
25671,0.725,0.9999973703293108,0.000597902776908444,-0.0006216351898284647,0.0021249509226960814,0.02372023909926413,-0.38877892458531377,9.75133812162321,0.003783707840710946,0.0018631168332965023,0.0016039577323733554,0.7163833301908948,0.43490450484411836,-0.8792545088127116
25672,0.733,0.9999973618986936,0.0006015263875608518,-0.0006204389269467611,0.002128242748432984,0.05669748620302122,-0.3493268037012528,9.801592570126237,0.003704428244080709,4.5974364553435315e-05,0.0018151909037217764,0.7246643522752745,0.42865553641617804,-0.8762909066007132
25673,0.742,0.9999973662845054,0.0005967623162179789,-0.0006266548150605324,0.0021257004809329375,0.02622741001820712,-0.35984610698807196,9.744650298577536,0.001762193909852868,-0.001899243292164889,0.00020853353697001623,0.7170530038340943,0.42692755078746136,-0.8699293862370868
25674,0.750,0.9999973711428329,0.000592358313596636,-0.0006338079383000229,0.0021225236275011256,0.058761321301220186,-0.32722840781261525,9.76637690027872,0.0017621971745506253,-0.001899243479584552,0.00020853478722921296,0.7163802968067231,0.4290573892455186,-0.8788038315328407
25675,0.758,0.999997351132896,0.0005958043478612036,-0.0006306050235585526,0.0021319197160228763,0.055622412960051125,-0.36208846957694835,9.744575904128084,0.0037259465037527287,0.0002562046335510304,0.003635776939746142,0.7173378845573897,0.4323325913486819,-0.8759814203270962
25676,0.767,0.9999973510815078,0.0005990737405576925,-0.0006380843621736186,0.0021287998891762936,0.05568666614399096,-0.3617917592822032,9.744586557864258,0.0036036770598923814,-0.0019814041228691155,0.00020582260286314247,0.7249001025548364,0.4279666326640569,-0.8750435109164421
25677,0.775,0.9999973414090072,0.0005943727784121721,-0.0006429910049991249,0.002133180368926504,0.05651506291958401,-0.3548962928342925,9.773111452110742,0.0017836724905330164,-0.0016889999114218246,0.00202921824482175,0.7212039380842994,0.42961142614344133,-0.869996186551074
25678,0.783,0.9999973483828029,0.0005979651212394684,-0.0006429334306660718,0.0021289203089521333,0.05658753994931523,-0.3546741591918759,9.773119096882514,0.003683011238387028,-0.00016430851222313565,-5.541619153629498e-06,0.7163586974447502,0.4350336916062839,-0.875594761678993
25679,0.792,0.9999973318227917,0.0006006827316473467,-0.0006481721757830601,0.0021343383949891524,0.030002578093923624,-0.3233620911869538,9.766504542048052,0.0036251918676689005,-0.0017711236959711406,0.0020264768550623626,0.7266038706891905,0.4338568105167119,-0.8742627700442716
25680,0.800,0.9999973541163371,0.0006042434977565102,-0.0006492536277228285,0.0021225267603189493,0.02688656073980631,-0.35815088331460654,9.744710955219855,0.0036614975163623024,-0.00037467502887618143,-0.0018261873501605264,0.7173120153951549,0.43417831124273665,-0.8721379758412698
25681,0.808,0.9999973118586333,0.000607245140988649,-0.0006444836246131107,0.002142934834378722,0.059261289102613315,-0.32537408087245145,9.766435833677335,0.0037476157909245335,0.00046677437389592403,0.005456308373441935,0.7175446163571204,0.42715431455456476,-0.8704226783656592
25682,0.817,0.9999973132849778,0.0005955219268084603,-0.0006426343838039359,0.0021461121849925967,0.026839066064769865,-0.35769823348138957,9.744727711638944,2.1532831493074643e-05,0.00021039017391210287,0.0018206214617949594,0.7143930200350376,0.4304581940561776,-0.8737363924709368
25683,0.825,0.9999973161453665,0.0005984448246356685,-0.0006491643282610142,0.002141997089461999,0.05745622832262592,-0.34679925834414177,9.80167790684358,0.0036036425858889656,-0.001981534977659461,0.00020592487981498743,0.7192754321030872,0.42923825071255034,-0.8736604670756889
25684,0.833,0.9999973351740953,0.0005946866190288808,-0.0006412437437083766,0.002136539022666118,0.027602054825834686,-0.3506449556628356,9.773257599586705,0.0019209082657384057,0.0017348924219863515,-0.0002142855818962664,0.7170692906163012,0.43319374411702377,-0.8723491531664094
25685,0.842,0.999997340234391,0.0005897982209476959,-0.0006473436984775968,0.0021336842171903497,0.0294456677111082,-0.32877254400341227,9.738029800808915,0.0017621307562221181,-0.0018993178329286611,0.00020874160995008843,0.7119718001632656,0.42522247015239967,-0.8767437480080276
25686,0.850,0.9999973295485506,0.0005854253166187237,-0.000653357219886269,0.002138059239268962,0.05693177342198357,-0.35296178727628663,9.773179090566215,0.0017836849791614438,-0.0016888726855628074,0.0020293583813234973,0.719567016607244,0.42825652363285394,-0.8807084982278465
25687,0.858,0.9999973334893743,0.0005894177459202192,-0.0006440303695841813,0.0021379489577152216,0.056919337098832734,-0.3527359239873187,9.77318731786737,0.0037840162076256054,0.0018630994888383437,0.0016034796732361833,0.7224905327496038,0.4302428827859017,-0.8797817452347833
25688,0.867,0.9999973140378317,0.0005997138043204042,-0.0006669102256382538,0.0021371689748069063,0.030413878948999253,-0.32135115705002953,9.766569644494702,0.005286340041884893,-0.00569802097812806,0.0006263740586596828,0.7232329070667283,0.4306791854184865,-0.8812579389822528
25689,0.875,0.9999972852145669,0.000587888996059976,-0.0006618009478340024,0.0021554511199206833,0.028089575045039047,-0.3495382311020444,9.773295854710428,6.480453682645071e-05,0.0006315810193120226,0.00546182216434009,0.7192655210379169,0.4290459367486912,-0.8721879559664673
25690,0.883,0.9999973198576366,0.0005840993634636414,-0.0006550207342005363,0.0021424409712819093,0.05717678758867143,-0.3520714709996515,9.773209773695568,0.0018993791510974322,0.0015242742266694826,-0.0020350364332461564,0.7217208209873056,0.43239287850435915,-0.8742439606264423
25691,0.892,0.9999973118903184,0.0005872748898424491,-0.0006526127494565883,0.0021460235182465554,0.057798759831875074,-0.3451571325739875,9.801733856245786,0.0037046529749312604,4.5992886016549573e-05,0.0018150030451269052,0.7214624470600803,0.4278259934050639,-0.8721301058353363
25692,0.900,0.9999973189454201,0.000590867175309791,-0.0006525558942705594,0.002141763002380164,0.02541234039366296,-0.37733336487995156,9.780039464817671,0.0036830685135033126,-0.0001645769372507683,-5.59767325760777e-06,0.71046856263306,0.4295769763401972,-0.8710444201765336
25693,0.908,0.9999973109204918,0.0005861333995661884,-0.0006575720754788261,0.002145273499841612,0.056501918877743196,-0.35800826465252844,9.744721600695497,0.0017836772636187733,-0.0016887741073390963,0.002029485999725454,0.7195449726267041,0.425440621468692,-0.8774333703098123
25694,0.917,0.9999973073440964,0.0005820839192371838,-0.0006560483549274078,0.0021485072548263233,0.027379628198035747,-0.3552473592785935,9.744815863178248,0.0018631478446195417,0.00012830623978695867,0.0018177899370860253,0.7188112729586601,0.42691316593185574,-0.8772459903194565
25695,0.925,0.9999972688285689,0.0005927913498497846,-0.0006682053649676843,0.002159730402047983,0.05989706947824849,-0.3224753483307293,9.766528098115359,0.005408890111891241,-0.0034598635145541836,0.0040562022199957535,0.7209378749421034,0.4272835013167303,-0.8667399263503371
25696,0.933,0.9999972880859292,0.0005890336992327823,-0.0006602854119900681,0.002154270935578614,0.027570576274155587,-0.354655581167602,9.744836880183597,0.0019210477892167787,0.001734722525287139,-0.00021458487135351834,0.7190464244559674,0.43062467066760374,-0.8759096320961546
25697,0.942,0.9999972848771952,0.0005995782757766935,-0.0006668094774917847,0.0021508391967992486,0.05561342358792603,-0.3719927640085654,9.808512098784329,0.0054451313438766795,-0.0020641159597995173,0.0002033239745365831,0.7329334930475828,0.43468351348180967,-0.8715620688951982
25698,0.950,0.999997293484315,0.0005881789195995086,-0.0006574218888658131,0.0021528739081728542,0.02826996054254593,-0.34744024232548915,9.773370143011098,0.00010115322676758733,0.0020277866372288584,0.001608777642484623,0.7234339205197068,0.4360354836336189,-0.8748496083061507
25699,0.958,0.9999973070473955,0.000598622898656656,-0.0006571097391696762,0.002143771296831041,0.028206345635825834,-0.34721200143951836,9.773378438780254,0.005503015696798751,-0.00045780937595434,-0.0018290225280178534,0.7144521386257849,0.4301481458269803,-0.8825197855918614
25700,0.967,0.9999973117506943,0.0005942179339284825,-0.0006642626090600437,0.002140596089457317,0.05748448491749861,-0.3495308911843603,9.77329916031422,0.0017620489350533967,-0.0018994098780333265,0.00020904076738043867,0.722912651883014,0.4286354714685395,-0.869950235087335
25701,0.975,0.9999972898026109,0.0005976302407232919,-0.0006609961975756072,0.002150885760767467,0.05754577602736683,-0.34930831145295643,9.773306757597194,0.003726415212175875,0.00025685189504610917,0.0036355146164423124,0.7217037806378385,0.4229548324813659,-0.8717122343725738
25702,0.983,0.9999973194972771,0.0006015142831391184,-0.0006545439174095094,0.0021379314975382333,0.028981924308702885,-0.3396946951785344,9.80192090226272,0.003740995647334846,0.0014414928245117563,-0.002038114303505021,0.7197631805928376,0.42704235269402124,-0.8735796703624227
25703,0.992,0.9999972781678321,0.0006048177584887685,-0.0006573512860910992,0.002155398268042788,0.05815273037671708,-0.3420085595852079,9.801842129777876,0.0036685333323585095,-0.0013492801340838677,0.005668039042866222,0.72221909906093,0.439913464980793,-0.875727569853787
25704,1.000,0.9999973006836941,0.0006083781759958073,-0.0006584358423839394,0.002143586611965892,0.05936822255783294,-0.326701088093414,9.738095274342337,0.0036614680349113284,-0.00037567438552616426,-0.0018262028779151688,0.7209691343872658,0.42736385342004607,-0.8713842183087817
25705,1.008,0.999997327628353,0.0005886202457471504,-0.0006485980400345438,0.0021395286727365916,0.028291140305005128,-0.3457120656184623,9.773431364946015,-0.001762019124598992,0.0018994376839858683,-0.000209162744087953,0.7149031794207332,0.42570183503903947,-0.8769852371917982
25706,1.017,0.9999973085782159,0.0005846028624351707,-0.0006459315355415467,0.0021503135281098476,0.05737468007911336,-0.34832414820426805,9.773342888649232,0.0018848586009373876,0.0003393578916312418,0.0036383435677740323,0.7228872655696094,0.4255928055372742,-0.8661785286290707
25707,1.025,0.9999973049241785,0.0005880857065690338,-0.0006435553406643464,0.00215177510567532,0.05413658569817191,-0.3831955927915515,9.751569727494537,0.0037047826274497365,4.604927324872762e-05,0.0018149767722380773,0.7175196937774142,0.426063557973103,-0.8667198699532692
25708,1.033,0.9999973013140216,0.0005840363609295953,-0.0006420301128754429,0.00215500894138953,0.02815914745745735,-0.3452541638202515,9.773447932498502,0.0018632209528223957,0.0001284826439963271,0.001817774344439638,0.7241409394915438,0.43299281770235354,-0.8710729722303998
25709,1.042,0.9999973060057561,0.0005797894720165618,-0.0006315212165174248,0.002157082833757301,0.05656186913781951,-0.354415801610283,9.744852572260514,0.001942827416013973,0.0019455194947102026,0.0016057554022152333,0.7195198570317295,0.4304581940561776,-0.8737018851485315
25710,1.050,0.9999973045518368,0.0005837377085549045,-0.0006227865677030118,0.002159230474134896,0.05640249005413805,-0.35418401068544864,9.744861923694044,0.003784404420433661,0.0018630588582201025,0.001602981366670126,0.7202391248523605,0.43052709366266584,-0.8717450903930617
25711,1.058,0.9999973265497003,0.0005638593608279219,-0.0006205729700648615,0.0021549582972361743,0.027828522047277624,-0.3447877872396579,9.773465343447054,-0.001841571558189949,8.247269629971848e-05,2.760323592645047e-06,0.7142050860799571,0.4247890075658314,-0.882087976029288
25712,1.067,0.9999973041257075,0.0005668355675894356,-0.0006344475836895539,0.0021605358179538144,0.05898895965487641,-0.32563667958337617,9.738133230791115,0.003545512836708686,-0.0035880512123615854,0.0022391426130394347,0.7131861967399246,0.4264768632992711,-0.8758026606885633
25713,1.075,0.999997304559004,0.0005779060862513561,-0.0006418149263668505,0.002155219915269021,0.05553329277411811,-0.3686719011558452,9.808637935210424,0.005445084042746417,-0.0020644993766455433,0.00020372277928355624,0.7222234650581675,0.4306074457659817,-0.8763762367048757
25714,1.083,0.999997325784872,0.0005821465755045387,-0.0006266859106718444,0.0021486724363272928,0.024921011797569576,-0.37907548558331516,9.751717161010754,0.0038424466585169357,0.0034690635300648927,-0.00042983143704566055,0.7190554080537407,0.42691316593185574,-0.8772443471136278
25715,1.092,0.9999973171678005,0.0005775865590792458,-0.0006316733622867837,0.0021524497050442277,0.05655471683328183,-0.3530671440325966,9.74490157032217,0.0017835897154254686,-0.001688453157107697,0.002029933727112811,0.7159266283945892,0.42936450511593777,-0.883947988443173
25716,1.100,0.9999973360417415,0.0005738292675073417,-0.0006237533701634849,0.002146988850963335,0.05655017680361951,-0.3529171419172822,9.744907030260293,0.0019212414280269396,0.00173451363260794,-0.00021494023239206715,0.7280471589795451,0.4332368063710789,-0.871055293192873
25717,1.108,0.9999973098793508,0.0005691414684368616,-0.0006275446403292792,0.0021592822362231554,0.059064229687511675,-0.3243675032188953,9.73817513160626,0.0018052375831754811,-0.0014773515089839136,0.0038505157836397266,0.7253668504648686,0.42734662851842403,-0.8718426068883586
25718,1.117,0.999997303741565,0.0005570942587063562,-0.0006332275540001924,0.0021636031181001833,0.05733932281081548,-0.3459941308892985,9.77342586036014,-5.801192363935651e-05,-0.00160591653803788,0.002032741690569232,0.7243942900512468,0.4302572676415074,-0.8724404930649813
25719,1.125,0.9999973041665969,0.0005606835821850829,-0.0006229489316087028,0.0021654625575814,0.05663515537014168,-0.3525466784473776,9.74491994656002,0.0037845571309137165,0.0018630130172846795,0.00160278916807107,0.7192625265053258,0.43028310499394046,-0.8717430509606428
25721,1.142,0.9999973185965075,0.0005678681250717162,-0.0006228370828438282,0.0021569421772570114,0.04140373503205896,-0.35827804844922495,9.77686140484652,0.003683179889164468,-0.00016512211370499954,-5.539899003093679e-06,0.7158832360340572,0.42666056481231923,-0.877501079675916
25722,1.150,0.9999973263729733,0.0005630486579875271,-0.0006284854798889961,0.002152958224408567,0.025639129977674473,-0.3707946011607635,9.780288962173692,0.001761882486593523,-0.0018995641595860725,0.00020950467809529634,0.720005325704568,0.42558703313247964,-0.8732823704799402
25723,1.158,0.999997310948005,0.0005663489856346181,-0.0006348229595957385,0.002157393194655715,0.06002691774013315,-0.3164008418922698,9.76672597975299,0.0036251770140989115,-0.001770933151947666,0.0020272673089644735,0.7144197007312448,0.43202831552427917,-0.8777004085370432
25724,1.167,0.9999973162224682,0.0005623862530119957,-0.0006248976440603073,0.002158882233500707,0.05495167164786191,-0.37297110133260425,9.78021707210348,0.001943032682460022,0.001945640175091936,0.0016054312694984223,0.7143714589033279,0.4227539060666956,-0.8705330025804646
25725,1.175,0.9999973365835538,0.0005579479220736422,-0.000633193396584981,0.0021481587552639723,0.028310934780821372,-0.34180082558014696,9.773568874952188,0.0017401643464528462,-0.0021108225692317976,-0.0016109849985648519,0.7217481584324797,0.429806580153317,-0.8783055514873137
25726,1.183,0.9999973139646804,0.000553511122071665,-0.0006370822940227674,0.002158660467366646,0.025232346199406477,-0.3767624288521295,9.751805999808754,0.0018053055163666813,-0.0014770744402290842,0.0038506263011203186,0.7250988361909034,0.4306476679740204,-0.8682964622850148
25727,1.192,0.9999973746597031,0.0005573308101665326,-0.0006329201034650047,0.002130602781491871,0.027095792671058123,-0.3548496533799292,9.71656108774754,0.0036977748995235937,0.0010179855424362174,-0.005679565216983238,0.711761957897519,0.4311499378543152,-0.8818403604521718
25728,1.200,0.999997349730599,0.0005612579424138665,-0.0006133856781471463,0.0021469232195330044,0.02573587480888804,-0.3695199908770496,9.780336949249419,0.003907777824369311,0.004102723181352576,0.0050312426947633875,0.7207607024377464,0.4323067539962488,-0.8766903648722365
25729,1.208,0.9999973761471772,0.0005721347103288642,-0.0006234808953406517,0.0021287630699713886,0.027510592358737766,-0.3474543001044064,9.745096471156542,0.005401702313996354,-0.0024874385058007856,-0.0034369142226530727,0.7187794338463747,0.4243929271412854,-0.8725155758036691
25730,1.217,0.9999973853550883,0.0005754830251727389,-0.0006223362883745979,0.002123864360010021,0.05749157601731142,-0.3429953558914186,9.77353066681896,0.0036832312950972022,-0.0001651563617504222,-5.544338025297764e-06,0.7158853999175443,0.4288478503800373,-0.8778225731197724
25731,1.225,0.9999974192760096,0.000571693750028909,-0.0006155597428368991,0.00211085143489622,0.0574391958838249,-0.3427675154193485,9.773538967822278,0.0018996394351817394,0.0015230096043554954,-0.002035773601788299,0.7146658258096754,0.43348363508582094,-0.8779944220078679
25732,1.233,0.999997419539362,0.0005746344589999169,-0.0006224187616342486,0.002107914785192908,0.025750300954170597,-0.3683180044839401,9.780382250202662,0.003603532565720145,-0.0019821025390017984,0.00020698070189444944,0.718328914751837,0.43103513594775533,-0.8781276345053407
25733,1.242,0.9999974242655377,0.0005702283214969781,-0.0006295708831863193,0.0021047428478211862,0.056928597640893676,-0.3490382666852099,9.745044529561234,0.0017619154592320237,-0.0018995382796584965,0.00020975418043644227,0.7212050585669648,0.4274069156741012,-0.8701626593917133
25734,1.250,0.9999974327914632,0.0005734959167649727,-0.0006283886724777699,0.0021001525167029926,0.05770176986502999,-0.3421028785941141,9.773560708203474,0.0036832521635537636,-0.00016513282590839608,-5.5679540085051644e-06,0.7182969597061272,0.4280269198197342,-0.8733799954780848
25735,1.258,0.9999974175660159,0.0005767962246132016,-0.0006347248641179736,0.0021045882642358083,0.05524663784336364,-0.37020183738103796,9.780320624562357,0.003625273040447527,-0.0017706289780288896,0.0020275120828143643,0.7207205944433672,0.42958558879100833,-0.8707314223894753
25736,1.267,0.9999974414414129,0.0005799842037450943,-0.0006345921541460604,0.0020923722780136285,0.0553338316125329,-0.36990493652472495,9.780331365265903,0.0036615281457921312,-0.0003766651806402916,-0.0018260940534199639,0.7178191222815469,0.4304151318021225,-0.8749333033005727
25737,1.275,0.9999974600235072,0.0005762276181084195,-0.0006266717971669494,0.0020869093714852367,0.027943327220170226,-0.34537622242073923,9.745169109603308,0.0019213410164927757,0.0017343937539942365,-0.0002154180212243647,0.7200279684673624,0.42400252680877243,-0.876646460937005
25738,1.283,0.9999974557904819,0.0005790516333527288,-0.0006407062571398982,0.002083892334494989,0.028717083139618082,-0.3384377627220064,9.773684724157654,0.003523865248935037,-0.0037990556417760437,0.00041971657006530653,0.7182709363802044,0.4430652527265853,-0.8695136465174139
25739,1.292,0.999997482338376,0.0005749377311786171,-0.0006414661895168384,0.0020720242862451365,0.08724417169138245,-0.343463117921979,9.77351348598327,0.0018198886334523795,-0.0002941401936352632,-0.0018233041679960585,0.7175611350061766,0.434396462559029,-0.8728768943179189
25740,1.300,0.9999974578388168,0.0005847825956428202,-0.0006469578244715753,0.0020793726923534783,0.028972909679460295,-0.3379232516852069,9.773701771963692,0.005466995237621484,-0.0018530430608493672,0.0020247558632380345,0.719552140141264,0.42100576317757865,-0.8784982654178346
25741,1.308,0.999997454458485,0.0005807336620427199,-0.0006454288614626298,0.0020826057115418987,0.025815579313567927,-0.37273995075139504,9.751959051449727,0.0018634159100222654,0.0001290523646257616,0.0018176736658205134,0.7263521814276955,0.4297434529516233,-0.8731420723336258
25742,1.317,0.9999974402257149,0.0005767409334684274,-0.0006415048204147342,0.002091741733350602,0.057498680952187534,-0.34681610380801886,9.745120520042843,0.001885192562601578,0.00034069081876539234,0.0036381661987585495,0.7156671728362796,0.4340864143298317,-0.8816734330854742
25743,1.325,0.9999974785593557,0.0005652777531911221,-0.0006344007236749514,0.002078670660511842,0.05741734573438852,-0.34673758697866347,9.745123793558403,5.796975385235741e-05,0.0016052933445831106,-0.0020332404540220443,0.7173407631565561,0.43060744576598164,-0.8764091008214521
25744,1.333,0.9999974559279609,0.0005678830178305918,-0.0006476203692053061,0.0020847624184954345,0.028318446075902205,-0.3439683598487986,9.74521782118465,0.003545601069297825,-0.0035874381237395976,0.0022403934886098486,0.7244331616295359,0.4346949659786371,-0.8782157381956347
25745,1.342,0.9999974777486093,0.0005714428810658688,-0.0006487093792477665,0.0020729509389614633,0.05581806667802529,-0.3679715537583121,9.780401545358329,0.003661514712237278,-0.00037691287957999665,-0.0018261346897518159,0.7197665808924149,0.42751310512985014,-0.874084861158387
25746,1.350,0.9999974748884004,0.0005670065969689192,-0.0006459939508324725,0.0020763940277219836,0.02595720158379013,-0.37184573052111597,9.751992813397313,0.001863445545601543,0.00012910521938279206,0.0018176581467612232,0.7158390130244214,0.4273810783216681,-0.8709307593466911
25747,1.358,0.9999974596779866,0.0005703067576277661,-0.0006523289698100232,0.0020808302890776248,0.029242245849490707,-0.33650602241905025,9.773749866828517,0.003625366641379311,-0.001770449774279543,0.00202765934885074,0.719705337269761,0.4327201516351785,-0.8649857468676524
25748,1.367,0.9999974723362085,0.0005656173258754072,-0.0006506075600128038,0.0020765615902510414,0.024250284399784598,-0.39307151045149635,9.787274484083412,0.001841658703980991,-8.26325097719676e-05,-2.8336851375445654e-06,0.7224790183529382,0.43714346511670266,-0.8780710232573602
25749,1.375,0.9999974642233348,0.0005692425640060453,-0.0006494064610749689,0.0020798512092598423,0.05780026757636085,-0.34540619083234214,9.745168811068325,0.003705132633978288,4.649762342594289e-05,0.0018148122036653169,0.7212469246778451,0.43060744576598164,-0.876382809528191
25750,1.383,0.9999974792539109,0.0005569391515508189,-0.0006475818608984056,0.0020765216924153733,0.02792421646009942,-0.3493567222252859,9.716757789575741,1.2490009027033011e-15,1.186e-321,-1.3356015512305808e-16,0.7210086435993904,0.43448542711315574,-0.8772541982525122
25751,1.392,0.9999974939130747,0.0005601735313849833,-0.0006562072541974232,0.0020658570193665313,0.0560474990163503,-0.3667787711959872,9.780445037043094,0.003581750428484773,-0.002194013177009863,-0.0016132415014167025,0.7263243222821105,0.4301338532841364,-0.8690029711711457
25752,1.400,0.9999974857796643,0.0005632193857168363,-0.0006535552957213713,0.002069802828854689,0.05613470500880471,-0.36648186318404374,9.780455666697348,0.0037051621898172007,4.6548841927260604e-05,0.001814782715189883,0.7192470901086722,0.43451703687038346,-0.8694496278856466
25753,1.408,0.9999974918048136,0.0005674951182417161,-0.0006372820708657585,0.0020707981396337048,0.028639197569025315,-0.34188352363664753,9.745290247299923,0.0038647029551168513,0.003680392552473387,0.0013888895791647324,0.7136525388829705,0.42414893847256,-0.87254147087034
25754,1.417,0.9999974759661753,0.000562362472492058,-0.0006497459014334799,0.002075967242445386,0.0578058027972488,-0.3442826793246324,9.745208534977529,0.0017039170519272584,-0.0035046209705133454,0.002243607610598392,0.7190455938068634,0.4340491244805711,-0.8757862205341866
25755,1.425,0.9999974678668166,0.0005659876520746824,-0.000648544294015942,0.002079256653827397,0.02876152906242241,-0.34143868669909255,9.745305482172169,0.0037051831252566917,4.6533620078270275e-05,0.0018147925921970277,0.7149191763693785,0.43074808502497475,-0.8793619428424494
25756,1.433,0.9999974641682138,0.0005615225963219453,-0.0006462510013836995,0.0020829568309838347,0.028749226702562435,-0.3412130024280338,9.745313422692112,0.0018635137443574852,0.00012922441246236748,0.0018176286402487784,0.7172578813203488,0.43470651078822625,-0.8640951444028232
25757,1.442,0.9999974456224893,0.0005575065413124491,-0.0006435746812129531,0.0020937398556116534,0.05675328222060226,-0.35862171034956,9.809003546658897,0.001885358695075915,0.00034115358937162585,0.003638091680820356,0.7243728257378301,0.4298812521645999,-0.86925148770429
25758,1.450,0.9999974499836631,0.0005522884303306135,-0.0006491179588413125,0.002091327219072043,0.058652692051550694,-0.33681102719256983,9.773738843481254,0.001761830543846324,-0.001899640336398018,0.00021022011787857076,0.7230043822684383,0.4271772195482197,-0.8835788420302806
25759,1.458,0.9999974523046303,0.0005635547094216442,-0.0006493912503644456,0.0020871227426508044,0.055510635887811355,-0.3716368751629485,9.752009351619972,0.005525042082340677,-0.00024820532159731875,-8.520109117396176e-06,0.7144695458906574,0.43420982868720265,-0.8851060253618234
25760,1.467,0.9999974809483301,0.0005444156781336119,-0.0006403020723568129,0.0020812788905545626,0.028800368298673492,-0.3404650988459265,9.745339429418182,-0.0017618358019069519,0.0018996357228468102,-0.00021026392971098555,0.7173089628958514,0.43517149081926054,-0.8716844585797111
25761,1.475,0.9999974903191222,0.0005560075422022023,-0.0006330398730326403,0.002075926682227145,0.02935355913854877,-0.333577545965066,9.773849920613795,0.005604900577257134,0.0015687010634920498,-0.00022156313847708695,0.7287921220622741,0.4307280200773361,-0.8729161061560269
25762,1.483,0.9999967092122716,0.0006266707021134871,-0.000676044363483004,0.0023941203975280908,0.05856034072898274,-0.33582984744427247,9.77377316051469,0.003581696572535411,-0.002194389476786434,-0.001612938299629367,0.7167994793742546,0.42893113484213125,-0.8685360286353024
25763,1.492,0.9999967346953704,0.000615269792429365,-0.0006678153100960264,0.002388736986781315,0.05604345861798279,-0.36407176061298385,9.780546200877131,7.983382818911846e-05,0.0018168945116311978,-0.00021315849423706178,0.7261199282660036,0.438231381652148,-0.8749090433436422
25764,1.500,0.9999967132246884,0.000618277633142229,-0.000665266295319454,0.0023976432899432414,0.028628130590209324,-0.3396333495314965,9.74536895972692,0.003705217915777605,4.661873250184186e-05,0.0018148279586318796,0.7246323972295644,0.4256473202881568,-0.8715432675734572
25765,1.508,0.9999967132901808,0.0006215788793865759,-0.0006727619661287118,0.002394669052266689,0.058576143407428984,-0.3352293867529045,9.77379367933564,0.0036035423290939933,-0.0019823559272757235,0.00020757310701035735,0.71878723899477,0.42264194420615214,-0.8736752057247686
25766,1.517,0.9999967404908836,0.0006017966837958634,-0.0006779805358149604,0.0023868788728092184,0.05619172211968312,-0.36355206081798724,9.780564681803735,-0.001921541480345746,-0.001734153103492831,0.0002160354596295451,0.7224814911851184,0.43371039885292423,-0.878438417961576
25767,1.525,0.9999966931305667,0.0006125139315473684,-0.0006910460073086642,0.0024002104139160983,0.05570210191491068,-0.37014583119159716,9.752064967810012,0.005409136339549523,-0.0034577941842372484,0.004058789133083596,0.7263655507591552,0.43065050802003685,-0.8751283864945463
25768,1.533,0.999996697497315,0.0006157364392176762,-0.0006908604793949542,0.0023976185892066,0.029211552093651963,-0.3387594148453461,9.745397646439502,0.0036615036372521876,-0.0003776718875159114,-0.0018261518303182283,0.7239434811231477,0.4356795331043499,-0.8780094904879815
25769,1.542,0.9999967024647255,0.0006113634637715768,-0.0006980293809424049,0.0023945875166563766,0.056645003940209895,-0.3628204150751789,9.780589235595107,0.0017618486388399142,-0.0018996342572957972,0.000210415482829564,0.7219917138604371,0.4273666934660625,-0.878217785724142
25770,1.550,0.9999967017817478,0.0006070120554984525,-0.0006965323357630799,0.0023964149674579804,0.05926088734220049,-0.33428320473168266,9.773821958238747,0.0018417046569938846,-8.275542906546258e-05,-2.870800959431396e-06,0.7139019483275538,0.4255870331324797,-0.8733234506256607
25771,1.558,0.9999967049496487,0.0006033180320193588,-0.0006874829987803309,0.0023986380145323023,0.02746846407118919,-0.3598919885802856,9.780691254993199,0.0019434734134439466,0.0019463138590909625,0.001604260591878931,0.7249230931179049,0.4278460583527024,-0.8784592749079128
25772,1.567,0.9999967212886565,0.0006144852516893917,-0.0006867754499260356,0.002389175442395257,0.02670149295148168,-0.36632617321272515,9.752199702436402,0.005525127328630311,-0.0002483041588538324,-8.559872871484807e-06,0.7226531963247044,0.43335738068243346,-0.8676756797296362
25773,1.575,0.9999967339965251,0.0006104355482734747,-0.0006864084717317058,0.0023849964643045444,0.058429473720148846,-0.34026492268522224,9.745345927013567,0.0018417124269049278,-8.276824590159679e-05,-2.852023234819979e-06,0.7222467454547973,0.43170681479825446,-0.8798350619750179
25774,1.583,0.9999967250520001,0.0006062254077247021,-0.0006760459639395623,0.0023927678292882666,0.026636795909791903,-0.3658731957933835,9.752216883572704,0.001943487145474486,0.0019463625182457945,0.0016042026051755526,0.7202498665666348,0.4272949538135578,-0.8733410130642513
25775,1.592,0.9999967377373712,0.0006021755826268098,-0.0006756789479807676,0.0023885889439586635,0.026558629817243398,-0.3657195642627077,9.752222859205947,0.0018417152218140496,-8.278077254236324e-05,-2.8351463092417266e-06,0.7178271592967918,0.4296401035418909,-0.8761273822446094
25776,1.600,0.9999967534552111,0.0005975254454363975,-0.0006818175175126463,0.0023814212674942146,0.053976440672508536,-0.38985045497249715,9.78741606372658,0.0017618337204321163,-0.0018996453592285037,0.000210563734314239,0.7175890521184739,0.4342500508952414,-0.8770246077361334
25777,1.608,0.9999967737051234,0.0005937991257224061,-0.0006739147829281044,0.002376093602606757,-0.0025329919232043928,-0.36279512278504034,9.752323919654911,0.001921601510393425,0.0017340802515462717,-0.00021626006468036249,0.7265979587058524,0.4297348405008123,-0.8733844122700449
25778,1.617,0.999996742419679,0.0006043675949431764,-0.0006793744702296592,0.0023850241446474367,0.056521646332236775,-0.36101016169602645,9.780656935334225,0.005467176511134951,-0.0018528858128757707,0.0020253467576178,0.7214595493457825,0.4363914341628878,-0.8716995853592927
25779,1.625,0.9999967251391847,0.000607701339826798,-0.0006857224897152,0.002389601359062991,0.03002158150604793,-0.32962262200296966,9.773982069919434,0.003625466989191672,-0.0017700897232066153,0.0020281961390004187,0.7275823622012824,0.4282278462344044,-0.8745460816235635
25780,1.633,0.9999967150221591,0.000610820626098163,-0.0006842128013836438,0.002393469426572128,0.02616809344781351,-0.37120145876591043,9.723767626617702,0.0036834558124125426,-0.00016562561508038485,-5.708829121387897e-06,0.725358987349761,0.4288536227848319,-0.8706743647115249
25781,1.642,0.9999967104285074,0.0006068033909049904,-0.0006826979862199771,0.0023968406849179864,0.056737795307611597,-0.3601175534608969,9.780688588949388,0.0018636599387529208,0.00012960227057675603,0.0018175545563133009,0.7234398707333083,0.42647686329927104,-0.8757336460437528
25782,1.650,0.999996704439942,0.0006098700271972433,-0.0006887566476582932,0.002396827504495429,0.02947274627576853,-0.3356222413403497,9.745505405738388,0.003603543712020937,-0.001982500568605481,0.0002078377463424447,0.7195376503271389,0.4223032185785052,-0.8763454784162749
25783,1.658,0.9999967171621116,0.0006058201920862855,-0.000688389310146508,0.0023926485434990668,0.05689412859086531,-0.3596733655032329,9.780704025374154,0.0018417346662712275,-8.282885060868355e-05,-2.8638886644462764e-06,0.7219822665289656,0.42912628885200693,-0.8768141726607946
25784,1.667,0.9999966883269994,0.0006168149623273874,-0.0006928832618761956,0.002400580580285917,0.028923811864035073,-0.3418505495465378,9.717021840823682,0.0054891921240934494,-0.0016403880870052066,0.00384579883257893,0.7148196019839781,0.42687303603657867,-0.8645679337043579
25785,1.675,0.9999966830408903,0.000627790682933034,-0.0007007056402180568,0.0023976650479083693,0.057103557487052745,-0.3589308694617574,9.78073008191352,0.0054452800173222585,-0.0020654122851709047,0.00020501054542271536,0.7199977333078902,0.4351542659176384,-0.8721543496000899
25786,1.683,0.9999967204404463,0.0006157316032186155,-0.0006912383332178329,0.002387922216459023,0.059651936949233736,-0.3303183251029278,9.773954380676056,7.994462125138319e-05,0.0018168306291242047,-0.0002136666630051366,0.7190342335738854,0.42775709379857557,-0.8740984030316078
25787,1.692,0.9999967108103777,0.0006193890759769936,-0.0006900499316275635,0.0023913503906921258,0.05887631099958214,-0.33691355415151425,9.745459676220948,0.0037054603499971006,4.683506652941951e-05,0.0018146537324290858,0.722241934838993,0.4322206294881384,-0.8791203370597427
25788,1.700,0.9999966896613384,0.000615109789484145,-0.0006863503711485296,0.0024023383359740432,0.05631372504369081,-0.365074889490176,9.752252604725761,0.001885692638345106,0.0003422890751137808,0.003637914841143617,0.7254062628587,0.42713992969895914,-0.8776982023023084
25789,1.708,0.9999966625515012,0.0006188001153392386,-0.0006840137483856013,0.002413316694588101,0.026653284433607073,-0.37035190764691167,9.84463796609222,0.0037274506788332923,0.0002593871872297965,0.0036350553381132586,0.7200224431358789,0.42842877264907464,-0.8758255489712307
25790,1.717,0.9999966788425732,0.0006219183642910435,-0.0006915054116314198,0.0024036101261078737,0.05635380583674029,-0.36455198721430254,9.752271934374733,0.003581509545038183,-0.002195301127674398,-0.001612367562756534,0.7195072992342421,0.43296698034992037,-0.8718361425678911
25791,1.725,0.9999966768746074,0.0006258998206183661,-0.0006827814526123243,0.002405888327641214,0.030427383771318924,-0.3264814538854316,9.774086244098605,0.0037855032870980163,0.0018636320970559306,0.0016008739450166464,0.723680141795113,0.4240542015136387,-0.8751579139960854
25792,1.733,0.9999966689398122,0.0006292453199666245,-0.0006803513109148381,0.0024090001455404405,0.028502253468826653,-0.34781002329590144,9.809384381229489,0.00370549801441347,4.681886606802969e-05,0.0018146700000020283,0.7171075436758865,0.4281072719230499,-0.8780325034656734
25793,1.742,0.999996628727211,0.0006402866333717638,-0.0006858768000073917,0.002421185712798827,0.08621706090591845,-0.3594566670962602,9.780716853935498,0.0054892291014703035,-0.0016402282779469138,0.003846021840926757,0.7197893204735023,0.43325687131871754,-0.8774633361452328
25794,1.750,0.999996680387552,0.0006365238365723336,-0.0006707465004591876,0.002405026073615917,0.05696740950825595,-0.356518752785702,9.780819096734426,0.0019798717641315022,0.003337883720826138,-0.002250962225022688,0.7268531253487687,0.4277226439953314,-0.8750217530140771
25795,1.758,0.9999966531328779,0.0006402144741488488,-0.000668408942087342,0.0024160045440496983,0.030182450548104787,-0.3252668272729919,9.77412749973252,0.0037274862703326975,0.00025961213423854296,0.003635077604354269,0.716101849767177,0.4299702167187267,-0.8737076655186663
25796,1.767,0.9999966619889805,0.0006435308275216565,-0.0006671768008372435,0.0024117947855424294,0.05356948479165836,-0.39112686256428925,9.759132584531308,0.0036835371767336023,-0.00016596978720453249,-5.660527139332445e-06,0.7155855465312939,0.4296286510450635,-0.8695460140006409
25797,1.775,0.9999966824595565,0.0006398050076012923,-0.000659274096291228,0.00240646568626942,0.030807832352323948,-0.31798008639762393,9.802643793847606,0.0019218428686211316,0.001733808608392047,-0.00021676101801071664,0.7156271228086124,0.43160923779331656,-0.8757231028584473
25798,1.783,0.999996685960089,0.000634951027603297,-0.0006643831142271615,0.0024048910806560575,0.056043669091068865,-0.3623637475922964,9.752355274478433,0.001783669454362742,-0.00168694234326592,0.0020314974448773625,0.7195470594283474,0.43422421354280816,-0.8777434115162467
25799,1.792,0.9999967184689469,0.000638866919883839,-0.0006579572646173824,0.0023920686936689376,0.030115957498238324,-0.32436144986662296,9.774157792378148,0.0037416518927786105,0.0014379447377856755,-0.0020399766405093246,0.7172984141968458,0.43229530149942136,-0.8701172126574123
25800,1.800,0.9999966901057434,0.0006339575574422279,-0.0006617924137660191,0.0024041435429054017,0.0560525331070452,-0.361914234186249,9.752371915501161,0.0018056484958005764,-0.0014740208322411952,0.003851898536496384,0.7177941417351283,0.4290803865519353,-0.8712218826324484
25801,1.808,0.9999967104583419,0.0006302317527266762,-0.0006538898097301429,0.0023988139881965177,0.027556414371656564,-0.3523687933486719,9.780964935135584,0.0019218774060408277,0.00173377072528706,-0.00021682459353684726,0.7260808248208652,0.43281772864011636,-0.8690993491900517
25802,1.817,0.9999966995224707,0.0006413277617596932,-0.0006440605757718777,0.002403087356455311,0.05843494934137862,-0.3330730177504037,9.745594348066277,0.005627420332181249,0.0017806492201740184,0.0015979216449733625,0.7249009720555212,0.43162646269493865,-0.8751726947524564
25803,1.825,0.9999967175898717,0.0006296029341467924,-0.0006433653749331726,0.0023988519384601768,0.025489988478180844,-0.373455306498887,9.81627854376262,1.0538445116559103e-15,1.186e-321,6.58652819784944e-17,0.7197455803126966,0.42908899900274633,-0.87096475384357
25804,1.833,0.9999967040276883,0.0006328350441515088,-0.0006408695118967297,0.002404316916729637,0.0558122093339467,-0.3610787220887046,9.752404264394457,0.003705534808387167,4.689608345697487e-05,0.0018147745552803182,0.7209932263178681,0.4318790638144752,-0.8749636151592037
25805,1.842,0.9999966942188497,0.0006364926812069616,-0.0006396800438668396,0.002407745393662236,0.055802939734519434,-0.3607784166435334,9.7524154314937,0.003705543147000002,4.6895600106531854e-05,0.001814777741247594,0.7300553783642363,0.43001611901879844,-0.8792342273138598
25807,1.858,0.9999966449909599,0.0006428516138601894,-0.0006510628241238833,0.002423399642280906,0.028728706719153386,-0.3367422349906791,9.777617440313962,0.0036254144658252746,-0.0017698742507716216,0.002028896009478212,0.7182912216229258,0.4246369158100109,-0.872527474471061
25808,1.867,0.99999668949628,0.0006463087330118141,-0.00065111462701565,0.0024040239693916485,0.05609194715175543,-0.3598916622076721,9.752446537530044,0.0036615894359483983,-0.00037922451274832855,-0.0018259572664604312,0.7248854579557059,0.42169182688368345,-0.8728677271293673
25809,1.875,0.9999967000376,0.0006279487705791097,-0.0006251854764207018,0.0024113766550302243,0.05910663930780726,-0.3246586752569276,9.774147326219468,-0.0015573223132025354,0.00595951310409971,0.0030008986492935505,0.7217336686183545,0.4311040355542436,-0.8761527644857541
25810,1.883,0.9999966591344877,0.0006308490836515003,-0.0006366344695096588,0.0024245506490834824,0.027267907438269453,-0.35032264735717333,9.781039244267546,0.0035671562284928684,-0.003373563034567707,0.0040635293549892105,0.7192216267134236,0.43807067744551637,-0.8656664691899602
25811,1.892,0.99999667938635,0.0006271234604042355,-0.0006287319040031987,0.002419220666452583,0.024782537495067525,-0.37848187885313833,9.787848201236233,0.0019220094700957437,0.0017336294083131014,-0.0002169976077515492,0.7238762286988627,0.42943633708120416,-0.8680176338932395
25812,1.900,0.9999966982661367,0.0006298651909405023,-0.0006282818881214135,0.0024108066151990464,0.02912539072274062,-0.32825567730035676,9.745757357182987,0.003661619878593445,-0.00037935938203011936,-0.0018258819384206273,0.7192537168076897,0.4347265757358648,-0.8704341727103726
25813,1.908,0.9999966811010929,0.0006331984414556732,-0.0006346268315910519,0.0024153871983670166,0.05654186365442108,-0.3522134922294394,9.780977547473684,0.003625395867039537,-0.0017698294044721256,0.002029046204448414,0.724647215728832,0.4326540920747067,-0.8737448881277349
25814,1.917,0.9999966607143851,0.0006281942487478305,-0.0006393219541541518,0.0024238810829180927,0.05667677428086127,-0.35199401148279624,9.7809846674108,0.0017835975753335022,-0.0016867043705806072,0.002031832366021873,0.7263327070976289,0.43082275703625755,-0.8702487236495882
25815,1.925,0.9999966736047552,0.0006241438937446,-0.0006389542524430629,0.0024197027273144284,0.03011526443409957,-0.3208253045833847,9.774274502960163,0.0018418075647500848,-8.31412269205873e-05,-2.794667977848805e-06,0.7166123569531464,0.4266777897139413,-0.8770081837739337
25816,1.933,0.9999966504292569,0.0006355212797148766,-0.0006282049481485415,0.002429115376625807,0.05411567814431602,-0.379923824283304,9.787805649654812,0.005649691042287036,0.0019937074110451805,0.003417971861073518,0.7244123540650862,0.430162530682586,-0.8751243076297083
25817,1.942,0.9999966455183353,0.0006464959584192188,-0.0006360285236510829,0.0024262033653801875,0.05920851694331749,-0.32270969708951747,9.774211252314645,0.005445193775792442,-0.002066240239045006,0.0002060294026240283,0.7229274315307008,0.42855795941124025,-0.8721460833675662
25818,1.950,0.9999966715260177,0.0006270806753902212,-0.0006261302293372948,0.002423152419664422,0.026791021969878558,-0.355071335622483,9.752615723265667,-0.0017615661268530472,0.001899901033379113,-0.00021160641824640992,0.7141299323103013,0.4337333961593409,-0.8709221972943364
25819,1.958,0.9999966594811691,0.0006227389879182094,-0.000632146428710463,0.0024276765742087454,0.053409128005809825,-0.38609243875989085,9.759333932405902,0.0017835755526503978,-0.0016866360678254872,0.002031930249491779,0.7224624608523013,0.4228170332683893,-0.8756110350310539
25820,1.967,0.9999966837219957,0.0006183702695866333,-0.0006307708744285738,0.002419150951354044,0.059273517165134945,-0.3224120825322436,9.774220679127543,0.0018418173737743682,-8.318381496243081e-05,-2.785266944112852e-06,0.7256359278761044,0.44236196411885853,-0.8755467043872784
25821,1.975,0.9999966914606812,0.0006219947348914299,-0.0006307313093577108,0.002415029659690624,0.02570910336700236,-0.36953569719008045,9.816426308606335,0.0036836397494963207,-0.0001663679200807989,-5.568622419070583e-06,0.722446135839831,0.4302314302890743,-0.8731855881383556
25822,1.983,0.9999966934827823,0.0006175338299697344,-0.0006214882180567157,0.002417731967395727,0.05597284665228335,-0.3571121078537169,9.752549398051919,0.0019220862521276893,0.001733541618747067,-0.00021721933304512384,0.7229211526319572,0.42981235255811157,-0.871213212077246
25823,1.992,0.9999966763691932,0.0006208668367634749,-0.000627832132089472,0.0024223133059908092,0.025395871192953456,-0.3677927577067022,9.695656635192417,0.0036254004329580713,-0.0017697545734455399,0.002029229345903345,0.7192853240531258,0.4362708598515333,-0.8751301382032228
25824,2.000,0.9999966920130503,0.0006165524950586199,-0.0006187289854040729,0.0024192975056397652,0.028191385805024685,-0.34047265307315067,9.809642691954812,0.0019221043148824842,0.0017335217953897356,-0.00021725777970190137,0.7245971578177017,0.4226563290617577,-0.8663076622617055
25825,2.008,0.9999966821872631,0.0006202101965247357,-0.0006175377559541797,0.0024227259230622106,0.05589567639966298,-0.356433783981641,9.752574655619505,0.00370567653857848,4.698279808308396e-05,0.0018147822223008555,0.7226658700556163,0.4313365717261416,-0.8695586468217452
25826,2.017,0.9999966791452528,0.000630808784734357,-0.000623753957248215,0.0024196507485326865,0.027496682209590728,-0.34664481086033955,9.781169639031035,0.005445207485976951,-0.002066347829059418,0.00020623510694836087,0.7202528999508067,0.43314206941215755,-0.8737916903441221
25827,2.025,0.9999966817046363,0.0006271164937080198,-0.0006146991057189769,0.0024218690364613727,0.026799534606206727,-0.35312052789995846,9.752686529170079,0.0019441637184232834,0.0019469423962224946,0.0016029680591925068,0.7278050909496584,0.42809581942622243,-0.8713640453127776
25828,2.033,0.9999966824940062,0.0006302983752682162,-0.0006132561291813838,0.0024210827869006165,0.05590218466262397,-0.3555342310869803,9.752607453326105,0.003683676251940492,-0.00016645077142929247,-5.515496286197551e-06,0.7189993808138775,0.4333143184283783,-0.8689202435283082
25829,2.042,0.9999967147752102,0.0006192224878791574,-0.0005974895970065434,0.002414541049460138,0.05646075781482994,-0.348600130207368,9.781107464960996,0.0001606141893015406,0.00363340790339756,-0.0004292059291875215,0.7146605705753043,0.4252052452507776,-0.8772136390284063
25830,2.050,0.9999967286329808,0.0006221399734219205,-0.000604080033897962,0.00240639824285331,0.026517850124583367,-0.3525827672018667,9.752706755534422,0.0036033753878334826,-0.0019831484774006807,0.00020914558227914736,0.7225129436455491,0.42768242178729277,-0.8831113866689111
25831,2.058,0.9999967608266503,0.0006260555886339432,-0.0005976573393270859,0.002393573962213881,0.05711737121685301,-0.3413677815300291,9.8096170513948,0.0037419856339275747,0.001436735605311463,-0.0020404093136217926,0.7224266423946332,0.43815102954883217,-0.8702893994726301
25832,2.067,0.9999967082861236,0.0006293282853548752,-0.0005930645790712289,0.0024157063629476868,0.05378610266922735,-0.376221177188079,9.787950486343753,0.003749700401227677,0.00047421827921945305,0.005455425841493231,0.7190700138012905,0.4261036878683801,-0.8794143586266561
25833,2.075,0.999996743745605,0.0006175688500152593,-0.0005935198743398135,0.002403922016569508,0.02644415807527017,-0.3518289383359194,9.752734178626232,-2.2003742471338018e-05,-0.0002135730719766222,-0.0018202910403037724,0.7227537752593456,0.4345399418640385,-0.8826189371968985
25834,2.083,0.9999967142188605,0.0006131035248068616,-0.0005976104534338,0.002416302401780332,0.05498816606857333,-0.36118034333048693,9.724157142172382,0.0018055380589536549,-0.0014727841372759426,0.0038525459080187867,0.7192802427188915,0.4287244360226663,-0.874375191990964
25835,2.092,0.9999967290197136,0.0006170527930754484,-0.0005900360526663291,0.002411027411846597,0.056373321398290176,-0.3473929583039863,9.7811509185942,0.003764051913271786,0.0016501574547439254,-0.0002201669105856396,0.719996091124814,0.4351628783684494,-0.871910366457842
25836,2.100,0.9999967155880707,0.0006278552169978846,-0.0005880793212186973,0.0024142853208595377,0.02712801661616532,-0.3443701662367082,9.7812510169969,0.005547575936375212,-3.618055203126389e-05,0.0018121348010133207,0.7243711644396221,0.43673015979053464,-0.8690046645803542
25837,2.108,0.9999967108495151,0.0006238380077044955,-0.0005865583973434075,0.0024176570349227168,0.05489845990089034,-0.3602791300303034,9.724191080559706,0.0018638709005541617,0.00013037732521598987,0.0018175684727435274,0.7163459077804136,0.4365665232251249,-0.8736945700754154
25838,2.117,0.9999966910991338,0.0006186180159958106,-0.0005913323606570397,0.002425990225452458,0.05380205251232182,-0.3749426102405736,9.78799945931389,0.0017834977305166467,-0.001686302220152639,0.0020323544900834258,0.7175036777136373,0.42785760316229154,-0.8643403243209301
25839,2.125,0.9999967039418141,0.0006145669562589738,-0.0005909641194083626,0.0024218122087433574,0.025847260122890327,-0.35734097015945115,9.724287711352728,0.001841860377051402,-8.330905761513918e-05,-2.72399163031651e-06,0.7160863165522301,0.4268758760825952,-0.8713998579138894
25840,2.133,0.999996746254961,0.0006177275991074359,-0.0005909143067758983,0.002403479225467332,0.058297234754198284,-0.32460018523862866,9.745881058990545,0.0036616956924579273,-0.00038031618925549166,-0.0018257247481797475,0.71932009973129,0.4373099417281288,-0.8802968454691003
25841,2.142,0.9999967447744684,0.0006147199251227358,-0.0005656358156375612,0.002410936748505357,0.05552360372761376,-0.35274267878156884,9.752710983543565,0.002127063654219431,0.00579417397746069,0.002993307694611526,0.7278046081008285,0.4329842052515425,-0.8712923072852153
25842,2.150,0.9999967225760321,0.000632758166518822,-0.0005725763404014019,0.002413837325027249,0.026892184272080254,-0.3429291680043149,9.781302296181321,0.007287069650531408,-0.0021499441218799393,0.00020414583842359236,0.7220076139907895,0.42508467093942315,-0.8805801068450125
25843,2.158,0.9999967233195999,0.0006360567040630463,-0.0005800713351115606,0.002410871041658054,0.053684512901114104,-0.3735072380895094,9.78805498348448,0.003603343067767788,-0.0019833042703927403,0.00020953208357371312,0.7215222032846633,0.4301998205318465,-0.8810082337693381
25844,2.167,0.999996745928599,0.0006323467634833817,-0.0005713418753782841,0.002404545330328965,0.02707024505863361,-0.3422601701456751,9.781325235499308,0.0019222815965721425,0.0017333375269323655,-0.00021763996492318397,0.7187975558269264,0.4245421788510895,-0.8752080026241303
25845,2.175,0.999996729140835,0.0006356791675683099,-0.0005776835611928689,0.0024091287494195333,0.023817259264040932,-0.37719975171520753,9.759666842720593,0.003625365205720184,-0.0017694613563488842,0.0020298415069743094,0.7246795956566597,0.43052993370868237,-0.8785556529268188
25846,2.183,0.9999967526249827,0.000631837460909884,-0.0005687523349841496,0.002402507376518564,0.08542212101507769,-0.3470996805735492,9.781170150494255,0.0019222996715036553,0.0017333176916477005,-0.0002176784038553406,0.7295770192392456,0.4302084329826576,-0.8807100248347393
25847,2.192,0.9999967845050899,0.0006357531273820163,-0.0005623316471725757,0.0023896821045760737,0.026942068681431747,-0.341577270447783,9.781349461256314,0.0037421736492427044,0.0014361018989969214,-0.0020406190574838333,0.7229308897969904,0.4292727005157945,-0.872659886419265
25848,2.200,0.9999967571925108,0.0006458337187082091,-0.0005838916731587045,0.00239323500411064,0.052344092134661804,-0.38581331525966217,9.731122864750759,0.005284451993876815,-0.0056999090948193455,0.0006370566550127128,0.719508612732176,0.424654140711633,-0.8720312921574211
25849,2.208,0.9999967610873095,0.0006501427298346853,-0.0005676290232926366,0.002394353067800323,0.027896693844828638,-0.3340438652569534,9.809864556070188,0.003866636255920741,0.0036805893769104128,0.001384702488346688,0.7273152365431333,0.4283484205457589,-0.8711319608379217
25850,2.217,0.9999967769477456,0.0006458621407306204,-0.0005658601983779531,0.002389300829094622,0.056225746739164396,-0.3432496264524107,9.78129804591574,0.0018418944288931664,-8.333572507983431e-05,-2.6793441713559543e-06,0.7197970676551856,0.43126189971485873,-0.878614353810598
25851,2.225,0.9999968002469849,0.0006414516847368787,-0.0005741795813355081,0.0023787293534834144,0.023189254417346077,-0.3824205595358089,9.731237632073087,0.0017394594207844698,-0.0021139674819494296,-0.001607818562917458,0.7251161466374829,0.4273810783216681,-0.870868317525196
25852,2.233,0.999996837028347,0.0006373858082675441,-0.0005662518920181924,0.002366227256153972,0.05634704795400717,-0.34295409412138683,9.7813077144371,0.0019002702984449909,0.001519309188762695,-0.002038056481639876,0.7119177049400401,0.4328349535417384,-0.8687066888436273
25853,2.242,0.9999968083537829,0.0006330770611690952,-0.0005711090607883588,0.002378304043422433,0.024612898055274498,-0.3685333153483348,9.788228262408866,0.0018055495371594786,-0.0014719050920984108,0.003852936658955216,0.7251367803017954,0.4311815476115429,-0.8739339113239195
25854,2.250,0.9999968183464126,0.000628094579562764,-0.0005771725470945756,0.002373955792108196,0.05577435725473954,-0.34945409157703816,9.752827940527478,0.001761485118391299,-0.0018999723567442468,0.00021245749697387234,0.7173354888070532,0.429169351106062,-0.8756254778603026
25855,2.258,0.9999968499301335,0.000632010446821943,-0.0005707523373908862,0.002361129893921134,0.05579587652036784,-0.3492300151618585,9.752835844018179,0.0037421733653788362,0.0014359070072318928,-0.002040808569491511,0.7160809651208833,0.43203408792907383,-0.8706047827153179
25856,2.267,0.9999968201971341,0.0006425908141027767,-0.0005753761863176781,0.0023697288687418022,0.02662443911192855,-0.34620958166366333,9.752934785839583,0.00548939833627574,-0.001638452108403389,0.0038475923316789755,0.7204797628295708,0.4227280687142625,-0.8712238718614879
25857,2.275,0.9999968397254948,0.0006388655134150562,-0.0005674725135202749,0.0023643952346756743,0.0557923540712288,-0.34855494753994115,9.75286001336808,0.0019223396550868198,0.0017332701027827678,-0.0002179314180865551,0.722220798589401,0.4193839670046109,-0.8759800729410985
25858,2.283,0.9999968443071374,0.0006426957989452367,-0.0005651271238471723,0.002361979934553212,0.05386388849381267,-0.369902348357216,9.788190893927625,0.0037058684241219517,4.7426174035516876e-05,0.0018148616385719866,0.7251163593892006,0.4351973281716936,-0.8708999265664453
25859,2.292,0.999996855359758,0.0006306437657091288,-0.0005719627958033764,0.002358901777763271,0.026609660959731496,-0.3455331506806009,9.752958813805037,-8.044298118483893e-05,-0.001816618480352111,0.00021527417994525038,0.7231558983622783,0.4318159366127814,-0.8698165680638041
25860,2.300,0.9999968374977114,0.0006335875120742471,-0.0005692525744166037,0.0023663290023649805,0.055855572775473226,-0.3480328954317292,9.752878295207195,0.0037058905939583897,4.742175827026322e-05,0.001814836804288656,0.7256380331715618,0.42354038682375467,-0.87585949326473
25861,2.308,0.9999968329168484,0.0006295705412473668,-0.0005677284389349704,0.002369700746219644,0.05654346869484995,-0.34100759133869996,9.781374635629152,0.0018639798141090464,0.00013080375558243313,0.0018175321033325508,0.7253878319294552,0.4326110298206515,-0.8749598742214878
25862,2.317,0.9999968420326112,0.0006253256110286436,-0.0005660294537256641,0.002367383226955519,0.026661629775208185,-0.34500971013214915,9.752977202553794,0.0018419185380281681,-8.339645062671755e-05,-2.6904475778982473e-06,0.7109513845735811,0.42740691567410133,-0.8702316740365237
25863,2.325,0.9999968598867012,0.0006285897952263344,-0.0005746788231363858,0.002356869928087559,0.05593353811466307,-0.34743646374316856,9.752899113995836,0.0035813096044749713,-0.002197617978584211,-0.001610269647188954,0.7180254291991601,0.43036922950205087,-0.8693114355673077
25864,2.333,0.9999968362238528,0.0006391533028692974,-0.0005792879276839865,0.0023629326772871893,0.05353168014925476,-0.37544143477588793,9.75974880892329,0.005489483634057251,-0.0016382790122465873,0.003847685767073369,0.7265987893549566,0.42631038668784493,-0.8735078238320129
25865,2.342,0.9999968264632281,0.0006428117571265927,-0.0005780929879258823,0.00236636113379672,0.02511225438852112,-0.3656174398209943,9.788336344012583,0.0037059552959354015,4.745376645345211e-05,0.0018147892261532045,0.7112399165784347,0.42741836817092876,-0.8768261879271226
25866,2.350,0.9999968549781458,0.0006389305411678194,-0.0005692709549422035,0.0023574842863768,0.05747073191431221,-0.3328602795069367,9.80990734897649,0.0019224249997579436,0.0017331695125033272,-0.0002181394594558318,0.720495527911367,0.4267983640252958,-0.8735661284892018
25867,2.358,0.9999968726546845,0.0006421945633653612,-0.0005779207859624027,0.002346971358834188,0.056790877416971315,-0.3394392365187099,9.781427754306517,0.0035812858300668135,-0.0021977752619051715,-0.0016101561328065379,0.7170569067189507,0.436434496416943,-0.870509247352972
25868,2.367,0.9999968712813626,0.0006376161847466988,-0.000575318076728683,0.002349442954925487,0.024441281435975775,-0.3717463344501003,9.759874541977306,0.0018640374063699176,0.00013093753146863768,0.001817496430269907,0.7236688592652966,0.4319307385193414,-0.8734816410415993
25869,2.375,0.9999968838749718,0.0006335651722362961,-0.0005749484964718297,0.0023452653894124346,0.05616864288052247,-0.345872182716317,9.752953362625915,0.001841937212132944,-8.342885557856474e-05,-2.7074066231301882e-06,0.715551582387102,0.4320054105306242,-0.8644998783150436
25870,2.383,0.9999968554247772,0.0006205764328208744,-0.0005857197626024675,0.0023581683163952736,0.05699857250727326,-0.33899739990446875,9.78144186879438,-0.00011677305124427568,-0.0032044194906959093,0.004071408141517544,0.7126595575567537,0.4310753581557941,-0.8701053722894884
25871,2.392,0.9999968526609723,0.0006245611818935197,-0.0005769902670637864,0.0023604393048275133,0.053786352022621255,-0.3740271148493914,9.759801712273278,0.003786530673659247,0.0018640468627771206,0.0015992415929807315,0.719536356565654,0.4445406372357655,-0.8761532611191035
25872,2.400,0.9999968469651128,0.0006346200581186668,-0.0005839573148388823,0.0023584552294393106,0.057050913117106465,-0.33847336029860825,9.781459712040116,0.005445293462079187,-0.002067003132820345,0.00020738729037208007,0.7227071564993733,0.4320972151307675,-0.8756926744008801
25873,2.408,0.9999968336280116,0.0006222751718384796,-0.0005971704873429881,0.002364084383198101,0.027391096980045007,-0.3424152202547331,9.753066615436582,-0.00013891900869279536,-0.0034187113279291964,0.0022513403036759634,0.7237069193096133,0.4329525954943148,-0.8791363145919726
25874,2.417,0.9999968409042257,0.0006178165797531675,-0.0005957082658363464,0.0023625443709441776,0.054149968256960695,-0.3733681146406483,9.759824933935016,0.0018419444067416166,-8.349193210610818e-05,-2.752821163831695e-06,0.7182867588073953,0.4266146625122476,-0.8718644230901915
25875,2.425,0.9999968413660082,0.0006211143773257238,-0.0006032030054032881,0.002359580698258577,0.056790514785683345,-0.3447755311645485,9.752988590926497,0.003603352809284926,-0.001983561910367948,0.00021008298316907653,0.7202475676345913,0.4314599860835125,-0.8729994551272383
25876,2.433,0.999996842430033,0.0006167322345860801,-0.0006005890066547833,0.002360945607361016,0.056862887137901004,-0.34455382670290824,9.752996003761494,0.0018641351207663766,0.0001309945034237091,0.0018174274427123086,0.7248627960777799,0.43011662838251435,-0.8695007966906145
25877,2.442,0.9999968276622793,0.0006280661465914689,-0.0005997234929977051,0.002364430169447032,0.054296389978069334,-0.3726242385642038,9.759852550273319,0.005548044319067088,-3.602187445933337e-05,0.0018119054979505167,0.7205304004078241,0.43516571841446594,-0.8787472202848601
25879,2.458,0.999996802356551,0.0006268552350798365,-0.00060331032995094,0.0023745201271391484,0.041398853885129566,-0.3532598057741448,9.77073223337863,0.0027448438607008533,-0.0008190227730407074,0.0019238854385261975,0.7263108949839384,0.4289828095469974,-0.867008044754491
25881,2.475,0.9999968535876917,0.000610850032616552,-0.0005940598831137501,0.002359400307386301,0.04104864960246256,-0.3563653998014403,9.756500517125424,0.0009501718434424769,0.0007592115492355559,-0.0010193318727627178,0.7231724170113344,0.43905808461724566,-0.8722707840160638
25882,2.483,0.9999968250028195,0.000613204224531968,-0.0005990582379791665,0.002369618975124001,0.025191497632575277,-0.3689996955206206,9.759976865166603,0.003625539035832291,-0.0017690328012520424,0.0020303994162417004,0.7266125644534023,0.42892536243733664,-0.8755544237830732
25883,2.492,0.999996825474709,0.0006165016059200661,-0.0006065526940966442,0.002366655890408435,0.05778086183295584,-0.336174803173901,9.781534694764293,0.003603336316341772,-0.001983660443501482,0.00021022501499167034,0.7236375609685534,0.42476610257217645,-0.8688315768091084
25884,2.500,0.9999968214571708,0.0006122816089716683,-0.0006035823064956077,0.0023702057266406,0.05458929051087988,-0.3711364794721668,9.759907603669298,0.0018641948272545307,0.0001311001287461581,0.0018173963375857165,0.7229398154280514,0.42531720711132104,-0.8739859891810038
25885,2.508,0.9999968239250611,0.000623581022883276,-0.0006038728799521455,0.002366141171574687,0.05785586948359395,-0.3356516967332306,9.78155221606547,0.005525908600258306,-0.0002507052074598234,-8.326684953003803e-06,0.7170719953153308,0.43073663252814726,-0.8727509968935624
25886,2.517,0.9999968233592867,0.0006113030440297224,-0.0006084932661939963,0.00236839943190064,0.025487201468003436,-0.367961354944571,9.760015298744882,-5.83719271195541e-05,-0.0016018349582648886,0.0020360094059501785,0.7236591221002632,0.4324703905616585,-0.8720349666995805
25887,2.525,0.9999968551435076,0.0006152191219438497,-0.0006020767612583646,0.002355570440607784,0.028052996508136835,-0.33944245958054,9.753168649676686,0.003742317933056343,0.0014346664146939574,-0.0020415819567026886,0.7145881406198096,0.4248522270802868,-0.8664525440022957
25888,2.533,0.9999968523105996,0.0006184405524488909,-0.0005996705686256819,0.002356543100827467,0.025434077242535026,-0.3675086092832842,9.760032496052945,0.003706187714858673,4.7600402404757524e-05,0.0018146201997108152,0.7131609652115253,0.4310064585493058,-0.8720539510158141
25889,2.542,0.9999968332705104,0.000628759988814145,-0.0006225631583674858,0.0023559552078716624,0.02892589390436063,-0.33195634863133294,9.781675034969073,0.005284093737051741,-0.005700363009843816,0.0006393832093519744,0.7222127424590247,0.4269992904399661,-0.8747831540153741
25890,2.550,0.9999968433003168,0.0006247429266371454,-0.0006125890408727459,0.002355381146422794,0.0549856902303233,-0.36950320197544656,9.75996734980033,0.001944878177966035,0.001947750796817114,0.001601407891626334,0.7245970807358578,0.429252635568156,-0.8662962100242834
25892,2.567,0.9999968731767526,0.0006239541877472207,-0.0006208707033150354,0.0023406916627741366,0.04133723718893182,-0.35710268442008375,9.742353443540082,0.00271153235836924,-0.0011410767583877222,-0.0008062908685342349,0.7273321029924635,0.43705450056257583,-0.8736378503245872
25893,2.575,0.999996852746697,0.000619426323094414,-0.0006084860539507423,0.002353837813782659,0.025825096571311698,-0.3662495486771494,9.760078797023757,0.0019671715897627115,0.002162661378591719,0.003421499617059169,0.7245956124529185,0.42999321402514334,-0.8660780636492383
25894,2.583,0.9999968530786565,0.0006227234615909887,-0.0006159801884933101,0.00235087572668645,0.05825570831070209,-0.3334884534852829,9.781623834261993,0.0036033420704797113,-0.001983753613083539,0.0002104312714654334,0.7090633343870222,0.4312188374608035,-0.8799065705783056
25895,2.592,0.9999968171700451,0.0006490052344432225,-0.0006137422324793128,0.002359610658087308,0.05506283395038551,-0.368155738774106,9.760017837621259,0.009254566019489048,1.1721759396683113e-05,0.003626290503288828,0.7270898419473085,0.4380218427866666,-0.873917925695601
25898,2.617,0.9999968256932047,0.0006442339741146376,-0.0006193379111437422,0.0023558409653051987,0.03738896030428401,-0.34680189855676186,9.755527999155955,0.002436547737992616,-0.000645373088876701,0.0006750232216466807,0.7219998088423942,0.4268356538745564,-0.8794204769239131
25899,2.625,0.9999968226436841,0.0006467245346354919,-0.0006245492208641935,0.0023550771077986937,0.05670545688093848,-0.3533874846042282,9.81702193952734,0.003603337418088261,-0.0019838262843987595,0.00021055468341828068,0.7214738072930587,0.43411802408705935,-0.8738179233379153
25900,2.633,0.9999968227681816,0.0006500216151825492,-0.0006320433341451078,0.0023521153598033413,0.026982021590194034,-0.3572641427084236,9.788639814894749,0.0036033458088132646,-0.0019838267736538543,0.000210557880970954,0.7187911418796266,0.4321488898356337,-0.8742550668406538
25901,2.642,0.9999968106914396,0.0006451188540830308,-0.0006370094410028193,0.002357254247140078,0.057446590943224414,-0.3449903701006724,9.72473077255291,0.0017836818902505407,-0.0016850792125118236,0.00203351871022962,0.7199883630582624,0.43031755479718464,-0.8707621887741646
25902,2.650,0.9999967943983261,0.0006334612538040114,-0.0006339913392527635,0.002368116317685548,0.029023073776475693,-0.3354328249423465,9.75330453413397,4.472084843834361e-05,0.000430192280420771,0.0036402532555478264,0.7146537508610182,0.43110403555424365,-0.8762004174547897
25903,2.658,0.9999968171400364,0.0006362961086735604,-0.0006417564737704483,0.0023556285120962363,0.026530110286192718,-0.36365154097317026,9.76017405103647,0.003580952210073287,-0.002199007232361526,-0.0016095676630166799,0.7207487625376453,0.4235748366269988,-0.8749164248123147
25904,2.667,0.9999967777074746,0.0006473384599074904,-0.0006472644204690226,0.0023678210143475193,0.058420868560157276,-0.3375746904581108,9.753230855624103,0.005490112757717019,-0.0016373343833713636,0.0038479545459514544,0.7273175552116261,0.43810796729477697,-0.8714764510672932
25905,2.675,0.9999968299390548,0.0006431154188293456,-0.000640346956490999,0.002348716708127227,0.05914512865947073,-0.33044487746330814,9.781721788176453,0.0018779621522762202,0.0013024291662594198,-0.0038594074304293276,0.7192475729575021,0.4296286510450634,-0.8695213659132087
25906,2.683,0.9999968129292982,0.0006464472184430134,-0.0006466822577763648,0.0023533039112188536,0.05589408979164787,-0.3654163350175508,9.76011605816718,0.003625730038877769,-0.0017686992009248769,0.0020307369972379446,0.7295899636885875,0.43624786254511666,-0.8826332132238317
25907,2.692,0.9999967984012506,0.0006496425474833767,-0.0006442762657208493,0.0023592498602073944,0.05666917505171639,-0.35828715240228387,9.788607100236172,0.0037064515739721627,4.778082829357932e-05,0.0018143908050305881,0.7222268073910324,0.4308342095330851,-0.8768728152451059
25908,2.700,0.9999967940306741,0.0006456258212518806,-0.0006427467508589235,0.002362619793217206,0.05850816998415852,-0.33652861420259783,9.753266481681138,0.0018644286280961936,0.00013150737950532365,0.001817252418129964,0.7165780838602614,0.43467490103099854,-0.871916146827977
25909,2.708,0.9999967779153013,0.0006484400854840579,-0.0006481080853453355,0.00236720095922971,0.05600613988680166,-0.3646709744683374,9.760143293453206,0.003625725348535984,-0.0017687083073563204,0.002030789749409648,0.7322167560258441,0.43142553628026836,-0.873894870610618
25910,2.717,0.9999967809021538,0.0006447506058160597,-0.0006390448499247134,0.0023694099827198806,0.02866969203955836,-0.3402558363729048,9.72489260403155,0.0019452044119501182,0.001947988987683945,0.0016008197186202187,0.716130559298315,0.44007994159221914,-0.877973110535473
25911,2.725,0.9999967757377571,0.0006554099876172746,-0.0006381362917489708,0.002368909857211535,0.027457373609794895,-0.35464794577078046,9.78873362890784,0.00552610869622,-0.00025130804756750327,-8.552541832330636e-06,0.7246323398841698,0.4461682058135279,-0.8715347476283938
25912,2.733,0.9999967573349331,0.0006357493643720224,-0.0006423185379552668,0.0023808757340383017,0.05854349750287252,-0.3356303794140082,9.75329722119459,-0.001877985871459857,-0.001302030161252445,0.0038595305225363695,0.7229196843490178,0.43055293101509895,-0.870995065702201
25913,2.742,0.9999967731880808,0.0006383962235382805,-0.0006420346002565378,0.002373574363813784,0.056756500118845636,-0.35708692683601834,9.788650451832265,0.003661651402874747,-0.0003829153147922912,-0.0018258250180770155,0.718290622840671,0.42903732429788005,-0.8724385119320303
25914,2.750,0.9999967440636865,0.0006340869609450291,-0.0006468786134770729,0.0023856537492529446,0.027653322475415597,-0.35420429979637663,9.788749139908399,0.0018061129898399213,-0.0014695562129791579,0.003853831564803804,0.7168727208637216,0.43269999437477835,-0.8794176952416932
25915,2.758,0.9999967471388859,0.0006290471661779905,-0.0006607968333472618,0.0023818813690044275,0.05632136762363715,-0.3635596044508837,9.760182940597927,0.0016804329259005628,-0.003716731324117953,0.0004301407268046137,0.7248993687240256,0.43871935898959885,-0.8749344838842549
25916,2.767,0.9999967477582148,0.0006173545131860999,-0.0006589356147857255,0.002385193965942525,0.057173661889208006,-0.3566542922215539,9.788663796578666,2.2471214847099654e-05,0.00021537090226190857,0.0018200983068452632,0.7173355467737655,0.4294133397747875,-0.8756340901160369
25917,2.775,0.9999967384537078,0.0006197834412748053,-0.0006729238665904595,0.0023845594778098738,0.027427133101703065,-0.3606860771767501,9.76028161004908,0.0035224561566710956,-0.0038005769841595715,0.00042724954759837066,0.7190656669191847,0.42856941190806774,-0.8787685317572551
25918,2.783,0.9999967312381932,0.0006314455726453149,-0.000664522708803286,0.002386880597629244,0.030071751779439115,-0.33195103966967004,9.753420480556825,0.0056294555386958885,0.0017803423181571205,0.0015947772584810607,0.7205230781082589,0.4320283155242792,-0.8776593283913227
25919,2.792,0.9999967815270825,0.0006271007574338837,-0.0006656521983132294,0.0023665559930933387,0.05663347216457904,-0.3626730377595025,9.760214117879073,0.0017970710018450388,-0.0005147286261646734,-0.003643086435761615,0.7207317807762081,0.43514565346682743,-0.8723934031248515
25920,2.800,0.99999677621483,0.0006380729822904629,-0.0006734779264109346,0.002363651899075627,0.06002260172434589,-0.327175135611215,9.781826354955701,0.005445363141647164,-0.0020679090441857602,0.0002078813576662907,0.7229472536610412,0.42894258733895874,-0.8750911055860097
25922,2.817,0.999996784473223,0.0006295397732431563,-0.0006704110435947649,0.002363317989807208,0.04351747393498601,-0.34649426257948707,9.756845370832396,0.0018533106871702707,2.3925018652718817e-05,0.0009071212359752152,0.7183494515978568,0.42750733272505553,-0.8811788437742835
25924,2.833,0.9999967632650255,0.0006515446442331665,-0.0006843001193070784,0.0023623467986193204,0.042743867022362596,-0.356660312024121,9.774544194722202,0.005456636841951409,-0.0019601874814414383,0.0011179681325169382,0.7226914493842896,0.4282709084884596,-0.8733590300289003
25925,2.842,0.9999967617227988,0.0006472619542169616,-0.0006815272817270279,0.0023649770492211748,0.029796810101996044,-0.3367142818357115,9.725012482539212,0.001864610766696755,0.00013175098023408398,0.0018171308429689582,0.7197931456551975,0.42859524926050085,-0.878031652713025
25926,2.850,0.9999967389768325,0.0006582695646205788,-0.0006881926876173803,0.002369621848820267,0.08636183927419123,-0.36325889179370596,9.760194407391866,0.005467925296449203,-0.001852412238843323,0.0020280335621537704,0.7261052836668731,0.4319565758717745,-0.8727332595565674
25927,2.858,0.9999967523090284,0.0006538913925220848,-0.0006866632370966347,0.0023656481229861314,0.03065289966892708,-0.329275816221631,9.753509352674845,0.0018420748146198143,-8.388467236684171e-05,-2.94822081782742e-06,0.7224185467913585,0.4179171949462418,-0.8690866159621884
25928,2.867,0.9999967235734263,0.0006582768548660367,-0.0006680751965807381,0.00238184582353489,0.027915285358660814,-0.3574034118340507,9.760400982707795,0.003913543869258652,0.004112089875103273,0.005020637304004711,0.7214618482778258,0.4322264018929331,-0.8720411432963056
25929,2.875,0.9999967244885877,0.0006690750681405856,-0.0006745870720502358,0.0023766116493423406,0.05514774141085511,-0.3812002888481119,9.795683164821076,0.005445347830589472,-0.002068183591324568,0.00020812063953158278,0.7273465928065886,0.4357570451616492,-0.8757906373261468
25930,2.883,0.9999967544844764,0.0006649880367195828,-0.0006753774327233091,0.0023648840877663994,0.031206465435959445,-0.32151892503241014,9.782016659177794,0.001819528715136679,-0.0002996704678626826,-0.0018229823325802946,0.7123723199347027,0.4295913611958028,-0.8637031680067316
25931,2.892,0.9999967420893898,0.0006606872832491879,-0.0006639177063353874,0.002374556000574704,0.0278448833114947,-0.356573917248285,9.760431521999365,0.001968074765017199,0.0021640127062145216,0.0034202702151225964,0.7170695804498628,0.434413687460651,-0.872392214445081
25932,2.900,0.9999967419256842,0.0006639835191779668,-0.000671412139875555,0.0023715964333203914,0.05772334778601764,-0.3521625880871972,9.788823196391933,0.003603268412242119,-0.001984279819153334,0.00021111242052023092,0.7168706149469468,0.4307566974757857,-0.879104814053571
25933,2.908,0.9999967406910754,0.0006595058438491736,-0.0006690918500333525,0.002374020927649856,0.031188940999749587,-0.32091554611119316,9.782036528520614,0.0018646496370875038,0.0001318607478821822,0.0018171304100375592,0.7244195024645145,0.4325679675665964,-0.8761863627560428
25934,2.917,0.99999676727874,0.0006710984798210738,-0.0006630129647527631,0.0023612438901569805,0.028560575300939094,-0.3489715272213307,9.788934482287125,0.005584634058221694,0.001348721289860922,-0.0020457752496422193,0.7254145897075063,0.42758484478235487,-0.8789353425250165
25935,2.925,0.999996749166041,0.0006741797985676078,-0.0006681816693710218,0.0023665739386757156,0.055184703259222964,-0.37961986861759706,9.795744330731,0.0036258382276547815,-0.0017684138819031273,0.002031248981076995,0.713893776263753,0.43271437923038397,-0.8721093071884676
25936,2.933,0.9999967544308372,0.0006697999828935035,-0.0006753441555521825,0.0023635579212670146,0.02872409405260689,-0.3483764014292397,9.788955200969134,0.0017611819902290267,-0.0019003442769157945,0.00021412558709602413,0.7131947943071606,0.43498201690141775,-0.8770800222082551
25937,2.942,0.999996753048071,0.0006801985801039642,-0.0006825112405316604,0.0023591103436751528,0.059912044383210954,-0.32924220849781755,9.75350664677353,0.005445391180759635,-0.002068257204589022,0.00020827088349716959,0.7265909650914293,0.434901664798102,-0.8723453539292254
25938,2.950,0.9999967620119576,0.0006688342149388494,-0.0006731136100699346,0.002361259083836613,0.025598537386508854,-0.38306955792526515,9.767389608481245,0.00010351111955985929,0.002032322223219689,0.0016029376562876638,0.723654794333289,0.4280958194262225,-0.8713919798118676
25939,2.958,0.9999967829293094,0.000663919110238845,-0.0006799941869172816,0.0023517972602077257,0.05806286449596416,-0.3504464702781361,9.788882776585492,0.001738593696799799,-0.0021162927071939324,-0.0016058630172323853,0.720712267594561,0.4291406737076126,-0.8694942821667672
25940,2.967,0.999996773246522,0.0006675787294531548,-0.0006787934360751018,0.002355222846273447,0.028254382255910492,-0.35441440890362336,9.76050899855315,0.003706812814855852,4.803626983692639e-05,0.0018141536702095875,0.7197419481462701,0.42764229189201564,-0.8704251140246685
25941,2.975,0.9999967659861527,0.0006628518997735428,-0.0006835516232758074,0.0023582624480032164,0.057490448110260564,-0.3568572602438301,9.760423477217786,0.0017837830426503506,-0.0016843694121231336,0.002034234019549033,0.7200002449916514,0.4388054834977092,-0.8725275165783521
25942,2.983,0.9999967522912766,0.0006591992192619583,-0.0006733234936100621,0.002368015785823867,0.031575025656370034,-0.31882511252384826,9.782103646533479,0.0019682855859510223,0.002164375158886795,0.003419956968335053,0.7251203005043201,0.4310236834509279,-0.8714854676457061
25943,2.992,0.9999967670138643,0.0006617732884985416,-0.0006806988758123994,0.002358954635999505,0.026434366542191282,-0.3753152705575832,9.795898546922988,0.0035806512127684676,-0.002200410224920622,-0.0016087219418837566,0.7224306605915966,0.42738107832166816,-0.870886392789313
25944,3.000,0.9999967721111253,0.0006573930563749724,-0.000687861026076001,0.002355939071524972,0.05691223579342408,-0.36312073919473103,9.731970423505526,0.001761162590284277,-0.0019003723525188878,0.0002142516336347251,0.7231374285814527,0.4302027528906247,-0.8670724677089372
25945,3.008,0.9999967652547397,0.0006606292420855614,-0.0006852415237220913,0.002358705813797358,0.031097413169421006,-0.3250168873283524,9.753650795248404,0.00370686978226286,4.804060856546975e-05,0.0018141068882093709,0.7183390767989881,0.42536310941139266,-0.8796374346191875
25946,3.017,0.9999967780270681,0.0006565772120812159,-0.0006848704180502439,0.0023545263553508226,0.0887280672236266,-0.336984248129204,9.7249970459972,0.0018421195536717973,-8.401839014265346e-05,-2.9558244381914503e-06,0.723140210362326,0.4211493347953499,-0.8674857636735122
25947,3.025,0.9999967737367808,0.000652248477964179,-0.000689783019684213,0.0023561170045812486,0.028595372786977203,-0.35300193708744265,9.76055919129963,0.001783794810845455,-0.0016842902291109014,0.002034317973401168,0.7178029902843452,0.4317211996538601,-0.872536533156765
25948,3.033,0.9999967771519116,0.0006485605641794614,-0.0006807162730838547,0.0023583215091889436,0.05590258185129114,-0.3770158207517815,9.79584082949993,0.0019457549696723752,0.0019484303641116591,0.0015997837158403358,0.7263533987286539,0.4348672149948578,-0.8733229297040459
25949,3.042,0.9999967786602749,0.0006592901619270487,-0.0006798129252599252,0.002354964955725421,0.03179752018071478,-0.31732934759825776,9.782151562973308,0.0055263751928015074,-0.00025214019057166634,-8.84972897919868e-06,0.7251199527040463,0.42955975143857517,-0.8714337941113004
25950,3.050,0.9999967573376821,0.0006553095101893698,-0.0006771162190946414,0.002365881905999357,0.05767369356291887,-0.35491413356829404,9.760493246357443,0.0018874194055503758,0.0003482741870126658,0.003637076825409325,0.7170883012126693,0.430162530682586,-0.8751736038045729
25951,3.058,0.9999967765969812,0.0006582036353960968,-0.0006846536195369762,0.0023547426703439526,0.06103657550645257,-0.3194735123317111,9.782074643097557,0.003580592696918501,-0.002200674676859527,-0.0016085620910861005,0.7205017679585299,0.4184596870345753,-0.8744932275054756
25952,3.067,0.9999967366956368,0.000669246917509336,-0.0006901544175500801,0.0023669375828389762,0.05645954383338888,-0.36805023946417137,9.70356827427114,0.005490725647139332,-0.0016361329956977209,0.0038485079170859702,0.7114523284946545,0.4253861067178094,-0.872111354716975
25953,3.075,0.9999967938518727,0.0006508958946674516,-0.0006656877490607469,0.0023548843561182614,0.029279904734367163,-0.34463359553204115,9.789086040268923,-0.0015990350200271897,0.005533116234348264,-0.0006492552810611006,0.7202473357677422,0.4304840314086107,-0.8729650061043013
25954,3.083,0.9999967541328441,0.0006619392258518231,-0.0006711884732925192,0.002367079692603631,0.05901007796427112,-0.3402806822894675,9.817471408706234,0.0054906549273301495,-0.0016361445857618405,0.0038486287736592835,0.7238613331177512,0.4290258718010526,-0.8658045611015398
25955,3.092,0.9999967808073953,0.00066504609609807,-0.000670967468524259,0.002354971590722459,0.05435960266530431,-0.3888580606402309,9.738969760199632,0.003661622895708066,-0.0003845072275858314,-0.0018258712273592995,0.7197658273251547,0.4243412524364193,-0.8739729018338414
25956,3.100,0.9999967765592078,0.0006610299344917218,-0.000669432901022994,0.0023583405629726334,3.1354466492799635e-05,-0.34120701033163486,9.789206024173264,0.0018648006258512922,0.00013219609667321686,0.0018170628111215284,0.7251507484155101,0.4276881941920873,-0.8760091880238705
25957,3.108,0.9999967933044861,0.0006568628370084253,-0.0006679482185556895,0.0023528189765577977,0.05765718858947635,-0.35326206036136143,9.760553277067133,0.0018421439226313826,-8.411787979500431e-05,-2.933181999248153e-06,0.7212401629302714,0.4367502247381731,-0.8753782002103087
25958,3.117,0.9999967930536086,0.0006601584397719509,-0.0006754425176515104,0.0023498618552289245,0.02928570013046287,-0.3435037240572377,9.789125735336395,0.0036032323168831613,-0.0019845659675121127,0.00021162746004428352,0.7219510841656472,0.4224496302422929,-0.8721813329397723
25959,3.125,0.9999968229849923,0.000656409472152161,-0.0006588837668672468,0.002342865491027151,0.05911633824846283,-0.3390774012279948,9.817512401754174,0.0020042713846614396,0.0035485331964662465,-0.0004379842457319372,0.716845325451835,0.435042304057095,-0.8753474921250873
25960,3.133,0.9999967982756778,0.0006594120868596168,-0.0006727472069604535,0.0023486219978977995,0.025928578138928658,-0.37827205499970684,9.767575712922959,0.0035448296935439304,-0.0035845127389871204,0.002249225065475447,0.7202857436123329,0.4329698203959369,-0.8786713531890802
25961,3.142,0.999996818329443,0.0006464805830644136,-0.0006874554818149559,0.002339401378075536,0.061270915687193984,-0.3172273783172131,9.782146276536546,-0.0001848210622193884,-0.003849039113716383,-0.001384861601334083,0.7202691669965644,0.4254836837227472,-0.8762085249810861
25962,3.150,0.9999967941010697,0.0006581817769273219,-0.0006778892140238143,0.0023492659588133734,0.02959572995729861,-0.34268913328183626,9.789153353808873,0.005652936635441129,0.001996742277028808,0.0034134998868020246,0.7217142713701319,0.42558703313247964,-0.8732708680391386
25963,3.158,0.9999968230890105,0.0006616692366205913,-0.0006779643762997725,0.0023358874142993123,0.026233832690210093,-0.37753416873441376,9.767603445972393,0.003661621605345525,-0.0003847383462973036,-0.0018258860444388967,0.7199943521234444,0.42784321830668587,-0.8716519987858133
25964,3.167,0.9999968058321251,0.0006650007248253858,-0.000684294600065986,0.002340478686838798,0.08724403733908352,-0.3542250086403289,9.760518601573786,0.003625951698480315,-0.0017681193877752844,0.002031708293469807,0.7146420428277662,0.4233480728598954,-0.874460926417805
25965,3.175,0.9999968228836319,0.0006614801046190372,-0.0006667684692713158,0.0023392491364725857,0.029528920953916304,-0.3417820292437603,9.789185267997293,0.00202704778783814,0.0037649586621728483,0.001381691868196549,0.7182988917227651,0.42923825071255034,-0.8736670398990041
25966,3.183,0.9999967887214094,0.0006648475563286921,-0.0006719344728012519,0.00235138866638242,0.031285380319554044,-0.3200699475283332,9.753813783147637,0.0036486113299146524,-0.0015516154891927927,0.0038517610544769538,0.7163573642103669,0.4294219522255986,-0.8753966797971043
25967,3.192,0.9999967749300955,0.0006678476240161954,-0.0006773991379136437,0.002354833193286319,0.055436643109405166,-0.37915463628064777,9.767550399286575,0.003625918163449091,-0.0017681518096150837,0.0020317925904299833,0.723161346611918,0.4339859972788774,-0.8706260277921564
25968,3.200,0.9999967800599083,0.0006634668319336573,-0.0006845606955665972,0.002351820195753166,0.03228002576707022,-0.31268241233527966,9.782299621960483,0.001761032635592841,-0.0019005065241354175,0.00021477843731063456,0.7180733232268031,0.43817970694728176,-0.8764271679894807
25969,3.208,0.9999967838703175,0.0006583519149345472,-0.0006906241365562968,0.0023498638427978387,0.05573641872861146,-0.37879267464556143,9.767562736853474,0.0017610360030923368,-0.001900506723434121,0.00021477971932224571,0.7190328041425269,0.43558195609941214,-0.8738860289306092
25970,3.217,0.9999967988737902,0.0006623054641688509,-0.0006830532355648246,0.002344574998156983,0.06089728152559098,-0.3218616498463303,9.753746889460837,0.0037654846204221827,0.0016478705687187037,-0.00022372001534848627,0.7231939195550143,0.42575350974390574,-0.8754654693401309
25971,3.225,0.9999967792569187,0.0006579313406221491,-0.0006792819109906143,0.0023552448335852423,0.0589576259959195,-0.34310986362303153,9.789137329512753,0.0018876590790701195,0.00034902525106511264,0.0036369639111194668,0.7109241630618316,0.43048119136259433,-0.8661873076871208
25972,3.233,0.9999967789222249,0.0006612266392626705,-0.0006867765651470649,0.002352288769746656,0.02654611276535849,-0.3754421070693814,9.76768323965478,0.00360319315617984,-0.0019847658343993325,0.0002118815282415518,0.7198073844873418,0.4331621343597961,-0.8801471507099597
25973,3.242,0.9999967889869863,0.0006643468590643371,-0.0006859134351491296,0.002347377627790179,0.059106375968847075,-0.3425896524751897,9.78915465237266,0.0036843632193128383,-0.0001684810890379952,-5.946402892203135e-06,0.7170427449686503,0.42527130481124936,-0.8684052015934594
25974,3.250,0.9999967924375724,0.0006606602578203584,-0.0006768445888583277,0.0023495795355421316,0.02985705436755695,-0.3396863752683813,9.789257215979534,0.00194610796338182,0.001948728088002003,0.0015991262067365664,0.7224206335930018,0.426700787020358,-0.8693966571686227
25975,3.258,0.9999967800776319,0.0006636949597536173,-0.0006819243132540394,0.002352514102009231,0.056442155803824404,-0.3704860681383992,9.796086869027729,0.003625944477615959,-0.0017680843029304646,0.002031917248484811,0.7185682583462449,0.4247086554625157,-0.8774141063659247
25976,3.267,0.9999967703971229,0.0006673555841806567,-0.0006807212753144296,0.0023559393866642814,0.06021557591759116,-0.3272429025471648,9.725327410242226,0.0037071436920019228,4.819071268481984e-05,0.0018140199198610795,0.7212297301646903,0.43436201275578473,-0.8738281787994784
25977,3.275,0.999996807909147,0.0006552838875855882,-0.0006802198470266301,0.0023435177626788452,0.02991614669255353,-0.33901064106237827,9.78928045992056,-2.276730079253853e-05,-0.0002167566267212684,-0.0018199498265047518,0.7226701010042974,0.4283828703490031,-0.8701872491796775
25978,3.283,0.9999967774513402,0.0006659623012049726,-0.0006944152575341523,0.002349333649993287,0.05522502533814504,-0.38357942769975273,9.739174224872169,0.005386970533705882,-0.003668595738100083,0.002246913723818547,0.7167860520760824,0.42778009110499227,-0.8665411022186478
25979,3.292,0.9999967753588123,0.0006622088269112316,-0.0006753745309219034,0.002356824280740128,0.059227844657310645,-0.3411648749225844,9.789203677332518,0.0020501983910590628,0.003981840815014948,0.003200958243990134,0.7136413722865786,0.43251345281571363,-0.8708824224273225
25980,3.300,0.9999967711016958,0.000658193103048584,-0.0006738378160177811,0.002360192920156094,0.029155782039457807,-0.34521197708958273,9.760836153721613,0.0018649711963743684,0.0001325007554418525,0.0018169870217763931,0.7163023415197446,0.4331306169153301,-0.8672218245409555
25981,3.308,0.999996805235254,0.0006614330008589102,-0.0006664519234485447,0.002346884638079421,0.026514020931741978,-0.37333482292456244,9.767764097183637,0.003742866704740133,0.0014307839523175637,-0.0020438529639153803,0.7192941337507622,0.4318273891096089,-0.876439016453493
25982,3.317,0.9999967839779671,0.0006574534513343776,-0.0006637493102658991,0.0023578009958317285,0.05891458257369328,-0.3405483545859198,9.78922703416299,0.0018877289125098459,0.00034939932308328405,0.0036369388201345767,0.7224718890686413,0.4278977330575686,-0.8770118081127135
25983,3.325,0.9999967685590593,0.0006604954118043683,-0.0006691147866963394,0.002361970078850716,0.05824154850621176,-0.3472086371895872,9.760767019059385,0.003625912843483123,-0.0017680634347668105,0.002032104896341662,0.723446420350482,0.4332827086711506,-0.8767067386310567
25984,3.333,0.9999967737349829,0.0006561137959879745,-0.0006762761142497894,0.0023589584418131824,0.05580796716884987,-0.3753404666160164,9.767695596302511,0.001760932918555426,-0.0019006056961728775,0.00021512029624356057,0.7177373411915561,0.41838510733605416,-0.8627828874302246
25985,3.342,0.9999968024820025,0.0006594362939956053,-0.000676149449593085,0.0023458455761729614,0.05920639279441873,-0.3398841092602783,9.789248359149184,0.003661617270711889,-0.00038562073034026346,-0.0018258588545700836,0.7204869691957116,0.4253774942669983,-0.8722945392435566
25986,3.350,0.9999968036126909,0.0006477441550759931,-0.000674278363412185,0.0023491574233083894,0.02859193595471051,-0.3508276263313316,9.732413449465213,2.2798046311950478e-05,0.00021693709476927568,0.0018199312205285406,0.7168020681398594,0.4259860459158037,-0.8689206478509869
25987,3.358,0.9999968325052471,0.0006510982648009575,-0.0006742989149812645,0.0023358877318697974,0.05591728196068401,-0.37481949502866047,9.767714976631577,0.0036616227673335632,-0.00038564907091723346,-0.0018258529308143438,0.7234440825668579,0.43036345709725615,-0.8763594084199973
25988,3.367,0.9999968451389573,0.0006470462726649142,-0.0006739273614313715,0.0023317086364398856,0.030067765186243475,-0.33668161412986863,9.789360374182642,0.001842213589829216,-8.43421689716129e-05,-2.9615593642974955e-06,0.7126752258202567,0.4278173809542528,-0.8724332443874216
25989,3.375,0.9999968475300299,0.0006500214613141079,-0.0006805119205034491,0.0023279402116444456,0.056023155836624906,-0.3743734967426022,9.76773147428279,0.003603176864286803,-0.001984927069215052,0.0002122326199343991,0.7280761194926639,0.4374821907443495,-0.8753580272143044
25990,3.383,0.9999968471280448,0.0006533162859059938,-0.0006880065564770492,0.0023249857589828326,0.030313206988104736,-0.3361656410972109,9.789377349664653,0.0036031853348594597,-0.001984927571163119,0.00021223584316888727,0.7188283515383903,0.42267062160460167,-0.8797833965367006
25991,3.392,0.9999968465098051,0.0006570198737121221,-0.0006782003952976005,0.0023270882138198405,0.059489718689221545,-0.3385416560795251,9.789293159601618,0.0037885293237593827,0.0018645772991980128,0.0015957371302087503,0.7246129228994979,0.4267266243727911,-0.8686499188894196
25992,3.400,0.9999968514991218,0.0006526381485239736,-0.0006853611241711869,0.002324077326697269,0.026286195305642843,-0.377766568229669,9.739390334059008,0.001760957648213176,-0.0019005903664764073,0.0002152690299800266,0.7182977515036504,0.41751818216291764,-0.8734976347660063
25993,3.408,0.9999968772963929,0.0006488866404105398,-0.0006762140944811368,0.0023166955108382646,0.032176266024553236,-0.3140290233411406,9.754007244119267,0.0019234933506211756,0.0017318698830090758,-0.00022123498088621573,0.7285826275968014,0.4381194197916045,-0.8780643921345768
25994,3.417,0.999996851009779,0.0006525842949765564,-0.0006738428727934463,0.0023276683714617066,0.05868488646303263,-0.3448264206833736,9.760848812406223,0.0037301013088291116,0.0002654624024711602,0.0036338919988728445,0.728826588791745,0.43738745378542804,-0.8780369121615451
25995,3.425,0.9999968502905496,0.0006631730071771629,-0.0006728080702878748,0.002325282744950698,0.05609893336458663,-0.37279930960985386,9.767791247501787,0.005526695959183664,-0.0002531608828582838,-8.88822416453341e-06,0.7226568476062625,0.42796379261804046,-0.8682181595302256
25996,3.433,0.9999968406951255,0.0006668341304257924,-0.0006716033271782494,0.002328708006901331,0.02951090342274672,-0.34139712798551075,9.760969260364227,0.003707299875528549,4.838524235220402e-05,0.001813984063736402,0.7139336135397023,0.4273753059168736,-0.8780280283742452
25997,3.442,0.9999968268479278,0.0006698814440995004,-0.0006769584681908617,0.0023322264382908712,0.0853424516282045,-0.37480542086183916,9.767722424345298,0.0036260002866196047,-0.0017678301285220604,0.002032351693532601,0.7158588740063426,0.4348499900932357,-0.873881553839181
25998,3.450,0.999996792688871,0.0006732492699640781,-0.0006821189525819017,0.002344367958896133,0.03155800893757431,-0.3193511337249966,9.725592583227469,0.0036488594835298177,-0.001550616124171562,0.0038522570181735044,0.7177855830194729,0.4276595167936378,-0.8699502933868032
25999,3.458,0.9999968225795943,0.0006693369374544119,-0.0006657315921603555,0.0023374388178654115,0.056933120478374566,-0.3647070914656073,9.796300880777364,0.0020049404131993955,0.00354796560673892,-0.0004398205706142431,0.717812959316228,0.4321575022864448,-0.8740176565217211
26000,3.467,0.9999968124695013,0.0006642947870326722,-0.0006879566720233788,0.0023367667601168498,0.030421846337762466,-0.3335324813689891,9.789467080843524,0.0015982012717365222,-0.0055330577786608945,0.0006523553282354127,0.716569428326313,0.4259257587601264,-0.870630173052551
26001,3.475,0.9999968056520897,0.0006675726345548505,-0.000685796226475635,0.00233938366471431,0.05723395348156003,-0.3643440942768012,9.796312635041035,0.00370737525519929,4.83712570569898e-05,0.0018139129083084655,0.7173600056197734,0.42855218700644565,-0.8792680004825526
26002,3.483,0.9999968145640444,0.0006562107825796058,-0.0006763906566268373,0.002341526180306666,0.0013786798660114443,-0.33048039989151323,9.789573924006747,0.00010424398641393846,0.0020334960620052604,0.001601414658055037,0.7129133718501551,0.4302917174447515,-0.8715417911699441
26003,3.492,0.9999958472249639,0.00046788553774798283,-0.0005144008239627868,0.002796785251457826,0.056254108844755416,-0.3709283810414345,9.76786158146915,0.0037887458862774118,0.0018645450755746613,0.0015954708961171556,0.7136575813656242,0.42461107845757784,-0.8732906448085523
26004,3.500,0.9999958404470269,0.0004637766187752125,-0.0005127871819498496,0.002800187350537311,0.05802539348383079,-0.3492502443253696,9.73247149066459,0.0018651121692028626,0.00013283812701628635,0.0018169347170717306,0.7282477278139569,0.4298009000612842,-0.8645809044525843
26005,3.508,0.9999958466689806,0.00045169949707724564,-0.0005096581687957487,0.0028005108293551457,0.03028351046042347,-0.33269622125850473,9.789495964906635,2.286320252544859e-05,0.00021733983591096584,0.0018198895827867552,0.7202486301505445,0.42901148694544705,-0.8731573157121435
26006,3.517,0.9999958425261327,0.00045457674392756505,-0.0005246087397125545,0.002798763317045519,0.05887410504666343,-0.3421328825025655,9.760942457185106,0.003521672686985725,-0.003801414823887903,0.00043113649235280126,0.7219319385207229,0.4318331615144035,-0.8693368178084524
26007,3.525,0.9999958735906349,0.00045804084590574123,-0.0005170163615725652,0.002788493207513848,0.058972858984901566,-0.34183702571335917,9.760952226388252,0.003743034304552485,0.0014297827105848593,-0.002044390554763547,0.714174406301918,0.42714854214977016,-0.8775298066281864
26008,3.533,0.9999958802285034,0.0004535679266580218,-0.0005241036718258811,0.0027855192511282052,0.057137443939622175,-0.3630588528363755,9.79636091443706,0.0017608580369463222,-0.0019006894527233255,0.0002156109628445682,0.7238849804297867,0.4247488776705544,-0.8693178998877754
26009,3.542,0.9999958873896506,0.0004723225138033855,-0.0005225842585584668,0.0027801116743300667,0.055763544101832895,-0.37648791442928176,9.73944787180863,0.007391947282302012,-0.00012061527129780393,0.0018079718059935419,0.7153618132336768,0.43245316566003633,-0.8725788019822561
26010,3.550,0.9999959119811351,0.0004608263396012509,-0.0005142763000020602,0.00277473962570581,0.056418761968408816,-0.36928303520943034,9.767922973612713,8.141449078394458e-05,0.0018161764400891718,-0.000218645869566689,0.7197235942988691,0.4265170855073098,-0.86769823818127
26011,3.558,0.9999959133212255,0.00046401419991339883,-0.0005120267402158999,0.0027741413605176218,0.029750986314277965,-0.33810101860809416,9.761083258236383,0.0037074202778318334,4.8427791771818915e-05,0.0018139556408371007,0.7258781691848104,0.42747004287579493,-0.8752636967239061
26012,3.567,0.9999959121519346,0.00047489484602384377,-0.0005197762178893142,0.0027712789447293593,0.056419575436389376,-0.3687571636016037,9.767942836541964,0.005445385991628171,-0.0020697706583350803,0.00020980466703526354,0.7207761388344003,0.4280728221198058,-0.8789837879472326
26013,3.575,0.999995936218519,0.00046327564715261706,-0.0005104747260904035,0.002766285899340998,0.029114003432617896,-0.34440838117975425,9.732641178891788,8.142795563600356e-05,0.0018161674142082955,-0.00021871582114997383,0.7282964716058354,0.42734662851842403,-0.8718228884184128
26014,3.583,0.9999959186856029,0.0004665168999034599,-0.0005167230206956387,0.0027709152710735764,0.02983615183878488,-0.33735366908618497,9.761108856141297,0.0036260130054897783,-0.0017676988249840152,0.0020326735695172056,0.7253604747478318,0.4212727491527208,-0.8708953510682578
26016,3.600,0.9999959528460834,0.00048112448055596165,-0.0005166296270590018,0.002756066856437929,0.041936057399738616,-0.3665186524853758,9.768023121792886,0.004594249799150648,-0.00032015341007732745,-0.0009173439937180779,0.724380399019376,0.42715431455456476,-0.8703766686024523
26017,3.608,0.9999959281486606,0.00047713656125157854,-0.0005050283394334805,0.0027678463066932724,0.029869502716777616,-0.3363788949138487,9.761142394386141,0.001969531790673764,0.0021668836736638956,0.003417933494585186,0.7185872307123499,0.4353580323783252,-0.8802328770407123
26018,3.617,0.9999959145780376,0.0004727009468531537,-0.0005109447075112868,0.0027724207032335507,0.05643026034275782,-0.36725501806090266,9.767999367014994,0.001783730249570436,-0.0016830682744996255,0.00203573642608363,0.71926534713778,0.4283139707425148,-0.8721621191992642
26019,3.625,0.999995886262246,0.0004682921449749063,-0.0005073525691077083,0.002784017676559332,0.05906187581445625,-0.3387630417730911,9.761058856787898,0.0018881187469968795,0.00035074117232382227,0.0036367505902722527,0.7273154492948511,0.4361646703957844,-0.871163569879171
26020,3.633,0.9999958851081644,0.00047917282690221476,-0.0005151022623606914,0.0027811561984130173,0.027366490795878173,-0.3641241168294932,9.768109441147123,0.0054453758051086106,-0.0020699642747342675,0.00020999600493292261,0.7246505580616969,0.4328808558418101,-0.874241466667965
26021,3.642,0.9999958464077496,0.00047493829072715735,-0.0005046493168486425,0.002797665086494342,0.02995534531486029,-0.33548008152679776,9.761173063884474,0.0019467228043119904,0.0019492494330697646,0.0015979837605333467,0.7200585323119769,0.42115501488738283,-0.8811874058266381
26022,3.650,0.9999958590788793,0.00048647314651756454,-0.000497335098028101,0.0027924589115634695,0.027223664612180804,-0.3635161199555864,9.76813248549136,0.005608399824065772,0.001562280223605698,-0.00022775983869982854,0.7215054145384945,0.43566230820272783,-0.8785138888307655
26023,3.658,0.9999958361383872,0.0004889383408151824,-0.0005179012118031105,0.002796502015396382,0.027376462097724395,-0.363147163791283,9.768145782167528,0.0034629873026838895,-0.005399871035096014,0.0024708389919606355,0.7231563041292646,0.4335238572938596,-0.8698768538539441
26024,3.667,0.9999958238446641,0.0004698407171657844,-0.0005069197903234894,0.0028061673610679625,0.05925321785246244,-0.33742055438378277,9.761104196652825,-0.0017148674501415019,0.002336363473136129,0.0034236703508214914,0.7239321208901697,0.4293875024223544,-0.8763216729854025
26025,3.675,0.9999958061383757,0.00048036661881141387,-0.0005135184001265637,0.0028094932684528213,0.027475898301416803,-0.36292527273704844,9.768153749451548,0.005445355456117037,-0.002070123491219907,0.00021010265532984298,0.7236909803276802,0.4281503341771052,-0.8767682211970558
26026,3.683,0.9999958338673557,0.00047687479649380214,-0.0004980098473378787,0.0028030027743169354,0.058449272640686264,-0.34388010200390207,9.73266017906552,0.0020054027063813704,0.003547587282789236,-0.00044099038708216823,0.7165586866120388,0.4291578986092346,-0.8690342503813613
26027,3.692,0.9999958410381591,0.0004728113580341698,-0.0004878918562324051,0.0028029122965026985,0.08885317680414498,-0.3325794206156305,9.789494247143683,0.0019467909671659483,0.0019493025129843973,0.0015978723796437658,0.7339435529535298,0.42351454947132156,-0.8765355736932938
26028,3.700,0.9999958714109244,0.0004763044219287847,-0.0004889496099994132,0.002791276317981197,0.026399972794343876,-0.3691475696634304,9.739720516543695,0.0036616974428867423,-0.0003872049890726683,-0.0018256806859647725,0.7192567304554123,0.42664911231549174,-0.8708819176978847
26029,3.708,0.9999958770008832,0.00047174098064937573,-0.0004947942230834607,0.0027890178126910086,0.027222955153406288,-0.36201209417913,9.768188342309715,0.0017607605869291777,-0.0019007808791460122,0.00021614220482478125,0.7191943663500933,0.4340606692901603,-0.8616163305665108
26030,3.717,0.9999958535702248,0.00045999330416536316,-0.0004916746289716973,0.002799911530238052,0.05790585409265442,-0.3507955294391986,9.825017095647343,4.5872813753570886e-05,0.0004357923689794918,0.00363965948856521,0.720239105737229,0.43736738883778964,-0.8717422504113739
26031,3.725,0.9999959113920157,0.00046306687291114033,-0.0004863463268263453,0.002779610687571099,0.02649398175933496,-0.3687023110878599,9.739737126959279,0.0036973981274215735,0.0009930460951634173,-0.005684435243647246,0.7258346417757224,0.43111842040984927,-0.8687967234634927
26032,3.733,0.999995900740116,0.0004666354267275715,-0.0004850609143897033,0.002783068495905458,0.05894640772976657,-0.33582968832392873,9.76116091744634,0.0037075579068877513,4.862975965195751e-05,0.0018139791587718965,0.7253495011667084,0.4235289343269272,-0.8692649793741309
26033,3.742,0.9999958827951689,0.0004699354402377786,-0.00048241820309108657,0.0027894132126377647,0.027903280109476215,-0.35426554340029714,9.796678314562394,0.0037075664506541115,4.862925447501556e-05,0.001813982407741019,0.7141182440134987,0.4399020124839655,-0.8691856385497103
26034,3.750,0.9999958720796243,0.0004735040488520502,-0.00048113259692365883,0.0027928711126471296,0.027166293854562387,-0.36088180481098087,9.768230323645419,0.0037075749955686795,4.862874929536743e-05,0.0018139856572766577,0.7260754925046503,0.43113564531147136,-0.868307113973168
26035,3.758,0.9999958565377323,0.00047609846507374015,-0.0004874285439710916,0.0027969002545868817,0.0564152473552955,-0.36327232546436566,9.768148381354925,0.003603075184996922,-0.00198548346191159,0.00021336342830616565,0.7212344439622015,0.42651992555332624,-0.8745285191849728
26036,3.767,0.9999958730966028,0.0004799565590836122,-0.0004797830075769137,0.0027916374640961,0.029844921877617264,-0.33194389394767165,9.761294295729714,0.003766237981056058,0.0016467159639841293,-0.00022507367923485703,0.7150811054923505,0.4238504350529519,-0.8671467579944445
26037,3.775,0.9999958817366924,0.0004829968601967555,-0.0004851229542136702,0.002787091567887457,0.08228707560683246,-0.4006215513735754,9.74657839721769,0.003626022007116684,-0.0017674132368814637,0.0020332351779875964,0.7219801994637715,0.4342672757968634,-0.8765070637467188
26038,3.783,0.9999958789700973,0.0004712112596239351,-0.00048317346085862735,0.0027904383487322624,0.028772070362362286,-0.345992699439656,9.825184874611164,2.294970278647892e-05,0.00021809150524628975,0.0018198078549265695,0.7156575127530901,0.42802975986575065,-0.8802382109808774
26039,3.792,0.9999959202057613,0.0004747694668318735,-0.0004760058577112287,0.002776253628485349,0.029110210439795805,-0.3382643142955928,9.732856668601231,0.0037433269261458344,0.001428559763609437,-0.002044925688048333,0.7236340256204201,0.43064766797402043,-0.8683063215199877
26040,3.800,0.9999958973944598,0.0005003491659234832,-0.0004994824450056135,0.0027758534270954003,0.05660474935233486,-0.36185334259428864,9.768199955852529,0.008966942358823955,-0.005871792951235587,0.0006433812882468775,0.7180168704835048,0.4289483597437533,-0.8680398463216624
26041,3.808,0.9999959078194337,0.000488812269194884,-0.0004813111654161384,0.002777363230655114,0.0308293760683106,-0.32352858090218184,9.789801526531226,0.0001861588259520033,0.00385034984872656,0.0013810467324329757,0.7219502535165432,0.4258740840552603,-0.8720579213778045
26042,3.817,0.9999958862055046,0.0004997306669931802,-0.0004878883668098545,0.0027820507310511423,0.02742444304392032,-0.35856293001399175,9.768314996771513,0.005468397939357066,-0.001852054272864623,0.002030422883374143,0.7239217849428817,0.4343275629525407,-0.874786036104353
26043,3.825,0.9999958652131026,0.0005106790455010294,-0.0004858664843558289,0.0027879557691811636,0.08584158795541685,-0.36349386895227026,9.768145537090883,0.0055500318543734274,-3.5980745346715606e-05,0.0018110130142150098,0.7165781418269738,0.43491888969972403,-0.8719247590837113
26044,3.833,0.999995880586898,0.0004908506061719089,-0.0004922883468204595,0.002784874701190001,0.02942566571620154,-0.3365556862989788,9.73291495274491,-0.00192398262203547,-0.0017313178441606834,0.00022238310362582034,0.7180894552240048,0.4368736390955441,-0.8788239381332882
26045,3.842,0.9999958622501354,0.0004939203242683057,-0.0004902490677249982,0.002791268739039274,0.027629896987686236,-0.3578951873377992,9.76833890505567,0.00370769970410058,4.87518765533463e-05,0.0018139139897542119,0.7209449074081072,0.42920096086328974,-0.8677847569652031
26046,3.850,0.9999958609637817,0.0005048007554957668,-0.0004979989870656916,0.002788409674285829,0.02957019113126944,-0.33611265396956574,9.732929825069517,0.00544543374956219,-0.0020703679160946585,0.000210670503797881,0.7207336739412652,0.4292727005157945,-0.8726746752717243
26047,3.858,0.9999958577490226,0.00048569334446242916,-0.00047839855715235056,0.0027963765112399967,0.027619289840690002,-0.35736809990257906,9.76835823259602,-0.001633056377422003,0.004153545326365628,0.0032034808450745215,0.7180723957594063,0.4342758882476745,-0.876289371897732
26048,3.867,0.9999958333880928,0.0004886067363911855,-0.000492175018463626,0.0028021837311072513,0.0567608070879163,-0.35998224087519726,9.76826818141831,0.0035443643942675977,-0.0035833972260144605,0.002252955669220482,0.7204825643468934,0.4275992296379605,-0.8716401001184215
26049,3.875,0.9999958345259059,0.0004991543318495989,-0.0004990462782951854,0.002798701235045849,0.0562565934367624,-0.36654689040255795,9.739824235156487,0.005445408461332088,-0.0020704913607321007,0.0002107084017214895,0.7176286186759931,0.42085073906298004,-0.8829031076249274
26050,3.883,0.9999958620374297,0.0004956635390940481,-0.0004835378711138986,0.0027922064396360296,0.03180781641389606,-0.31442262364653584,9.818328255867593,0.0020057290388790132,0.00354729318271493,-0.00044209769038789845,0.7190248830607069,0.4368449616970945,-0.8727091744980411
26051,3.892,0.9999958698933694,0.0004983509115000996,-0.0004977897418329437,0.0027864041245774427,0.05620735295988595,-0.3660201426845405,9.739844328508381,0.0035213758862262467,-0.0038017222313341164,0.0004333232900787463,0.7216959563743114,0.4315461105916229,-0.8705497644697865
26052,3.900,0.9999959135634596,0.0005024995095510953,-0.00048378697139858645,0.002772417860131802,0.08799763045879434,-0.3400755887341445,9.732792022495786,0.003825075484975708,0.0032440458072858936,-0.002264901346362136,0.7241330954915677,0.42765951679363773,-0.8699075700352539
26053,3.908,0.9999959499968674,0.0004983006178351771,-0.0004758004029317933,0.0027613946357249773,0.028333023406417867,-0.34893120271634565,9.7968685261362,0.0019010421768365197,0.001512796089692853,-0.0020423320151950887,0.7197785978743599,0.42964871599270194,-0.875870253455731
26054,3.917,0.9999959163602875,0.0004939025743513755,-0.0004805387145774915,0.002773518620871333,0.05604154586625725,-0.3653381378812331,9.739870888935604,0.0018067038992582239,-0.001463889678066089,0.00385627569421911,0.7217078765379634,0.4263534489419001,-0.8723207722373496
26055,3.925,0.9999959284370341,0.0005048919250626251,-0.00047982194038522326,0.0027673027308007993,0.059427858758564434,-0.3297701973962663,9.761364590603522,0.00552714081806834,-0.0002544311728066302,-8.760759542940623e-06,0.7209906375522632,0.4348241527408026,-0.8745789959435195
26056,3.933,0.9999959702130409,0.000486374933908997,-0.0004561172862394958,0.0027595206330208715,0.02671938088040236,-0.362190310833971,9.739980846547372,-0.001597328410854912,0.0055329183939392115,-0.000656211153052993,0.7219729930976307,0.43161785024412763,-0.8754363963646501
26057,3.942,0.9999959385558801,0.0005115677789123062,-0.00047864138958864376,0.0027626205987823105,0.027462733786413743,-0.3549555276727805,9.768446640470353,0.008966874640115663,-0.005872141145327881,0.0006447068747401895,0.7192595899394473,0.4317642619079152,-0.8713067582105527
26058,3.950,0.9999959559699005,0.0005007664079772078,-0.00045409513258334855,0.002762439947051251,0.029331316524116153,-0.33318040420618533,9.733031366614442,0.00026806453941436776,0.005666666124231894,0.0011604549206226129,0.7234209760703648,0.4299960540711598,-0.872926419917058
26059,3.958,0.9999959422734278,0.0005039776464076347,-0.0004517658216936944,0.002767191871569383,0.057862292159817655,-0.34323591075495585,9.825284351781518,0.0037077540895278462,4.8940351683858266e-05,0.001814009406353724,0.7205460877864589,0.425067446037801,-0.8810779323644812
26060,3.967,0.9999959698137199,0.0004994647099497902,-0.00046002524181524776,0.0027566770029355666,0.05648814476694053,-0.35688882807794237,9.768383270102488,0.0017377061747140695,-0.0021194667646916962,-0.0016028270355536397,0.7185792707789491,0.42953675413215847,-0.8790502503340978
26061,3.975,0.9999960046198969,0.0005035713056797778,-0.00044418079510632303,0.0027458812074231415,0.026534637181181143,-0.3609077291623815,9.74002896085819,0.003848192799491164,0.0034624028539338454,-0.00044538327516094106,0.7214011454707144,0.43278905124166683,-0.8630223792888674
26062,3.983,0.9999960162555592,0.0005151078526269138,-0.0004368685714670093,0.0027406719547545953,0.05623304739672935,-0.3562759127474548,9.768407116338485,0.005608904324983799,0.0015615633704987699,-0.00022839883261685235,0.7180160398344008,0.43237281355672064,-0.8679164347596947
26063,3.992,0.9999960122878594,0.0005097439260167493,-0.00045027927800676495,0.0027409520393579506,0.058184568788500576,-0.3345845722758511,9.732985755827668,0.001679001091517829,-0.003716847030218513,0.00043691317280957566,0.717333093056717,0.4260061108634423,-0.8752695353935089
26064,4.000,0.9999960109897893,0.0005206240057199176,-0.0004580294382070922,0.002738094992618982,0.024789503519071818,-0.3813327421440302,9.775496832986605,0.005445523070715316,-0.002070476061412796,0.00021129255250370446,0.7256347296902775,0.4303979069005004,-0.8753686869985463
26065,4.008,0.9999960035435831,0.0005013303679117212,-0.00044611075672739423,0.00274637031693174,0.055809259517493756,-0.3624803372676981,9.73997899776586,-0.00171472122228529,0.002338325380658518,0.003422414907842812,0.7215359592679776,0.4396550914564619,-0.8830519937387107
26066,4.017,0.9999959969668367,0.0004972221983590687,-0.0004444899656119197,0.0027497725467129095,0.030580924321991505,-0.3175639515906711,9.789997602613806,0.0018653902640541355,0.00013388477556892635,0.0018168748099619434,0.7256266347083206,0.43092894649200647,-0.8741659957987754
26067,4.025,0.9999960063409052,0.0005080095911095922,-0.0004449580222776204,0.002744310633787215,0.05571480774356335,-0.3621763524770204,9.739990847381078,0.005504248485198165,-0.0004733371000701096,-0.0018283130679992543,0.7200108898876323,0.4282450711360265,-0.874109054719761
26068,4.033,0.9999959730983771,0.0005036114742052271,-0.0004496933049429701,0.0027564358228073784,0.028077057754152146,-0.34529980555365025,9.79699792719953,0.0018066603130504164,-0.0014632721387944606,0.003856576967693142,0.7190310071744452,0.4280183073689231,-0.8736190490028463
26069,4.042,0.9999959709326777,0.0005069493293930987,-0.0004475173473412952,0.0027569637307983527,0.02480192607876713,-0.3803537828332235,9.775534940074962,0.003707834750170462,4.904445412636318e-05,0.0018139913300561296,0.7221658918322034,0.42358060903179334,-0.8678224421964182
26070,4.050,0.9999959309909339,0.0005022228579638796,-0.0004597835577017804,0.002770265845874131,0.055961408072235166,-0.3614385376558489,9.74001684041403,0.0017249011076849398,-0.0032792223330070525,0.00407662526677637,0.7241260050588516,0.42549806857835276,-0.8688541271646536
26071,4.058,0.9999959755502149,0.0005058457620361466,-0.0004520741388089006,0.0027547472502602493,0.059359830216670684,-0.3259377968580588,9.761493721722054,0.0037435935963176905,0.0014272995083810672,-0.0020455391510890673,0.7178025845173593,0.43001327897278185,-0.8724762473666251
26072,4.067,0.9999959872657432,0.0005173827910515267,-0.00044476263489067527,0.002749536989713395,0.03079925210655092,-0.3159156756859796,9.7900502462584,0.005609051405134593,0.001561261324638129,-0.00022868895147478893,0.7260716284713744,0.42871298352583886,-0.8677330251313292
26073,4.075,0.9999959664444613,0.0005132961176575735,-0.0004333053089700886,0.0027596862888427474,0.055759469336839826,-0.36053013553349195,9.740051665582701,0.0019702336488730686,0.002168904796201273,0.0034164734040907584,0.7124822882341033,0.428770338322738,-0.8800414262816071
26074,4.083,0.999995947061572,0.0005085309525852991,-0.00044674590033017057,0.0027654429664733158,0.05393890197817072,-0.381767682008742,9.775494179486088,0.0017018133908624105,-0.0034979679323480606,0.0022571062820770493,0.7209818469697583,0.4324273283076033,-0.873272957674937
26075,4.092,0.999995934476469,0.0005045079779910328,-0.0004357611240998932,0.002772474432112562,0.027408651014013508,-0.35059006405037957,9.768604440278486,0.0019703157972524228,0.002168909787688289,0.003416433849222458,0.7214789268575559,0.42798385756567897,-0.8745785495135496
26076,4.100,0.9999959398365474,0.0005157164968923377,-0.00043598126777802024,0.0027684413032602246,0.05649812266862507,-0.3529820456600029,9.768525165444549,0.0055272932845756425,-0.0002549342923298025,-8.549729929013348e-06,0.7251200106707587,0.4298037401073006,-0.8714424063670347
26077,4.108,0.9999959684403834,0.000518940527348667,-0.0004359554868366774,0.00275748917006323,0.05652702558437901,-0.3526075953395744,9.768538521195303,0.003661848379753481,-0.00038895441255945486,-0.0018254066360832222,0.721002248767222,0.43525184292257635,-0.8763041024507233
26078,4.117,0.9999959842405612,0.000522800256245595,-0.0004283113859607437,0.002752223101557622,0.028036896865651965,-0.3426572844285411,9.797090822631722,0.0037667151161429437,0.0016460389037020985,-0.0002259109903514779,0.7207105094780601,0.42866130882097264,-0.8692330745130507
26079,4.125,0.9999959509339836,0.0005249868715191995,-0.0004486254048057431,0.002760659281619496,0.054031116026055245,-0.38034308595573996,9.775549202522024,0.0034623939229490924,-0.005398766316117328,0.0024747633024862865,0.715371898198984,0.433377445630072,-0.8740771498586807
26080,4.133,0.9999959389350794,0.0005058911782460789,-0.0004376302011187449,0.002770318983792524,0.03016971317771451,-0.3209120688858682,9.761662205998935,-0.0017144829965281732,0.0023391032431862866,0.0034220038035400377,0.7153798001656723,0.4389547352075132,-0.875251164309561
26081,4.142,0.9999959485325608,0.0005168938464270431,-0.0004296396108953541,0.002766071044103304,0.028139609905211603,-0.34213317899988055,9.797108845403951,0.005609206488162851,0.0015609355635589472,-0.0002288223460318561,0.7227181491956284,0.42300073478143746,-0.8773258860766946
26082,4.150,0.9999959313179441,0.0005201346731906684,-0.00043588164193568695,0.0027707065297471723,0.05658652052976608,-0.35140804989205027,9.768581402147863,0.0036260524881344637,-0.001766861131071625,0.002034317547704465,0.7180668704279224,0.43870213408797676,-0.8754684599319577
26083,4.158,0.9999959316407233,0.0005160768132189567,-0.00042588765157548075,0.0027729021679749363,0.05584249414823906,-0.35813645349642087,9.740139498030258,0.0019473889166011585,0.001950065533683965,0.0015965182471451623,0.7221865063813845,0.4342213734967918,-0.8708851960134539
26084,4.167,0.999995941189198,0.0005196077569184598,-0.0004257749986937767,0.0027688135654749214,0.02732678193650178,-0.3482546364027277,9.768688207507736,0.0036849034251189984,-0.00017007068436759195,-5.668686106721378e-06,0.7256493742894081,0.4366727126808738,-0.877544470785621
26085,4.175,0.999995908977283,0.0005223627555268971,-0.00043092253511649043,0.0027791134590758083,0.08761499448232259,-0.3319799242293447,9.733074975563296,0.0036260463235351127,-0.001766838639351471,0.00203439374272254,0.7270854173620411,0.426318999138656,-0.8732605542781073
26086,4.183,0.9999959129108653,0.0005109059889249069,-0.00042143600837055877,0.002781281777663576,0.054690268005926405,-0.37187945336129863,9.804057751229136,0.00010497331457554047,0.002035148354372386,0.0015992920277215115,0.7178647747225415,0.4218697559919371,-0.8817159977307962
26087,4.192,0.9999959295012479,0.0005221237918920123,-0.0004207783011800946,0.0027733217093099814,0.027311735410315077,-0.34757677102505224,9.768712392482735,0.0055273745023670644,-0.00025519121213192573,-8.48406466322631e-06,0.7298093501040988,0.4358890719698313,-0.8789545983728158
26088,4.200,0.9999959085973942,0.000518383672288612,-0.00041044826083360054,0.002783091638098903,0.056400961731111775,-0.3499718219263402,9.768634035206617,0.0019704876079116376,0.0021693694127785977,0.0034161044782265834,0.7224439139896316,0.4278001560526307,-0.8728554824387648
26089,4.208,0.9999959279975681,0.0005215628245759143,-0.0004103893044268774,0.002775525377701296,0.02715414071257254,-0.34704289843897296,9.768731812246557,0.0036618916716546317,-0.0003894436538733988,-0.0018253000304879641,0.7226723419696286,0.42397384941032284,-0.8705201948609561
26090,4.217,0.9999959108419756,0.0005248036231571319,-0.0004166307047437729,0.0027801617473655216,0.027241604543052883,-0.3467462818312226,9.768742101858065,0.0036260237169005944,-0.001766793040652695,0.002034542227773378,0.724117968043607,0.42627309683858433,-0.867660048220617
26091,4.225,0.999995887164304,0.0005271832419835193,-0.00043670937648418527,0.002785142227504226,0.08587074065951433,-0.3518595325498282,9.768571282188674,0.0034621227993521576,-0.005398647713901985,0.0024755651914141023,0.7195211514145319,0.4289856495930139,-0.8738941947563738
26092,4.233,0.9999959159446516,0.0005080102685752975,-0.00042806563347701134,0.0027797085095783705,0.05350391916294098,-0.3843801912050437,9.747212776127924,-0.0017605011705769875,0.001901034589586802,-0.00021767825791658217,0.7219755238965235,0.42842877264907464,-0.8758124033246002
26093,4.242,0.9999959070882058,0.0005033380552058177,-0.0004330780738737602,0.002782966227030902,0.030255706417617927,-0.3180590097568451,9.761755315943189,0.0017835840638295575,-0.0016817038963279005,0.0020373540727591224,0.7144459368088852,0.4248062324674535,-0.8815983665389633
26094,4.250,0.9999959413341503,0.000499152548755899,-0.00043380931972641023,0.0027712761382360923,0.08607872434960608,-0.35164422162576603,9.768577203686908,0.0018193732729378013,-0.0003044696242565215,-0.0018225313069536958,0.7153823889312771,0.43600964628118577,-0.8756357835252454
26095,4.258,0.9999959553981901,0.000487455698558837,-0.00042383082227744355,0.002769827004910828,0.02506330452920602,-0.37449295466944654,9.775760551117308,0.00010506658877827882,0.0020352793545433084,0.0015991204771378883,0.7197915423237018,0.43568814555516094,-0.8777934418448236
26096,4.267,0.9999959672020802,0.0004989937501989565,-0.00041652154560764055,0.0027646147319218156,0.026783980053787095,-0.35289289930596796,9.740321958656553,0.005609407050687654,0.0015605482789068578,-0.00022907733575097306,0.7204901764800202,0.43195657587177444,-0.8727710532906302
26097,4.275,0.9999959476284408,0.0004861236515964978,-0.0004287544477922947,0.0027721075225121453,0.08593264172820675,-0.35111185434098746,9.768597639416393,-0.00014089201526930242,-0.0034124301077415875,0.0022608552055334904,0.7224649534209308,0.4333085460235837,-0.8759813620276283
26098,4.283,0.999995943150612,0.0004900229794753964,-0.00041993413506028604,0.0027743855393615575,0.028379210195348083,-0.338597858663007,9.79723097513902,0.0037900553529440894,0.0018650346375494267,0.001593369296078651,0.7197863641711745,0.4208134492137195,-0.8770241111027841
26099,4.292,0.9999959221278505,0.0005004782689702011,-0.00043317925973943586,0.0027780577570772954,0.02698081072617507,-0.3521515220997899,9.740348247569912,0.005386519526581155,-0.0036678515566251476,0.002252404541288131,0.7168605299816396,0.42983241750575013,-0.8776064661771464
26100,4.300,0.9999959422296323,0.0004966610273238345,-0.0004252028499745582,0.0027727341435185775,0.056961826798262775,-0.34759299552708267,9.76871571481415,0.0019245060502772091,0.0017307352322413411,-0.00022352495327684712,0.7190517956237632,0.439391037840098,-0.8767076395870848
26101,4.308,0.9999959557826563,0.0005000939762892911,-0.0004168539626391523,0.002768493655570979,0.02692008506221814,-0.35162399500326774,9.740367472742681,0.003766997238358334,0.001645566401326936,-0.000226368674030707,0.7195433113284964,0.43228952909462665,-0.8771865471858764
26102,4.317,0.999995932366064,0.0005030053868594861,-0.0004306253821425675,0.0027743104887725622,0.02512610394015493,-0.372689132763772,9.775829325207688,0.0035440343938858794,-0.0035826227306615744,0.0022554088127610724,0.7226917392178512,0.42949085183208685,-0.8734020913075716
26103,4.325,0.9999959765300995,0.0004911604857896801,-0.00042257300778814993,0.002761723564020609,0.057715188466147184,-0.3399507966349549,9.797186636708801,5.890787245001073e-05,0.0015963576964735803,-0.00204038746625209,0.7185646650313992,0.43034623219563417,-0.8768802388210696
26104,4.333,0.9999959657603283,0.0004947307189296762,-0.0004212830060207907,0.0027651808646083145,0.025873488607036366,-0.365421756361193,9.804287650298342,0.003708101035607359,4.920121965401361e-05,0.0018139674963321916,0.7187905813276351,0.4228687079732555,-0.8741717842649988
26105,4.342,0.9999959342160345,0.0005055448459844367,-0.0004258895904389175,0.0027739130963748177,0.027065541756179704,-0.35065565893495504,9.740401978495282,0.005491691927752765,-0.0016323085278450943,0.0038515454499256645,0.7217072777557088,0.4307538574297693,-0.8722318096983189
26106,4.350,0.9999959338101766,0.0005017669136114906,-0.0004167351041441895,0.002776134890638422,0.05768426290092166,-0.33912039895477225,9.797215597580426,0.001947697989810643,0.0019502815339710049,0.0015959929988042826,0.7243978062842484,0.43121599741478706,-0.8729629083724143
26107,4.358,0.9999959340028916,0.0004899408865594318,-0.0004061332752705867,0.0027797466386348057,0.051573797338353974,-0.4026607427039203,9.782787622103209,0.00010520239389660422,0.002035506655790512,0.001598827292782786,0.716541974947714,0.42802407977371765,-0.8665513576802109
26108,4.367,0.9999958922715652,0.0005008986453722987,-0.00041152943774590246,0.0027919856850993833,0.056025501394803466,-0.3527501861632267,9.740335004880812,0.005491638943093995,-0.0016323506139336746,0.003851663040028944,0.7185358204517047,0.42658882515981456,-0.8725947293111065
26109,4.375,0.9999958844191831,0.000503838735605921,-0.00041681682591187625,0.0027934843760010356,0.05835760536245379,-0.3314683482859313,9.825685454658727,0.0036260226970907055,-0.001766748302638363,0.0020348532705386805,0.7199668796297141,0.4367818344954008,-0.8675703434317854
26110,4.383,0.9999958650034837,0.0004990720151550761,-0.0004302537456789509,0.002799247179573331,0.02719070242559312,-0.34945973730717916,9.740444609221843,0.001701396061688659,-0.003497338605298601,0.0022585830728061936,0.7259031306160973,0.4356450833011058,-0.8789722774103425
26111,4.392,0.9999958905251848,0.0005023268718792504,-0.0004227030705978449,0.0027906849645757134,0.055710649697650785,-0.35891768885053943,9.711916075922618,0.0037439824860434055,0.0014255648378058705,-0.002046264920016497,0.7231916397381025,0.42307824683873685,-0.8751267513848059
26112,4.400,0.9999959389903992,0.0004977720292646408,-0.00043214549770112694,0.0027726297961652257,0.05722628481454289,-0.3447495830937337,9.768814929954841,0.0017140603855606389,-0.0023406193667555642,-0.0034211826300918065,0.7268384036677941,0.4280441447213562,-0.8728345169895804
26113,4.408,0.9999958819809166,0.000516659380847626,-0.00042802702289412056,0.002790318469480257,0.02552831065750497,-0.3699969965943812,9.775930546563417,0.007439600004434312,0.00031820022499771256,0.005447439444031265,0.7168582890163087,0.4342414384444303,-0.8772735204958678
26114,4.417,0.9999959268851429,0.0005051253037136069,-0.000420895583260381,0.0027773923849986567,0.05648750606107993,-0.3510480202956025,9.740393831394309,5.89603733459211e-05,0.0015960572237085722,-0.0020406278231838086,0.7178713823064274,0.4289195900325421,-0.8826977025738343
26115,4.425,0.9999959237346205,0.0005007630027800806,-0.0004187105820013394,0.002779646021909964,0.02798133019219872,-0.34128809906214325,9.768932224828799,0.0018656877104961287,0.0001345165033317484,0.0018167807833645298,0.7246490897787574,0.43362143429879746,-0.87402332029292
26116,4.433,0.9999959228749807,0.0005116424329749256,-0.00042646393382145053,0.0027767938256691334,0.056493254326185724,-0.35067361098544836,9.740407285616373,0.005445427842750272,-0.0020717579641100683,0.00021249013031179932,0.7190120156932088,0.42420922562823726,-0.8707974383463707
26117,4.442,0.9999959282778159,0.0004998896487390499,-0.00041591740942059624,0.002778587921471426,0.027320672949785785,-0.3477417027757787,9.740505731789257,0.00010532694291110696,0.0020357099644843545,0.001598561533304507,0.7151677551648579,0.4356106334978616,-0.8800205110358023
26118,4.450,0.9999959379046771,0.0005034209518778111,-0.0004158060693497077,0.0027744993788645696,0.02797801624085407,-0.3406109214990553,9.768955869029778,0.0036850536301217254,-0.00017062882313510983,-5.677321594290494e-06,0.7165827205759289,0.4334291203349382,-0.8726050349760492
26119,4.458,0.9999959211362588,0.0005062084099008729,-0.0004214111434719337,0.002779186308899026,0.05648971439152764,-0.3499990558131774,9.740431567550578,0.0036260801565218864,-0.0017665913754612704,0.0020350282845919276,0.7253918118961556,0.4355216689437349,-0.8755511875747951
26120,4.467,0.9999959535092042,0.0005030515551318,-0.0003983744574804278,0.0027714981765382153,0.030513171411690833,-0.31175666138526503,9.76195782285603,0.0020890436828166353,0.0053622019880087135,-0.0006661890287749839,0.718053636145019,0.43144276118189046,-0.8735022102641936
26121,4.475,0.9999959481558104,0.0005134966363463953,-0.0004051446875046576,0.0027705326110387266,0.05694375563125776,-0.3424819790860648,9.76889634374599,0.005445435419940756,-0.0020718189842331984,0.00021271051072164362,0.7160912239863273,0.4336903339052858,-0.8721289673589453
26122,4.483,0.9999959557523654,0.000509019892475937,-0.00041222921142942124,0.0027675701869753033,0.056369527419462995,-0.3491691864958387,9.740462047538212,0.0017603690720018482,-0.0019011648002324056,0.00021835125608069743,0.7202365552018872,0.42663188741386976,-0.8713633111590653
26123,4.492,0.9999959591018439,0.0005048798378653074,-0.0004021617433123844,0.0027685993328429004,0.027928938548948786,-0.33933037504007113,9.769000573653436,0.001947891801547362,0.001950490228861132,0.0015955909973449122,0.7298050803038368,0.4317584895031206,-0.8783202237408371
26124,4.500,0.9999959520781077,0.0005154289903384888,-0.00041744565690264937,0.002766929612274531,0.05791188701698987,-0.33475945789078276,9.797364233472504,0.0053632651020383,-0.003887691894814555,0.0004339521408385896,0.7193319039615172,0.4316293027409551,-0.8820506287251948
26125,4.508,0.9999959101129023,0.0005184768976843033,-0.0004216028842954584,0.002780861410310411,0.05739131059697826,-0.3413753383015473,9.768932458444867,0.0036493157150702935,-0.0015464413673208109,0.0038547587539166433,0.7287690155657811,0.4303606170512398,-0.8694831176530876
26126,4.517,0.9999959364083211,0.0005149903841287123,-0.00040609668290653904,0.0027743534803749597,0.030742510166146066,-0.3101137071671663,9.762009433637349,0.002006966588078081,0.00354627221768924,-0.0004453871232183372,0.716826218037174,0.4307452449789583,-0.8725086569571433
26127,4.525,0.9999959276028579,0.0005251532036683299,-0.0004202152219562488,0.0027735196015567466,0.024802779569534653,-0.3734440394600528,9.747621103383603,0.005363240743683945,-0.0038877598899753206,0.00043410154977000014,0.7234770421618089,0.43067918541848643,-0.8812562957764241
26128,4.533,0.999995929078056,0.0005293843736552109,-0.00040386333226068253,0.0027746123890490023,0.05471597412734166,-0.36879303583597417,9.775987944356714,0.003872750891487823,0.003681004476529018,0.0013712472017319431,0.7219671390810048,0.42773986889695353,-0.8745666508461577
26129,4.542,0.9999959289406126,0.0005400799368535506,-0.00041072466799846753,0.002771591800879201,0.05799335856343592,-0.33310502203979536,9.79742014072204,0.005445459044284115,-0.0020719721471409926,0.00021290372340076525,0.7241345446593753,0.43375923351177403,-0.8701228764286111
26130,4.550,0.9999959098980106,0.0005353123946646728,-0.00042415871317647756,0.0027773579669908453,0.05413404210989941,-0.3751106046461053,9.747570427954077,0.0017013353302413514,-0.0034968117616305076,0.0022595437965875417,0.7217148701523866,0.42118662464461043,-0.8733598305781692
26131,4.558,0.9999958996313244,0.0005306272637132941,-0.0004289255329646773,0.0027812188214459345,0.05768493672964363,-0.3396603699555512,9.76899050760828,0.0017835753248634351,-0.001681006598236741,0.0020381371206018703,0.725924189162528,0.4343131780969351,-0.8821009969808938
26132,4.567,0.9999958993397908,0.0005268504912816009,-0.0004197689313715947,0.002783437839696433,0.029235581057343495,-0.3298104253037534,9.797528210123277,0.0019480693976140753,0.0019505998473346013,0.0015952904447125507,0.7192522867550134,0.4217865638426048,-0.8702217062987032
26133,4.575,0.9999958781919169,0.000529583666937108,-0.0004325889399431665,0.002788549287068447,0.053643133927975234,-0.3815859049334305,9.71914729930902,0.0035438658300438485,-0.003582237465126463,0.0022567576256579103,0.7202609369660511,0.4323670411519261,-0.8749857692881589
26134,4.583,0.9999959189553845,0.0005257277676294028,-0.0004257937908037739,0.002775676951480036,0.08698483862721827,-0.34177640387330593,9.76891940383521,0.0019015651316557248,0.0015100862270439165,-0.002043917144409486,0.7261166821301143,0.42456801620352264,-0.874426757022522
26135,4.592,0.9999959340388863,0.0005213524876701968,-0.0004243144481093971,0.002771291130192645,0.027849563451302226,-0.34319109158973965,9.740665629101963,0.0018425721651018788,-8.543596847717672e-05,-2.8616274564072343e-06,0.720689914665328,0.431945123374947,-0.8661732529883737
26136,4.600,0.999995882098522,0.0005250030728196573,-0.00042066060287378085,0.0027898391404836465,0.05512373545293077,-0.36700682867811896,9.77605287336217,0.003754944120382321,0.0004899910282754303,0.005452998323812826,0.7200282391857925,0.43206276532752336,-0.8766866822339886
26137,4.608,0.9999958800939983,0.000535427989420427,-0.00042739018922698503,0.002787552604885357,0.05779098436348019,-0.33831257159865347,9.769036650467822,0.005445432699277973,-0.002072223812883434,0.00021296113996470246,0.7276003102816971,0.42764513193803205,-0.8772126716768219
26138,4.617,0.999995884141294,0.0005239733391271405,-0.00041789813333279363,0.0027897156777866375,-0.0024248761917095426,-0.3539902033018632,9.804697117763627,0.00010558397530559492,0.0020361406077720598,0.0015980011655768683,0.7241604329367419,0.4250732184425956,-0.8739691608961254
26139,4.625,0.9999958684616447,0.0005270986207093398,-0.0004230116801770376,0.0027939734796043193,0.05516169477925401,-0.3662564974416533,9.776080798952917,0.003626122489180752,-0.0017664109296721226,0.002035430396931055,0.7229429647456477,0.4316523000473717,-0.8744538909723432
26140,4.633,0.9999958637348174,0.0005310004812328042,-0.00041418958088788703,0.0027962472596618957,0.05776467990477553,-0.3376350081870756,9.769060246838709,0.003790783544459644,0.0018651468769057965,0.0015922479063705576,0.7171082972431466,0.4312791246164808,-0.8781444627902192
26141,4.642,0.9999958531292895,0.0005342425407844302,-0.00041208553210314027,0.0027997311740536627,0.029249899541183455,-0.32762223398651696,9.797601583166937,0.003708452215278526,4.9371253458350444e-05,0.0018138721160825652,0.7156147000596813,0.42776570624938665,-0.8738774247709633
26142,4.650,0.9999958420617706,0.0005378139269756765,-0.0004107934319194572,0.0028031882039299613,0.08423013755246997,-0.3680635898726302,9.77602518578244,0.003708460861632941,4.9370742535171665e-05,0.001813875399653548,0.7219472398688206,0.4339515474756333,-0.8716101763902921
26143,4.658,0.9999958704727162,0.0005339443404207955,-0.00039439868142597274,0.0027961385224555195,0.025740172494796255,-0.36240220366093884,9.776214481490387,0.002007331335548907,0.003545984576175911,-0.0004461909106015132,0.7295465713280557,0.4335439222414982,-0.8761863044565747
26144,4.667,0.9999958179164101,0.0005375953833558642,-0.0003907431311929759,0.0028146866078123185,0.028182603472036914,-0.3338487282438928,9.769188712900348,0.003754967249821623,0.0004903596206314909,0.0054530446802670655,0.7285288215858201,0.426186972330474,-0.8700703019381772
26145,4.675,0.9999957991139132,0.0005474960862634482,-0.0004121799322431791,0.002816400231765092,0.05420306517649533,-0.3715141791543604,9.747707780584594,0.005280556881986564,-0.005704043858001185,0.0006567462931821907,0.7219467952502537,0.42515934295070595,-0.8715441183261058
26146,4.683,0.9999958405211852,0.0005289848818759641,-0.00038847385602513193,0.0028085945571165905,0.05756388837623517,-0.33604752672153043,9.769116169343288,-0.001595366357173326,0.005532857599770778,-0.0006624370661821668,0.7219334647703746,0.4313365717261416,-0.8695635764392318
26147,4.692,0.9999958404664235,0.0005315388354265768,-0.0004023044742469582,0.002806183783844537,0.026446881250095953,-0.3545736995701643,9.804684435946964,0.0035203751378968117,-0.003802689304652748,0.00043788806390942435,0.7114569652103219,0.424140326021749,-0.8728002428650473
26148,4.700,0.9999958231754631,0.000534779592865162,-0.0004085418230675068,0.002810824789018033,0.05697758894664884,-0.3426780123697239,9.740689035342225,0.0036260908774398757,-0.001766370707667854,0.002035663261141201,0.7321972237290655,0.4322608516961772,-0.870992909670846
26149,4.708,0.9999958297392291,0.0005230413425344325,-0.0003979908369834489,0.0028122117983834156,0.026654349799346607,-0.3541299687115926,9.804699910396156,0.00010573445021145378,0.002036342449574086,0.0015977397329904517,0.7226916812511389,0.42924686316336136,-0.8733934790518374
26150,4.717,0.9999958018778563,0.0005336295843855192,-0.00041209337906286024,0.0028180924713529978,0.057761955266563414,-0.3353051632618031,9.769140508791427,0.005386244561612874,-0.0036677632744209513,0.0022546795661254754,0.7256372604891701,0.42720882930544746,-0.8757446939584963
26151,4.725,0.9999958066203528,0.0005219526327224307,-0.00040153424411100023,0.002820120105696532,0.058563080431993805,-0.3280816351162831,9.797586253208673,0.00010577973069002706,0.002036377210650396,0.0015976930737288562,0.7192729783860385,0.4258310218012051,-0.873295912353161
26152,4.733,0.9999957850816366,0.0005182167969018023,-0.0003911939006354466,0.002829882973834399,0.027734591041526133,-0.3392821695534064,9.740802894346483,0.001971711337086562,0.0021713619621007234,0.0034144017669844448,0.7302854682637587,0.44010577894465225,-0.8771458551706578
26153,4.742,0.9999957772772877,0.0005060178353162698,-0.00038815797377510545,0.0028352613515630048,0.025751952127920908,-0.36051821509720705,9.776284107280564,2.330917483448306e-05,0.000220649347853202,0.0018195394281134017,0.723478298314348,0.44288723130557,-0.8814429254208905
26154,4.750,0.9999957600205786,0.0005092584850990655,-0.0003943951800061866,0.0028399030094950263,0.05685766877758349,-0.3417733867474102,9.740721518791757,0.0036260213924176853,-0.0017664696683591696,0.002035773892077674,0.7161180976978031,0.42915212620444004,-0.8761216601739426
26155,4.758,0.9999957444113726,0.0005123591531892084,-0.0003924215071685813,0.002845110297402757,0.025873301022015197,-0.360071619365881,9.776300246079922,0.0037085496846153464,4.926420137885258e-05,0.0018138895079884481,0.7221781215658661,0.4335324697446707,-0.8696394435350115
26156,4.767,0.9999957312827145,0.0005079214495217485,-0.00039832316337117294,0.00284969661695366,0.028552974850650167,-0.3315311613886681,9.769266561651403,0.001783412059708132,-0.001680746396027374,0.0020386296752999285,0.7251795541436235,0.4243613173840578,-0.8802889252597872
26157,4.775,0.999995746084744,0.0005035333548248454,-0.0003968527694216966,0.002845483167542468,0.055173041815259054,-0.3624212828312093,9.776223665834495,0.001842613843008436,-8.573601671822452e-05,-2.8327773220939685e-06,0.7224689525027627,0.4293788899715434,-0.8765755153626235
26158,4.783,0.9999957391039098,0.0004994266531499653,-0.0003952244607055447,0.0028488848114979035,0.05778769444399018,-0.3339537302840898,9.769186646990772,0.0018659634630740197,0.0001349953461600635,0.001816699510950369,0.7214576555594079,0.4214995129198242,-0.871418220901749
26159,4.792,0.9999956856991721,0.0005026337688117181,-0.00039812504660446875,0.0028666075393792576,0.025294206951791007,-0.36632992443031837,9.747889790982983,0.003672733349901273,-0.0013249889169250388,0.005674893971704067,0.7193010502833412,0.4332568713187175,-0.8774666225568905
26160,4.800,0.9999957167913247,0.0005061251694695282,-0.000399198684610747,0.0028549740327618945,0.05526961412640099,-0.3617488564988257,9.776248025469256,0.003661868976434245,-0.0003923605454466141,-0.0018252023059340753,0.7197249275332522,0.43212882488799514,-0.8678963200631586
26161,4.808,0.9999957365624421,0.0005018412826496867,-0.00039031502023479075,0.002850029201828177,0.028668636369536076,-0.33048273462870115,9.769301746176867,0.0019252073532635343,0.0017299357739269878,-0.0002248528919646368,0.7207727385348229,0.42760206968397696,-0.8784785971512683
26162,4.817,0.9999957150369665,0.0005127603112013628,-0.00039688760660977143,0.002854726746572661,0.055220477176574655,-0.3612200294010258,9.776267857461182,0.005468649207069555,-0.0018522355758646236,0.002033085372767356,0.7209660239212502,0.42811304432784447,-0.8709220887914887
26163,4.825,0.999995739334483,0.0005087370952972592,-0.00038802188795981083,0.002848146496115482,0.028673618506356573,-0.3298812251103822,9.769322061298558,0.0019252271920605075,0.0017299139316964633,-0.0002249045374407828,0.7295488511449675,0.4362191851466671,-0.8765250224118997
26164,4.833,0.999995726200026,0.0005042993252316769,-0.0003939227337273633,0.002852733558082061,0.027927631952211405,-0.33673894383956443,9.740890593465497,0.0017833929936808203,-0.0016806291210509743,0.0020387836722833394,0.7229135404988304,0.42545500632429767,-0.8700822589050372
26165,4.842,0.9999957287824062,0.0005151455487939894,-0.00039293205229685334,0.0028500256859792248,0.054552122139182216,-0.36748057741233353,9.74785872939559,0.005527899092394096,-0.00025742670605543726,-8.488995066412857e-06,0.7192864636509229,0.4272260542070695,-0.87529945102555
26166,4.850,0.999995749016404,0.0005113299688244029,-0.0003849569386840369,0.002844696634143745,0.084404216263298,-0.36289029322563376,9.776217086113169,0.0019252486602334374,0.0017298902808703736,-0.00022496949483344404,0.7239411821911043,0.4398445653743047,-0.8776679325509685
26167,4.858,0.9999957520204388,0.0005221248321837665,-0.0003843262505793371,0.002841763549399956,0.05517463914815708,-0.3598639432232808,9.77631812759047,0.005527920150023725,-0.0002574228192233309,-8.439196215418305e-06,0.7199975785228848,0.42758200473633845,-0.8721313528145749
26168,4.867,0.9999957600018087,0.0005176466581504592,-0.0003914102673525733,0.0028388057957422093,0.05452058978401326,-0.36657907347812174,9.747892848818484,0.0017600317500082907,-0.0019015003796489616,0.00021938527639732858,0.7187844763290282,0.4248550671263033,-0.8732647497418814
26169,4.875,0.9999957555535017,0.0005210353511664216,-0.0003892266996662891,0.0028400527673302428,0.028786187055321814,-0.32830728677507637,9.76937475078314,0.0037086749146018195,4.937638902511444e-05,0.0018138530063177248,0.718356542030573,0.42966878094034044,-0.8822322866448836
26170,4.883,0.9999957634897829,0.0005165571672323213,-0.0003963106918396696,0.0028370951721202286,0.05466483541484042,-0.36613576202227893,9.747908702045095,0.001760024247184941,-0.0019015106998503221,0.00021941764926148013,0.7241236481600959,0.42941911217958206,-0.8685039569719064
26171,4.892,0.999995779401761,0.0005121410891314273,-0.00039498379753278223,0.0028324685292563587,0.028939399105400925,-0.32793829960078485,9.769386690958626,0.0018426495963114508,-8.582560125010145e-05,-2.835349213379548e-06,0.7183069675895905,0.435547506296168,-0.8748668911170872
26172,4.900,0.9999957995486634,0.0005083257312463917,-0.0003870086307134656,0.0028271388894485724,0.05467879615009483,-0.365836392943514,9.747919863577005,0.001925274840193292,0.0017298577921367945,-0.00022510231924024286,0.7185592167817595,0.42817617152953824,-0.8760707790927172
26173,4.908,0.9999957731721645,0.0005185434073626601,-0.0004003681058183523,0.0028327470625114787,0.023705300883879107,-0.38411542932174936,9.783508965865973,0.005386107466391616,-0.0036677708176822044,0.0022556002440395745,0.7188346692887148,0.42850051230157943,-0.8807220401010672
26174,4.917,0.9999957663031755,0.0005144370486505173,-0.0003987381602151647,0.0028361484671366563,0.05637789386042082,-0.3512146323888708,9.804810225458459,0.0018660770262919025,0.00013526419409689848,0.0018166456312569861,0.7231656934940239,0.4315202732391898,-0.8712718546615572
26175,4.925,0.9999957733492572,0.000525370753463089,-0.0003981133782140783,0.0028317441501292903,0.026467268888610007,-0.3552055060844124,9.776476668092771,0.005527981016851818,-0.00025756789642443007,-8.523883867190766e-06,0.7163050462187741,0.4306735053264535,-0.8676236682681085
26176,4.933,0.9999957516832156,0.000521636444760545,-0.0003877692170646071,0.0028415041748112457,0.05555401166540647,-0.3576249435370382,9.776398138880674,0.001972162144673347,0.0021721359015154113,0.003413748011260443,0.7177970203342947,0.42735524096923505,-0.8716495631268042
26177,4.942,0.9999957556135382,0.0005321349390195245,-0.0003946172709087173,0.002837228317573587,0.056287716865189165,-0.350305197619992,9.80484327873557,0.005445321507292936,-0.002073313479878533,0.00021393059693756983,0.7153455653030506,0.4332712561743231,-0.8701648073269799
26178,4.950,0.9999957862634495,0.0005356262267792047,-0.0003956927175405206,0.0028255950107219695,0.026477697402987114,-0.35422743930399786,9.776512126163585,0.0036619124341025376,-0.000392986680826648,-0.001825144826173286,0.7197618282433228,0.42827090848845967,-0.8733787484988462
26179,4.958,0.9999957922757449,0.000538417976263128,-0.00040226096721725956,0.002822006910545851,0.05762593777367055,-0.3353638632758265,9.740939784233813,0.0036026882761501194,-0.001987399481581518,0.00021679683181129452,0.717810099832193,0.4270423526940213,-0.8735928160090531
26180,4.967,0.9999958125276223,0.0005346028727801878,-0.00039428580624071,0.0028166763557604824,0.05838005125143145,-0.32811845580597687,9.769380855800685,0.0019253372911727594,0.001729781783374176,-0.00022533972778885072,0.7163798528094737,0.44103005891468783,-0.878737865779325
26181,4.975,0.9999958201725692,0.0005296740199693374,-0.0004007101939240122,0.002813985459184431,0.02585088215162553,-0.3605774956421384,9.748102809508385,0.0017600184906340932,-0.0019015238088527482,0.00021967437883508456,0.7187529659018853,0.43063905552320936,-0.8685831687788119
26182,4.983,0.9999958072108924,0.0005252360074568176,-0.00040660878044987783,0.0028185735882703383,0.05516270575269037,-0.36315873294280654,9.748017260649487,0.0017834680501554669,-0.0016802233101117369,0.0020391429939345986,0.7168531108637812,0.41936674210298885,-0.8765041897538284
26183,4.992,0.9999958635299618,0.000529590237252584,-0.0003842606000439125,0.0028008571791690233,0.028479568208047302,-0.3318905818794646,9.741055394436438,0.00390992583287955,0.005053854609878499,-0.0024927836642789298,0.7180417542116302,0.4229548324813659,-0.8717368824600061
26184,5.000,0.9999958278317189,0.0005318353713828963,-0.0004130834340820729,0.0028090625429947834,0.024065102678723648,-0.38119480819865886,9.783622319452045,0.003378157473679741,-0.007212979590502627,0.0027040832963045325,0.7341368771915378,0.43110980795903825,-0.8689848376075606
26185,5.008,0.9999957991727293,0.0005431903483889486,-0.0004020718869247167,0.002818673329488708,0.02877002558466453,-0.33122878808839573,9.741077066484722,0.005657699920729369,0.002000707619614443,0.00340772338080957,0.7187975558269264,0.4245421788510895,-0.8752080026241303
26186,5.017,0.999995838419301,0.0005313243132522369,-0.00040247493907031836,0.002806929368089423,0.05524155263566312,-0.3620373342066807,9.748058526688492,-2.34687652384625e-05,-0.00022141160604227818,-0.00181945486839779,0.7299753171604831,0.4321460497896173,-0.8673393391338524
26187,5.025,0.9999958222311155,0.0005342555497341194,-0.0004074992250743676,0.002811411692612518,0.026152302105157572,-0.3591651898108396,9.748154143829211,0.0036261724177269914,-0.0017660314678778367,0.0020363876182481026,0.7126781432710039,0.4331765192154018,-0.872866697155824
26188,5.033,0.9999958155120419,0.0005301494829704797,-0.00040586765109274897,0.002814812850439375,0.08792124453786662,-0.32905810030885474,9.769347696296588,0.001866181383928462,0.0001355195642652486,0.0018165901336167176,0.7226922800333936,0.42484645467549226,-0.8734824415908682
26189,5.042,0.9999958392504208,0.0005260348071829889,-0.00039709587442051834,0.002808395288319584,0.026879636470764492,-0.3517620460121463,9.77660004523549,0.001925408198152268,0.0017296965548432757,-0.00022553557982031737,0.7224366885083594,0.43199102567501857,-0.8717819750750082
26190,5.050,0.9999958339011451,0.000544592137847591,-0.00040518934834092606,0.002805605344552006,0.026897160051419136,-0.3513867245957085,9.77661349533713,0.007288093177136543,-0.0021593555528478907,0.00021131447917605142,0.7219706361988751,0.435538893845357,-0.8750862261719029
26191,5.058,0.9999958004037837,0.0005240054502281416,-0.0004157394496353272,0.0028198854223943485,0.05552893268017828,-0.3609256237439323,9.748098119064787,-0.001961135926885426,-0.0031022643000276394,0.004087236164213177,0.7209792582041537,0.43537241723393083,-0.8728883384592527
26192,5.067,0.9999958120071345,0.0005355481447137098,-0.00040843793631952516,0.0028146642480856906,0.0245374058333319,-0.37933210777301035,9.783693543487715,0.005610847297562,0.0015577263972951123,-0.00023137563752239596,0.7192722248187785,0.42265916910777424,-0.8731839530286152
26193,5.075,0.9999957490774533,0.0005382386410807691,-0.0004189035881593399,0.002834897876969789,0.027218596936992336,-0.350647788160263,9.776639135261538,0.003590483429599077,-0.0031385126764463455,0.005898143782969225,0.7238914911953795,0.42447043919858474,-0.8702852202010327
26194,5.083,0.9999957757830663,0.0005347560777889113,-0.00040339949537210047,0.002828377769665557,0.05636343314956473,-0.35314921941767896,9.776556204241267,0.002008261101018803,0.0035452137576995374,-0.0004484947961632236,0.7182652944939787,0.4262386470353402,-0.8686754177295003
26195,5.092,0.9999957861803568,0.0005310935494144958,-0.00038559993999522806,0.0028278744418438815,0.02952153896034912,-0.32194641684218417,9.76958424532406,0.0020317869378093053,0.003766804445893237,0.001370945510651267,0.7136356533185089,0.42228315363086677,-0.8700327414019867
26196,5.100,0.999995806203187,0.0005419312027501328,-0.0003945434685361648,0.0028174850596819232,0.0578857594449429,-0.331403802432437,9.741073776443612,0.005421857182103833,-0.0022952635746013466,-0.0016050872570920252,0.7212054643339509,0.42911483635517944,-0.8702229451818533
26197,5.108,0.9999958034561436,0.0005295910518303858,-0.00039920559768772925,0.0028201486327900454,0.05541638029213018,-0.3594953216575183,9.74815161145784,-5.9272265176700725e-05,-0.0015939550585952998,0.002042303140298638,0.7251337278024922,0.4321747271880669,-0.8734803940623608
26198,5.117,0.9999958148760368,0.000541134084484716,-0.00039190457103572055,0.002814927196375055,0.029618739944704542,-0.32119897039815815,9.769608554244293,0.005610948543963801,0.0015575409963115732,-0.0002314328591970686,0.7259018553484266,0.43027733258914586,-0.8787828077841882
26199,5.125,0.9999957838667565,0.0005433800812552022,-0.0004121335407107022,0.0028226109798685853,0.05556773411752418,-0.35890230402104245,9.748172602355105,0.0034605856973317323,-0.005397139633975332,0.0024824969074850834,0.7241318590754774,0.42937604992552686,-0.869723872683146
26200,5.133,0.9999958231572469,0.0005315136769884846,-0.000412537244401745,0.002810867178373185,0.059169161920104664,-0.3234197535807949,9.769532789582794,-2.3552847072250485e-05,-0.0002217155197212956,-0.001819422137912436,0.7161089593150246,0.425291369758888,-0.8747639483709545
26201,5.142,0.9999958241347588,0.0005194805205487709,-0.00040961956762308017,0.002813194775171203,-0.0025436252063273587,-0.3533036418159446,9.748359069061442,2.3552847073811736e-05,0.00022171551972129564,0.0018194221379123254,0.7185708279967183,0.4286038617113119,-0.8777958855999212
26202,5.150,0.9999958130729072,0.0005230535352568856,-0.00040832384408554233,0.0028166510776477935,0.08494776767002106,-0.361342140693643,9.748090837505805,0.003709006119777667,4.9638946964476026e-05,0.0018136696543389855,0.7220153420573411,0.42992999451068803,-0.8817282845286899
26203,5.158,0.999995824801887,0.0005117662041638379,-0.0003906347071615418,0.0028170691635647158,0.027193014194006798,-0.34868856104064305,9.77670927912327,0.00018919121756199577,0.0038529212792439527,0.0013734762502512336,0.7217837647597477,0.4274212082169452,-0.8835956703151591
26204,5.167,0.9999958283961976,0.0005149658245748655,-0.00039805513293398134,0.002814169951140967,0.02562108434085959,-0.36260616085122505,9.7198557099152,0.0036026246922139247,-0.001987714231535764,0.00021728389712425469,0.7248995037725818,0.4323670411519261,-0.8749545483774114
26205,5.175,0.9999958324840689,0.0005179576803751418,-0.00040464178083200226,0.0028112273769814655,0.0564452307385077,-0.3509714976799804,9.776634153246372,0.003602633357187391,-0.0019877147459145127,0.00021728718751595254,0.7250992228427582,0.43919588383022223,-0.8683539080934669
26206,5.183,0.9999958671040579,0.0004991183199713296,-0.0003884633798009623,0.002804594785172563,0.029833945832905266,-0.3198545587194631,9.76965200704871,-0.001677071564733717,0.0037172296762765173,-0.00044318556697004515,0.7168017980427469,0.4386906815911492,-0.868880518864674
26207,5.192,0.9999958863968094,0.0005014400577641267,-0.0003959263954943156,0.002796245629096996,0.05482297451843523,-0.36488955441731075,9.71978187333623,0.0035791037703160108,-0.0022094961769267662,-0.001602085347962718,0.7192688054040697,0.4290287118470691,-0.8726759222509629
26208,5.200,0.9999958754406604,0.0005050130572533943,-0.0003946302018830669,0.002799701856158368,0.027235132022418774,-0.3477877628445827,9.776741247464864,0.003709021718094904,4.971131728130223e-05,0.0018136990546470952,0.7170613115677691,0.4342127610459808,-0.871163686478107
26209,5.208,0.999995842757061,0.0005001818392981818,-0.00039846841708436354,0.002811673815452716,0.05457245462576067,-0.3715633924383419,9.81216505207944,0.0018070118019329403,-0.0014579587042653462,0.0038590348497265655,0.7222261117904845,0.42790634550837964,-0.8767694681762944
26210,5.217,0.9999958586569784,0.000504046386156183,-0.0003908309612108041,0.0028063957835016955,0.02577640813889736,-0.3614158014904594,9.719899633464912,0.0037683381964223298,0.0016433831257798295,-0.0002288105121351036,0.721902804107467,0.42685581113495663,-0.865008247019818
26211,5.225,0.9999958918445434,0.0005072665934013499,-0.0003908127804265554,0.002793964926490885,0.053764029673821497,-0.3780723184188244,9.783756944332263,0.003661934641320422,-0.0003940706777226972,-0.0018251000106746247,0.7160864904523669,0.4276078420887716,-0.8714256946810923
26212,5.233,0.9999958850481662,0.0005031607800378451,-0.00038917883415766266,0.002797365868073705,0.027981437015408544,-0.3397679338997291,9.805204414585535,0.0018663023838230756,0.00013583150405800133,0.0018165523855537301,0.7195021599332955,0.425176567852328,-0.8710725840998981
26213,5.242,0.9999958725239332,0.0005061792394949031,-0.0003945398243919494,0.002800545661527226,0.052339633377178514,-0.391707077072596,9.726917420836864,0.0036261995875909187,-0.001765827569253597,0.0020368623260395937,0.7246645261754114,0.4293875024223544,-0.8763167433679161
26214,5.250,0.9999958840812274,0.000517722924609093,-0.00038723989799588896,0.002795322671794859,0.027300807889417543,-0.34620947749787945,9.776797081612424,0.0056111292091779435,0.001557231108363746,-0.0002317515273820457,0.7258527446411427,0.4381079672947769,-0.8714863103022661
26215,5.258,0.9999958353855988,0.0005212251684799133,-0.0003749022206923484,0.0028137135794974767,0.05630511053688412,-0.3485577091725411,9.776721315590263,0.003839078827052511,0.00230932319438265,0.005229272827896632,0.7160537436091337,0.4351083636175669,-0.8665604163659149
26216,5.267,0.9999958847657805,0.0005166630244557573,-0.0003843613132976579,0.0027956711544387092,0.02638748419007614,-0.3526435418956528,9.748391611828303,0.001712740224380657,-0.0023457457206591116,-0.0034183483324349774,0.7149010543888268,0.43059883331517057,-0.8766695160219882
26217,5.275,0.9999958865151103,0.0005204057346169003,-0.0003672623650608684,0.002796649617960517,0.056252551989584065,-0.34810387201397897,9.776737787932817,0.003874862483157323,0.003680890729240176,0.001367182993942982,0.7233967490912063,0.4318331615144035,-0.8693269585734794
26218,5.283,0.9999958695096127,0.0005236459780473997,-0.00037349430272745176,0.0028012962373996234,-0.004798796204207686,-0.3706383792056684,9.784012476063483,0.003626170427721415,-0.001765746628801753,0.002037065477189558,0.7178232181816718,0.43381374826265673,-0.8755418411653485
26219,5.292,0.9999958416507599,0.0005337600105234803,-0.00038662739254422993,0.002807543534758788,0.055636800365650954,-0.3544800108684636,9.748334021334031,0.005386040103556125,-0.003667438465745415,0.002257575531479226,0.7209812481875038,0.43682773679547243,-0.8731839951359063
26220,5.300,0.9999958866989181,0.0005222256301557366,-0.00037950327141652223,0.0027946096154550346,0.05383814235146913,-0.3755160622789499,9.783854983066982,5.9336736167110245e-05,0.0015934022337835275,-0.002042740938293795,0.7226985589321372,0.4235920615286209,-0.8744153128811883
26221,5.308,0.9999958766873216,0.0005254713422188656,-0.00037723616677209974,0.0027978886859279946,0.029116154000785276,-0.323067459847937,9.741350126812016,0.0037091199258175622,4.983156860354143e-05,0.0018137186927038626,0.7168258702369,0.4292813129666055,-0.8724569834227376
26222,5.317,0.9999959136653497,0.0005055920276198723,-0.0003848318570004826,0.002787280708175699,0.05573123726809081,-0.35403432827254394,9.748349677154938,-0.0019492731686102057,-0.001951529353253746,-0.001593154247580521,0.7248867141082451,0.433899872770767,-0.8730543567738338
26223,5.325,0.9999958782658568,0.0005164772036233141,-0.00038172090631282497,0.002798390920958581,0.027379507793211456,-0.34410493161209843,9.776871159449637,0.005575505485533015,0.00018583544479577129,0.003630224562696526,0.7157977265806644,0.42662043491704227,-0.8647967317675563
26224,5.333,0.9999959064713881,0.0004973050963454546,-0.0003730703187168779,0.00279294587234599,0.0530787467927976,-0.38203772978954853,9.755448954159519,-0.0017598374840090392,0.0019017097003549456,-0.00022058222175104614,0.7283041996723869,0.43219195208968886,-0.8729710661020902
26225,5.342,0.9999959075759551,0.0005077861876411769,-0.0003796587851242726,0.002789774854172477,0.05571714322373962,-0.3535836166073742,9.74836611668232,0.005445394636067662,-0.0020740691683754117,0.00021493622260480586,0.7117266025522316,0.42767096929046516,-0.8765875306289515
26226,5.350,0.9999959007788163,0.0005036803988147704,-0.0003780233758487676,0.002793175602725254,0.026624030127542272,-0.35055260122530224,9.748466382783768,0.0018663765799130014,0.00013603568803856214,0.0018165318046941448,0.7236788282971789,0.43236704115192603,-0.8749627644065554
26227,5.358,0.9999958651612139,0.0005066914319252961,-0.00038238243899281667,0.0028047652199708808,0.055841690036514194,-0.35306435876543873,9.748384223693094,0.003649813277641724,-0.0015434519572313195,0.003856530418482795,0.7178043814854409,0.43757692770327095,-0.872743227294388
26228,5.367,0.9999958770782391,0.0004945321300554798,-0.00038912704357389483,0.0028017574198209317,0.030185442739971206,-0.3148295235936419,9.769814150980261,-8.297633996254196e-05,-0.0018155180843989927,0.00022349164226755135,0.72197322496448,0.43259380491902943,-0.8754708453875872
26229,5.375,0.9999958707425962,0.0004979094395988444,-0.00037943759004513346,0.002804747949888873,0.027548248050648014,-0.3429823188941019,9.776910131816667,0.0037921770283592822,0.0018653210625300895,0.0015901598661806995,0.7212444709607965,0.4272002168546364,-0.8760182548056631
26230,5.383,0.9999958555861838,0.0005091617951145841,-0.00037847815306619635,0.002808259071180069,0.02597007886452891,-0.3567081777085,9.720073020712487,0.005551986262367371,-3.6433382141266495e-05,0.0018108444175935349,0.712930218563036,0.4250732184425956,-0.8740447483642511
26231,5.392,0.9999958430220831,0.0005122880419769656,-0.0003840229897563036,0.002811409941474053,0.05595570526827383,-0.3520195325666594,9.748421355106808,0.0036262047551718387,-0.0017656884198116256,0.0020372474832073893,0.7178010200374443,0.4441904591112912,-0.87224380877247
26232,5.400,0.9999958319607285,0.000515861491160023,-0.0003827255332940624,0.0028148657621884215,0.024967173780435007,-0.3702328910724073,9.784041011799806,0.003709231008386512,4.9815185432054596e-05,0.0018136610554671797,0.7282744855920079,0.42477471502298747,-0.868556372756113
26233,5.408,0.9999958382887062,0.0005107930282244071,-0.0003886386655795224,0.0028127310106336803,0.02353888353119901,-0.3841214190948748,9.727199911273097,0.001759767722536216,-0.0019017842100339996,0.00022077448396980542,0.7229488378774052,0.4286899862194222,-0.8753264764725233
26234,5.417,0.9999957855043352,0.0005144495164090965,-0.0003849614798274243,0.0028312753172414764,0.05952636948049984,-0.3159195366373313,9.769776032184163,0.0037565788945738456,0.0004946164848997949,0.0054523374933353845,0.7182901979585534,0.43416969879192563,-0.8723753861602025
26235,5.425,0.9999958043726616,0.0005022502632157088,-0.00038326901310082874,0.002827027875931152,0.027695112807948587,-0.3413311902562916,9.776967499790546,-1.4701781458903442e-15,1.186e-321,7.092715087128609e-16,0.723932932424142,0.43280334378451074,-0.8764422445656825
26236,5.433,0.9999957871827349,0.0005054903471608146,-0.0003894999942873857,0.0028316754839882623,0.026262086542476026,-0.35529794713218166,9.720123886067013,0.0036261978041486607,-0.001765725401488725,0.002037308745866356,0.7278363503948208,0.4281761715295383,-0.8760083372712221
26237,5.442,0.9999957973357799,0.0005087443142534618,-0.0003883213142397835,0.00282766627422862,0.05775992665650524,-0.33656746328569387,9.805315899110434,0.0036856082113064315,-0.00017268790322204578,-5.72274445598624e-06,0.7153337993030865,0.42527130481124936,-0.8684167040342611
26238,5.450,0.9999958089654217,0.0005202888337155438,-0.0003810234617572398,0.0028224408307542153,0.025148291347430015,-0.3688087593991249,9.784094334561123,0.005611508389035163,0.0015564529918545363,-0.00023229644495130274,0.7236561466828036,0.4268672636317841,-0.871592901675444
26239,5.458,0.9999958353285825,0.0005005593072444873,-0.00037890097335883607,0.0028169486901486844,0.05877095758662162,-0.3218512570141849,9.741388775993746,-0.0018428103059947383,8.634259729087642e-05,2.845086906943944e-06,0.7232183784010221,0.4248923569755639,-0.8790993797066466
26240,5.467,0.9999958469280195,0.0005121039147805229,-0.00037160318434238134,0.002811723202468859,0.05343269782752977,-0.37830070164050217,9.755592653371501,0.005611520658547187,0.0015564539859938909,-0.00023227785569220088,0.722254434669768,0.42946785452567016,-0.8809774673846488
26241,5.475,0.9999958278298816,0.0005083216399576113,-0.00036048897787170793,0.0028206346161048896,0.027494513026498545,-0.33989157976154916,9.777018219451197,0.0019732197193757235,0.0021742357996448864,0.003412053013202761,0.7209990223677818,0.4355130564929238,-0.8758247484219618
26242,5.483,0.9999958005631249,0.0005189073599203868,-0.00037458628024479964,0.002826530804053593,0.056715607329582626,-0.3423328085317142,9.776938888247432,0.005385876403958663,-0.0036674860474434083,0.0022585028580075534,0.7234117026390301,0.4324876154632806,-0.8715486436209134
26243,5.492,0.9999953369754069,0.0004170883761575477,-0.0004009539997513139,0.0029985497527092488,0.058662902857648073,-0.3208718313595794,9.741421737834628,0.00010680569188901291,0.002038073158426394,0.0015954859871585138,0.7107076552454868,0.42911483635517944,-0.8702936030324926
26244,5.500,0.9999953542646606,0.00042090656973352893,-0.0003933373343121479,0.0029932544992979245,0.027456367389136753,-0.33921139579211135,9.777041949325916,0.0037687832095183223,0.0016426722816208488,-0.00022948066506374367,0.7217147930705428,0.4277829311510086,-0.8733483783407471
26245,5.508,0.999995337712016,0.0004311808218005577,-0.0004066834600606943,0.0029955376636106794,0.05595324465253106,-0.3486438396650977,9.748542682403318,0.0053858506189349,-0.0036674819928908843,0.0022586559692559975,0.7244049737988085,0.42678113912367377,-0.8740278034804366
26246,5.517,0.9999953178226164,0.0004197231487381882,-0.00039600929186133155,0.0030052191207839076,0.05411489351946347,-0.36965641156529677,9.784076599550458,0.00013052833743864295,0.0022608074928767547,0.0034147307218841036,0.7231594725619925,0.4330186550547867,-0.8703475956269714
26247,5.525,0.999995352435133,0.0004232063119679598,-0.0003884772128422813,0.002994176014747017,0.027433415575273574,-0.33845688771948707,9.777068161997258,0.003745163667043577,0.0014199016389431927,-0.0020488560328665636,0.7207690484016841,0.4259113739045209,-0.8779303450766325
26248,5.533,0.9999952838435688,0.00042615102995781763,-0.00039987044228615104,0.00301509362203771,0.05327555238235635,-0.3762663764923836,9.755672186730923,0.0035903191929961445,-0.003135645939390679,0.005900244942215425,0.7187748939490003,0.4329669803499204,-0.8718410721853775
26249,5.542,0.9999953348003247,0.00043002371187170685,-0.0003850990589445671,0.002999525947384158,0.027488716787704023,-0.3378566909625265,9.777088765739796,0.0038283908921271565,0.0032352270250584005,-0.00227289123976936,0.7156362803065227,0.428629699063745,-0.8770836546431232
26250,5.550,0.9999952559822707,0.00044031520796552755,-0.000404357505067504,0.0030216933132091004,0.027556721306121707,-0.3374832250436589,9.777101473403706,0.005349941421262209,-0.005037418314762332,0.006121560052821946,0.7285391384179765,0.42808720697541136,-0.871603098837539
26251,5.558,0.9999952718509637,0.00045161365573041833,-0.000396133168587911,0.0030158579768799158,0.08527391779415698,-0.34959485530540896,9.748516351188092,0.0056117588116068465,0.001555938124362101,-0.00023251636245803453,0.7210064988310347,0.42545784637031414,-0.8769355447903434
26252,5.567,0.9999952805812068,0.0004404475953190004,-0.00037912178392177716,0.0030168009385086823,0.02746829579888493,-0.3368011185720092,9.777125242133694,0.00019017814239032416,0.003853708952051386,0.0013711434114793439,0.7336755386795646,0.42681558892691795,-0.8729894290899498
26253,5.575,0.9999952789333939,0.00045119302371537213,-0.00038574216792123476,0.003014919362039269,0.05505862253455939,-0.3534570914734105,9.720202994380433,0.005445287839311767,-0.0020749610940910936,0.00021574067806694397,0.7302914375924916,0.4237068634351807,-0.8780327328899479
26254,5.583,0.9999952960645023,0.0004550117320790092,-0.00037812602687507417,0.003009623547880067,0.05846880733050598,-0.3177145592353548,9.74152638999591,0.003768952409792232,0.0016424050191584689,-0.00022970682066941056,0.7205127612761025,0.43012808087934185,-0.876126531491961
26255,5.592,0.9999952867873751,0.00044276142016300043,-0.00038271291418295823,0.0030139502626813047,0.02740667525288256,-0.33604544304511946,9.777151416865767,-5.9568729369601875e-05,-0.001592511562142695,0.0020434473153608437,0.7277786421203005,0.42750165263302264,-0.8674344782696082
26256,5.600,0.9999952875158732,0.000453594105073657,-0.00039049081517966944,0.00301109869608697,0.023407310851837736,-0.3782689513039322,9.727429576755164,0.005445300068650982,-0.002075000566544738,0.00021578449670798128,0.7236411542833993,0.419128525839058,-0.8693654443539635
26257,5.608,0.9999953010823377,0.0004649759103718088,-0.0003818993945329264,0.0030059546737380843,0.05598984322167741,-0.34519477881198285,9.748665212274028,0.00561184139568229,0.0015558357163731299,-0.00023259545529808907,0.7226820409043985,0.437114787718253,-0.8719611892395993
26258,5.617,0.9999953035142262,0.00045347751960869264,-0.0003724152281894345,0.00300809150929179,0.05659360585187414,-0.3378882585227082,9.777094205554597,0.00010696602295712549,0.002038409161166823,0.0015950530553591666,0.7202542523003214,0.4319135136177193,-0.8739926122076986
26259,5.625,0.9999953048432774,0.000448465242497291,-0.00037855825777175997,0.0030076342818652216,0.024775677995474775,-0.36336414227012787,9.784299000743623,0.0017595844013630632,-0.0019019510565337458,0.00022146447966007386,0.7204822165466195,0.42613529762560776,-0.8715884265840158
26260,5.633,0.9999953033737602,0.0004446462784609757,-0.0003694116538009798,0.0030098264301484925,0.053186892457048295,-0.373033968795061,9.755796804504664,0.0019498465151546079,0.001951880463159701,0.001592254776433814,0.7156183901928201,0.4294564020288427,-0.8744256768455991
26261,5.642,0.9999953041622812,0.0004402701372845568,-0.0003670053021185466,0.0030105020680791165,0.02468060165493073,-0.36305786791623496,9.784310610398158,0.0018665580590068972,0.00013647166148424928,0.0018165184649644008,0.7168778983949312,0.4268098165221233,-0.8801869336730619
26262,5.650,0.9999952864663516,0.00044346480724715857,-0.0003732526213226432,0.0030151395532662818,0.02927537967656091,-0.3133176888233798,9.741668112106609,0.00362612403798867,-0.0017655014869320325,0.0020380324944377004,0.7212367817458256,0.42943917712722063,-0.874875849396032
26263,5.658,0.9999953099090705,0.0004391250614097074,-0.00037215612088312643,0.003008127135707921,0.05398130472206113,-0.36535839760058214,9.784238777183598,0.0018428692883806952,-8.658251563981654e-05,-2.775318341235206e-06,0.7212265808470939,0.4280269198197341,-0.8733602770081389
26264,5.667,0.9999953429410581,0.0004425695678919881,-0.00037326164507620296,0.0029964819568219837,0.05400376972521412,-0.36513356440507844,9.78424704653413,0.003662032835082496,-0.000396244667024093,-0.0018248275877053462,0.7192935349685075,0.43622779759747815,-0.8763500539144623
26265,5.675,0.9999953188012453,0.00043843448872474234,-0.00036208481254962804,0.0030065005211589012,0.055820032994257536,-0.34368645305585716,9.748719477505702,0.00197360679700756,0.002175043185268297,0.003411430318347017,0.7222194080096229,0.43429311314929653,-0.8757734711141464
26266,5.683,0.999995323424789,0.0004415874703008505,-0.0003695252703386991,0.003003594535351199,0.027391774725689346,-0.33363469211852076,9.777234020157428,0.0036024200936190277,-0.001988585044307922,0.0002188471901506657,0.7256570055376667,0.4341897637395641,-0.8786782639395176
26267,5.692,0.9999953236962823,0.000452368277108178,-0.0003688538781440958,0.0030019818998208315,0.05400706138080289,-0.36430545577049583,9.784277897536597,0.005528642641250301,-0.0002597916309723851,-8.306839843821435e-06,0.7144184063484423,0.43350085998744303,-0.877508098929201
26268,5.700,0.9999952958712458,0.0004629093766625568,-0.0003829666715439936,0.0030078708112948496,0.05680756294544649,-0.3355658866586292,9.77717294891243,0.005385718086968864,-0.003667373944042699,0.0022598282407718124,0.7258689537201879,0.4302055929366411,-0.8738945326834957
26269,5.708,0.9999952952621309,0.00045876270389595594,-0.000373018385464596,0.003009958084423569,-0.0022163789407618553,-0.3368540522101949,9.748941425208187,0.0019499829978178308,0.0019519965870545806,0.0015919963223670396,0.7209941149336843,0.42869859867023324,-0.875095638976906
26270,5.717,0.9999953184045598,0.00046291527222110796,-0.00035787500697106463,0.003003465314258937,0.054005587169414795,-0.363326519177477,9.784314306012181,0.0038525002637542684,0.0034575005628038327,-0.00045452375337953603,0.7153854993972929,0.43526045537338726,-0.8760979130425383
26271,5.725,0.9999952915271876,0.0004584660989366406,-0.00035434473087838676,0.0030134983164813,0.08415303397211783,-0.3517140860804938,9.720278627992302,0.001890321815123941,0.0003599259243259446,0.0036357696472020767,0.7188135336604403,0.4364287240121484,-0.8775818682930937
26272,5.733,0.9999952799769474,0.00046199395982875506,-0.0003530635670193893,0.003016940756155553,0.027298377148818494,-0.33182259578421147,9.777295948462193,0.0037095073683033517,4.998420238811916e-05,0.001813773672003647,0.7215077325856695,0.42465698075764946,-0.8788582867494663
26274,5.750,0.9999953336277296,0.00046903385336105277,-0.0003458458103398449,0.0029988532285386955,0.039754567649723634,-0.35397567395846263,9.752413306516663,0.0037156415307857222,0.0006226918632930543,-0.0010273809230393345,0.7145867691551632,0.4329210780498488,-0.8662487821570313
26275,5.758,0.9999953454329548,0.0004719494217064804,-0.00034485435664541477,0.0029945703601511223,0.0855400968034616,-0.33641342698420634,9.777154128542639,0.003685811236073742,-0.0001733024955905267,-5.447616724220006e-06,0.7251082255556629,0.42864408391935055,-0.8696914630926279
26276,5.767,0.9999953338883859,0.00047547731833488436,-0.0003435727657235196,0.0029980127635746553,0.024561968462540853,-0.3589078724423446,9.784464018165966,0.003709526911570725,5.009840543118881e-05,0.001813798581821588,0.7132095351032668,0.4278202210002693,-0.8792700982144397
26277,5.775,0.9999953280458711,0.000478802970602659,-0.0003414895705178943,0.0029996698183963762,0.052967646186139944,-0.3684438532094673,9.75597242907771,0.0037095356814414145,5.009788814143609e-05,0.001813801910303726,0.7204818496312141,0.43151166078837877,-0.8715339130679222
26278,5.783,0.9999953486144395,0.0004749429090521923,-0.0003335362213146575,0.002994316667970668,0.053644989410187874,-0.3611259606483037,9.784397755936249,0.001926331867574827,0.0017286693468633342,-0.0002274117552384624,0.728103707919819,0.4290315518930855,-0.8794569070798011
26279,5.792,0.9999953083833547,0.00048593536727457106,-0.0003303941550871593,0.003006312991166766,0.02628923209288003,-0.3368680119913365,9.748949769869059,0.005576157389018612,0.00018690840438708865,0.003630369167997543,0.7242033424484436,0.4326655445715341,-0.8803443316358203
26280,5.800,0.9999952967299657,0.0004894633811704175,-0.0003291124360549243,0.003009755563400101,0.05279184208003477,-0.3675346126736919,9.7560076779045,0.0037095482277450364,5.010044124562265e-05,0.0018138399390948488,0.7209703708033559,0.4256473202881569,-0.8715679156608895
26281,5.808,0.999995338847679,0.00047733982959399785,-0.0003286394618114969,0.0029977367642326945,0.05544633550189899,-0.3390925631091057,9.748882481482898,-2.370824286735091e-05,-0.00022354125481775252,-0.0018192290516066802,0.7195281067986917,0.43749941564597156,-0.8749275731338175
26282,5.817,0.999995300953551,0.0004885895587929024,-0.0003265012424682171,0.0030087784896020682,0.05544526353370239,-0.33886743764148886,9.748890316323367,0.005576193352254959,0.00018696231986709306,0.0036303749240983447,0.7163465645293805,0.4324101034059812,-0.8737921448701804
26283,5.825,0.9999952879753032,0.0004916326596315104,-0.00032446381272071287,0.003012813926109178,0.053531956788923765,-0.3596899258620965,9.784451271351319,0.00370956994648008,5.011317068396006e-05,0.0018138462094880491,0.7258375783416012,0.4296372634958744,-0.8692330162135826
26285,5.842,0.9999952950235016,0.00048328736197983467,-0.00032241804731195295,0.00301204428729405,0.03856264181788739,-0.36155923877806667,9.770297491058072,0.0018547893619181262,2.5056326959185694e-05,0.0009069247706970354,0.7190806204670083,0.4292238658569447,-0.8809902168046891
26286,5.850,0.999995282546883,0.00047842486771930345,-0.00032693607243487304,0.0030164725145968778,0.05283034586170421,-0.36625997661937426,9.756055404778342,0.0017831523983832225,-0.001678447312429235,0.002041413201054204,0.7170656775650064,0.4249067418311695,-0.8718123533291958
26287,5.858,0.9999952972131924,0.0004742312304462291,-0.00032651076569838454,0.0030123158798238524,0.05554831277791572,-0.33782192326855337,9.748926014447765,0.0018429339645005475,-8.677899510876316e-05,-2.6952864977698148e-06,0.709258976672205,0.4278087685034418,-0.872700232411273
26288,5.867,0.9999953430365333,0.0004774923650579618,-0.0003270209843346214,0.002996491876229671,0.05292145324848079,-0.36588883902103664,9.75606883732887,0.0036621380505987696,-0.0003972242143553064,-0.0018246046645539126,0.717785505937629,0.434255823300036,-0.869938841149381
26289,5.875,0.9999953314429293,0.0004810206239037887,-0.0003257388637789402,0.0029999342823370935,0.05483164034090329,-0.34439516796668906,9.72052956725243,0.003709617953936844,5.016308067697602e-05,0.0018138232661879259,0.7246434676289808,0.4307194076265251,-0.8731880237973648
26290,5.883,0.999995332974333,0.00048373462151763406,-0.00033216405732518277,0.0029982824097699767,0.05376459869154369,-0.3581947924411339,9.784504844649735,0.0036023752021564722,-0.001988870964767335,0.00021957860923541554,0.7219540016163942,0.4278087685034418,-0.8726147857081745
26291,5.892,0.9999953376468624,0.00048688692941485244,-0.00033960498115685755,0.002995378792842416,0.055821514981546846,-0.3367093270094993,9.748962944696428,0.003602383947720914,-0.001988871480429431,0.0002195819280944949,0.731734301000728,0.4282192337835935,-0.8747621302667214
26292,5.900,0.9999953291985929,0.0004905511372084864,-0.00032960318830440287,0.0029987167785602933,0.05657784961882324,-0.3293100200706663,9.777386986353406,0.0037931808287565887,0.0018655144288226824,0.0015887505483875596,0.7229320102796558,0.4270681900464543,-0.8728263592599043
26293,5.908,0.999995295250585,0.000494121678277997,-0.00032712488209178756,0.0030097026057280107,0.053079681490794076,-0.364394569787378,9.756123903810323,0.00373342693040324,0.0002740176321548675,0.0036330010515567834,0.7121863759629724,0.4253774942669983,-0.8723504082417365
26294,5.917,0.9999953581570337,0.0004973597203185527,-0.00032864176334202497,0.002988024813522325,0.05309381411267178,-0.3640948990483027,9.756135015105313,0.0036383883569123593,-0.0006213133259928821,-0.003643784065811338,0.72173403553376,0.42572767239147263,-0.8762072780018476
26295,5.925,0.9999953283945837,0.0004932505494866467,-0.0003258241769109038,0.0029989550696504796,0.02809510737256795,-0.3186234695355741,9.805913958998397,0.001890484994176632,0.00036092490592114863,0.0036356894578080745,0.7217417636003114,0.4305729959627375,-0.877355455685525
26296,5.933,0.9999953644139231,0.0004965417300808198,-0.000326103180838443,0.0029863445365843197,0.02318225248173251,-0.3679931069289426,9.727824274614113,0.0036621574362642297,-0.00039752316795074196,-0.001824578276589634,0.7206938557804476,0.42777147865418125,-0.8667587940676345
26297,5.942,0.9999953205359674,0.0005074583222388857,-0.0003314907254201398,0.00299858401886928,0.08424566802549424,-0.34484200982120317,9.72052405009458,0.005492893770919277,-0.0016279152984345728,0.00385544287490219,0.7163761429398857,0.42541478411625894,-0.8781866814123306
26298,5.950,0.9999953550922803,0.00048805397942972006,-0.0003220166859712052,0.002991304469884761,-0.005168120506523949,-0.3576125907233989,9.756341925922236,-0.0017594017457978582,0.0019021220800466035,-0.00022248346198335355,0.7178110272995901,0.43094617139362856,-0.8737306121008017
26299,5.958,0.9999953598035095,0.0004912062015257931,-0.0003294576965221776,0.0029884018377284768,0.05316930592003438,-0.36304723673870093,9.756173646055826,0.0036023698550035595,-0.001988960853926374,0.00021979510672084525,0.7173065862606467,0.42516795540151703,-0.8713313560946053
26300,5.967,0.9999953630198314,0.00048714144141154904,-0.00031951028772894197,0.0029890709640415757,0.08498607988497768,-0.33728841899542067,9.748952411799909,0.001950319859803715,0.001952396795625046,0.0015912808889904358,0.7187541252361315,0.4355188288977184,-0.8687554138934978
26301,5.975,0.9999953612096731,0.00048332447941194887,-0.00031036081886445647,0.002991259391156985,0.0253455506104763,-0.3456982676798933,9.813098180921811,0.0019503250914300846,0.0019523964874613435,0.0015912828739958512,0.7119443856362474,0.43440507500983994,-0.8726707049097339
26302,5.983,0.9999953066563251,0.0005010091798010209,-0.00032284399722304303,0.003005233248528737,0.026545468463520207,-0.331247116145869,9.74914168021411,0.007252240175577489,-0.0035300391900227887,0.0040781475499788765,0.7209123924317233,0.43767743706698686,-0.8629539276729628
26303,5.992,0.9999953213687265,0.0004968156166800684,-0.0003224186572593955,0.0030010766585896543,0.053200962403028074,-0.36192239050540476,9.756215266003762,0.0018429777100288814,-8.689710825927452e-05,-2.6907331096267545e-06,0.7222092453411545,0.4192002654915627,-0.8742635786896289
26304,6.000,0.9999953529419118,0.000493288953111073,-0.0002982713986146633,0.0029936256885376845,0.027982002840560363,-0.31650250841166083,9.805982969981354,0.0020938433133240774,0.005358898169795448,-0.0006785839759225723,0.7254185308226259,0.4234112000615891,-0.8795208836042773
26305,6.008,0.9999953091582661,0.000504205564906532,-0.00030365806581361476,0.0030058659303315526,0.025563739339522516,-0.33751896764756195,9.720759339658716,0.005492840794248542,-0.0016277985674565533,0.0038557156932992028,0.7305176634587381,0.43137386157540214,-0.8753702719049071
26306,6.017,0.9999953326688525,0.0004925682440236122,-0.0002942702203628387,0.0030009035430130265,0.05281813265112066,-0.36122860698147774,9.756243058372467,8.365053893486282e-05,0.0018152567957474418,-0.00022535339834678153,0.7200093056712683,0.4284976722555629,-0.8738736838332474
26307,6.025,0.9999953473144758,0.0004883745960928928,-0.0002938447310775771,0.0029967473917188177,0.054255718470519666,-0.34693110172537694,9.813068615040063,0.001842985497570613,-8.692037734530774e-05,-2.6420273735655545e-06,0.7185596034336141,0.43672438738574004,-0.8761282249011694
26308,6.033,0.9999953382961086,0.0005061699920521742,-0.00030871203151758373,0.002995308810822549,0.052912810336191406,-0.36078253710436314,9.756259052862045,0.007204660424653571,-0.003978192776451188,0.0004401739537158367,0.7285434661849507,0.43246177811084746,-0.872246085725252
26309,6.042,0.9999953307378021,0.0005020188414479673,-0.00030708923971016776,0.0029986956958353763,0.0557192474590603,-0.3321277736362895,9.749120689044572,0.0018667868640303764,0.00013725664568919467,0.0018164927792142078,0.7173170190262277,0.42755616738390534,-0.8728813775054356
26310,6.050,0.9999953078664016,0.000512574735597279,-0.00031262734483677394,0.003003960130414881,-0.007857883955434007,-0.3828869235566308,9.763603868935231,0.005469125622942791,-0.0018518666917045881,0.0020366062905709525,0.7228922500855505,0.4258109568535665,-0.8669190903115487
26311,6.058,0.9999953109448441,0.0005077121339109602,-0.00032725640918190385,0.0030022025177011305,0.08327456706621278,-0.3554720350158125,9.784616789091734,0.0016756567350295964,-0.003717434977887877,0.0004482888014121919,0.7204684802997543,0.4306046057199652,-0.8695475989070017
26312,6.067,0.9999953317857155,0.0005101510826517046,-0.00034227547512693444,0.002993158891515722,0.056322299928042274,-0.33133077137666866,9.749144343713132,0.0034948286785909484,-0.004028642371733833,-0.0013735601121139607,0.7255887097125602,0.4235547716793603,-0.8685313867415585
26313,6.075,0.9999953319719443,0.0005143492689995042,-0.00032593711079572664,0.002994201755238212,0.02451596522285202,-0.35655863260989024,9.756395055456114,0.0038771887565378685,0.003680851765811704,0.0013626384698983787,0.7180881799563339,0.43150588838358417,-0.8786344685071339
26314,6.083,0.9999953148907345,0.0005093334701393283,-0.00033842085599727954,0.0029993744884115655,0.08473354982937387,-0.3406799080957658,9.72066657019582,0.001699517447826886,-0.0034931175105700667,0.002267551410084088,0.7192452931405904,0.42695338813989453,-0.8691826479578837
26315,6.092,0.999995361871824,0.0004977520149908869,-0.00033132613867598097,0.002986419388098326,0.02799127313352956,-0.3208596887808649,9.777659896043977,5.980774927411338e-05,0.0015909122784598878,-0.0020447101478290133,0.7165638450281171,0.4301080159317033,-0.8698006488310422
26316,6.100,0.9999953307503933,0.0005009969189812697,-0.0003279270088860359,0.002996655365026735,0.024501741860998672,-0.3561067503234124,9.75641159484296,0.0037337410318942724,0.00027471500679754015,0.0036328626870306613,0.7148769433430929,0.4329239180958652,-0.873087279189878
26317,6.108,0.9999952908668228,0.0005042339835703504,-0.0003329723101217399,0.0030088405922393596,0.08553036998577193,-0.3330421833850204,9.74909363493891,0.0036500608182353446,-0.0015405111877023682,0.003858463264375198,0.7197329065817847,0.43110980795903825,-0.8690817867514611
26318,6.117,0.999995334282142,0.0004998933390789974,-0.00032538721295358603,0.0029959378763168756,0.02264264457067434,-0.3767488640328606,9.791997000666138,0.0019028556589828125,0.001503829531312435,-0.002047478142045932,0.7205389202718988,0.4295023043289143,-0.8800130372564589
26319,6.125,0.9999952720780618,0.0005031730204463908,-0.0003292340801547433,0.003015666320267057,0.027183888981577985,-0.3270709183711223,9.749280919028953,0.0036739347145405936,-0.0013160630954296634,0.005677641412014404,0.7160806364357409,0.42372986074159746,-0.8705559491626
26320,6.133,0.9999952901123441,0.0005145518211614322,-0.0003212454335983852,0.003008619438117788,0.08208528684102112,-0.36762034761853746,9.727872594418404,0.005612809753219763,0.0015540741605759197,-0.00023379729517032088,0.7161129392817249,0.42820200888197135,-0.8753552617242617
26321,6.142,0.9999952990152565,0.0005100234675525373,-0.00032834709341713226,0.00300566326076093,0.02718096232900514,-0.3263948186641646,9.749303585428793,0.0017592743448591782,-0.0019022539966065748,0.00022301212688258124,0.7239183075614606,0.4404531170231101,-0.8742693930709664
26322,6.150,0.9999953297426234,0.0005130096223481959,-0.0003286365600271872,0.0029948809795257466,0.025378025170635903,-0.34733731249282246,9.784879509790828,0.003662163600796702,-0.0003985643585607732,-0.0018245437584036525,0.7205355779390339,0.42927554056181094,-0.8795164587162287
26323,6.158,0.9999953624088868,0.0005164535266172345,-0.0003297492600439808,0.002983236815955968,0.08299080524709511,-0.35968129403133986,9.756310158499913,0.0036621723340556633,-0.00039856487448182914,-0.0018245404461054895,0.721716435253619,0.4277743187001976,-0.8735923614829949
26324,6.167,0.9999953633544855,0.0005124635018935377,-0.0003197916501493241,0.0029846916073882628,0.027251127013068425,-0.32564842951126866,9.749328349187634,0.0019506442291808406,0.0019527084403702757,0.0015906331976298334,0.7273399272559905,0.4284632224523188,-0.8748003202273745
26325,6.175,0.9999953959133264,0.0005159074009695422,-0.0003209045164089023,0.0029730475938598753,0.025289754667295328,-0.34658058661075525,9.784906570797146,0.003662195061859991,-0.0003986045965739051,-0.0018245034191834144,0.726562197593579,0.4245479512558841,-0.8680712966566846
26326,6.183,0.9999953555980947,0.0005189524941934708,-0.0003246783112202772,0.002985641395666094,0.053016842478686925,-0.3632914678942747,9.728016493950317,0.00365011653809424,-0.001540094756441193,0.0038586626088954004,0.7212394673297235,0.4338223607134677,-0.8752748531414972
26327,6.192,0.9999953939594549,0.0005227314264340823,-0.0003182642364450066,0.0029727965969799882,0.05263605797545949,-0.36990030729555284,9.82041379567691,0.003745937546278613,0.0014164996017741519,-0.0020503633071427404,0.723208969921131,0.43373623620535734,-0.8777015389173457
26328,6.200,0.9999953683264886,0.0005251914982122331,-0.0003311757582917577,0.0029795674314277727,0.026596441564030487,-0.3316530355666779,9.720958470594628,0.0035425083147280732,-0.0035798178044308218,0.0022654815269867973,0.7250456486986259,0.4282393910439935,-0.8603942669200046
26329,6.208,0.9999954093266333,0.000513275015834859,-0.0003316088287525252,0.002967812326000179,0.05667476207189573,-0.3271455013268644,9.749283639967912,-2.391142302601415e-05,-0.00022465129654255223,-0.0018191046478625906,0.7188032939101278,0.42793218286081275,-0.8760605236311542
26330,6.217,0.9999953579297624,0.0005088806719966335,-0.0003264330813176476,0.0029864026574696455,0.024832087408447636,-0.35259044766144837,9.756538469109184,0.0019147882569295535,0.0005869175140363577,0.005454600306828294,0.7275500790917476,0.43768027711300334,-0.8697497013542604
26331,6.225,0.999995356565525,0.0005116971871689616,-0.0003414012908266046,0.00298470409534681,0.05412045975486219,-0.35513242841961273,9.756459727929979,0.003518556167590973,-0.0038045199218920325,0.00044641882914393723,0.726602170539402,0.43362143429879746,-0.8740101746462894
26332,6.233,0.9999953475831869,0.0005073159918410152,-0.00033099474369277743,0.0029896295666871444,0.05685020469151004,-0.32662853517103707,9.74929995223883,0.0019507687587093047,0.001952788233605839,0.0015904177922485157,0.7266192300040006,0.4362191851466671,-0.8765447408818455
26333,6.242,0.9999953802046442,0.0005107597631393607,-0.00033210832721744597,0.0029779855428485975,0.0257228867527097,-0.34479155302292885,9.784968645427385,0.003662174659098208,-0.0003988945070990893,-0.0018245388850697158,0.7266288703507408,0.42835126059177536,-0.8779770306940837
26334,6.250,0.999995339608965,0.0004979957358634693,-0.0003429776455694218,0.002992511809984355,0.08343826795852845,-0.35730157031929805,9.756393783394707,-0.00011966724972511554,-0.003180878329304902,0.004090171606165439,0.7170327759367678,0.42483500217866466,-0.8669240782285034
26335,6.258,0.9999953900321041,0.0005024450334399782,-0.00032151071506035246,0.002977262902194233,0.05761131240440382,-0.3189742133258703,9.777723601300854,0.003913542723438451,0.005046559356040905,-0.0025025532402343847,0.7224665956040071,0.43329993357277274,-0.8762253451698762
26336,6.267,0.9999953324147156,0.0004897362868990781,-0.0003312926935368302,0.002997591083499011,0.023038752276854688,-0.3726190062627124,9.792154101627478,-9.579283922336136e-05,-0.002956050450009779,0.005909315736955229,0.7212000740510236,0.4271887643578089,-0.8694220977092354
26337,6.275,0.9999953329637379,0.000500567966401216,-0.00033907428505597907,0.0029947472487756523,0.024373208886115983,-0.35838053569681577,9.728180241482999,0.005445355678023442,-0.0020765820072098226,0.00021784185733144307,0.7195386166461166,0.43329132112196156,-0.8764890467820698
26338,6.283,0.9999953707318799,0.0004960171772196851,-0.0003389634675267076,0.00298288208582384,0.057817949204190214,-0.318306673415576,9.777744134598208,0.0018190921643619568,-0.00031194257667853983,-0.0018218272811973194,0.7273356383405969,0.4311729351607319,-0.8741631056137079
26339,6.292,0.9999953410550867,0.0004919095388203962,-0.00033613759470035485,0.0029938110569856856,0.05249569832121858,-0.3747177154373435,9.792091881306279,0.0018910110051180967,0.00036250622802969285,0.003635436629941793,0.7212147957319981,0.4268672636317841,-0.8716093337337322
26340,6.300,0.999995355454651,0.00048745517240993336,-0.00033464443555921683,0.0029898945940690794,0.02445108645488984,-0.35778472580012033,9.72820197621738,0.0018430661591773974,-8.715438814354917e-05,-2.734944116504544e-06,0.7141245611425056,0.4249670289868468,-0.8701241898034062
26341,6.308,0.9999953759656175,0.0004835969062859533,-0.00032669165998309904,0.002984535805728064,0.057730909561254096,-0.31785105791778223,9.777759470558157,0.001926905171883542,0.0017280016509741208,-0.00022883621663160816,0.7214429147633017,0.42866130882097264,-0.8692281448955643
26342,6.317,0.9999953907025092,0.0004868444353561951,-0.00032572596798351535,0.002979170828621151,0.025082410557924466,-0.350271297827221,9.756621364557159,0.0036861413319363044,-0.00017430582677911588,-5.43860884510382e-06,0.7222014599292081,0.4348758274456689,-0.873106881060888
26343,6.325,0.9999953288687737,0.000490124875301989,-0.00032956629353886476,0.0029989005148889935,0.0543006287934271,-0.35273788899856573,9.756545592844347,0.003674210603748982,-0.0013147975861733602,0.005677950789694044,0.7244384359790387,0.4361330606385567,-0.8789993611567841
26344,6.333,0.9999953134457832,0.0004931869377800454,-0.00032737673274883274,0.0030037772203941513,0.05510185307938233,-0.345304643468307,9.784960791112043,0.0037101365144081343,5.0519650098899506e-05,0.001813627948078793,0.720524971273316,0.4261553625732463,-0.8779406005381957
26345,6.342,0.999995297918239,0.0004806850915820168,-0.0003404634835527227,0.00300951289612262,0.05637126859343763,-0.33115078665583303,9.720980971253617,-0.00014379135890865317,-0.0034053415876595062,0.002271478164389544,0.7234179815377737,0.4312332223164091,-0.8724815149112337
26346,6.350,0.9999953104068104,0.0004839739408100215,-0.00033951169883470237,0.003004940168836803,0.05461360318708175,-0.3521518492065334,9.756565015969297,0.003686155395900584,-0.00017445720053348653,-5.497004817647708e-06,0.7197862870893306,0.4274097557201177,-0.877012658865362
26347,6.358,0.9999953027772421,0.00047982346087683696,-0.00033788531015876137,0.0030083261817979664,0.05195084776227504,-0.3802059039296466,9.7637494049823,0.001867099600128563,0.00013773920295314388,0.0018163253927637253,0.7248947511234899,0.4331248445105355,-0.8742484357178705
26348,6.367,0.9999952976596242,0.0004834314236610302,-0.00032820335240500687,0.0030105207619563544,0.025360274055276764,-0.34892960050948424,9.756668722139253,0.0037941029027153076,0.0018656310976152488,0.001587338730967968,0.7155649708336934,0.42607217042391404,-0.8664890324576517
26349,6.375,0.9999953023822384,0.00048658256647599247,-0.0003356450429781125,0.0030076225274077413,0.05719066380566553,-0.3231179246028754,9.749414943691212,0.003602240330212723,-0.001989641563834861,0.00022081620881402833,0.720030673166392,0.42154541521989586,-0.8770483046641581
26350,6.383,0.999995299169653,0.0004980583871370537,-0.000326374595593879,0.0030078324526370136,0.025368654377263787,-0.3482536895999632,9.75669285012276,0.0056372250822550336,0.0017783930578646042,0.0015845459750339279,0.7202773008301021,0.4320369279750903,-0.8774169884549036
26351,6.392,0.9999952695004966,0.0005005814931368876,-0.0003476686193959119,0.003014883302823369,0.022084455667360673,-0.3833025947787998,9.735482333243558,0.0034583768016594567,-0.005394824585351748,0.0024926425908142957,0.7171290659560154,0.4287272760686828,-0.8812301210820991
26352,6.400,0.9999952682353913,0.0004819259012195661,-0.00032101501407094364,0.0030212917130219377,0.053880976957868636,-0.3577163397437572,9.728218349562802,-0.001543102672955704,0.005982853403701996,0.0029617682467501043,0.7273427478884444,0.4264940882008932,-0.875219388465996
26353,6.408,0.9999952690113033,0.0004927574238494435,-0.00032879787346708087,0.0030184494515564683,0.05600448414987777,-0.3361371848836819,9.813434456067414,0.005445297014099597,-0.002077053516653866,0.00021820667844430524,0.7204855009127721,0.4261180727239858,-0.8720763928685115
26354,6.417,0.9999952758445088,0.0004957682365691903,-0.00033521824569996794,0.0030149844525362863,0.023953886088219523,-0.3615642844085172,9.699921518087313,0.0036022134937762134,-0.001989740517231386,0.00022094105126042995,0.7205372780888225,0.42951091677972536,-0.8797690541142109
26355,6.425,0.9999952700851308,0.0004996342879340026,-0.0003264055904572233,0.0030172226195351805,0.05274582017351022,-0.37088537837763746,9.79223644011144,0.0037942402050007333,0.0018656398480760247,0.0015871434773241102,0.7192477857092199,0.4374449008950889,-0.869552974954458
26356,6.433,0.9999952615644085,0.0004950550743512126,-0.00032397901469841014,0.0030210605425471018,0.05532341120609373,-0.3423777955540513,9.785062388877813,0.00186714618050821,0.0001378625213482252,0.001816325176491733,0.7212003250330045,0.42132442385758695,-0.8694593867138602
26357,6.442,0.9999952438922721,0.0004982494766779779,-0.00033021952747497486,0.0030257057620397096,0.054621311417487335,-0.3492985135595666,9.75666754293819,0.0036262457067799667,-0.0017645828265563214,0.002040073485315931,0.7277997974850241,0.4334980199414265,-0.8705775823699403
26358,6.450,0.9999952348125875,0.0004858175238793707,-0.00033459127340091966,0.003030244566317734,0.05551517662272785,-0.34201025547871206,9.78507415600945,-5.9961339387699514e-05,-0.0015898669142480077,0.0020455429858423223,0.7145886432050887,0.43388842027393965,-0.8665272143222164
26360,6.467,0.999995274566342,0.0005004285800150506,-0.0003359652147990564,0.0030145552903010162,0.05579378501122483,-0.33821758418689984,9.738891048267902,0.00459573894657356,-0.00033105090205898236,-0.0009163827743952296,0.7151585779304988,0.42466559320846053,-0.8786570269587676
26361,6.475,0.9999952301282579,0.0004882460566163717,-0.00033051525182319183,0.0030318469931317512,0.024533686288236507,-0.35961948938004973,9.820774964443387,7.224200571665155e-05,0.0006759026114233888,0.005457113031767142,0.7304503530677408,0.42488667688353093,-0.8653698030544308
26362,6.483,0.9999952224108782,0.0004840959447749307,-0.00032888796600577687,0.003035232979657819,0.05289080433340241,-0.36946000746010144,9.792289540353078,0.001867198866999709,0.00013789827173566805,0.0018163005315080323,0.72048894006393,0.4336731090036637,-0.8725873559385224
26363,6.492,0.999995221991425,0.0004945593291928908,-0.0003353967043338035,0.0030329712234155987,0.05486940110083397,-0.34803353112244756,9.756711356938824,0.005445276304603553,-0.0020773354481405984,0.0002183759239437648,0.7185453257498888,0.4250732184425956,-0.8740069546301882
26364,6.500,0.9999952202793085,0.0004907452954692721,-0.00032624263480733953,0.0030351529345465813,0.055636134418141844,-0.34058494279092894,9.785123183109729,0.00195129971337206,0.0019530177722016883,0.0015896606023783125,0.7205450252705055,0.42751594517586655,-0.8809200717795762
26365,6.508,0.999995210971834,0.00048619937704642033,-0.000331483464719565,0.0030383815224232164,0.023022712874818312,-0.37308440707672513,9.764003324647097,0.001783123233907513,-0.0016771386710264632,0.0020429380898858303,0.7185637184488706,0.4332827086711506,-0.8767396027476331
26366,6.517,0.9999952014618619,0.0005043753663432238,-0.0003471347847515835,0.0030368003197180377,0.028584193142810355,-0.31616837602310705,9.749636573671065,0.007204301092305236,-0.003979939060736332,0.00044233754415675026,0.7258300241751866,0.42552390593078593,-0.8681106752971082
26367,6.525,0.999995249471691,0.0004924881183999355,-0.0003390586991990229,0.0030238268307861663,0.024114086725932942,-0.3652726559669512,9.79242830214784,5.996371468228298e-05,0.00158963079647621,-0.0020457320066941467,0.7202490550326623,0.4238791124514015,-0.8732204414839714
26368,6.533,0.9999952253289298,0.0004887179128592619,-0.00032870174192929126,0.0030335506111306447,-0.0006366061400636415,-0.3130168087768787,9.749736127190369,0.001975464937042155,0.0021785122132356944,0.0034085813807600246,0.7205078926935857,0.43039790690050034,-0.8754031943209515
26369,6.542,0.999995228825095,0.0004993822219652919,-0.00033566052667624146,0.003029897102859865,0.0860848189820929,-0.3281896845160817,9.72108440909419,0.0054452840359119955,-0.002077450275692664,0.0002185104967455884,0.7237053350932493,0.4332051966138513,-0.878900943705459
26370,6.550,0.999995249611286,0.0004955250116152956,-0.0003277087605601227,0.0030245357980053116,0.026630944015300695,-0.3363119532293335,9.78526133187021,0.0019272518920483688,0.0017275980185335186,-0.0002295147270301579,0.7204460885189407,0.4263247715434506,-0.8662207974545618
26371,6.558,0.9999952546916644,0.0004983566803126646,-0.00033417708155937845,0.0030216817257584104,0.023208517445938295,-0.37151418771567046,9.76406275702131,0.003602163625629784,-0.0019899827773883372,0.00022130849492995775,0.7264209792167636,0.4286497640113835,-0.883363527540835
26372,6.567,0.9999952020642736,0.0004942941064409863,-0.0003301428525170996,0.0030401525399806643,0.08348999280684384,-0.35571979753507676,9.728303076998298,0.001915538604910419,0.000589145367651501,0.0054542897403274246,0.7175493881213441,0.41955621602083165,-0.8711316310068878
26373,6.575,0.9999952313170688,0.0004827789587016853,-0.000321065557465966,0.003033345431698952,0.026585486191759145,-0.3357812208200174,9.785279681840468,8.415674656542016e-05,0.001815052296375212,-0.00022682086795009727,0.7197558200630091,0.437585540154082,-0.8724860985055096
26374,6.583,0.9999952339417818,0.000501627449669838,-0.0003216647986333705,0.003029355604858345,0.02499580188666986,-0.34978722374112986,9.728491434530286,0.007372578038115726,-0.00035001587898522257,-1.0908633902905009e-05,0.7204890751124864,0.4273207911659909,-0.8726074204316787
26375,6.592,0.9999952155528473,0.0005043800740367691,-0.0003270212767179217,0.0030343910823864596,0.05233943972422865,-0.37323448948248333,9.764016308314307,0.0036262684130507106,-0.001764447300942671,0.0020404317980037396,0.7175760497024196,0.4279666326640569,-0.8750928070913065
26376,6.600,0.9999951993557358,0.0004852491447247793,-0.0003159799977151937,0.0030440031851567055,0.02734336781408819,-0.32779491890254564,9.813707170569385,-0.001710693848184035,0.002353828686762274,0.003413837723009197,0.7143923632860707,0.43461461387532135,-0.8736388176761717
26377,6.608,0.9999952015823895,0.0004957290979527693,-0.00032314565819063226,0.00304082912081872,0.0231252486109358,-0.37022974867934894,9.76411174226741,0.005445253423874685,-0.0020776806687044427,0.00021873432500518978,0.72119406587071,0.4365033960234313,-0.8685294477158987
26378,6.617,0.9999952164200958,0.0004915356181441137,-0.00032272051286046674,0.003036672707631313,0.08611798046964639,-0.32609888264394143,9.721154476156435,0.0018431539520148141,-8.754830518129188e-05,-2.7315293606922112e-06,0.7105210933763705,0.43614167308936774,-0.8788490407467787
26379,6.625,0.9999952296865544,0.0004867629370745662,-0.0003216480445636583,0.003033184550024769,0.023986042088538693,-0.3626250152101757,9.792527019305561,0.001843155721055705,-8.754841023184349e-05,-2.73085810918893e-06,0.7126626680227692,0.43032616724799566,-0.8705675018067813
26380,6.633,0.9999952119942686,0.000489957303412738,-0.0003278871914547439,0.0030378315242196438,0.057798690237847804,-0.3157927255531734,9.749651377093858,0.003626269231990369,-0.0017644406951313571,0.0020404986384505333,0.7187958556771378,0.42430680263317505,-0.8749554072261482
26381,6.642,0.9999952262187147,0.0004932379946831759,-0.0003271257738886679,0.0030326959608934748,0.05443738778263926,-0.35092835213151863,9.728462481012226,0.003686322321939963,-0.00017512898169837638,-5.481463295275503e-06,0.7156275476907302,0.4264768632992711,-0.8757862286302751
26382,6.650,0.9999952487251855,0.000497398402376866,-0.00031199009078952645,0.0030261830855953763,0.05316627920849687,-0.3645734792664223,9.792471195477836,0.0038547499586055493,0.0034549212418312396,-0.00045951317881711773,0.7256231184753187,0.4299702167187267,-0.8736435804913424
26383,6.658,0.9999952536083431,0.0004923256365083218,-0.00032578006449535303,0.0030239450398408946,0.026683182602265147,-0.3332984785191246,9.785364296105119,0.001674747417548453,-0.003717605047001272,0.00045137983818034644,0.7251315830341366,0.4231471464452251,-0.8731617406001921
26384,6.667,0.9999952093034901,0.0005032446646783624,-0.0003311567310002659,0.0030361900626580977,0.0878959103685208,-0.31029061316031514,9.777997136931093,0.005493644619748716,-0.0016261426350162526,0.0038568200273119023,0.7192898059837879,0.4274528179741729,-0.87579602956578
26385,6.675,0.9999952205109851,0.0004919997056496148,-0.00031321357990823424,0.0030362458282156305,0.026030170294497407,-0.3399382279713565,9.756984369826302,0.0001926599083335222,0.003855854797118337,0.0013647773998538698,0.7216227148848444,0.4277772510589758,-0.8596680978633958
26386,6.683,0.9999951743022065,0.0004949013071172606,-0.00032577435642939406,0.0030496419568420037,0.05249399667351122,-0.3708365503162791,9.764106846361972,0.0035661731468273027,-0.003353579631960025,0.004086736473648587,0.7171074086273302,0.43445958976072263,-0.878012438972517
26387,6.692,0.9999951663515438,0.0004902920512326788,-0.00032314431988139165,0.003053271196865616,0.08789419522287992,-0.30969049643313906,9.778016176941925,0.001867369429812794,0.0001382180442774537,0.0018162401097070685,0.7141219532617691,0.43475241308829793,-0.8697367306060341
26388,6.700,0.9999952097337138,0.000486391382150738,-0.000316397732317989,0.003040366018325234,0.05254934097756466,-0.37046333187309993,9.764120715710765,0.0019032707913612858,0.001501485562298066,-0.0020488596714040874,0.7241658041045377,0.4338395856150898,-0.8747671683870555
26389,6.708,0.9999952132823002,0.0004890250190284966,-0.000322982215222925,0.0030380831962433727,0.05601232072599984,-0.3348030959642376,9.785320572328802,0.0036020818366817257,-0.0019902759513449257,0.00022171054183240248,0.7178315832607414,0.4205780729958051,-0.8767846613514324
26390,6.717,0.9999952073999787,0.0004928930389297183,-0.00031416863307510496,0.003040317680193479,0.052574329923095596,-0.36993841406806066,9.764140483469436,0.00379483893285781,0.00186563714151023,0.0015863132593090946,0.7271014913925304,0.4247689426181929,-0.8756487121661807
26391,6.725,0.9999951488213905,0.0004962375847164687,-0.00031714048082709823,0.0030586768153099833,0.05521476897113859,-0.3413657596750012,9.756944974185664,0.003674646292030309,-0.0013124789007163005,0.005678687472831822,0.7246358554958541,0.4263620613927112,-0.8720570706251559
26392,6.733,0.9999951703706431,0.0004990071105224523,-0.00033331454129744765,0.0030494472793177662,0.05542588892529051,-0.3410753371618098,9.756953934247111,0.0034935105151724277,-0.004031337869200582,-0.001369934239831203,0.7298002696880324,0.4322723041930046,-0.8776054988255618
26393,6.742,0.9999951657441651,0.00048029356265377634,-0.0003060874237144923,0.0030568148264159853,0.025411795149503567,-0.34538264432317817,9.728647724383528,-0.0015417699075108895,0.005984636428659088,0.0029588715825969313,0.7126715356871179,0.4261266851747968,-0.8718849923127858
26394,6.750,0.9999951805757618,0.00047610000864875155,-0.0003056625999756899,0.0030526585801180896,0.052425033233664826,-0.36925475855326245,9.76416716378748,0.0018431874030192818,-8.77061408833017e-05,-2.71082770627482e-06,0.7075575851730559,0.4319221260685303,-0.8738340757685493
26395,6.758,0.9999951983222901,0.0004716208391823283,-0.0003048250419477504,0.003047620029233137,0.055874854397381414,-0.33366671059987635,9.785360173022974,0.0018431891746893065,-8.770624605021855e-05,-2.7101552065053185e-06,0.7200513456822855,0.43243016835361975,-0.880119670736928
26396,6.767,0.9999951865485402,0.00047515220734205163,-0.00030353746178772475,0.0030510613137581357,0.08427072250587515,-0.3433915899509916,9.756886115821889,0.0037105806500339514,5.0596126015961116e-05,0.0018135456867549428,0.7200411447835537,0.43101791104613324,-0.8786040983490347
26397,6.775,0.9999951733675075,0.0004704035621302254,-0.00030879569503695914,0.00305558626074458,0.05593479301107988,-0.3332176023695694,9.785375134279976,0.0017830347891736468,-0.0016766653475922557,0.002043567482505223,0.7288335244394559,0.43197664081941295,-0.8790673582466303
26398,6.783,0.9999951704437935,0.0004889155533950137,-0.00031692394792224367,0.0030528036100490557,0.052643994406004105,-0.3682879967333364,9.764202499669373,0.007288418827799314,-0.002165925324059181,0.00021645974168154448,0.7155843680819161,0.4315891728456781,-0.8693709289042675
26399,6.792,0.9999951266537972,0.0004771383496662485,-0.00030408244330648143,0.003070267336860603,0.05529899411773127,-0.33971739204140394,9.75700202893407,0.00015707539951807057,0.002493287549742236,0.005229477375999962,0.719528724696078,0.4262587119829787,-0.875019375654536
26400,6.800,0.9999951603422356,0.0004805814871799651,-0.0003052057972710875,0.003058624357911139,0.026044957629627455,-0.3367790387372613,9.757093885989212,0.0036621790914357828,-0.000401663115956816,-0.001824373667129645,0.7166039141709156,0.42574489729309467,-0.875753819039757
26401,6.808,0.9999951840409158,0.0004766166823788131,-0.0002965563600673596,0.003052341042383212,0.05439008189792653,-0.3465077198788627,9.728621202268437,0.0019276044772794927,0.0017272024563134496,-0.00023012121907579355,0.727330537891231,0.43046680650698865,-0.8734053194197614
26402,6.817,0.9999951324030328,0.00048057386934320044,-0.00028533151675158477,0.0030696587632600757,0.023144858770053272,-0.36458584344880635,9.764324064190907,0.0038434532017268064,0.0023178831791845133,0.00522403469088987,0.7253758729142223,0.43071940762652516,-0.8731830941798783
26403,6.825,0.9999951502135932,0.0004906787194989793,-0.0003007000009851829,0.003060778201242941,0.055054451980822226,-0.3387293887021818,9.757037762955509,0.0053365414809579455,-0.004119508110235398,-0.0013720653174571237,0.7163383536139989,0.4324531656600364,-0.8725722291589408
26404,6.833,0.9999951520995108,0.00047918575238898594,-0.00029120125799940785,0.003062900637963082,0.0524606332800726,-0.3667759426290962,9.764260399724783,0.00010865912224425658,0.0020411727689290953,0.0015914468825665485,0.7341241066423325,0.42580234440275555,-0.867087485985671
26405,6.842,0.9999951500064825,0.00047501943264344323,-0.00028083042008888185,0.0030652005362607647,0.024665090556731713,-0.3495573853948108,9.821137930642896,0.001951875597845809,0.001953366839225114,0.0015887610693419475,0.7229423271118123,0.4289684246913918,-0.874359156159266
26406,6.850,0.9999951267134134,0.0004778763182711656,-0.0002945939824139429,0.0030710581295450372,0.055032419503746814,-0.33820257192965314,9.757056161601144,0.0035417253387486003,-0.00357930884882317,0.0022686180954764328,0.71733415557267,0.4235576117253767,-0.875427395978414
26407,6.858,0.9999951475595719,0.0004895855517998798,-0.00027900791325434574,0.0030638730199706726,0.05771764116592904,-0.3095600560085824,9.749851740918999,0.005698596096362154,0.00336638911336483,-0.0004631582363795629,0.7273278714224648,0.4192433277456179,-0.8730091556559841
26408,6.867,0.9999951356324658,0.0004931172439180617,-0.0002777197271450189,0.0030673145492248577,0.05298631685012429,-0.3585340943462864,9.792695151769994,0.0037106594936315526,5.0636817751985635e-05,0.001813602891128304,0.7197915225872524,0.4217635665361882,-0.877790509552465
26409,6.875,0.9999951606056914,0.0004893622467087551,-0.00026884375312928577,0.0030605576005382582,0.05214360582359028,-0.36548302926199955,9.764310578054516,0.0019277114337592752,0.0017270920223839469,-0.0002302682352713454,0.721227237596061,0.4238705000005904,-0.8734578518029039
26410,6.883,0.9999951471161269,0.00048487558279891363,-0.00027473845086960186,0.0030651523044256633,0.022974836862225522,-0.3625460626743711,9.764400414420967,0.0017829438503972794,-0.0016764376034688988,0.0020439007973651648,0.7227157922968727,0.42692177838266676,-0.8769757158839474
26411,6.892,0.9999951243083277,0.00048099688944991555,-0.000263512862497275,0.0030741767249472074,0.054790492184140095,-0.336914223701335,9.757102094717085,0.0019761680046952194,0.0021797889540732065,0.0034075631553601147,0.724662961074179,0.4227998083667672,-0.8760842124630903
26412,6.900,0.9999951296838162,0.0004841468316272582,-0.0002709568352731368,0.0030712852174708595,0.05477771028774348,-0.33668827597617573,9.757109966094935,0.0036019316056640238,-0.001990706036046346,0.00022236601732735338,0.7268850803944787,0.43073086012335265,-0.8797693920413332
26413,6.908,0.9999951217221318,0.0004718604809521283,-0.0002755785406940857,0.0030753757646074364,0.05300750394925099,-0.35763038254761215,9.792728082089353,-6.0301165240463217e-05,-0.0015885287390512883,0.0020466004586355306,0.7136330454377725,0.4320685377323179,-0.8696452822046145
26414,6.917,0.9999951231233914,0.00046036809193708946,-0.0002660788843160369,0.0030774977954014337,0.05489653143839936,-0.3365436732245561,9.757114286670621,0.00010878005036570771,0.002041326083123772,0.0015912478625980551,0.7187994107617202,0.432349816250304,-0.8754835948076276
26415,6.925,0.9999951435189571,0.0004783935604129486,-0.00027470910913155946,0.0030673462484125846,0.052997971834686707,-0.3573283679083871,9.79273916019705,0.007264154227867365,-0.0023929951319355603,-0.0016018454633056364,0.7200007278404812,0.43391709767238906,-0.8725992546059144
26416,6.933,0.9999951070332732,0.0004739513864889378,-0.0002793964785954137,0.0030794832690012714,0.027438482508206106,-0.31872215374633844,9.814005752720378,0.0018071888117041387,-0.0014499169897922424,0.003862905453454725,0.7235994818091052,0.4305845407723267,-0.8631740632770473
26417,6.942,0.999995094313331,0.0004769523193562599,-0.0002769933617387329,0.0030833651154322703,0.025949179693746705,-0.33286343543837144,9.757228506816187,0.0037107408307664406,5.059729308115585e-05,0.001813571236578745,0.7253881217630168,0.43383097316427877,-0.8750029355001594
26418,6.950,0.9999950862878816,0.00047280330319000836,-0.00027536189784766835,0.003086751197408,0.080811433456652,-0.3736652323808067,9.735899296142508,0.0018675061088015647,0.00013854615001316617,0.0018162440594457006,0.7228943560023253,0.4277542537525591,-0.8672319714996709
26419,6.958,0.9999950780848252,0.0004682498518339864,-0.00027263813344944297,0.003090342480833895,0.026689814722376352,-0.32530137504742357,9.785633394803133,0.0018675096580073381,0.00013854593959294328,0.0018162454075337114,0.7205193300084076,0.4300936310760977,-0.8771024640609525
26420,6.967,0.9999951024991321,0.00047903609256250645,-0.0002816326278137271,0.0030799651355450865,0.0524884275322595,-0.36324417060132097,9.764392275927786,0.005420865031861346,-0.0023053644863991135,-0.0015991009329834745,0.7197730916580077,0.4272346666578805,-0.8750521814716444
26421,6.975,0.9999950918491395,0.00048234761143087473,-0.0002796000620452418,0.003083089719507494,0.05526290828877419,-0.33460820965213345,9.757178784794212,0.0037107850742824577,5.0633351406441646e-05,0.0018135487661025166,0.7210014372332498,0.43183600156041996,-0.8761835308704433
26422,6.983,0.9999951296617654,0.0004781094863528746,-0.0002803830093127364,0.0030713921008469693,0.02342700040573572,-0.359857581225297,9.76449879100191,0.001818968136061904,-0.00031457215078850754,-0.001821578393951295,0.7234333599677152,0.42675530177124066,-0.8747663257304956
26423,6.992,0.9999950917136194,0.0004891078799714246,-0.00027737265105611913,0.003082269709894707,0.05182266191484063,-0.3695348303658647,9.73603400773933,0.005578343779767497,0.00018931488347445296,0.003629773446895503,0.7219634877994469,0.43313345696134653,-0.8740241710455683
26424,7.000,0.9999951010011626,0.00048457646217920893,-0.00028447366530521195,0.0030793236369151297,0.055340525841161343,-0.3337856776364746,9.757206517500947,0.0017586429064410827,-0.001902886414312505,0.0002252593033196317,0.7295153698496056,0.43370755880690787,-0.8715506247538646
26425,7.008,0.999995088031861,0.0004876346332852252,-0.00028208566610521906,0.0030832697404810103,0.05541299321166419,-0.33356378677470555,9.757213694583783,0.0037108293311544447,5.0669406189144534e-05,0.0018135262969727287,0.7263807361738281,0.4322809166438157,-0.8773845205649174
26426,7.017,0.9999950760493475,0.0004911669000014188,-0.0002807965585086362,0.0030867111023595564,0.0235560925439753,-0.35873473558242264,9.764539797054569,0.003710838236394117,5.0668877555132955e-05,0.001813529678368697,0.725686815815021,0.4281703991247436,-0.883107249504605
26427,7.025,0.9999950742944851,0.00048715428042050215,-0.0002707909388020207,0.0030888087901083574,0.08448104538841586,-0.3358253855021129,9.757147650621022,0.0019522223819785204,0.001953575009807353,0.001588210104285596,0.7114704313600746,0.4323756536027371,-0.8748009415557484
26428,7.033,0.9999950948459712,0.0004832986997990093,-0.0002628410166579412,0.00308344303734913,0.02408815480252883,-0.35115577677798315,9.792944758281259,0.001927927442891125,0.0017268430784493092,-0.00023067628534220865,0.7265666992606902,0.4296544883974966,-0.8687401203116004
26429,7.042,0.9999950790749081,0.0004941164724963879,-0.0002610536130505093,0.0030869930177547665,0.05432493744421044,-0.33976422596375844,9.728859412248438,0.0055541019777390266,-3.735905552409773e-05,0.0018109464253713745,0.7222366604894901,0.4307825348282188,-0.8783367140985933
26430,7.050,0.9999950670290254,0.0004976487725626275,-0.00025976430935177516,0.0030904345678491032,0.05508968026729377,-0.33219635600482056,9.757262176944046,0.003710841658539474,5.0689383281833994e-05,0.0018135955137262114,0.7182669175619235,0.4330703297596529,-0.8689165608900603
26431,7.058,0.9999950359015144,0.0004931518401022799,-0.00025609410314429666,0.00310151405005912,0.02052926532528706,-0.3857008772890553,9.771822569333033,0.0018918668882375329,0.0003655682110890344,0.0036351188132454,0.7204861385466076,0.4288019480799657,-0.8721711276815888
26432,7.067,0.9999950699481527,0.0004965945585779827,-0.0002572215038347365,0.0030898722193316067,0.05237768595193307,-0.3600064779346262,9.764512777540894,0.003662261398879274,-0.0004030128796689327,-0.001824150375880572,0.7158113666305542,0.4355877285042067,-0.8668232672254602
26433,7.075,0.9999950441422191,0.0004923475560276862,-0.0002459720061386156,0.0030998036482763887,0.05421936428473487,-0.3387106275114685,9.728896738626489,0.0019765812722719704,0.0021804993983385447,0.003406973878377668,0.7182895603247179,0.43148582343594566,-0.8722806513471252
26434,7.083,0.9999950496805905,0.0004954967841723145,-0.00025341648060291506,0.003096914163764336,0.05306035535854962,-0.35235550879272504,9.792919012120999,0.0036018372641046085,-0.0019910669797444254,0.00022291715386537272,0.7238779868153636,0.42991570196784407,-0.868278841546956
26435,7.092,0.9999950457381707,0.0005055853279200136,-0.0002677532673931146,0.0030953498637271326,0.055215405665679416,-0.33092537957878904,9.757304656006399,0.005360409627356419,-0.0038940292123993405,0.0004484736422264992,0.7143855238353353,0.42658882515981456,-0.8726226638101965
26436,7.100,0.9999950202332665,0.0005018195512970531,-0.00025738609660215685,0.0031050665379396235,0.023429084565069692,-0.3560942564163138,9.76463675229603,0.0019766852491068794,0.00218062024332049,0.003406849425089384,0.720076055510274,0.42570467508505594,-0.8837908701080687
26437,7.108,0.999995051233433,0.0005048510133569576,-0.0002654982267566635,0.003093888296309348,0.052591041510161675,-0.358663497609792,9.764561052557719,0.0035775101974236984,-0.002218073999955857,-0.0015959026797165595,0.7217424783159906,0.4266605648123193,-0.8774616427360242
26438,7.117,0.9999950160408294,0.0005084284240363932,-0.0002629997210821788,0.003104871202846686,0.025419878469093674,-0.33450960332287394,9.729027629553865,0.003735269362187927,0.0002777151081399304,0.003632416285928485,0.7204746241499418,0.4357025304107666,-0.8704604057041656
26439,7.125,0.9999949851150961,0.000503968966176805,-0.0002592984071102132,0.0031158504901527655,0.05340194643341176,-0.3509392749247841,9.792968009443296,0.0018919835379575672,0.00036586663742560845,0.003635069520645436,0.7216909718583703,0.4313279592753305,-0.8698092027873086
26440,7.133,0.9999950192875827,0.0005074115876791879,-0.0002604269906367126,0.0031042086416482725,0.052628736967580934,-0.357913483198295,9.764588369383022,0.003662255017943964,-0.0004033840987650386,-0.0018241455810321743,0.725875464485781,0.42992715446467156,-0.8748618529967531
26441,7.142,0.999995007431457,0.0005105787988743655,-0.0002581119239880961,0.0031077000636542365,0.05187096845223724,-0.36481480901759855,9.736211754437646,0.0037109532173284126,5.0718095060623345e-05,0.0018135653262127598,0.7200407390165676,0.42930999036505507,-0.8785438125588947
26442,7.150,0.9999950267002696,0.0004987036824704165,-0.00025734388353588036,0.0031034889221774934,0.05263833692570911,-0.35746291052591683,9.764604822234855,-1.3010426069826052e-17,1.186e-321,6.726796853914752e-16,0.7224939910158935,0.430957623890456,-0.880295548286482
26443,7.158,0.9999950370934819,0.0004939637260145953,-0.0002637729560689677,0.003100356765185263,0.05194301257769449,-0.3645933667953667,9.73621966504253,0.0017585128625570736,-0.0019030102216500166,0.00022572419763343182,0.7173511570705564,0.4259113739045209,-0.8779533499582359
26444,7.167,0.9999950152970105,0.0005048392446794489,-0.00027035209406826936,0.003105064929141983,0.05286484218257564,-0.35709783377471965,9.764616957418575,0.005469500118512375,-0.0018522834917279666,0.0020392671749058845,0.7209427244094885,0.4338539704706954,-0.8674604235396587
26446,7.183,0.9999950191029353,0.0005038486858062624,-0.00026782023131214326,0.003104219410096704,0.06713081685929802,-0.36165091471712957,9.750397300194898,0.002777161375435172,-1.8731319486713063e-05,0.0009054257432589412,0.7253786935466767,0.42875027337509947,-0.8736021624184998
26447,7.192,0.9999951056755607,0.0005072694115977547,-0.00026279480995509454,0.003076075674777026,0.05290435599267998,-0.3562728602145787,9.764646877768476,0.0036983097685677263,0.0009568632553210767,-0.005690302903362371,0.7178179049805885,0.42529136975888804,-0.8747524459301527
26448,7.200,0.999995069263383,0.0005028272297980629,-0.0002674757694282573,0.003088214761297201,0.026453185710641116,-0.3249929245855484,9.757492474191213,0.0018072817955154775,-0.0014485754425282655,0.0038635110363556737,0.7232038694717654,0.43303010755161414,-0.8769437527233991
26449,7.208,0.9999950909541384,0.0004987316815460335,-0.00025876388765407667,0.003082592348209588,0.022974337535905043,-0.36030641109873834,9.736358473007632,0.0019281269378120382,0.0017266121219064573,-0.00023116733037319948,0.7190606244365311,0.42810727192305,-0.8780193578190428
26450,7.217,0.9999950462069088,0.0005096523587228122,-0.0002641326038992107,0.00309484249743143,0.052127644743094434,-0.36280325687219406,9.736285548661646,0.005493920813091044,-0.001624938855215086,0.0038582489862310806,0.7212570484947329,0.43861600957986635,-0.877886929678662
26451,7.225,0.9999950324114376,0.0005047994082385351,-0.00026934624840576173,0.0030996423348876013,0.027327923449967678,-0.3170369127542271,9.785902873526599,0.0017828900565453449,-0.0016757577127116479,0.0020447368070430315,0.7185511217998025,0.4287072111210443,-0.8748680878929462
26452,7.233,0.9999950433678784,0.0005082871473612162,-0.00026926605460385794,0.003095541898214711,0.05232468973535949,-0.36228789163185626,9.736303681575848,0.0036866610586658,-0.0001764870331661711,-5.332021059589089e-06,0.724950121614386,0.43088011183315666,-0.882474964508425
26453,7.242,0.9999950552654554,0.0005115635399954963,-0.0002684628112185695,0.0030912255018320555,0.08150180556222959,-0.36478733755343246,9.736230223136728,0.003686668188925452,-0.00017648745657747718,-5.329314113275354e-06,0.718256021062644,0.4287302084274609,-0.8672976414333557
26454,7.250,0.9999950227931921,0.0004994399937025347,-0.0002727987675223918,0.0031033094220502973,0.02478161293146362,-0.34462261950984335,9.793175112108637,-3.6018935488439466e-05,-0.0013601096309648897,0.0038662750964780094,0.7197604758938081,0.4294994642828979,-0.8731778266352698
26455,7.258,0.9999949843854752,0.0005103485292159203,-0.00026974075143798126,0.0031141593085692297,0.02326906839645004,-0.3588183341823076,9.736412728100701,0.005578869104548794,0.00018986135715312618,0.0036296236647821076,0.7187865242790906,0.4265543753565703,-0.8735690186742694
26456,7.267,0.9999949805088622,0.0004985185734542155,-0.00026776200058631556,0.00311748934617875,0.0823440478083956,-0.3569815753307869,9.764636860040653,2.4433484997835998e-05,0.00022738296505105552,0.0018188176925455434,0.7265698676934182,0.42914928615842357,-0.8692108620846277
26457,7.275,0.9999949697760779,0.000501771388464455,-0.00026545621134171904,0.0031206058731294744,0.02477720451374755,-0.3440170860423763,9.793196413638277,0.00371111451914696,5.075112824306451e-05,0.001813485479061174,0.7231518992804464,0.43574559266482177,-0.869222414728809
26458,7.283,0.9999949751938466,0.0005049202747878605,-0.0002729014352608051,0.0031177182973065034,0.05515872712180863,-0.33268851327018856,9.729099251818525,0.0036017619591034106,-0.001991441235242709,0.0002233781578497039,0.7263060264014217,0.429252635568156,-0.8662847075834816
26459,7.292,0.9999949669187266,0.0005002350059196539,-0.00027003713358191445,0.003121375033733777,0.05408863303118156,-0.34629747946513484,9.793129482034674,0.0018677988045983807,0.00013910600234496323,0.0018161356388789853,0.7209828324038678,0.436575135675936,-0.8734193660224199
26460,7.300,0.9999949588525163,0.0004960865358424718,-0.00026840217739670485,0.0031247604668017026,0.05407204079504454,-0.3461458677803728,9.793134933667904,0.0018678023693609546,0.00013910579035432985,0.0018161369929124756,0.7251257290175107,0.419269165098051,-0.8722919950816999
26461,7.308,0.9999949383580612,0.00050671367529957,-0.00027401206143499096,0.0031291239828186023,0.023422140345621307,-0.3574736980722418,9.736461822344594,0.005469557165204747,-0.0018523878601681303,0.002039559149208784,0.7107597025186496,0.4198030447355735,-0.8780263932645048
26462,7.317,0.9999949592366022,0.0005028589167746137,-0.0002660630816241618,0.003123754909337132,0.08330131144503823,-0.3483485720383039,9.79307093186133,0.0019283144833929955,0.001726390790037579,-0.0002314851770769575,0.7163537900106528,0.4282192337835934,-0.8748656522339371
26463,7.325,0.9999948975694413,0.0005061236471559301,-0.0002694474241656578,0.0031426218389088516,0.024951733590918294,-0.3425150977348782,9.793248617325796,0.003675141493690649,-0.0013089502391418681,0.0056798966321312495,0.7226856342192444,0.4314772109851346,-0.8724950567844544
26464,7.333,0.9999949320333704,0.0005095661086159082,-0.00027057932298168704,0.0031309801637811655,0.08256426709274035,-0.35504054211449826,9.764705769177125,0.0036622305655221385,-0.0004043854159317706,-0.0018241490070180632,0.7239373755032233,0.41690101806330115,-0.8771023636541934
26465,7.342,0.9999949555798358,0.0005056416765605934,-0.00026171435407164643,0.003124843512099606,0.05604653962457474,-0.32375361300607425,9.757540512906969,0.0019283495002214695,0.0017263522007025178,-0.00023154832802656548,0.7199548237961885,0.42756193978869983,-0.8657791788603951
26466,7.350,0.9999949721892301,0.0005094687549937459,-0.0002541100566924724,0.003119529760765586,0.022133150214137816,-0.37001012748334183,9.80053469427293,0.00377171627632945,0.0016379489024337152,-0.00023420633287134771,0.7285369554193579,0.432740216582817,-0.8712787654119947
26467,7.358,0.9999949782900535,0.0005121800212446036,-0.0002603779868557826,0.0031166118792838944,0.05514894089310563,-0.3304409803343833,9.729175902233946,0.0036017406676915765,-0.001991554437873736,0.00022362617460406603,0.7263298864651748,0.43279189128768325,-0.8698296554109667
26468,7.367,0.9999949580123478,0.0005087556807165191,-0.00024248102317370637,0.003125111277083641,0.08308084662867296,-0.3468313552201112,9.793126656207516,0.0020622997619606205,0.003996386232434398,0.0031770362947334757,0.7214861911904089,0.43087727178714025,-0.8756578291513527
26469,7.375,0.9999949404539186,0.0005115330194494199,-0.00024771083650939284,0.0031298625969953596,0.025803103638942927,-0.32717816553765466,9.729275929402904,0.003626168515343694,-0.0017639386538247045,0.0020424954540858905,0.7261401943935933,0.42664333991069725,-0.8779200313156014
26470,7.383,0.9999949336368897,0.0005154056492527606,-0.00023889487135124183,0.003132089847092257,0.05303497340744454,-0.3507155865561254,9.764847348537405,0.003796246482019193,0.001865541943144393,0.0015845300604233092,0.7224510623890601,0.4302055929366412,-0.8739175375650993
26471,7.392,0.9999949967370046,0.0005109062652475344,-0.0002399919699586321,0.00311253587942158,0.08369733820063242,-0.33884873982154906,9.821537136568937,0.0017944700621190283,-0.0005438921022597242,-0.0036401831141415907,0.7258497303721024,0.4254205565210535,-0.871038473004083
26472,7.400,0.999994960000002,0.0005064642286587423,-0.0002446685378639366,0.0031246769251699435,0.02467843921289803,-0.34031409095051646,9.793326041274229,0.0018072643749739226,-0.0014477006867441597,0.0038639650889941085,0.7205261885742744,0.43127912461648077,-0.8781214579086156
26473,7.408,0.9999949490500296,0.000509759545763214,-0.00024247717223635997,0.003127814645248769,0.05311345574595406,-0.3501178962735638,9.764868370256348,0.0037112294254043627,5.082836252911846e-05,0.0018135170627286137,0.7180420828967723,0.43125905966884226,-0.8717857160127239
26474,7.417,0.9999949778461754,0.0004905418307063567,-0.00023383872858930837,0.003122334157104253,0.02464540684750499,-0.3400099645328443,9.79333668804758,-0.001758317883924314,0.0019032010285546736,-0.00022643931831497862,0.7251259417692284,0.42708541494807645,-0.8723236041229491
26475,7.425,0.9999949611746266,0.0004934143177996637,-0.00023915409278216004,0.003126815151016622,0.05379922885079102,-0.34273984317652173,9.793256232029648,0.00362615844418397,-0.0017639121789707287,0.00204260336127337,0.7143762892555814,0.4361646703957844,-0.8712506597880983
26476,7.433,0.9999949420486715,0.0004885872393964602,-0.0002525670555118372,0.0031326298004602142,0.026398750859844534,-0.3252692010929547,9.85010964316217,0.0016977125925132504,-0.003490152639119498,0.0022743165786500872,0.7202354926859341,0.42908038655193526,-0.8712054505741601
26477,7.442,0.9999949623749022,0.00048426005202205797,-0.00024385704371706162,0.0031274991226954794,0.023770063074308116,-0.3533736993223633,9.857379922631116,0.0019284695574770033,0.0017262199102830633,-0.00023174940114375768,0.7199473084813545,0.4305328660674605,-0.864662610217967
26478,7.450,0.9999949541786164,0.0004801118527375188,-0.0002422205419013989,0.003130884719294999,0.05514318618850587,-0.32841820670358013,9.729244425285492,0.0018678785678591073,0.0001393114053347926,0.0018161357738872524,0.7270614031346001,0.43597235643192517,-0.869692701975778
26479,7.458,0.9999948893407709,0.0004828210945739462,-0.0002448527767610312,0.0031509083211758923,0.023319017953327335,-0.3536401430753183,9.736602062421309,0.0036751671948043016,-0.0013082701432246976,0.00568017445145407,0.7219817836801355,0.43401467467732696,-0.8767424346332325
26480,7.467,0.9999949285343418,0.00046428242048553094,-0.0002211651147432222,0.0031429975220469905,0.05230211646097066,-0.3563643539279939,9.736522413872683,-0.0015879565616048774,0.005532702992599814,-0.0006848182400959333,0.7251599447650009,0.43179293930636475,-0.8773755120825929
26481,7.475,0.9999949117041135,0.0004894379236522346,-0.0002438767866872055,0.003142855471423463,0.023154663585876183,-0.35325681217967975,9.736616372768475,0.008961520752250107,-0.005886924246803604,0.000674423081118881,0.7219735147980415,0.43381374826265673,-0.8755139066662586
26483,7.492,0.9999948465615044,0.00047321166710296425,-0.00024535706252381303,0.003165868137426376,0.03743001045340908,-0.36112159350714923,9.76860488705106,0.0009281710853036348,-0.0004958132900406751,0.0037508136972194215,0.7214617323444013,0.43173842455548206,-0.8720239187848371
26484,7.500,0.9999956356591608,0.0003830614589496703,-0.0002915474022557455,0.002914948826723122,0.024159221667371524,-0.34543765160930945,9.765017772908456,0.001928589313445754,0.0017260843548736636,-0.0002318703921086822,0.7224962708328052,0.43363288679562495,-0.8806342662418071
26485,7.508,0.9999956251034621,0.0003865482534560855,-0.00029028623839902947,0.0029182337611152534,0.02408465292715509,-0.34520833595567346,9.765026066660203,0.0037113214208980053,5.0704085385536316e-05,0.0018135015813697602,0.7244378174603349,0.42660889010745306,-0.8789074663253947
26486,7.517,0.9999956555448392,0.00039014445754462397,-0.0002819945978103368,0.002908119288671982,0.05395300569278486,-0.34048490396795555,9.793334043480606,0.003772010381069435,0.0016374345328038873,-0.00023452075135972107,0.7292501373565137,0.42795518016722933,-0.8684177761150955
26487,7.525,0.9999956281575932,0.00039260617697545164,-0.0003033062671120706,0.002915052555149235,0.023385057675929573,-0.35184079521118433,9.736667091832555,0.003455699643872385,-0.00539334521706028,0.0025014175795166605,0.7205456049376286,0.4299558318631211,-0.8810061943369191
26488,7.533,0.9999956909744283,0.0003810887922803605,-0.00028777300263266905,0.0028965480503336362,0.053405575946905655,-0.34727462523854224,9.764968307503576,0.00014588164590180713,0.003401358240380209,-0.002277398978872779,0.721705345739071,0.4295425265369531,-0.8719447652773996
26489,7.542,0.9999956739315646,0.0003999391628895315,-0.00028720601355838936,0.002899944745770424,0.0540510532021262,-0.3397356226174045,9.793359525472898,0.007398168800793478,-0.0001265050691130798,0.0018082573190691294,0.7222171281927112,0.4316178502441276,-0.8754347531588212
26490,7.550,0.9999956837579596,0.00038703769265131213,-0.00030063882132998665,0.0028969438335682087,0.05342255189146499,-0.34667399856964226,9.764989556482577,-0.00017044189919906614,-0.0036293646226528142,0.0004587587498088737,0.7246675207080023,0.42815033417710513,-0.8767616483737406
26491,7.558,0.9999956821137489,0.00038318490550153054,-0.0002915057169962334,0.0028989562956319823,0.02588384576230784,-0.32932446329709814,9.821834065462948,0.0019531981727310002,0.001954109125848563,0.0015867177323556352,0.7249130470041786,0.434006062226516,-0.8769666993055346
26492,7.567,0.9999956773991772,0.00038570666124830235,-0.00030442099968004834,0.0028989206935884177,0.024386786331371958,-0.3435673138214857,9.76508319165068,0.0035409172580606113,-0.003578592891153557,0.002272270017519515,0.7202959445110646,0.43438207770342335,-0.8801869255769734
26493,7.575,0.9999956757810904,0.00038185404190000673,-0.0002952878234200949,0.002900932903746049,0.05204994898584887,-0.3606251076408243,9.708248998413344,0.001953247518343546,0.001954113615474734,0.0015866625090528697,0.7202735915818317,0.43718652737075786,-0.8768658963985799
26494,7.583,0.9999957089180551,0.0003698560199367155,-0.0002863918799076526,0.0028919425465033528,0.02507110231928634,-0.3360268443965105,9.793473084421995,8.526155126711295e-05,0.0018146733113593384,-0.00022943590625689519,0.7263844454220986,0.4271313172481481,-0.8779356126212411
26495,7.592,0.9999956929081578,0.00037300102176837755,-0.0002926545054659317,0.0028964441496623357,0.05074480942174918,-0.37417310355732747,9.77229232699492,0.0036261354768072174,-0.0017639210523194575,0.002042924895774116,0.7209855371028975,0.43411802408705935,-0.8738212097495729
26496,7.600,0.9999956802422791,0.00036892788125327284,-0.00028143869915327787,0.002902444014854405,0.05342396131152585,-0.3456965138618177,9.765024202071286,0.001977851161218619,0.002182282284553366,0.003405375227085202,0.7307884212833136,0.43269999437477835,-0.8793240325094505
26497,7.608,0.9999956888681861,0.0003643451194899488,-0.0002885685918235231,0.0028993492104922103,0.08334796005191036,-0.34112318055833607,9.793324880031028,0.0017581180424275883,-0.001903398300078378,0.00022685925761626788,0.7205060766103725,0.429674553345135,-0.8751333744115007
26498,7.617,0.9999957595317058,0.0003593906051680982,-0.0002972350904880189,0.002874614461315338,0.024424078504243277,-0.34259003459567167,9.765117432897602,0.0017089636241770147,-0.0023597735499943095,-0.003410608597546964,0.7239350963076291,0.43499062935222876,-0.876763738009539
26499,7.625,0.9999957577973573,0.0003555383266151586,-0.0002881014735391202,0.002876626032144011,0.05090017016809987,-0.3735033661477412,9.772317139503823,0.0019532918508128184,0.001954156732494481,0.0015865768862989179,0.7202674668467757,0.42524830750483283,-0.875955929583104
26500,7.633,0.9999957595513518,0.00035146188215411003,-0.00027818038390602757,0.0028774936203678917,0.022354064852961517,-0.363293969607936,9.80078545050493,0.0019532971856950033,0.0019541564153254818,0.0015865789143549428,0.7266201957016608,0.42644241349602696,-0.87668821693697
26501,7.642,0.9999957620750648,0.00036224252724790097,-0.0002860056507839825,0.002874510920228001,0.05266415334974031,-0.3520334611552472,9.736678012021173,0.005444987682847599,-0.0020808574119636904,0.0002216875985914215,0.7234125912548464,0.4293071503190386,-0.8716806674386157
26502,7.650,0.9999957762277571,0.00036656962610992207,-0.0002611877315131836,0.002871399366839534,0.056008032984241056,-0.3161640466627031,9.757789600889772,0.0039673671986880515,0.005494762232383685,0.0011247438136782813,0.7175405593085762,0.43083998193787965,-0.8698199127749298
26503,7.658,0.9999957495850764,0.000369029593658088,-0.00028249783587261395,0.0028783370048054047,0.024132097313327834,-0.3412968764653622,9.765163441887417,0.003455468684176425,-0.005393134608707009,0.002502367034120777,0.7202882744112253,0.42978074280088396,-0.8790473601490303
26504,7.667,0.9999957662097547,0.0003495224676274805,-0.0002731581828536686,0.00287589659366841,0.07988736505589832,-0.3751058028753471,9.772281363438957,-0.0017581077520753853,0.0019034083429659418,-0.0002270095119009499,0.7180412522476687,0.43468351348180967,-0.8716623044507561
26505,7.675,0.9999957547880571,0.0004318833948332692,-0.00023023131360308684,0.002872433835578858,0.21772723519622109,-0.4426477140030565,8.96931788357949,0.022657965840508467,0.01005105125636848,0.0004097695287529961,0.7275784790528749,0.4326454796238956,-0.873969152800037
26506,7.683,0.9999208134889986,0.0003889931661167637,0.002101788223754052,0.012401529021810135,3.9999709834982986,5.682317567439296,11.05171222752391,0.01021579732259724,0.4792117855650473,2.3069531274762554,0.7236665597119356,0.4153308965951996,-0.8731399907939157
26507,7.692,0.9994233480640237,-0.00023373352689188548,0.0024159000094960002,0.033868571571294165,3.6107487973323593,-0.35361795428734977,10.248345836732325,-0.1217462382337581,-0.10259780316006518,5.154788664526399,0.7322250427804343,0.383256419131622,-0.8751260539379381
26508,7.700,0.9982783196921179,0.00034107423242920785,0.002449532682057769,0.058602729379185176,-1.8200015871758732,-1.4817304491432945,8.715814983296568,0.16623850267231896,-0.20440524267780225,5.93607505293217,0.7366350064641962,0.34482101137956056,-0.8774040992164548
26509,7.708,0.9968103716643826,0.00010284467273863435,0.003450409642321803,0.07973184457034409,-2.6525836575097617,-3.4151069596502333,9.784028744052522,-0.018223902063288288,0.06606118853325423,5.089845914533724,0.7434636980724182,0.3218946889701792,-0.876304554271977
26510,7.717,0.9954411504544651,-0.0004707069051097692,0.003025998553416126,0.09532857782247652,-2.993902728747137,-1.4680204625697042,10.157725712107228,-0.12978958494980766,-0.2147870672911651,3.7534534917446063,0.7440261557132573,0.3019621978332134,-0.8873234782294757
26511,7.725,0.993951812173344,-0.0008484898759917358,0.0013492133090708665,0.1098055315806211,-0.004912321762124871,-0.3648432412668468,8.890960460695235,-0.1129275807857382,-0.5157253350664386,3.4782235096566065,0.7440577043706635,0.28249761908605986,-0.8920107391559208
26512,7.733,0.9924366090446659,-0.0010738556765999977,0.0013825848016992077,0.12274572221131468,0.2903710805826703,0.7926179583456587,10.944643792131656,-0.03344365377629779,-0.0989376405946381,3.126651341246736,0.7386089502707321,0.2665379385679512,-0.8804906271488018
26513,7.742,0.9910340838216913,-0.0011026209773260397,0.001741912905907584,0.13359339306309198,-0.06997412009140608,-0.1350909187826008,8.599270853098727,0.02031028470338812,-0.008775416543268022,2.627498733282531,0.7532961587993867,0.2511867173858863,-0.8862016366419925
26514,7.750,0.9894836025782514,-0.001267588354581918,0.0024301781861697557,0.1446191124385455,-0.21915223435898873,6.314246774172577,8.267288390599052,-0.001338382947303423,0.07192017085566953,2.677631471206473,0.7443472205669911,0.24512713056302707,-0.8987514767726611
26515,7.758,0.9895692203903736,-0.001975732820183611,0.0029068417162721656,0.14401529365677823,-1.3719830832765574,5.980165170550782,11.465742892265736,-0.14936020506040515,0.14273734170829772,-0.1396342900940254,0.743865210160442,0.2507130325912793,-0.8996847944929512
26516,7.767,0.9909276207841089,-0.0007364813459937149,0.0013331826696869858,0.1343879852752542,0.11913141512149396,1.5460191269363066,10.390266306046417,0.23435771310398146,-0.33076222746899986,-2.347408917197871,0.725141170432689,0.2730422558486829,-0.9108595530994711
26517,7.775,0.9926096566966496,-0.0018451231638556146,0.003078269884219604,0.12129793571033826,-3.103284301250763,-3.026065383407085,10.992582492466623,-0.22134235339532457,0.5637515238261056,-3.147107330428537,0.7310798757574385,0.2960776077598296,-0.9226261341112267
26518,7.783,0.9949652443504987,-0.0018007159345070447,0.0028095766631289895,0.10016499506140017,-10.485687027850425,-3.7671623876628453,6.787190551377203,-0.012140213717282893,0.12192865597957787,-5.101684848376062,0.716981130944367,0.3455929226554906,-0.9317978344865302
26519,7.792,0.9965779596600616,-0.0008309214877566388,0.0011575205348138612,0.08264587125490455,1.169229673783164,0.05551768568621531,11.873731706098484,0.17882868586368567,-0.2623149495424315,-4.234611087695195,0.7181831060147301,0.38453353264662504,-0.9290112537009235
26520,7.800,0.9970097387311178,-0.0013877199076287356,0.0030462795846920685,0.07720346682279719,6.056112060560817,-3.181891349285123,9.661500945910731,-0.10009376970520406,0.509145319938385,-1.2914969771009681,0.7165907171173213,0.3976026389892888,-0.9463398792779509
26521,7.808,0.9958602881041881,0.004806187096785914,0.004269996440775188,0.0906694781777763,10.74065895650631,-11.624537092726257,10.29803935451819,1.519292860983149,0.05983942985876103,3.2435580719483657,0.7251995670456435,0.36990557270716373,-0.955809069548362
26522,7.817,0.9944111368985662,0.018151726234343194,0.007042006066438187,0.1037661592108677,4.093465008769441,-2.532348876867222,10.980850916158163,3.2626361512907853,0.27693303610756315,3.1634472458455125,0.7300703857712306,0.31988789561844616,-0.9540106930062566
26523,7.825,0.9924898683937056,0.02847483746717566,0.009463883633698534,0.11858954285109329,0.045969212074486863,0.7017770439778487,8.857163574309341,2.534463737212675,0.26215899570695395,3.588225013364037,0.7408243648092168,0.27365346291798126,-0.9557264396074787
26524,7.833,0.9905038041990433,0.036531192222237635,0.01175104404355646,0.1320212059706023,-1.51441486856914,0.8506671354029461,10.090300388302587,1.9920610764411038,0.2966894241475768,3.259150890250714,0.7490708029880653,0.21872733505630515,-0.9476246222571523
26525,7.842,0.9881285024757226,0.04940498139834619,0.015603890003346114,0.14462962706471563,1.3455477786340229,3.2148501194377257,10.461227902957681,3.191390054768497,0.5169327862469506,3.0750379232956546,0.7598303270939843,0.18199123553451085,-0.9501642131165076
26526,7.850,0.9849486897108278,0.06894084490702343,0.019681971814632684,0.1572763762486838,1.1146304478516607,4.542200404003476,13.268379483371556,4.789178045075987,0.3408018698737266,3.1176525685838894,0.7503410886494437,0.11610852257384438,-0.9549871124764973
26527,7.858,0.9807429097491557,0.09614421072764846,0.02087842203763305,0.16871196523523552,-1.6781688053213946,4.345085716684264,12.833904675275555,6.514953761444447,-0.6381594920276111,2.907691647265232,0.7461929922828714,0.04232059520902559,-0.9553419434508073
26528,7.867,0.9754967190445063,0.1300007463518805,0.01775884668751121,0.17660855145119148,-3.389604475579177,4.166876423933184,13.04694005634449,7.944146327162077,-1.9759972259161762,2.1925091505657104,0.7227970555103258,-0.05487879185660905,-0.9615959682315299
26529,7.875,0.9684810677949848,0.17077414662895166,0.01155712254800404,0.18096144640295717,-2.352220175781053,4.223816226014091,13.444413160964443,9.500093057177622,-3.0708485828143477,1.5139913381911327,0.6952948903460409,-0.1603709536128926,-0.9744252510550523
26530,7.883,0.9587533952078116,0.21708837117370974,0.0031462335048888716,0.18345208500688406,-0.7866526547785553,6.410961144436057,15.220205962921732,10.808235994516744,-3.886411947001902,1.2671758160427666,0.6642155032406454,-0.27211199148435483,-0.9636054016880851
26531,7.892,0.9459130523684165,0.2653734410893586,-0.00999367851073196,0.18634795548457894,1.5165225205592023,8.700447607998251,15.7775087941083,11.219477258361753,-5.054448130425444,1.70195240216588,0.6356312439928397,-0.38920630289940966,-0.9244854970494
26532,7.900,0.9306784201076038,0.31192508260891555,-0.025068236189242487,0.18950462981098193,2.3184252176882496,12.872410097391578,17.830959935228183,10.894231206201324,-5.415875807790188,1.9853723880232421,0.580163801406889,-0.5078621233317551,-0.8813383458435307
26533,7.908,0.9136090457834196,0.3558613437994069,-0.03774038195118994,0.1930204108952437,3.0177875003294723,16.414354576772567,17.628276009026024,10.558343335424961,-4.744189909638999,2.010776872328385,0.5378730764765529,-0.6090797617525102,-0.8008518401471137
26534,7.917,0.8948811412743818,0.3977158722139864,-0.0471330202584166,0.19694747112326347,3.108380893943574,18.916321475486164,18.418545694011506,10.39800503563415,-3.9057064759299798,1.9470614022127435,0.510767153537967,-0.6897275876762826,-0.6911848495879798
26535,7.925,0.8767292998297243,0.43399040583955684,-0.04948295285724865,0.20136906375068175,3.008486770176244,19.870883759544007,23.143240619614417,9.478508947170432,-2.057089221056049,1.4876902464274415,0.4889017370186315,-0.738177429466345,-0.5620981055415107
26536,7.933,0.8567559122018661,0.46687059152806804,-0.04883051292767033,0.21358075447146693,8.707499332758532,18.689028191795256,16.84694232020614,9.201123482163046,-0.5238583422288846,2.999908380013735,0.43910223543001353,-0.7689882551429084,-0.4179426406148134
26537,7.942,0.8312091575260122,0.5029656678342365,-0.05064503229610141,0.23141295151457067,4.551928335141664,20.038541878798345,12.692632909352572,10.438984719553249,-0.6901046300086511,4.667757494811858,0.3841029649252475,-0.7884234179895188,-0.2629860099751604
26538,7.950,0.7981412537310634,0.5466996398712489,-0.055598920756320516,0.24697935716975677,-0.1576426569419198,18.340202926088892,8.772602946517427,12.673261996421502,-2.11427356609084,4.855553287616771,0.3071981703901295,-0.7903746811499907,-0.11807732193412473
26539,7.958,0.7563837753210235,0.5974589685438271,-0.061953613616482356,0.2590137353452941,-1.0210002971249539,13.998608908923119,7.751481925370742,15.033012504442318,-3.375580050846667,4.724423618038501,0.24067615504628984,-0.7851267662472918,0.043992296152325784
26540,7.967,0.7065077862888864,0.6501041925111876,-0.0683983146105118,0.27116960993259615,0.879569939506705,12.083038377274333,8.557018590830065,16.542608042819257,-3.6310365601334604,5.2187878735210305,0.18069742100353517,-0.7379100525905604,0.17701878550707756
26541,7.975,0.6511109528516509,0.6991549004863958,-0.07482163923360448,0.285724823046355,1.614345356188389,11.220059969675857,9.492743599006417,16.842088197327968,-3.1384065263396406,6.057157688714181,0.122172987683839,-0.6864852444098192,0.3116166077450547
26542,7.983,0.5933771595391913,0.7411422172924244,-0.08194404404443505,0.30314507076598546,1.8812640766931135,8.50783229112734,10.026060475190054,16.138343843401,-2.3542725961092352,6.943218200340149,0.06385684151772218,-0.6234495818067338,0.4152686999038605
26543,7.992,0.5368571123178771,0.7740997789913826,-0.0920029650577136,0.32262893165336654,1.6117889602929678,5.276447842124106,9.4727947037119,14.466357625427522,-1.7566668579915183,7.881045468204608,0.007881283720248908,-0.5521270092305559,0.4976343772196372
26544,8.000,0.483877153122284,0.7986381659969727,-0.10625675411766954,0.34168623429053047,1.0387531673196608,2.5481190026489653,8.913818411440454,12.391309050074092,-1.668508030124205,8.534452837468208,-0.02945005369730992,-0.4759017582862141,0.5667603788708628
26545,8.008,0.4372437286499578,0.8149240574272009,-0.12467054904331959,0.3594077859255528,0.9079839559281259,-0.02827238565317361,9.166194226947974,9.839843983652871,-1.5816858506869207,8.88568312941397,-0.07094406288215864,-0.41383948725029923,0.6014236630296366
26546,8.017,0.40195732534454964,0.8214099286483711,-0.14748346519316374,0.37678198631881477,0.5747604076370699,-3.277892059987184,8.723026857367492,6.201593479286809,-0.9313910979798106,9.070335234001327,-0.1068427296651001,-0.3726827296674739,0.6390612431958529
26547,8.025,0.38264833766525813,0.8194647620150692,-0.17198137112114392,0.39048708235342766,-5.293133980933395,-3.619214438342616,3.3718073493389604,1.9455319217641924,-0.4498527355263057,7.945278778291779,-0.14008559599965512,-0.3424223623407233,0.6448539708730053
26548,8.033,0.3787127170050445,0.8114756886357184,-0.19624279493544666,0.39946545553748275,-3.892219237426077,-12.52848831258179,0.3538133755523608,-1.8162806495075932,-0.09824024973814088,6.309363700190042,-0.16787115076125855,-0.3363111931257595,0.637855181918735
26549,8.042,0.39303722632281846,0.7926043301896353,-0.22235831356322577,0.4097034230738425,-4.43466122658136,-21.23841899379866,-1.1971816151547727,-6.487752250739098,1.9063049588560577,5.648986323439875,-0.19238749115930612,-0.3644130445960033,0.616695307969953
26550,8.050,0.42861309428283184,0.761621680217674,-0.24952875266733082,0.41708348471737683,-7.663630161219664,-26.34210563004876,-9.030493197149548,-11.942541357738733,3.6408293946436454,4.234664967616947,-0.22358980926557695,-0.41943986644691883,0.5732325371079816
26551,8.058,0.4799165853645912,0.7215095369676968,-0.2703545523660788,0.41953840726635355,-10.937178054670127,-27.76276520326753,-18.172852268885254,-15.441499318601178,5.344226017770569,1.6215536979398353,-0.25336368706459406,-0.4858166060881159,0.4989098548082626
26552,8.067,0.5387208152723441,0.6765886492791667,-0.2761571366287574,0.4192194159958484,-10.20693718559699,-25.08058437713493,-23.39797265080198,-15.986957530536232,7.685168147477528,-1.661293724508543,-0.2650099955198537,-0.5490961650471649,0.4155608218964236
26553,8.075,0.5971293773812837,0.630277243497923,-0.26617962623549846,0.41873083188849514,-7.723345398029256,-19.361804021612254,-23.933373490551098,-14.54145617386983,9.899398336640287,-4.049279020875231,-0.2768327808789227,-0.60442460730199,0.3221580033938738
26554,8.083,0.6493921393601086,0.586131953778316,-0.2446860048293689,0.4181721429482815,-7.598697044134991,-12.776457605076242,-20.88052975444271,-12.155387031794936,10.97347570821092,-5.302118434956597,-0.2627965657045135,-0.6511014842908808,0.23179971660770143
26555,8.092,0.6926969001960518,0.5466954402055112,-0.2144397189656088,0.4187012145280147,-8.811151825254816,-8.405461133626517,-14.299934999163774,-9.216818691853975,11.507099725086675,-5.74176099256736,-0.2505144657878324,-0.6941213712949064,0.14814088378338872
26556,8.100,0.728458460672837,0.5103241813468044,-0.17682423570077763,0.4214862876484967,-9.830019354789398,-3.547146322365855,-6.988638297593225,-6.860924450458072,12.331155340779315,-5.720835196189531,-0.21576898082141183,-0.7246978361939339,0.0641940008528787
26557,8.108,0.7609772082160253,0.4718655061399825,-0.13422391846099838,0.4245474913410494,-10.976553620175235,1.3712158850670366,1.5046325797045748,-6.311587585618091,13.316583069263078,-5.834884442572887,-0.16961409925712892,-0.7449176551919653,-0.010025445056618476
26558,8.117,0.7915018679560217,0.4277257633641741,-0.09047440951308999,0.42707124183199396,-10.175418433353666,5.322315057243904,12.79546446237722,-7.025325312794803,13.975006353188034,-5.650614099020725,-0.1123987184753758,-0.7633291364579645,-0.09522769840658314
26559,8.125,0.8197949106794367,0.37438507673297744,-0.048776130393785054,0.43057288331657145,-7.6923163502583565,8.0725038132287,25.574452067005414,-8.72787859894653,14.552941019867813,-4.791808869790437,-0.04118633965418742,-0.7855870816266716,-0.1924148745564204
26560,8.133,0.8451699250388164,0.3106375446594936,-0.011434746789454085,0.43481186762054297,-7.338131240779014,8.387486761481266,36.57965829099036,-10.952640593596993,14.770291264471728,-3.809379112372419,0.031833381389905074,-0.7812445818122716,-0.30420956461784465
26561,8.142,0.8670669615066395,0.2385961524687898,0.020406218666884367,0.43686421978740014,-7.8414046951673315,8.514349572296705,43.77137138223193,-12.955541029965772,14.336165193432233,-3.457674377899052,0.11556647337759557,-0.7518343763208439,-0.4116867577204921
26562,8.150,0.8824146844361079,0.16814420394847618,0.04324245010286208,0.4372664426630054,-6.716245086594349,11.282703988295369,46.84226407148624,-13.17832247775689,12.199375875870336,-2.6630069677060435,0.20146762831394127,-0.6997963518396427,-0.5148178435110287
26563,8.158,0.8905572381867932,0.11512190710622437,0.054066270801864706,0.43672827980211815,-5.1611884025455375,11.866480707034592,46.023656060432266,-10.431413802675982,7.815776405430323,-1.6106010200321828,0.2595017087493749,-0.6489780860765456,-0.5765627425650007
26564,8.167,0.8929908564593086,0.0910765327095977,0.05288288182755232,0.437579474243573,-3.8513433440031117,10.91776102927562,45.55963452886459,-5.341683283389138,2.2687222425980194,-0.23534732911706044,0.26112426633479496,-0.6217117346477341,-0.5999897418262782
26565,8.175,0.8917220166859696,0.09491120361239626,0.04332059476634982,0.4403941807692781,-4.267099165137665,8.446768767275964,44.663499557820366,-0.18081313879373043,-2.4083598061946514,0.9120945362004588,0.2527600528441974,-0.6265082235601491,-0.5905933940486177
26566,8.183,0.8878940653916332,0.11887357006899972,0.02965805232707959,0.44343387659665046,-6.811871876031278,4.846064472591831,43.07494174820761,3.753735181689909,-5.401797212472605,1.4021945785018728,0.20226517160194443,-0.6437652671664229,-0.5607640150572861
26567,8.192,0.8827229358376737,0.15090076217177215,0.011984063929605953,0.4448432990771333,-8.425994493631233,2.632642242646577,41.48381523845609,5.095947443773577,-7.149743291692291,1.2986078198382722,0.14967835786837125,-0.6710429787793001,-0.5103182416537003
26569,8.208,0.8726006460626312,0.203008385998124,-0.03891248363208353,0.442539858456952,-7.103486527105515,4.1765861006605105,37.205378499502636,3.003529877902189,-8.247806399009951,0.9851185577803805,0.023755277396943324,-0.6755290502114714,-0.40986798091401994
26570,8.217,0.8681438968539834,0.21829163097922677,-0.072062552130034,0.43986580542264936,-7.1609400006638815,6.787962766872443,27.92247738528887,-0.11526575181266961,-8.784156139964587,1.0804780455463863,-0.03427353719373611,-0.6731780357655819,-0.3851788305783215
26571,8.225,0.8632585555602703,0.22968794003936185,-0.10935240129116633,0.4359703760398481,-8.1042794299519,7.501023957398457,20.00214069050829,-1.3611873411789073,-9.309894676266438,1.1435324076309308,-0.08811519268823863,-0.6610043473689807,-0.36593849421584485
26572,8.233,0.8568957084667649,0.2403973053726787,-0.14936682503700086,0.4308461813213189,-8.498539459544451,7.469181892807678,12.810116397856996,-1.7380345700598119,-9.913076852001337,1.195361992909122,-0.1524294837095182,-0.6536042428911398,-0.3505089131210226
26573,8.242,0.8481627069859499,0.25236419131267923,-0.19061342673964388,0.4249692447318213,-8.336605220922964,6.909773839983813,6.64961301832751,-1.4973129448948148,-10.42767218290037,1.2897950963254823,-0.21023713403173627,-0.6372080751149231,-0.32240528788038325
26574,8.250,0.8363377508972959,0.2670402937069455,-0.23189698665813352,0.4188704281037739,-8.299034781895704,5.79731955839785,1.398202604996486,-0.7699006956508341,-10.87357174023881,1.420195373587467,-0.2628303517235441,-0.6327530595634097,-0.30728145212146196
26575,8.258,0.8208643825893924,0.28581008222381316,-0.2724962513496731,0.4126015696719157,-8.704193979962922,3.7852363255060406,-3.206356846158704,0.34435333639160304,-11.361827694804546,1.4541597031282982,-0.30651717315793486,-0.6144422722866498,-0.2732872113189414
26576,8.267,0.801491499485892,0.30862803990061194,-0.31287325282839606,0.4055495492582154,-9.97433124107562,0.6956984488633193,-8.540645759712636,1.3818543550844677,-12.028501528842636,1.377846771229372,-0.3488789441047835,-0.6168962668912249,-0.21851861511250223
26577,8.275,0.7792704199525258,0.33305953089840307,-0.3529817625746739,0.39650073991662005,-11.864703399741712,-2.651269936477514,-14.744461362277457,1.7763552553496946,-12.48481013327267,1.1086433425286828,-0.3871008894311067,-0.608057883127941,-0.16216638303276715
26578,8.283,0.7590115952170149,0.3515773065184974,-0.3917706215969571,0.383158682429167,-11.82594016585704,-4.459088412311873,-22.20502260389909,0.27243585358173816,-11.833435722539145,0.5488986008120691,-0.4063402760648304,-0.5992081391805912,-0.1330481850589156
26579,8.292,0.7503622862318705,0.3529300611727448,-0.42448636599123785,0.3636043679729884,-6.8550997263969915,-4.38801598818445,-33.86330918533844,-3.8697616607766787,-8.540497111624566,-0.40785666333895165,-0.41835797638111244,-0.5957434631595852,-0.12494523463264469
26580,8.300,0.7607144504214827,0.33024179606624965,-0.443574573353485,0.33984625777717997,4.310057882594962,-1.4244810239654804,-48.06651937960067,-9.055408996976283,-2.374621569618382,-1.2752719526738145,-0.41206178709875374,-0.5869829607046472,-0.15355068921705284
26581,8.308,0.7848799883558805,0.29156171899627004,-0.44330643194766434,0.320054019328369,14.61168546439892,2.172311338509149,-56.79887787883993,-11.073820790278061,4.256515373610449,-1.2636627259320357,-0.3949680030557762,-0.5690458104225868,-0.22662537395000143
26582,8.317,0.8082396044196926,0.2573521580843085,-0.4255378034676574,0.31533503832712606,12.337785146493733,3.729784083368294,-55.561648330622546,-7.218163829622579,8.135616898370163,0.04996460082634598,-0.37627414090041933,-0.5664167267557745,-0.2835138385155536
26583,8.325,0.8247238768571675,0.23981113673260293,-0.3946958041781476,0.32639909283707663,3.6298506831176907,2.059988024732116,-43.7249350800518,-0.9486975602380068,9.645543094812899,1.1337830335368693,-0.3484048445493077,-0.5627656938012271,-0.325230130951709
26584,8.333,0.8375045317054765,0.2330000402259023,-0.35356008556062896,0.3453873282647761,-5.167641379791863,-1.099282637956873,-32.9829624628856,2.9457309700423266,10.94225845574977,1.402640372601365,-0.3221556902968308,-0.5692931930138988,-0.3438782988857391
26585,8.342,0.8483622401030239,0.23212992457409615,-0.30547932977156933,0.3648007494056413,-12.060480478619363,-3.264028606897028,-24.942541119634985,4.858450295974367,11.72878150418634,0.7700155500829411,-0.2864552633111071,-0.5866910605046887,-0.3520629091965039
26586,8.350,0.8577341316732419,0.23585718933406175,-0.25156949684389446,0.3812824856453495,-15.97322491307164,-2.391186613544691,-17.659016947995102,6.163409113014944,12.284407911531424,-0.3509258018690237,-0.23218965348484963,-0.6065891018384104,-0.36174439530267083
26587,8.358,0.8653174182223383,0.24292062093485237,-0.19254057324985105,0.39388255267055444,-18.17137353439547,1.8042582750633083,-9.944175843131902,7.18177171172424,12.743655088312675,-1.4678322364201064,-0.17470093510102777,-0.6435432603637354,-0.34246352510214
26588,8.367,0.8697612309386131,0.25159879907578275,-0.13095391321066227,0.40381247884951144,-19.121999924254187,9.616880040470726,1.3200832961296456,7.813448685035128,12.84121352989797,-1.9533294627426419,-0.10788734324018923,-0.6594943284310331,-0.33021304102744253
26589,8.375,0.8691053075626822,0.26285770569073,-0.07230659741959697,0.412714849375428,-17.70436079866851,17.162822018799062,16.824357836456524,8.347886976569693,11.739228490383843,-1.6165950726910696,-0.04064626169946237,-0.6890513148372951,-0.3089289619855563
26590,8.383,0.8633162493845222,0.2780721945084738,-0.020196976498272536,0.4206578066911531,-15.200458292606287,21.89576952948855,31.611461512482954,8.833769008681887,9.81114198356941,-1.0373119578646741,0.017527992227648156,-0.7225838595956693,-0.28267961036689543
26591,8.392,0.8553989910629652,0.29228556687979196,0.02483894307299501,0.42690132394879815,-11.723539013298284,24.492447548481763,43.610001840930614,8.049531067398604,8.308997007326125,-0.7424166832522443,0.057663973215825955,-0.7501544868488836,-0.2606708926488909
26592,8.400,0.8485303776264035,0.300155323257521,0.05797326370366915,0.43190517577462795,-9.799701012606443,24.68987280965497,54.19835961140829,5.460170016869285,6.405355113164192,-0.3581455258330402,0.10417752855675122,-0.7688439450230438,-0.24308581845972008
26593,8.408,0.8459875305506441,0.29790999454555045,0.07683953910468863,0.4354887122909991,-8.421087567273936,21.937416177576686,56.12439285555554,1.6319536915070572,4.380065032583948,-0.25256788722599505,0.11985485954890537,-0.7754718612866698,-0.25080817833176505
26594,8.417,0.8482876921016017,0.2853769059672882,0.08473090643833144,0.4379368521415107,-6.874140700092911,20.15405180802735,52.99749364793912,-1.932042787024657,3.060537125997048,-0.4173875238260227,0.14266264905835604,-0.7769904003626666,-0.2659918491283658
26595,8.425,0.853852262046824,0.2653785230185729,0.08514264214876158,0.43961492764228466,-4.336512171961527,18.498061317354168,47.843863179131574,-4.445337435739402,2.208967106648297,-0.5696270949984397,0.14453469254888582,-0.7756471349744303,-0.29021218807171534
26596,8.433,0.8599738291155019,0.24319208156381175,0.07932583535629074,0.44159940732083053,-2.6506455303982426,16.328987030940052,41.28692534185018,-5.591505152851511,1.1583067016558615,-0.24224689213621442,0.13859808463616238,-0.7450080044375175,-0.3150306140052059
26597,8.442,0.8643312093832564,0.22586285707259632,0.06852474571117383,0.44409671188413585,-2.499801234132248,13.473169552008965,35.16092708298329,-5.018256385015089,-0.3435849491017509,0.3770886136990855,0.12485746079321808,-0.7278485378361818,-0.34113583045556806
26598,8.450,0.865884833684921,0.21857392383292842,0.05388748848364574,0.4467270231356501,-3.2834616690138567,10.585942145950005,30.704725004276202,-3.190512411905319,-2.1806461725280486,1.000820871280794,0.08650056624143948,-0.705961297303396,-0.3372806416860862
26599,8.458,0.864500831626797,0.22200731932036114,0.035987949023043024,0.44950631787537637,-3.8861482487225962,8.438191447702343,27.656617543799666,-1.1545973723146803,-3.982743239776882,1.5787703463990819,0.050544141342377974,-0.7038916536882541,-0.32733518675865064
26600,8.467,0.8608648696150519,0.23266804983292816,0.014554230935662037,0.45228909915171955,-4.210944288251241,7.733337742299486,25.419086715942754,0.08641958646733776,-5.494233002149583,2.0133285891920503,-0.0010778874004542254,-0.694278426290262,-0.31140970297784243
26601,8.475,0.8559168962947699,0.24535777036371975,-0.011265860337652572,0.4550592396052684,-4.3813562609415015,7.410964909499289,22.783561525439335,0.1060082982089574,-6.628760956571221,2.363955406228297,-0.051195075281585276,-0.6961126013747276,-0.3014217578967297
26602,8.483,0.8503264548362811,0.2565465696837209,-0.04181608853446136,0.45758080437094006,-4.92425050874184,7.320884506742219,19.276210186504446,-0.6800728180469006,-7.465692364331529,2.643807547206367,-0.10615495326692376,-0.6817890095724306,-0.2974113271958447
26603,8.492,0.8443957626081682,0.26479822547736187,-0.07649066004610529,0.4593766154247752,-5.555422112945786,6.810486576752183,15.253800431647742,-1.7175791285518185,-8.037217645595947,2.801498371926676,-0.15625964069596213,-0.6656110854252681,-0.28928060475030876
26604,8.500,0.8382225194315633,0.2703039081181427,-0.11358416528857687,0.45980152519272854,-6.458585534064577,5.944586942920629,11.10173597653334,-2.5509742851837536,-8.317641784287359,2.7528891620493647,-0.21247784843403397,-0.6506014299168664,-0.2796840023183345
26605,8.508,0.8316782253837343,0.2741373511987538,-0.1512148109737249,0.4585783717560995,-6.994673138459049,5.104393715426858,7.183355277542742,-2.9691026001940104,-8.348137230207758,2.541697846441449,-0.2518095449860831,-0.6421594035164134,-0.27609366173352584
26606,8.517,0.824444587814567,0.2778422798898245,-0.18813091405667012,0.4557428532682605,-7.413634679420499,4.242855449423753,3.3586554332589977,-2.930904298892042,-8.31582423984666,2.256962442367826,-0.2896417323713285,-0.6260819887329668,-0.27764871694219945
26607,8.525,0.8154288726245653,0.28436522065514747,-0.22391023615372965,0.4517481390305458,-8.190294753285617,2.5185840660364662,-1.7018336540371772,-2.184194331529711,-8.544627910302932,2.003187915471598,-0.34031851840926386,-0.602868523088043,-0.25706668841625585
26608,8.533,0.80320558547944,0.2963756162645813,-0.2594425993012148,0.44689128343060064,-9.294795140863295,-0.42236695076409075,-7.95207680237006,-0.9111363195916868,-9.321636233173194,1.8375940059808957,-0.3644309665978586,-0.601886703695585,-0.22941364437121886
26609,8.542,0.7877157880705924,0.313319104881204,-0.2956580214506519,0.44036497373502925,-10.714915401204644,-5.5082117947474645,-15.587015000785525,0.09320884067675701,-10.292133228965007,1.5632390434831507,-0.4068748755610384,-0.5868683434236106,-0.1987149922064791
26610,8.550,0.7722955902048575,0.32928571652370453,-0.3318582078041067,0.43011692382031247,-10.65514429652578,-10.074750651459212,-25.391077306435438,-0.36293138856511264,-10.442588811085106,0.9206369597517626,-0.4246377824426076,-0.5773469206257618,-0.17132065376059286
26611,8.558,0.7647030990475836,0.3336001774453003,-0.36379092407660985,0.4142417838352052,-5.612478462266356,-11.557645967680843,-38.728767638441184,-3.158657489150808,-8.22188553970172,-0.24662724008488712,-0.4257416786507537,-0.5666630015939464,-0.15240566083142934
26612,8.567,0.7704714621224754,0.32059141367560506,-0.3842662921111546,0.394885158342875,5.481891545680539,-9.895016858844423,-51.92036700498538,-6.581637425319824,-3.4660924294693083,-1.4270194064552766,-0.42928287912986274,-0.5702281869786684,-0.17038171437639524
26613,8.575,0.7883203826418446,0.29629019704654186,-0.38446106946257147,0.37809096724628755,16.082695539961286,-7.793494027860658,-60.20201800082504,-7.449775279479259,2.7075390872637897,-2.396263638887485,-0.4172292344334226,-0.5644128657628197,-0.22009839830069977
26614,8.583,0.8108646033362221,0.2711193663618291,-0.3616218720530982,0.3717828746631076,12.262721722483871,-5.916297825881572,-55.827642766139135,-4.891695704347831,8.323048184285048,-2.2151666719439858,-0.3834762758059505,-0.5687072694204633,-0.26540339188943285
26615,8.592,0.8283947229430172,0.2580383164001636,-0.3237600411368474,0.3773033872530141,1.0852000709059193,-6.10727961532871,-41.136389232989565,0.16179941448694346,10.476892936966568,-1.450150977213134,-0.34318205558625814,-0.5705387890844358,-0.3031780518127113
26616,8.600,0.8416764196397724,0.25508840742108246,-0.2744358073084531,0.3888389084038638,-8.15063249998124,-7.4730850747419,-29.95058280774631,3.944277945770808,11.8838737926456,-1.3440975679965892,-0.2984152456054851,-0.592753302748041,-0.3162618766360643
26617,8.608,0.8527504732850482,0.25669147526545416,-0.21889970938610437,0.39875936862831285,-14.665056735376849,-7.232436211539164,-19.685926611018967,5.4706630134497845,12.495225233898017,-2.132830675288794,-0.23759380729103827,-0.6180822219954165,-0.3205772683157585
26618,8.617,0.8624771300829537,0.2591981395831566,-0.15992721721600164,0.40419402483714284,-18.645183113712342,-3.283135133695528,-11.046159886401753,5.823039107873125,12.807012512807868,-3.1765842166101823,-0.17759283362925016,-0.6334218983678922,-0.3118143947629416
26619,8.625,0.8697853949600797,0.2603944223161761,-0.10080042453422262,0.406825989772635,-19.696875439482483,4.859866120984137,-1.439455840660219,5.609599228462449,12.70509767863386,-3.481275418386239,-0.10462132517092299,-0.6689581194936978,-0.3076258554604396
26620,8.633,0.8730144335102388,0.26122858345042566,-0.0459602785134087,0.4092591830005175,-18.99112168865856,14.898320564396675,11.88366682358233,5.3672706131727415,11.714209494074414,-2.8828013239596793,-0.03784084706872314,-0.672032302869429,-0.29045557955447115
26621,8.642,0.8713347421551445,0.2654564396221091,0.0006408744444610951,0.4126841831916118,-16.925042171265755,21.534559599742416,29.50213554154564,5.596948941186385,9.617242465442692,-1.784972206224088,0.0414127381419445,-0.6923234922689186,-0.2765023725257993
26622,8.650,0.8657355867751773,0.27453864320238447,0.03788230520534749,0.41676775083007916,-14.48728494739417,23.72566948320175,43.92348672678682,5.939379659674393,7.183105433790429,-0.7508394308003015,0.08768074807156216,-0.7100283833173661,-0.2587094074231465
26623,8.658,0.8606395791288066,0.2820304947451175,0.06504660116509126,0.4189597290285607,-13.788841044162345,22.44019720086342,53.6680939597723,4.5878654717905984,5.110588165961345,-0.6066022734959611,0.14060777392606455,-0.7210021010052168,-0.25088115686932627
26624,8.667,0.8601890558411582,0.2801852164582812,0.08160286811442634,0.4182248254286477,-12.355852100206969,20.209759168957834,57.53316372646274,1.3181924258613855,3.604582679554206,-1.1378403012070943,0.1797555744564458,-0.7319586861042071,-0.2634230066215278
26625,8.675,0.8651417998716402,0.2652776898722708,0.08730105864720074,0.4165764498023964,-7.751035396977113,20.185374771203627,55.20274302568043,-2.8137825140114554,2.5159018652511644,-1.4047978916568666,0.2204423742506238,-0.7213180139519704,-0.28697739212925427
26626,8.683,0.8738875374236996,0.23769076117204474,0.08462101197361095,0.4155273256015283,-2.627774335061834,21.27122602019135,51.249159918151726,-6.539444096072368,2.0005497344328864,-1.384167706215304,0.25494779278184476,-0.7034869608128972,-0.3352570196525522
26627,8.692,0.884135975820687,0.19937821656354562,0.07674875497616893,0.415525608872846,-1.7445618300135635,18.7188192042647,46.7595075603315,-9.41365410273779,2.006014102837251,-1.2173966545133361,0.25787686398120274,-0.6678762523013322,-0.3714289843457632
26628,8.700,0.8932558376077961,0.15740812988592554,0.06401339714010837,0.41619583637032465,-2.6545104334424994,11.777623937703082,43.07820586572521,-10.631527706693596,1.3752581843656002,-0.8095425606375025,0.241790561930632,-0.614818933952889,-0.4117649654979616
26629,8.708,0.8997640443996955,0.12096226424039822,0.04714367471218174,0.41661765321451694,-5.755741672347536,6.281923293690881,37.21250456518084,-9.753577774117119,-0.04563865830828614,-0.4175954228506044,0.22995953029082483,-0.58692680597365,-0.43139583531532627
26630,8.717,0.903823732470209,0.09979818909476935,0.025419056395459213,0.4153274053671272,-7.073682420169575,2.1173670040972277,33.96427254938181,-6.845643524679619,-2.6510679627120055,-0.33877528453944405,0.18122132545202488,-0.5522144477669255,-0.44491981527697494
26631,8.725,0.9056981825738708,0.09494283315203048,-0.0012073512369235942,0.4131527596645632,-6.986944949259419,1.1157413513843981,30.832281318955534,-3.7367727206381223,-5.3519445128123735,-0.21317766626373916,0.13394657759155829,-0.557803282153956,-0.4582328295187328
26632,8.733,0.905467469802883,0.10252034303398602,-0.0319758816229045,0.4106041687408905,-7.6048652211197645,1.7011228343247238,25.5618104530642,-1.3948745193424656,-7.503775211089084,-0.08503403362401452,0.07028829130107302,-0.5503056929839389,-0.4677206915444764
26633,8.742,0.9031404240366189,0.1176133991884417,-0.06615010600731557,0.40758879557406597,-8.599968803012166,2.8236734881630534,19.47082654323237,-0.048807503927904214,-9.013170682215097,-0.017444861694239724,0.01109173712396979,-0.5604469353018974,-0.45090457128763645
26634,8.750,0.8988054134832424,0.13648779977671902,-0.10179068426868727,0.40392891181672214,-8.779853538697514,3.7851319918004345,13.677693325861606,0.6752047504440122,-9.75644761588756,-0.008687564952895096,-0.055344654834959796,-0.5690755032614148,-0.4466497855061786
26635,8.758,0.8926270613010765,0.1565098247954505,-0.13705091020472504,0.3999233078823467,-8.343363330021837,4.446581506290498,8.7562762768029,1.011144320018844,-9.840030769527472,0.048045474657984935,-0.1052649831299495,-0.5691959852600077,-0.4296363596284536
26636,8.767,0.8848753478820021,0.17605183037046704,-0.17095960641805089,0.39594719939317685,-7.609224638011633,4.779551686298769,4.790792999771756,1.099962032770329,-9.564566518040008,0.18167553137517392,-0.15568565656375763,-0.5716960667901778,-0.4108322156093079
26637,8.775,0.8758754869414604,0.19468001288478554,-0.2036673002654102,0.39174156629191054,-7.099327304619081,4.52334335088621,1.537087467883076,1.0626657215424244,-9.280289200504226,0.24657301755803107,-0.19484615056150012,-0.5726432517538683,-0.39640446647263883
26638,8.783,0.8655484498050002,0.21320826951129132,-0.23615526863088102,0.3867800459564052,-6.792523848073991,3.1117596645499095,-2.64557218082002,1.08807900257787,-9.329515115005684,0.20745729913598726,-0.24555622550084627,-0.5788146158117476,-0.37087662472687993
26639,8.792,0.853778883913612,0.23159117843742685,-0.26902601306739893,0.3808571224832898,-6.032994714159709,0.7620058487648548,-9.339233145615541,1.0404662506908093,-9.519175292810921,0.16074503365152346,-0.2901586335264673,-0.5669308183839437,-0.34594500975973785
26640,8.800,0.8420478895274071,0.24678004323127034,-0.300954949276891,0.3734716595820314,-3.8135442661793126,-1.6064511216215769,-19.5128717979529,0.37527982653214226,-9.114003180068478,0.03245565484180608,-0.31623934789037944,-0.5675794076152644,-0.3160489772909602
26641,8.808,0.8339403329403955,0.25248537988856035,-0.3295242421654932,0.3636047687573002,-0.8713485884791676,-2.316033864106227,-31.442195868998216,-1.637532395209,-7.452665917173599,-0.23830204083853615,-0.33461833577720207,-0.5667297073437499,-0.3059421502651782
26642,8.817,0.8324918523712189,0.2452676044482613,-0.35151891759481696,0.3510492394475692,6.014593156672192,-1.183852923320471,-41.33203914183375,-4.269350674841152,-4.634116266418371,-0.6153456052602592,-0.3572734404908188,-0.5523315358429319,-0.313443231734257
26643,8.825,0.8369345186896319,0.22909232968637677,-0.3624815624338634,0.3400947409180687,13.817391788641826,0.4775136384000071,-46.444587133018636,-5.342294034771681,-1.0789355217926753,-0.5545247398236949,-0.3427495707800457,-0.5390356657331649,-0.33115998426681237
26644,8.833,0.8441870867298217,0.21141114984117676,-0.36032622543358156,0.3358846522040512,17.235801395100466,1.8068379899017535,-44.82942190477676,-4.1387303871463095,2.273064811723204,0.09183927667851238,-0.3411269169976502,-0.525205915985875,-0.35460127574719996
26645,8.842,0.8522831302717669,0.19657509941511792,-0.34647763039427965,0.3390058226350401,13.864028950714822,0.9639150437582586,-37.34158365141833,-2.023838862931442,4.837163547336163,0.7458911214683239,-0.33169713744033547,-0.519410567404903,-0.37721781391733794
26646,8.850,0.8603867802001273,0.1842489183194552,-0.3247030931919956,0.34692193044908426,7.159049910512167,-1.8455012552182841,-27.95236999460958,-0.46630150403224097,6.470408589167526,1.1907536209811953,-0.3127189835965541,-0.5171774718498751,-0.40379740889808635
26647,8.858,0.8679148624673024,0.17260434036841743,-0.29877764785337146,0.35730022437378106,1.5922715542432422,-3.8338642103995118,-19.665603066009478,0.2414397023192079,7.31991443409628,1.5361126700808005,-0.2859884177197828,-0.5248904646029298,-0.4214232965727958
26648,8.867,0.8745081934907271,0.1615832386000254,-0.2700169851251776,0.3690760142098409,-1.2205917019205414,-3.99472470659713,-14.199957934707495,0.7531034904250458,7.846358124569966,1.7596394020485144,-0.2529165794180799,-0.5242647803652641,-0.4380793618796821
26649,8.875,0.8772917283636794,0.15514513624772827,-0.23921223584750584,0.38609159051212166,1.3280267926823253,-3.3633908796570835,-12.456953130289962,2.392594659169703,7.783135283639108,2.809168994009675,-0.22573477910977416,-0.5217675388811104,-0.45019947021388995
26650,8.883,0.8752143258070523,0.15322123475387442,-0.2089720660786171,0.4084774323282009,-5.778478876369112,0.5121819600261696,-6.01852478598224,3.7883675387053035,7.126863613396631,4.119217842584189,-0.20699516731549347,-0.5339181376585332,-0.4413382914861934
26651,8.892,0.8729603865981657,0.15370826707272037,-0.18006390903933456,0.42648671811131145,-12.598778293314075,2.36882897373946,2.0104716825199223,3.945584482587773,6.4686644062344865,3.1216306319262266,-0.18520186291857482,-0.5567354305661493,-0.45089099375653396
26652,8.900,0.872995943093043,0.15299721562509264,-0.15398981024665248,0.436757454079788,-14.577364796348524,0.8691038308563727,11.736502910122272,2.9731120806875566,5.876464723512759,1.4046465302197542,-0.15517546807386517,-0.5591667048025928,-0.45035877373999844
26653,8.908,0.8745753629749671,0.14874914111895896,-0.1333215311643219,0.4418336755178107,-13.527565599362896,-0.8144029712650329,19.61844905803763,1.4109834264249494,5.007392062150501,0.4645940377867933,-0.11772496314250823,-0.5626113158759602,-0.46464300471425196
26654,8.917,0.8764342515600344,0.1408708796926705,-0.1184921626431874,0.44494719387715725,-11.286753430297658,-0.6497848122007707,25.148241468124954,-0.04395752247686483,4.113466403371763,0.324498974592252,-0.08466589539001033,-0.5672930951945773,-0.47940171839924867
26655,8.925,0.8779583920344708,0.1288135319733775,-0.10987947726038276,0.4477975394235382,-7.511049580703908,0.8611926350365577,29.727600565166647,-1.5808075734052671,3.2191870370406455,0.6141583088352749,-0.04785971664002887,-0.5668023701238716,-0.506777006133345
26656,8.933,0.8786867901180286,0.11555458234874837,-0.10763416255691916,0.45052364024649477,-3.059683630182135,1.0694891353272797,32.86176177017093,-2.4946649202146327,1.9738289573537184,0.8638859086204415,-0.00803203157865102,-0.5601976357921856,-0.5477841791259559
26657,8.942,0.878574696954548,0.1052789217003271,-0.10974369466315244,0.4527462556427402,0.6308366695439007,0.08229055284649865,33.17993329039365,-2.3262586035435406,0.6953341795425307,0.8465773659072764,0.012228698733471466,-0.5465631323675334,-0.5835523394737308
26658,8.950,0.8779017046332627,0.09972335139526264,-0.1125198638939667,0.454624163917617,1.8557610280277754,-1.055332856104019,30.727942916857437,-1.3984238292893132,0.02362524655822213,0.6971827335640817,0.03360674318416448,-0.5458226462233077,-0.6039556380498533
26659,8.958,0.8775191991494684,0.09714442143387399,-0.11330781019765011,0.45572399175001505,1.1779473971012848,-1.2657615430881461,26.813997103891893,-0.5851715439308091,0.11814889534721743,0.37136061818420457,0.04139262676513221,-0.5430556710307571,-0.6362482695376321
26660,8.967,0.8783036265895793,0.0930503754249656,-0.11148997793247664,0.4555154794005168,0.4102608042860465,-1.1940875528972767,22.50337028356613,-0.6838589856881043,0.847891426390131,-0.0251560122499771,0.07190055853530845,-0.5428233194843826,-0.6709857748907149
26661,8.975,0.8800948287731342,0.08520201586873685,-0.10831741284570158,0.4543578401800784,0.7071114610423725,0.033877385049550464,18.555080614096322,-1.3776603870864397,1.5579541314244247,-0.23556746369196857,0.10013486514888219,-0.5250897510374857,-0.6943857530275097
26662,8.983,0.8827389927860068,0.07435922841935198,-0.10503716800108406,0.45189575025921325,1.6168287541709339,0.29723390044455006,17.65920426175674,-2.050549363034575,1.9116459200070681,-0.5114504481526876,0.12492626103332874,-0.5157752116846249,-0.7140915431037372
26663,8.992,0.8854182818981461,0.05901384013711857,-0.10042014967891318,0.4499640277747443,1.9998028591341281,-0.705109106173673,17.508420679978922,-2.8466621323395573,2.687004366902141,-0.28059270334325187,0.16253074576463966,-0.4870478606022387,-0.7512529282621834
26664,9.000,0.8875726568903067,0.04202794911921216,-0.09574989806580707,0.4486428281538695,2.1943174326054375,-0.35807445445297575,16.120702233408835,-3.164656879568916,2.8619678467686533,-0.046668407940417045,0.19023748572764543,-0.46861961599842594,-0.7688178219081546
26665,9.008,0.8891041515651538,0.026455031232882988,-0.09167302089353481,0.4476494121880749,2.3767923155780992,0.8219388198086215,15.02637499437617,-2.914200212054259,2.570127629398446,0.051581237310464684,0.2252664242295916,-0.4372341345997312,-0.7860579195064349
26666,9.017,0.8904693925660103,0.013257266184558948,-0.08633388403576908,0.4465814217628537,2.2900203368559726,1.8317298451713215,13.282237857635913,-2.2716061050478107,2.580806101406178,-0.010499688583139594,0.2575782497037663,-0.42131751633567777,-0.7986171945836233
26667,9.025,0.8915807052519135,0.004094412272960585,-0.0796629099747837,0.44578122726847785,2.684986784347621,2.6022558300400775,11.271348394228264,-1.2612901633837803,2.430526688308709,-0.02623550116760777,0.28471130622019336,-0.41636600330866397,-0.8034953189520027
26668,9.033,0.8923233386298405,-0.0009393310627204809,-0.07348690915906042,0.44537383306150613,3.2712534842360093,3.48042974210665,11.016271846594043,-0.42184864671401984,1.8736202385423704,-0.0062896080741286645,0.309894624308841,-0.4111877265145468,-0.8088831675072425
26669,9.042,0.8926455010420679,-0.0028713419363833393,-0.0694035871595988,0.44537501833199006,4.265051415731901,3.8912349289061416,12.16844420337791,0.025677231216804857,1.0857492049526989,0.040014337074142106,0.3221008382473267,-0.4065433293579523,-0.808720656932505
26670,9.050,0.8925777697668029,-0.0024650790701081482,-0.0673530946761829,0.4458277794629227,4.811352460064761,3.2663600848682623,12.873606673621529,0.31727376326544837,0.38934012868921736,0.11170980360233282,0.32875747753700657,-0.4098156914150991,-0.8183322689962318
26671,9.058,0.8922241939348245,0.00034223320994121925,-0.06630724469515524,0.4466981306595314,4.182152346676824,2.278218102397772,12.669827542267852,0.7312043782898626,-0.08890026915150845,0.17261861509219578,0.3211986018724247,-0.4052229689633706,-0.8197667569471162
26672,9.067,0.8917827170630004,0.004927534410174472,-0.0655122823148722,0.44766890200042486,2.9488566854628484,1.4311745332838823,11.752593652166796,1.0861599381504132,-0.33530163514521244,0.1642207801253852,0.3253152432932957,-0.40846656130930625,-0.8147385880227881
26673,9.075,0.8913384544117788,0.009906145251037416,-0.06454357633824608,0.4486109168606531,1.8741149397014092,0.8263738054095714,10.613695166637742,1.1889668058277985,-0.33917561445727795,0.15110385497557952,0.3285895975791158,-0.41412429530282496,-0.8296633237959635
26674,9.083,0.8907954666416763,0.013798099486510378,-0.0632284537779308,0.44977239988026285,1.3230894570836618,0.6561931086280159,9.777451575504251,0.9971690793243636,-0.15252121258992957,0.2326356943781363,0.3180178514006368,-0.4208210188601776,-0.8187489679714006
26675,9.092,0.8902286721198351,0.015576924548013451,-0.06152333725361173,0.4510711138285844,0.8575561538167017,0.4867088566354743,9.157154908909177,0.5908575376898053,0.15723242524506653,0.30901313087240945,0.3234319260193795,-0.4193370219001862,-0.8251166649317521
26676,9.100,0.8897350401308292,0.01521007959826918,-0.05927969961764187,0.452356197100525,0.4430297497435466,0.11048230879312368,8.624596036591281,0.1894540695867439,0.5039334633895443,0.34281495939360307,0.31643786551570996,-0.41783295999255654,-0.8379203393435534
26677,9.108,0.889271363308768,0.013113867128255153,-0.05651708109569157,0.45368523056446486,0.3292354166003031,-0.17328324708314558,8.397735842997498,-0.1218390089193708,0.8025083500145633,0.3843001362632434,0.3206111526951479,-0.417953534303911,-0.841308168835934
26678,9.117,0.8887893188859435,0.009780866696847931,-0.05328935379718186,0.4551023248158579,0.31591999746568006,-0.2838593119147579,8.29528008441003,-0.3346542349170049,1.0342270842569379,0.4300481346138702,0.32896663356995304,-0.4153098811559698,-0.8494070906007466
26679,9.125,0.8883626755921703,0.0058067161033964814,-0.049918246310614214,0.4563838377375866,0.26837509160415063,-0.26716729637859793,8.344861288341052,-0.45680582794587893,1.136871398146308,0.4073632196251724,0.3358901863873819,-0.4057541931804001,-0.8624013067195365
26680,9.133,0.8880496968175158,0.0016830653034005717,-0.0466910209208074,0.45736730517044644,0.3059780933782277,-0.4454375821162929,8.410525369204754,-0.5096994048501473,1.125273841717893,0.33324576881587636,0.3486877031677186,-0.3965200059308552,-0.8775433219229317
26681,9.142,0.8878432486171018,-0.0020920153509938104,-0.04359235282562976,0.45807171505336264,0.20189631109791273,-0.6373901859595255,8.464051379694629,-0.4521621128459229,1.064241403935304,0.2556435735408477,0.35827954751787894,-0.3832097509654824,-0.8879648320488921
26682,9.150,0.8877377904114633,-0.005377578518663576,-0.040834102228523725,0.45850329684729657,0.15901309936214147,-0.8878713986501034,8.749257555590683,-0.38962821985425256,0.9408914162122696,0.1762601057678837,0.3708076588231549,-0.376530252309752,-0.8993540085113203
26683,9.158,0.8877395737801604,-0.008125952440551544,-0.03845204588192341,0.45866530085569823,-0.08498878246550146,-1.3138407282866709,8.959042946753781,-0.3185392685569878,0.8066845666346905,0.09603878660525991,0.3864349713770772,-0.3653067735483812,-0.8996450071020531
26684,9.167,0.8878542852431333,-0.010238871499584645,-0.03621121752448679,0.4585833418378982,-0.36621246973416227,-1.5818991170127736,9.106265484270693,-0.2021931975251367,0.7097468171104572,0.021204960149760067,0.39145465095943865,-0.3562534477658681,-0.9199632508791766
26685,9.175,0.888082199324844,-0.011985518835635972,-0.03387441426979257,0.45827816731595195,-0.6247183339171842,-1.68679269443264,9.172523485810745,-0.11468281194824254,0.694663989619591,-0.042893990816912,0.3965870330240633,-0.3467551145871975,-0.9207525878149044
26686,9.183,0.8883542851784539,-0.01372236054758083,-0.03139250637846092,0.457878664461841,-0.701382709420696,-1.6719362750115385,9.14195373997494,-0.09830356045387564,0.724859539667795,-0.0666001415257107,0.412565029557758,-0.32998311595959673,-0.9368721706970315
26687,9.192,0.8886114654964034,-0.015598846864874219,-0.028792004792115553,0.457490283858436,-0.6589298561710136,-1.506923445416626,9.002761510059006,-0.11410802865902626,0.7662577246428175,-0.059556897502011104,0.42360309876415125,-0.3187740220538316,-0.9445224967216834
26688,9.200,0.8887752368928522,-0.017487560890087482,-0.0260420044010248,0.457268605424588,-0.5360584147515104,-1.2662163341968773,8.927357503034685,-0.09993467031012332,0.7952636552182901,-0.012151961384695681,0.43783200278632206,-0.31180747247532054,-0.9546888672878047
26689,9.208,0.8888739662149939,-0.019225842189822862,-0.02321011633859393,0.4571594138556782,-0.43393815382481393,-0.9326454851510333,8.854276042234403,-0.057476947051071293,0.795570918037122,0.018134130439893363,0.4564002775990575,-0.2874516678568306,-0.9566451249294827
26690,9.217,0.8887821417581918,-0.02093279646635617,-0.020699236934098125,0.4573834978594725,-0.2756727109176662,-0.4137457671488732,9.305220714118796,-0.08513156769833825,0.7164996632525896,0.10593306364983911,0.47868100304321953,-0.27923933758225905,-0.9660683815551807
26691,9.225,0.8885364772931393,-0.023283349819687375,-0.0193632920530064,0.45780550134477777,0.16691510012251792,-0.11981315271413547,10.122784669034438,-0.3500924665959924,0.5342341225971928,0.15772373582985835,0.4943541425595907,-0.2550643944308009,-0.9731680036540107
26692,9.233,0.8882003743872599,-0.025976110849715895,-0.019329417559837518,0.45831398649861443,0.5045226345765158,-0.32346573631089165,10.548943769562449,-0.566869671892983,0.2911228086167895,0.17328005594110976,0.5014419820200646,-0.2355625258343868,-0.9742972974282137
26693,9.242,0.8878625310435283,-0.028009726024348945,-0.01969600006622012,0.4588329203516375,0.3344492878417159,-0.7445047649747946,10.700062545385112,-0.4696015999955421,0.13485372819984692,0.16400124287325663,0.5208187433550946,-0.21624729110979912,-0.9875522002791054
26694,9.250,0.8877329190425837,-0.029061859087984587,-0.01927064590724086,0.4590362894159915,-0.17889854530812635,-1.3345478044394157,10.373813285435968,-0.17482131830880765,0.20042040789064264,0.07472649992281341,0.5335117209705389,-0.19718172514596977,-0.9871625769542897
26695,9.258,0.8877554947611019,-0.029837243011683997,-0.017126742870095878,0.4590278805580278,-0.8157542466427922,-1.7013781118121787,9.4881320697501,0.07407226789104406,0.5413108629322083,0.03392688308225732,0.5496427209961445,-0.18335188308591838,-0.9897408722266732
26696,9.267,0.8875804373628716,-0.031727123810481095,-0.01249523765245152,0.4593889701129719,-1.191483302780298,-1.566020328971933,8.43477651855226,0.11080120843321692,1.1844334364073097,0.17930341759907129,0.5668501742199991,-0.16754420201086853,-0.9708834962307683
26697,9.275,0.8867227952987035,-0.03553329183891484,-0.005048463875599998,0.460906262141492,-1.6135826398821391,-1.130225850177407,7.716933005645974,0.014402737598901132,1.9732469540146815,0.5568116441253486,0.5972908645559093,-0.1422267352603207,-0.9593573884746679
26698,9.283,0.8874879559925761,-0.013373805940134762,0.0027133669888973204,0.4606288168605813,0.7315309197359317,-4.0381216834428955,14.250638901979643,5.582449840977806,-0.7925926484019001,-0.1689466897707484,0.6012969765040707,-0.1746943607896661,-0.9379075863891385
26699,9.292,0.8885369641478542,-0.0032824723471604083,0.007795284428039465,0.4587270672839037,7.833942530863631,4.8843819606460315,30.672429265872726,2.7153547973565915,-0.009740036792563442,-0.5160687292007403,0.6130595095561187,-0.19691171449928785,-0.9443731037607066
26700,9.300,0.8867884676474268,-0.005772475571764843,0.00824816261079805,0.4620658610921701,-0.9110211755674246,-0.6163790395308092,8.750135831864668,-0.4807875833560116,0.3380265746574752,0.916946164132282,0.604979944921967,-0.19727911752538424,-0.9409943410501184
26701,9.308,0.8866945076665882,-0.004164381683391394,0.007380021327859877,0.4622781016707392,-2.66850890416458,-0.15244623170023602,9.600553271332886,0.24867627060065303,-0.3651746704860994,0.044091824802834176,0.5961096290942184,-0.20100491480397617,-0.9289519141423255
26702,9.317,0.8876995573927932,-0.002456666914432299,0.006584580956862642,0.46036952971057227,0.8193319812351917,-0.08690674933066751,9.674678751332097,0.27797771145790295,-0.3416135790291853,-0.5286649225645532,0.5998660906048806,-0.20492027831317258,-0.9429577167249918
26703,9.325,0.887873613012068,-0.005053863446343322,0.007542535287968318,0.45999784341080546,0.7592375832084216,0.3014403968913797,10.46053753920549,-0.44460247473391806,0.493957494456679,-0.08054506650816441,0.6107892261110635,-0.1999486080257586,-0.933532062773978
26704,9.333,0.8877868569757331,-0.004526195841251551,0.007268442083093738,0.4601751621741891,-1.2963646910613658,-1.2291652944428582,9.06726455714076,0.08391833677345435,-0.11965532075812342,0.04423021212814137,0.6068967237547959,-0.19782160961371784,-0.935587729506831
26705,9.342,0.8878282651102832,-0.003428761896632574,0.006868071737047637,0.4601109049498134,0.3052763119678726,0.04518711043467368,10.114386935426987,0.192519471505426,-0.20596925779173805,-0.024314573772230577,0.6153574300272935,-0.20544261314110593,-0.9230468557511955
26706,9.350,0.8878201848544959,-0.004101854295058886,0.007142735711766157,0.46011680634684854,0.2259597066748501,-0.16146890468620123,9.795157523618572,-0.11121366157106491,0.13131211148785168,0.007670367189673854,0.6054776624436001,-0.19903871291132863,-0.9423946677018081
26707,9.358,0.8878470505832466,-0.004878856206077401,0.007451288963233051,0.460052485946481,-0.4822816028339148,-0.6028529225512687,9.68001748853965,-0.12859928904097423,0.15184130401025983,-0.010437462602149254,0.6081205676629267,-0.19832681185279077,-0.9360502552507141
26708,9.367,0.887827403240761,-0.004297444717193699,0.007192708265323112,0.46010031403106016,-0.24859783431190985,-0.5016479646597429,9.611376334160544,0.09720724705449502,-0.12107587583641022,0.00919561987082394,0.6078211971255061,-0.20243439701308474,-0.9278454341591449
26709,9.375,0.8878219427731834,-0.003958689529025012,0.007073599627131986,0.46011573641419756,0.029089512240612028,-0.1429308134814723,9.899275662277457,0.06189306884892773,-0.06311629933691325,0.002757347294770182,0.5961502199374277,-0.20317213542405568,-0.9349825946526488
26710,9.383,0.8878232786088895,-0.004247778839885897,0.007188497195431169,0.4601088000062173,0.009638468300838634,-0.22152690529134958,9.913463371492146,-0.04702115523000208,0.05503987488780534,0.0012702445709939355,0.6032521237085914,-0.2006002219286192,-0.9382014573459131
26711,9.392,0.8878377112952408,-0.004690443046566504,0.007369641484465124,0.4600737837895638,-0.24761858061643263,-0.46731226333682097,9.668640731582963,-0.07143843728351695,0.0875348413278485,-0.005020956979743833,0.6117883512874679,-0.2017771030181912,-0.9368809681519934
26712,9.400,0.8878253739664324,-0.004463900188626615,0.0072795868162352905,0.4601012785814185,-0.24930168071267392,-0.4685687745332878,9.66853641364875,0.04020569957324571,-0.0458351260226647,0.006654418688142868,0.604702154631388,-0.20052270987131987,-0.935995749830709
26713,9.408,0.8878314177944894,-0.0042858980374025175,0.007210722930298192,0.4600923930362933,-0.046358651256103875,-0.2522955327805943,9.80777538159664,0.03319814807964909,-0.03444285588984273,-0.0027161363135313602,0.5998596766575807,-0.1973135673286284,-0.9420047809415152
26714,9.417,0.8878344073901653,-0.004476810581382388,0.0072896620700499725,0.46008356202767914,-0.0495317008980274,-0.28842081343062603,9.843149382016138,-0.03006679422435976,0.03656264784195889,5.027141720827037e-05,0.600778701778651,-0.20409641539409126,-0.9334530258654768
26715,9.425,0.887832333488617,-0.004592263420813317,0.007344957901882086,0.4600855467434846,-0.24861128969901267,-0.4673223423194114,9.668614435773975,-0.015628441252861038,0.02427141967024561,0.002519883144956773,0.6115114884642858,-0.20111687666451963,-0.9320201730243327
26716,9.433,0.8878256600919026,-0.004449978921345419,0.007280220939175179,0.4601008512848626,-0.1456012993731163,-0.3425659382721415,9.780882587785111,0.025062530205614626,-0.031037046662080316,0.0039365129686831524,0.6081134772302107,-0.2004882600680757,-0.9349968123801139
26717,9.442,0.8878247715837139,-0.004467524430246916,0.0072920255025588935,0.4601022088100234,-0.08194974240192415,-0.30641402247099836,9.822398820969026,0.0004325301362978239,0.004213256811648,0.0015635927261192627,0.6051516500615529,-0.19763213569587507,-0.9302316028181787
26718,9.450,0.8878306857058523,-0.004559704782656199,0.007350052352744022,0.4600889689416427,-0.1690487597524778,-0.38827658597964265,9.731373170444133,-0.011331310722381695,0.021254154876900695,-0.0017285969119656774,0.6049697440232356,-0.19869137483287072,-0.9394787686622251
26719,9.458,0.8878303553187032,-0.004502667562323888,0.0073119157326857155,0.460090775877769,-0.1635059574623043,-0.3528416156936876,9.816761747152134,0.010810228103347513,-0.01465494550638994,0.0009388114126146227,0.6086116005188295,-0.20053993477294194,-0.9364574248219438
26720,9.467,0.8878328177911594,-0.004519744523547056,0.007321231494731884,0.46008570846294866,-0.09636326334456939,-0.3131722126469515,9.76579209034057,-0.0007060920032354747,0.002507937953310839,-0.00025731800159581395,0.6081819272190049,-0.20304588102066828,-0.9451665940529174
26721,9.475,0.8878319372623403,-0.004529608485387377,0.007332677612074463,0.46008712833876075,-0.15137708771441927,-0.376983345454702,9.69552732439737,0.002029668855190891,0.0032885848353231047,0.0015457501396814225,0.6036968664896646,-0.1969518443945649,-0.9317311976738419
26722,9.483,0.887829251423042,-0.004508290480346351,0.007326364758222072,0.4600926211253292,-0.12411183246694532,-0.36325463755418175,9.808737078716094,0.005745073763943674,-0.005159897209409169,0.0022998417899364187,0.6103060563702682,-0.1992424793720153,-0.9342931353795823
26723,9.492,0.8878317727175072,-0.004534349005162199,0.007329793034544158,0.46008744513022726,-0.13862801855254894,-0.3377085731570234,9.809236687544226,-0.0023032332967780826,0.00343261825975259,-0.0002394301096845674,0.6032289012786738,-0.20145560229216652,-0.9347512443315052
26724,9.500,0.8878336825616967,-0.004520991778025137,0.007330156137122986,0.4600838853440593,-0.16215152983806833,-0.38392017010315554,9.759713794094887,0.004791540511935136,-0.002774025731375356,-5.385556412692476e-05,0.6022625038303709,-0.20028733365340542,-0.9362647772869793
26725,9.508,0.8878322387953956,-0.004508091205557221,0.007333002232415801,0.4600867526320419,-0.096334361864885,-0.3121209509314912,9.76582603183944,0.0059301689284695855,-0.0010686850670525204,0.00176724086660618,0.6095691303027837,-0.19750872133850406,-0.9336264013604649
26726,9.517,0.8878312723514742,-0.004532035785586804,0.007351422858266829,0.4600880883791277,-0.16315375419850134,-0.3511715323464578,9.816827483590322,-0.0011645853967316255,0.005138015873254644,0.0015814027997912638,0.5966633547405826,-0.2023253675113194,-0.938673504397647
26727,9.525,0.8878206092105759,-0.004526273733719657,0.007342004145367557,0.4601088715534387,-0.16226603361676975,-0.3832049764725297,9.759739998153163,0.0030455805184199727,-0.0030662795179047394,0.006528920781663754,0.607675708948429,-0.20246316672429596,-0.9425032904113166
26728,9.533,0.8878277084940299,-0.004520623722809846,0.007356584116725801,0.4600949952580783,-0.1033272480665064,-0.3148841547800663,9.737544414463427,0.004729198201488518,0.001194790698801356,-0.0026829848996388936,0.5971109761208221,-0.20040213555996536,-0.9326309252199317
26729,9.542,0.8878256440596124,-0.004531047840751583,0.0073529831433861974,0.4600989339201872,-0.16323244968986067,-0.35056527839073715,9.816847842991903,0.00024748273681860937,0.0001221847454495871,0.0020964377255076557,0.6005934342923371,-0.19854212312306668,-0.9422007731876052
26730,9.550,0.8878321607134994,-0.004517994696712422,0.007359693011889941,0.4600863799825976,-0.1377162092940031,-0.36825471893773287,9.752203373466111,0.005435189338133493,-0.0013132195560313,-0.002425317773879118,0.6068775972250032,-0.19527837351673086,-0.9327460543571989
26731,9.558,0.8878347105045925,-0.004521008648320618,0.007362044693186393,0.4600813923665731,-0.12098509855072348,-0.32497194549418823,9.773435102704045,0.0024883504630263406,0.0006584759474992575,-0.00029324512087185406,0.6061836959813275,-0.20622918621092667,-0.9384716232785745
26732,9.567,0.8878371955652853,-0.004522772562025248,0.007370691528627171,0.46007644104595474,-0.13773804917752,-0.36773242352294905,9.752222772820955,0.0024883540005382907,0.0006584735881648626,-0.0002932289693361207,0.6135274359155286,-0.19949224044553537,-0.941347284828997
26733,9.575,0.8878397451928453,-0.0045257865258158695,0.007373043228602085,0.46007145352192447,-0.13779066395908482,-0.3675305351091528,9.752229640185726,0.002488357538301707,0.0006584712290752725,-0.0002932128177879412,0.6073944412764287,-0.19958120499966223,-0.9369880561585208
26734,9.583,0.8878376269668282,-0.004527301667108814,0.007375382392697072,0.46007548882339794,-0.10650510378040969,-0.34979514341593665,9.772966254915,0.0018446568566573883,-0.0008024323375377394,0.0020787095951690297,0.606166424386329,-0.19587831271472525,-0.9359055403124397
26735,9.592,0.8878407683345804,-0.004530035009004689,0.007385257644203205,0.4600692413489617,-0.14563156028665963,-0.338374184620406,9.781028005603451,0.0033795621345380582,0.0022416345718284363,-0.0005686811095908222,0.6095845087327253,-0.20198664188367255,-0.9359112121797268
26736,9.600,0.8878386406872516,-0.004539233672202022,0.007387960785762042,0.4600732131908041,-0.1624304888403273,-0.3811895975707318,9.759816185175998,0.0002474663409572739,0.00012234300077010394,0.0020964437769266714,0.6110632874169231,-0.2054799953031282,-0.9379766296447051
26737,9.608,0.8878365948723,-0.004534294974893226,0.0073836423301296165,0.46007727916142704,-0.14567051001479253,-0.33807256151985515,9.78103785553477,0.003441812871452652,-0.0017271794385730081,0.0020611120792031513,0.5969128030367468,-0.19380298900755066,-0.9394612564270142
26738,9.617,0.8878476997171634,-0.004536927574130342,0.00739741245153316,0.4600556017310859,-0.13789471157805014,-0.3665842094110588,9.752263787691442,0.0028846416905420236,0.001996819083376954,-0.0047615753579578046,0.6080914332496709,-0.20330416223223768,-0.9317216844620797
26739,9.625,0.8878496664992839,-0.004532540631230449,0.007391881242394694,0.46005193822462603,-0.13109469652706235,-0.36297685693711,9.780570944550641,0.0031943752084261814,-0.0018494926429454054,-3.524363037025926e-05,0.6108450214840774,-0.20732571519718296,-0.9418217173363604
26740,9.633,0.8878487341089467,-0.004533537512735691,0.0074092952337930585,0.46005344768070217,-0.1311179214882673,-0.3626980521986764,9.780580976413095,0.003627056607975746,0.0023640326570643845,0.0015277592118173985,0.610059467558139,-0.20264970828336062,-0.9339302238628832
26741,9.642,0.8878466788972833,-0.004536280608676718,0.007405336506463243,0.46005745067385895,-0.14576873365402251,-0.3370674395001255,9.781071081292849,0.0018446482678960217,-0.0008023026556608336,0.002078880004383229,0.6080526973412554,-0.1933293042129437,-0.9259665961352536
26742,9.650,0.8878439717736338,-0.004538130595809458,0.007400190778015519,0.46006273956099064,-0.12328149629859286,-0.3911271762476884,9.751814050159338,0.0009534329375972805,-0.0023854615608404016,0.0023544629925403215,0.6172103469880307,-0.20155611165588244,-0.944425519544913
26743,9.658,0.8878471128818084,-0.004540863459674635,0.00741006567911826,0.46005649178455205,-0.12115753377280426,-0.32257740577485566,9.773512292971501,0.0033796398466664607,0.002241499001406874,-0.0005687120003229646,0.6029800715012136,-0.2004538102648316,-0.9340553871335275
26744,9.667,0.8878484186158885,-0.0045432738768551575,0.00740370440879917,0.46005405050360537,-0.15553342436457035,-0.3762082925910433,9.788178375926524,0.0007059440418456649,-0.002507932925429395,0.00025805601412795407,0.6064323327435193,-0.2011226490693142,-0.9391388037276615
26745,9.675,0.887838364986146,-0.004521868711327082,0.007401094624327648,0.46007370513912926,-0.14442066966334377,-0.36842242528551133,9.724027665919971,0.007131228078601085,-0.003331654852943093,0.006219356086769357,0.6068834123900484,-0.1984846760134059,-0.9336100276016449
26746,9.683,0.8878442772848754,-0.004524580208556135,0.007401055124487804,0.460062269534765,-0.12384845424695297,-0.3579748095716204,9.808934515168874,0.0013496243319743694,-0.0010474015980756661,-0.002113978623032548,0.6044427570397906,-0.19555681198870045,-0.9337298067287445
26747,9.692,0.8878462255697991,-0.004535556484683407,0.007396242480294646,0.4600584789632825,-0.13060295064090005,-0.3612881356633062,9.780640048804358,0.0,1.186e-321,2.3532608153797874e-15,0.6071987021729528,-0.20349940855487506,-0.9441800097957724
26748,9.700,0.8878441218381194,-0.00452949567109485,0.007398272151122108,0.46006256591429256,-0.12743197082448582,-0.32491397666864014,9.745255859745077,0.003441888731624153,-0.0017270790606820124,0.002061516491923923,0.6030198508104506,-0.2060368722470674,-0.9399654960635709
26749,9.708,0.8878466801433663,-0.0045248274481959365,0.007400263729434301,0.46005764268372107,-0.1518377635020822,-0.33880077003734765,9.752841417719821,0.0040856000567352216,-0.0002665825754940719,-0.00031063147465730566,0.6078991912640653,-0.1994233408390471,-0.9394332134250765
26750,9.717,0.887845751223655,-0.004525884729337332,0.00741772023934746,0.46005914383693275,-0.11286056627016254,-0.3497004925581477,9.74479775912334,0.0036272681794244626,0.0023639937951090676,0.001527616571964285,0.611769514591237,-0.19801392357757705,-0.9340823542810329
26751,9.725,0.8878477260746803,-0.00451381591458823,0.007411828678113331,0.4600555461741069,-0.17639469664266538,-0.35233612040156326,9.760438196777839,0.004791507833142163,-0.002774570228013202,-5.217719493581262e-05,0.6088496306153035,-0.19855357561989415,-0.9355487470929976
26752,9.733,0.8878502186564727,-0.004515720885765958,0.007420564722704635,0.4600505762584503,-0.13044307986361503,-0.35988366452540677,9.780693961398626,0.002488450111410887,0.0006582238556718397,-0.0002931386942943896,0.6059137885423054,-0.19705519380429734,-0.9346442065283576
26753,9.742,0.8878481717799456,-0.0045107822364728115,0.007416247130056205,0.46005464456858824,-0.13720335923043891,-0.3630129469004799,9.752407126414418,0.0034419209105803314,-0.0017269882346070183,0.0020617986465380094,0.6129989226824321,-0.19586108781310316,-0.9353715642647369
26754,9.750,0.887850665074307,-0.004512704240999673,0.007424987837654024,0.4600496729519055,-0.14396393793325143,-0.36614352728249727,9.724120512036842,0.0024884608060094272,0.0006581935212618554,-0.0002931334597978297,0.6137606165446176,-0.20407635044645275,-0.9397181099107292
26755,9.758,0.8878532141851445,-0.004515717618038103,0.007427338985383557,0.46004468586334,-0.14499323108139525,-0.3337886333036089,9.781195049297873,0.0024884643515399635,0.0006581911649483777,-0.0002931173046031295,0.6044756777831607,-0.2023253675113194,-0.9386209218111248
26756,9.767,0.887850502232181,-0.0045253457939695915,0.00742262481030846,0.46004990117642125,-0.17624947586294848,-0.3512768260172619,9.760479000640087,-0.0006437144036061265,-0.0014602634099709754,0.0023723233049802585,0.6015630001733678,-0.2002155940009007,-0.9411579820051582
26757,9.775,0.8878513005991439,-0.004506157860261208,0.007401326380113311,0.4600488918947234,-0.12227309001276811,-0.38773781306057853,9.751962098886409,0.004606084320359197,-0.006865681055417698,0.0004825037939642996,0.6078389521906524,-0.1969087821405097,-0.9304833474635126
26758,9.783,0.8878509678730829,-0.004507008714936193,0.0074263590469619625,0.46004912227997885,-0.08911696548966899,-0.33833525153491695,9.950522144200848,0.004518712695319333,0.003947081956608346,0.001251557699031732,0.5991058070589222,-0.19768958280553584,-0.9388207051983103
26759,9.792,0.8878563367163813,-0.004518818245916841,0.007412808625696107,0.46003886346971556,-0.14770584967909967,-0.3692615130828704,9.81662685820839,-0.0011389281979288543,-0.0017059072213070825,-0.001820618338249852,0.6034729784070421,-0.20169959096089193,-0.9347409888699422
26760,9.800,0.8878576644109204,-0.004505985309599599,0.007405811604055626,0.46003653963317026,-0.1148207613658042,-0.34683141985072957,9.624123295859777,0.0039002425429864557,-0.004357738728209006,0.00022413852481430044,0.6002530091780087,-0.20243439701308474,-0.9278963735398383
26761,9.808,0.8878625482341473,-0.004538599580555759,0.007439695522928038,0.4600262465202833,-0.16599044569396815,-0.3107509333749216,9.753412866754278,-0.0003350594432715317,0.010689898327905217,-0.001327817615284593,0.6092970972105376,-0.20420260484984015,-0.9294831711297672
26762,9.817,0.8878604724192704,-0.004509568892409881,0.007440740331341293,0.4600305214734745,-0.13436360095634564,-0.36192712113329595,9.873235966631874,0.008233503793241026,-0.004501562219125789,0.0020105670264391746,0.5978826198997583,-0.20134080038560656,-0.9384557542491921
26763,9.825,0.8878584165872654,-0.004512312191949514,0.007436783352603331,0.46003452629906316,-0.11549533245295368,-0.38286256858668805,9.780316520652004,0.0018448019324604423,-0.0008019480925253111,0.0020793547692399368,0.6110805787483709,-0.20190628978035682,-0.9405456449031986
26764,9.833,0.8878568996109888,-0.004513747884195131,0.007446785310892962,0.46003727814355927,-0.14835401218456754,-0.2990177672544482,9.717565684029498,0.002736130613791775,0.0007810647080065429,0.001803429420761288,0.608095007449385,-0.20210144379023245,-0.932252712025247
26765,9.842,0.8878554273758663,-0.004523891323557476,0.007450711626541568,0.4600399562894176,-0.13698744464886312,-0.3604848182223048,9.752503937498043,0.0011389646205321226,0.0017059980535621365,0.0018205838261599453,0.6078991912640653,-0.1994233408390471,-0.9394332134250765
26766,9.850,0.8878527423700324,-0.004510525433251545,0.0074449721924945995,0.46004536234526117,-0.13689090334860143,-0.36026762515684,9.752513319681285,0.004147762699019494,-0.0042348493641722745,0.002321195371390885,0.6017774020729378,-0.20079253589247842,-0.9367388054716642
26767,9.858,0.8878546990724702,-0.004513820182360667,0.007439799750650864,0.46004163740031745,-0.1298815708824779,-0.35665299336459666,9.780819773092691,0.001597161405653337,-0.0009249689529086258,-1.7098257240647757e-05,0.6037284157683882,-0.19565154894762185,-0.9364185509109578
26768,9.867,0.8878503539620063,-0.004514154806176327,0.007466094591992769,0.46004959385643446,-0.16907698561944168,-0.3451697305526598,9.788878309539928,0.00476658289215092,0.004070061220126796,0.0033480151122660617,0.6093322595405561,-0.1946153071170428,-0.9347073242040969
26769,9.875,0.8878563316772171,-0.0045103192368642,0.007459346097008586,0.46003820436661835,-0.12232817175229432,-0.38486725837646735,9.752075116591804,0.0029466749332201425,-0.001973071601742997,-0.00213062940371843,0.6032690672397653,-0.1984904484182005,-0.9407187990700008
26770,9.883,0.887858244569875,-0.00450494648999885,0.007460293734391618,0.46003454981535863,-0.1513225055969782,-0.33380104332551536,9.753021826514088,0.0031943300922720463,-0.0018499660589351749,-3.403466743846954e-05,0.6105628651962608,-0.20126328832830723,-0.9361744592658624
26771,9.892,0.8878602011235135,-0.004508241335258451,0.007455121340863202,0.46003082525714617,-0.14343640398968696,-0.36239801293675455,9.72426861553604,0.001597167749981733,-0.0009249848221312287,-1.700503108717853e-05,0.6091359796215379,-0.19388911351566102,-0.9418189275580522
26772,9.900,0.8878627066213906,-0.00450260107473518,0.00746361322712613,0.4600259071531702,-0.1297807193871413,-0.35540108576249857,9.7808666821686,0.004085714761322731,-0.00026701370031993277,-0.00031005902724645694,0.603457310143539,-0.19844161375935068,-0.9324131167720089
26773,9.908,0.8878646711452384,-0.004498213995184888,0.007458080537341227,0.4600222481986176,-0.15514866130832766,-0.33711307777587174,9.845517630865313,0.003194350434499951,-0.0018499744361474334,-3.392488227175326e-05,0.5936816283597409,-0.193257564560439,-0.9309518203798463
26774,9.917,0.8878613789613938,-0.004500558959535632,0.007445598024511482,0.46002878147772647,-0.14306951503431284,-0.3617396877102735,9.724298532408778,6.213339600399556e-05,-0.003967679870785454,0.0026318744100384747,0.610079676340334,-0.1937168644994403,-0.9369326918897787
26775,9.925,0.8878599232077324,-0.004495338177582662,0.007448804437422763,0.46003159022906476,-0.0970431737755304,-0.36939825536295817,9.74454960516809,0.004333451139579133,-0.00014386157291018144,0.0017864844147815885,0.6044809521326636,-0.20088727285139982,-0.9394045447722742
26776,9.933,0.887858993337056,-0.004504254543342319,0.007466768040722936,0.46003300644252093,-0.12943276293108844,-0.35452779853165234,9.780902985943337,0.0020305231642760877,0.0032891070603863442,0.0015442303141119497,0.6012644991366322,-0.20066334913031292,-0.9330823447496033
26777,9.942,0.8878603730981841,-0.0044924675127507325,0.007453351553359799,0.4600306763338969,-0.12258702583967387,-0.35089884070131794,9.809206041715468,0.003900078499524313,-0.0043580244943881115,0.000225479597249352,0.6010326128903458,-0.19755178359255926,-0.9349038292757132
26778,9.950,0.8878622632493097,-0.004510189315565552,0.007455416259945046,0.46002682145560025,-0.14286265740742563,-0.36096431195903844,9.724330385968983,-0.0015971631156021864,0.0009250371543414612,1.6902024221859248e-05,0.6115320253103055,-0.2046446798872194,-0.9350713822932756
26779,9.958,0.887861399844169,-0.004504686175777975,0.00746614565982523,0.460028367753769,-0.13615580292659576,-0.35742945691286626,9.75262804118209,0.005224882663725794,0.0014390403130068,0.0015104013909909187,0.5983480925421196,-0.2073285552431994,-0.9350653805949546
26780,9.967,0.8878633142019017,-0.004499382475280433,0.0074671400607418306,0.4600247087614643,-0.12933628879542317,-0.353698588202714,9.780934283217665,0.0031943239961584363,-0.0018501012435287016,-3.370276447644539e-05,0.6004498687641502,-0.20072070392721195,-0.920870892743226
26781,9.975,0.8878578452799993,-0.004493609985036641,0.007471563384166362,0.4600352484154404,-0.1360710079026407,-0.3567683454057926,9.752653431398723,0.004581246644668357,-2.050601562933754e-05,0.003883283448075896,0.6066545397914848,-0.20345057389602525,-0.935879257115267
26782,9.983,0.8878609371668285,-0.00449543771902295,0.007487971045417462,0.46002899645846124,-0.12625387041417155,-0.31685050237708684,9.74553669591891,0.0033800481767628805,0.002240678193485202,-0.0005693183613579004,0.6054519092147896,-0.19670501567982296,-0.9385684477274502
26783,9.992,0.8878617083547002,-0.004499297401126324,0.007467752662904905,0.460027798975818,-0.1360909187187647,-0.3563131653481883,9.75266979405034,-0.00018573449588749796,-0.0040908345383493,0.0005357743430094909,0.6063657759197821,-0.20443798106775457,-0.9292502942017309
26784,10.000,0.8878561819624704,-0.004500303123113885,0.007479084831227641,0.4600382709220102,-0.11458854320688751,-0.37821742180866347,9.780507922059414,0.0029841441517824163,0.0009046134356347346,0.0039001486025665097,0.6098175734283896,-0.20705872922204083,-0.9342648127499906
26785,10.008,0.8878587307133363,-0.004503315487549808,0.007481434878961599,0.46003328420656187,-0.15371815908376238,-0.3667627355324204,9.7885655265607,0.0024886166463234183,0.0006577467110363618,-0.0002930592130630536,0.6030188653763412,-0.21018467961540008,-0.939819087716088
26786,10.017,0.8878606457788906,-0.0044980520462137435,0.0074824505310963265,0.46002962311022055,-0.11830682985492633,-0.34495234349316317,9.716809208490028,0.003194296276608449,-0.0018502220753166168,-3.346925753209629e-05,0.6103125671358611,-0.19952091784398493,-0.9352604556928396
26787,10.025,0.8878591816521249,-0.004500512890043347,0.007486017916187311,0.46003236676945325,-0.13594710928302922,-0.35549974952377134,9.752701483628039,0.0027364011536106826,0.0007812179960921111,0.0018035710194232533,0.6018027304196303,-0.19799385862993854,-0.9405018996741943
26788,10.033,0.8878610969511832,-0.0044952587920412046,0.0074870374739196876,0.460028705016219,-0.1681602608916672,-0.34063403521684804,9.789052982519605,0.0031942935381739706,-0.001850253775527408,-3.3387527238654256e-05,0.6132351558108241,-0.2014383773905444,-0.9341959066080279
26789,10.042,0.8878630529874793,-0.004498553668028558,0.007481864697784194,0.46002498177304774,-0.1357934337113487,-0.355063067049231,9.752719532328115,0.001597149478012796,-0.0009251286793340475,-1.6681457698000978e-05,0.6091002573608454,-0.19199171891674008,-0.9365115842187383
26790,10.050,0.8878707513586745,-0.004500701202855321,0.007504622533812865,0.4600097316482457,-0.1036476561135088,-0.36946120901356655,9.71638479859511,0.004023802760646116,0.00369982827852678,-0.0029424161921296054,0.6096070744136758,-0.19697484170098156,-0.9392638503993698
26791,10.058,0.8878646818468483,-0.004502893320651787,0.007501885247463885,0.460021469497318,-0.1292207840035572,-0.35119241353782404,9.781026116534514,0.0020926960914075363,-0.000677950335415814,0.00417663176309615,0.6132229649287423,-0.20430595425957257,-0.9323846775434811
26792,10.067,0.8878625845457461,-0.004497115316194382,0.00750413980282879,0.46002553712093086,-0.13593793318573874,-0.3543586245496843,9.752743140484684,0.0034420803383797037,-0.0017266909913553569,0.0020634268877260035,0.6064048022830767,-0.19242802154932478,-0.9350485361178992
26793,10.075,0.8878639626158232,-0.004485328663529927,0.007490722230250232,0.4600232111485012,-0.13569404160107623,-0.3540589744307948,9.752757420397607,0.003899935693189227,-0.0043582853374586365,0.00022666785024929223,0.6108131052899483,-0.20324964748135502,-0.9370798505831509
26794,10.083,0.8878664564480319,-0.0044951990703328715,0.007500013172496373,0.46001815018773584,-0.10428698528032576,-0.3362895208852039,9.773464226241453,0.0008915044807548625,0.001582804243453949,-0.0002764672780550723,0.6044403033227418,-0.19896404090004574,-0.9333652520062166
26795,10.092,0.8878649995718075,-0.004489977524746519,0.007503220019295235,0.4600209607469257,-0.17470127092671262,-0.34241740216605016,9.760821656299681,0.00433363206252415,-0.00014386005244809328,0.001787058812985644,0.608176517820946,-0.19813165784291512,-0.9443629065986116
26796,10.100,0.88786290229927,-0.004484218710776203,0.007505503662489459,0.46002502749094426,-0.1287643197865554,-0.3499350702398983,9.781077201245107,0.00344212429626538,-0.0017266581710771976,0.002063593040660725,0.6036757499765216,-0.1958639278591196,-0.9285938658475563
26797,10.108,0.8878648508208216,-0.004495195844895554,0.007500691879216929,0.4600212381103402,-0.15007593343750586,-0.32777987222369626,9.75324530337168,0.0,1.186e-321,-2.583789302304518e-16,0.6098162019637431,-0.19898987825247888,-0.9340610509047262
26798,10.117,0.8878587476916165,-0.004481207019100129,0.007503852595281531,0.46003310220826,-0.12859996381051417,-0.3495759854528616,9.781092204382189,0.005287129276075192,-0.0025281405827758847,0.004143816164583801,0.6052094163027856,-0.196713628130634,-0.938814074075527
26799,10.125,0.8878607034991114,-0.0044845018668524415,0.0074986795464735264,0.4600293797466954,-0.12846523260751472,-0.34929320972440253,9.781104076304652,0.0015971335503236288,-0.0009252237666737172,-1.6488620779916826e-05,0.6074085253235678,-0.20258658108166694,-0.9390805573699404
26800,10.133,0.8878586058958,-0.004478753764860333,0.0075009884414827645,0.4600334464730597,-0.13516875328047837,-0.3524867069743037,9.752821666076231,0.003442154682042618,-0.0017266782387980214,0.0020637309484541036,0.6083497492101834,-0.1989812658016678,-0.9338269269974513
26801,10.142,0.8878519425864718,-0.004481228650872531,0.007490729874714011,0.4600464493952232,-0.11052823330838978,-0.33811975668879535,9.745233185547018,0.0012013714717141952,-0.002260390086855022,0.004453540325026272,0.6115186368637142,-0.19871143978050929,-0.9330822281506672
26802,10.150,0.8878538648726797,-0.004468352286531388,0.0074914615987167095,0.46004285285351837,-0.12024887156188216,-0.3774617206574541,9.752390421636283,0.004791352816822441,-0.002775821094963375,-4.936306001094293e-05,0.6117962532541563,-0.19619981344075,-0.9380549826028737
26803,10.158,0.8878518075436498,-0.004471095500149771,0.007487507117414611,0.4600468610735974,-0.14554331475914806,-0.359147772151646,9.817034377927197,0.0018450736634132087,-0.0008014326582617042,0.0020802694630299256,0.5981134824816723,-0.19491958294144549,-0.9364821814122237
26804,10.167,0.8878537165686234,-0.004473609448980799,0.0074889619794320786,0.46004312867627056,-0.12003977980140712,-0.3770501268832639,9.752408918608365,0.0015971150886164656,-0.0009252913371362764,-1.6427360029694832e-05,0.6066298299634962,-0.19672508062746152,-0.9322080577441262
26805,10.175,0.8878556722772101,-0.004476904131950547,0.007483788671533087,0.46003940640090507,-0.1735902968451589,-0.3402661488917922,9.760916707234752,0.0015971168978592214,-0.0009252925313110359,-1.641915375023934e-05,0.5983520533936885,-0.19757762094499237,-0.9356538539665741
26806,10.183,0.8878547688229004,-0.004462960356310794,0.007500802663885447,0.46004100841413087,-0.13451874883649562,-0.3511637148635399,9.752878379748095,0.006822536831124819,0.0005134153584269983,0.0014940931255235067,0.6008194862584467,-0.19160709098902162,-0.9395124754353616
26807,10.192,0.8878601510980643,-0.004459407445219502,0.007486526322709872,0.46003088776839773,-0.08171540357946162,-0.3552357442564224,9.801422469557272,0.0020546535639467934,-0.0035572524368019135,-0.0018526713592548895,0.6085635905577619,-0.20883838955562373,-0.9293244678883024
26808,10.200,0.8878558003255022,-0.004475360201247746,0.007513714131185096,0.46003868650297886,-0.15898113415053808,-0.36482705115101854,9.760498316413821,0.0015736710752548577,0.005921310949415016,0.003379495498858781,0.6063803625522005,-0.19840716395610655,-0.9314174657330714
26809,10.208,0.8878571627299531,-0.004478938324581684,0.0075010182881195785,0.460036229470293,-0.13463685623395064,-0.3505602129495905,9.752898459963232,0.0007054892900477731,-0.002508001681653451,0.0002604278584737772,0.6054183119860035,-0.19970461935703315,-0.9335768255579464
26810,10.217,0.887855645812891,-0.004488351180478728,0.007511598128314635,0.4600388926986658,-0.12779665224237363,-0.3470789918670022,9.781191655597476,0.0011396070480982857,0.0017066547929800063,0.0018199719351245577,0.6030336259088965,-0.20342189649757572,-0.9420120960146313
26811,10.225,0.8878576081494759,-0.004483963597591888,0.007506063070196677,0.46003523858366996,-0.13460408782641314,-0.3503069502140992,9.752908012499812,0.0031942189035521606,-0.0018506705751688978,-3.2606299736389476e-05,0.6000379505294717,-0.19770103530236335,-0.9322179752785673
26812,10.233,0.8878549183757022,-0.00447858691507082,0.007500882688660828,0.4600405666180007,-0.16569792559157298,-0.36764907779025235,9.732231913502352,0.0025505784728790657,-0.0033093359019796074,0.0023409588067525747,0.6069252205342165,-0.19552813459025092,-0.9398215654823882
26813,10.242,0.8878568670357675,-0.004489564003317604,0.007496070797777374,0.4600367772201336,-0.1420221273399626,-0.3211462425324886,9.781661887623809,1.6653345369377348e-15,1.186e-321,5.251333222433541e-15,0.6034875261878797,-0.20275305769309307,-0.9369023881272361
26814,10.250,0.8878553641688335,-0.004483636280727211,0.007505965818725974,0.4600395741666787,-0.15194055627742514,-0.3605533747568456,9.788823963204118,0.004333883033018593,-0.00014402789554752432,0.0017873667419574663,0.612459512950056,-0.19657005651286286,-0.9277769242437723
26815,10.258,0.8878573059116515,-0.004502295794473192,0.007501515621258187,0.46003571702126317,-0.1587868940157597,-0.3638477213583619,9.760538033386796,-0.0015971017099965876,0.0009253687722196231,1.626146363152921e-05,0.6108010112261594,-0.1987889518378086,-0.9352830060483849
26816,10.267,0.8878471701192291,-0.004510945162599414,0.007507075263719836,0.4600551029018178,-0.12073635452787111,-0.3428953738635913,9.809512027667184,0.0007440582167562409,0.00037213666803598,0.006290309831711111,0.6056910018272167,-0.1971671556648408,-0.9378176305834092
26817,10.275,0.8878543324291482,-0.0045065416673898675,0.007515364223263201,0.4600411881229588,-0.1344285019775229,-0.3494845888646474,9.752939937546682,0.004729544089338475,0.001190376499381612,-0.0026829362278600493,0.6027516626363484,-0.20346779879764734,-0.936393514693024
26818,10.283,0.8878494098175558,-0.00449981363859908,0.007534030350575593,0.46005044891893454,-0.12773046755129366,-0.3456608901685568,9.781242738379543,0.005473591083855348,0.0015626295362225055,0.0036074793601417743,0.6132839384542836,-0.1968083650895554,-0.9414436628479029
26819,10.292,0.8878479381900141,-0.0045099556370856485,0.007537960761945763,0.46005312530124604,-0.11330639636696158,-0.3708043538475899,9.780806712861585,0.001139722687114985,0.001706731470960641,0.0018199437866561943,0.6076262115892904,-0.20318074787486673,-0.9351493471209423
26820,10.300,0.8878498486976245,-0.004512592008382445,0.007539497111244338,0.4600493872012887,-0.12790596128764162,-0.3452759730245005,9.781254039302482,0.0015970750053614176,-0.0009254348548173512,-1.614732715085875e-05,0.6027131777099138,-0.19935728127857527,-0.9306757153708228
26821,10.308,0.8878437770502743,-0.0045147838389349455,0.007536763841182552,0.4600611279719179,-0.1200932650146573,-0.3739493837850727,9.752527648232464,0.0020930788078028497,-0.000677139041443774,0.0041774949019877045,0.6076404892730156,-0.1915295789317223,-0.9372706173919235
26822,10.317,0.8878456809514494,-0.004525117230451482,0.007538656821713501,0.4600573211929494,-0.13463630773886878,-0.34844572847335636,9.75297424130428,1.6653345369377348e-15,1.186e-321,-1.7952355097286547e-15,0.6056211026706146,-0.20070925143038448,-0.9274325425172485
26823,10.325,0.8878454094838965,-0.004519326462774949,0.007556907936625557,0.46005760257725675,-0.13476086225871395,-0.3481964396517729,9.752981425590749,0.006117427263430602,0.003020945877184584,0.001233967733993012,0.6030141904304108,-0.19525830856909235,-0.9391245196046399
26824,10.333,0.8878433133707159,-0.004513753266838471,0.007559307966527379,0.460061663038144,-0.12025465914460423,-0.37322292641522137,9.752553487834282,0.003442115101435531,-0.0017267434602912515,0.0020647201296636257,0.6086064421027513,-0.20149005209541065,-0.9356910263722629
26825,10.342,0.8878424481542823,-0.004508246185914203,0.007570036827774581,0.4600632103463228,-0.1357530850787266,-0.3152097477289783,9.810025643293494,0.005225704938595853,0.0014383429212074612,0.001510940915778833,0.6076402185545856,-0.19958981745047324,-0.93723039609494
26826,10.350,0.8878397583082773,-0.004502958862263924,0.007564920448381875,0.46006853718461854,-0.15923287128838526,-0.36129763516135777,9.760625495444302,0.0025503096793149907,-0.00330926775411394,0.002341807443859636,0.6059443523869199,-0.199902705725687,-0.9391851514179905
26827,10.358,0.8878423132814764,-0.00449828709171858,0.007566906176719008,0.4600636196127118,-0.1414104207312062,-0.3502769461333236,9.724742443380697,0.004085915774209097,-0.00026852631380614003,-0.00030895015410097997,0.6042117785244521,-0.20246600677031243,-0.9356861550542444
26828,10.367,0.887840803888498,-0.004500139397367407,0.007577216662560579,0.4600663446544198,-0.1278101945022705,-0.3431699512732686,9.78132940633866,0.0027369021156242704,0.0007813268283070309,0.0018039142249755239,0.6042566971346356,-0.20025865625495587,-0.9423598224522808
26829,10.375,0.8878421655418153,-0.0045037183065040854,0.0075645201255832885,0.46006389082681326,-0.14448421922211577,-0.3860242344810158,9.760216129474728,0.0007052239286449169,-0.002508046213100317,0.00026106236486527526,0.6054082461358279,-0.2074691945021924,-0.9320813176632097
26830,10.383,0.8878394633599838,-0.004513846952987937,0.00756015164010284,0.4600690780671091,-0.14526440105748709,-0.3537721094041189,9.817233699138876,-0.0006437701168351606,-0.0014581481212933808,0.0023739004640166176,0.602505963061353,-0.18929061865913804,-0.9361627193046976
26831,10.392,0.8878380046828129,-0.004508623476488207,0.007563358283881543,0.46007189151985706,-0.12752553543607506,-0.34287205113993197,9.781343569103921,0.004333990872116292,-0.00014426546232379183,0.0017879514369088228,0.6130355335589411,-0.200938947556266,-0.940810931421753
26832,10.400,0.8878405225887668,-0.0044956970905753405,0.0075717373581366335,0.46006702115056614,-0.15877790709851528,-0.3600411370323848,9.760679336799424,0.0056829703255901,-0.0011942310879684425,-0.00032479929559105426,0.6074281544386396,-0.19609362398500116,-0.9419969028394932
26833,10.408,0.8878418839595581,-0.004499276074878063,0.007559040782007995,0.46006456775587623,-0.11957398718107794,-0.37103822443408807,9.752645218713871,0.0007051983061674434,-0.0025080548077369863,0.000261203858742239,0.611077507133936,-0.19407281502870924,-0.940089287659952
26834,10.417,0.8878357622924825,-0.004508607133373327,0.007563432869843703,0.4600762177503498,-0.13404989343178841,-0.34556871250275956,9.75308468146687,0.00049621596752663,0.0002488778972338325,0.004193789543037021,0.6083441850271191,-0.2016393038052147,-0.9330002427576305
26835,10.425,0.8878377171554975,-0.004511901796478987,0.007558258149436086,0.4600724980609472,-0.15170711742575568,-0.3562242190887422,9.78898608124826,0.0015970296256730776,-0.000925604353289278,-1.5887539253741133e-05,0.6073656355483151,-0.1962543281916327,-0.9327083189226042
26836,10.433,0.8878396357872037,-0.004506986579199231,0.007559498469612336,0.46006882330810983,-0.15159378748239752,-0.35602883270009256,9.788994945456642,0.003194064694033676,-0.0018512122846645173,-3.175044614316274e-05,0.6020125147186646,-0.20416531500057958,-0.9353966749743159
26837,10.442,0.887841590567911,-0.0045102812497086545,0.007554323790043687,0.4600651036679112,-0.1551772775078964,-0.32309181736862663,9.725253034473726,0.0015970350686591393,-0.0009256079313304747,-1.5862906838604952e-05,0.6049590793908051,-0.20205554149016086,-0.9378942982284577
26838,10.450,0.8878447027556179,-0.004497125515087377,0.007570277051384478,0.4600589642168234,-0.11921940690600114,-0.3701789416426454,9.752682214079368,0.006574854528784194,0.0003880812218573414,-0.0006018594737055575,0.6127859310990893,-0.1962687130472383,-0.9400002749175417
26839,10.458,0.887834028675309,-0.004491367579228511,0.007560884042574431,0.46007977370879327,-0.14142482734741288,-0.31552627918764387,9.781853437506653,0.0030466554915945486,-0.0030600247952860377,0.006536351306415294,0.6122613589811122,-0.19681120513557188,-0.9346100954325425
26840,10.467,0.8878377095765462,-0.004508660362527359,0.007585816758053413,0.4600720908941577,-0.1124204225206956,-0.36619367315422424,9.780990646184945,0.0010787015791498189,0.0056729182589896985,-0.0008158664954423707,0.6019654322249938,-0.20855995108365413,-0.928401514132423
26841,10.475,0.8878436841989662,-0.004504823958012699,0.007579057206487579,0.46006070999486076,-0.13394019360329318,-0.3440331752898853,9.753140474659595,0.0029459256028839683,-0.001975875836803947,-0.0021284374452983992,0.605447562332684,-0.1942392916401354,-0.9379226208580493
26842,10.483,0.8878381684070462,-0.004498545131311132,0.007590296985842798,0.46007123057521226,-0.12704729046709265,-0.3403040061010613,9.781439474498843,0.004582258103455503,-1.9642444189890872e-05,0.0038851589106481416,0.6052606717784252,-0.19551668209342343,-0.9464292250196178
26843,10.492,0.8878407105694445,-0.004509237917940039,0.007593006648139791,0.4600661753258819,-0.13393028878678587,-0.3435017915732691,9.753159339994646,0.000891923362146106,0.001582404455997471,-0.00027724185064593814,0.6037227936186116,-0.19855357561989415,-0.9355832544154027
26844,10.500,0.8878380146423455,-0.004511764248086186,0.007588350408747114,0.4600714299729801,-0.11252766137087991,-0.36542244487282616,9.781018256082387,0.0009532387008822528,-0.002383422957276099,0.002358491246537942,0.6088743213281602,-0.19843877371333424,-0.9392171064824506
26845,10.508,0.8878399753217364,-0.004507376301478802,0.0075828127953166515,0.46006778058204323,-0.15141027022088488,-0.35398925142578636,9.789071753145935,0.0031940403251817418,-0.0018513634826686427,-3.139070891556047e-05,0.6063895200501104,-0.2013867026856782,-0.9327780175177472
26846,10.517,0.8878338471720515,-0.004524450457162985,0.007587626934907765,0.46007935954705936,-0.1268954518142713,-0.3397449016073875,9.781460880649556,-0.0011006662270837907,0.0011750363451670325,0.004209602691254532,0.6076447781884092,-0.1942392916401354,-0.93790783200559
26847,10.525,0.8878404155538164,-0.0045203292088189535,0.007588388170170483,0.4600667120082147,-0.15823829610195,-0.3572122341908393,9.760792038090191,0.003837804043493602,-0.0003937073636675173,-0.002405603282460142,0.6081004556990247,-0.19993138312413652,-0.9330621717535993
26848,10.533,0.8878395073264567,-0.004514350983822221,0.007605951128590538,0.4600682333882007,-0.11241320121981739,-0.36468369633711684,9.781047144884305,0.005226108669448032,0.001438062080425155,0.001511074460932958,0.5993532844868678,-0.19746281903843244,-0.9393156405327115
26849,10.542,0.8878374539230437,-0.004509411568611046,0.007601636216565294,0.46007231577827407,-0.13377930859326637,-0.3423340712231719,9.753202468985146,0.0034421974816165914,-0.001726680374556302,0.0020657567144098635,0.6071628448637039,-0.19524969611828133,-0.9388526019633021
26850,10.550,0.8878353518801702,-0.004511694335463316,0.00760451186757499,0.46007630232961805,-0.13368250264935366,-0.34211688966216586,9.753211416611377,0.0018451941277700583,-0.0008009595154484407,0.0020813871001606017,0.6025088798907825,-0.20469635459208563,-0.9365960797624293
26851,10.558,0.88783730626399,-0.004514989066431029,0.007599336672490596,0.4600725840144903,-0.1336152766004804,-0.3419758536429619,9.753217283945865,0.0015970054552823891,-0.0009257415080584883,-1.5582571824397906e-05,0.6093373020232099,-0.19415316713202502,-0.9354564981423091
26852,10.567,0.8878357918014333,-0.004524673201945403,0.007610107201405017,0.4600752334098422,-0.11227749490589334,-0.36385767477438524,9.781079465953248,0.0011401873912734867,0.0017071361413745012,0.0018196218541609134,0.6091088931583447,-0.1971671556648408,-0.9377946257018056
26853,10.575,0.8878337381534884,-0.004519733712396813,0.0076057922813758715,0.4600793163437636,-0.08778828904082993,-0.34951560423846084,9.773469681336735,0.00344219258645732,-0.0017267116725971326,0.0020658928716018074,0.5954476058144089,-0.2023512048637525,-0.9394136698535349
26854,10.583,0.887827615456661,-0.004529150719957357,0.007610232746887343,0.4600909653360236,-0.1336032223264679,-0.3415116852579867,9.753233713013826,0.0004964191108704576,0.00024965004749760245,0.004194026879599902,0.605163184194668,-0.19060813900770315,-0.9319452570879606
26855,10.592,0.8878341837850775,-0.004525029092534584,0.007610992472286778,0.46007831834154544,-0.15809461773211078,-0.35548696908962607,9.760857352512915,0.003837792592158716,-0.0003941180847180447,-0.0024054726715515918,0.60835386422544,-0.20242294451625725,-0.934438304843915
26856,10.600,0.88782867294743,-0.004511128925838419,0.00762188479047483,0.460088908886599,-0.12580819392061224,-0.36977772097828643,9.72454375959229,0.006179440393397461,-0.0009453338061062685,0.003870142218261017,0.6051874111738265,-0.19244524645094682,-0.9355447184315392
26857,10.608,0.8878277949755334,-0.0045209845993579995,0.007633339331930183,0.4600903164573003,-0.15814564866763126,-0.3547410616449006,9.760883663011917,0.002032335573893584,0.0032894796583505443,0.0015421480936548923,0.6086289498169897,-0.19672224058144502,-0.9390350523361715
26858,10.617,0.8878343207530868,-0.004516450293715793,0.007640930200420956,0.4600776420945956,-0.11921210789562262,-0.36577398683765744,9.752848503529636,0.003837827596216701,-0.00039430030566305497,-0.0024053295223336597,0.6142165068069507,-0.20195219208042842,-0.9349040586999878
26859,10.625,0.8878328604313117,-0.004511225565615453,0.007644137129316558,0.4600804581264019,-0.11918927705921278,-0.36544220557606233,9.752861220271319,0.004334242065176058,-0.00014438823093407968,0.0017887830710690317,0.603479836972909,-0.20051409742050882,-0.9357599827176053
26860,10.633,0.8878307642652415,-0.004505893083327113,0.007646635741317481,0.46008451388148125,-0.15135317630356154,-0.3504195695657093,9.78920107006856,0.003442184875325601,-0.0017266631140782647,0.0020663095560016363,0.6022601660467469,-0.2032065852272998,-0.9359174470759201
26861,10.642,0.8878281102977591,-0.004508921646731971,0.007635162567669051,0.4600897961086069,-0.14345427732955113,-0.3790930820221612,9.760502989009591,0.0009531311293122682,-0.002383081316813511,0.002359211641795436,0.6071537644476377,-0.19886646389510793,-0.9375035024160483
26862,10.650,0.8878260202659589,-0.0044959392573623025,0.0076373084403792224,0.46009392061696536,-0.11876090460221646,-0.36469777920121793,9.752894311740018,0.00503918498848805,-0.0026525632044791243,0.002051017910619889,0.6066510044433514,-0.19756900849418133,-0.9353540018261463
26863,10.658,0.8878165307744557,-0.0044896110466222,0.0076429637071945425,0.4601121995579238,-0.1477749258712701,-0.3134458814211947,9.753751618852858,0.004830892382702476,0.00010566140749322653,0.0059830216895984155,0.6027202101759177,-0.1974398217320158,-0.9317205459856888
26864,10.667,0.8878224634951603,-0.004485414877428192,0.007643033861422095,0.46010079156653966,-0.14401254611136455,-0.34582778697421357,9.817535204381615,0.002945625407816809,-0.0019769403972820987,-0.002127667463825959,0.6135089470195715,-0.19426512899256845,-0.9386003444924421
26865,10.675,0.8878123687618298,-0.004494737739083259,0.0076418944999486075,0.4601201980511381,-0.11854064193676368,-0.3638227641665867,9.752929671327019,0.0007449119320115309,0.00037536831180729196,0.006291293925331012,0.6005824798263452,-0.20312623312398406,-0.9405732414751663
26866,10.683,0.8878160691690165,-0.004489147776469257,0.007665752539778569,0.4601127156637993,-0.17228094748478043,-0.32684861523146996,9.761398408436824,0.005870396242902257,0.002894646943787738,-0.0008633882352938626,0.6074198658200965,-0.21021912941864423,-0.9407654425801608
26867,10.692,0.8878186225818028,-0.004484473977602648,0.007667734706269474,0.4601078012102918,-0.11878665066581888,-0.3631472312837172,9.75295185521061,0.004086071707583667,-0.00026972087332749977,-0.0003080479340899726,0.6025356765204144,-0.20263825578653316,-0.9405773203400043
26868,10.700,0.8878177138138974,-0.004478630923746036,0.007685314434334956,0.46010931836397295,-0.13338717006089812,-0.33734389653761276,9.75338171545251,0.005226538630696412,0.0014376530564421193,0.0015114693871813086,0.6038131716545212,-0.1987832717457757,-0.9490109394947719
26869,10.708,0.8878196730961481,-0.004474242702948325,0.007679775038349191,0.46010567293942883,-0.1587860668568009,-0.3188424628313806,9.818002286408124,0.0031939060817520407,-0.001851925751951471,-3.026430622544712e-05,0.5998369179613616,-0.1962170383423721,-0.9386234659729816
26870,10.717,0.8878221843623922,-0.004469231920208532,0.00768863620203342,0.46010072787748063,-0.12555202361967843,-0.3655699021938962,9.72470616113139,0.004086096719777653,-0.0002697746860617711,-0.00030792274662334445,0.6037121678377619,-0.19483345843333513,-0.9340045562556817
26871,10.725,0.8878126934623104,-0.004462903303927579,0.007694293085640416,0.46011900816550727,-0.14323367472411386,-0.37590822269093366,9.760629407241604,0.004830998179600504,0.0001061560481650688,0.005983524348890835,0.6104940865223243,-0.2070098945631911,-0.925955844040341
26872,10.733,0.8878151900678805,-0.004480976354060759,0.0077042368356792425,0.4601138488139949,-0.11885137152918267,-0.3615939157619458,9.753008779657396,-0.0007047157798052347,0.0025081290280418926,-0.00026267544105936517,0.6039527287331286,-0.19603617687534033,-0.9334718854866856
26873,10.742,0.8878223513347842,-0.004476568107256159,0.007712514871991789,0.4600999347127819,-0.164861660962036,-0.35359217962524714,9.73276696894095,0.004730059106557325,0.001186892532727777,-0.002682650083819743,0.6049541528415763,-0.20202970413772772,-0.937162348801714
26874,10.750,0.8878156464450384,-0.004471086202901212,0.007708781641824996,0.46011298829868347,-0.11210152976756861,-0.3576820850481169,9.781309265265744,0.002798238241554684,-0.0031833388358418124,0.004442035249033822,0.5990946016109496,-0.1964093523062313,-0.9371558844812463
26875,10.758,0.8878181891941879,-0.0044817781196397136,0.0077114904767749326,0.4601079324630988,-0.13340939555081027,-0.33554764146570926,9.753443372874994,0.0008922378120388999,0.0015821065230208452,-0.00027776321833139207,0.6132350207622682,-0.19508605955287164,-0.9341758421148715
26876,10.767,0.8878154935677551,-0.004484533110907079,0.00770688786342416,0.46011318414416447,-0.11883039743484801,-0.36089694027308133,9.75303485072063,0.0009529942427901502,-0.0023827172616974553,0.0023599451649445394,0.6069042390696298,-0.20079253589247842,-0.936704298149259
26877,10.775,0.8878180463839794,-0.004479858904875438,0.00770886927033948,0.46010827064257304,-0.1432235782556646,-0.37483279703908035,9.760670913399817,0.004086122686719587,-0.0002699789438208212,-0.00030774400013841504,0.6076491830372271,-0.19646102701109755,-0.9385622711307251
26878,10.783,0.8878171378749621,-0.004474102485339337,0.007726456173766347,0.46010978470084435,-0.11968862161862015,-0.32799647074425453,9.810034336876756,0.005226699876121802,0.0014375556311925846,0.001511677647021689,0.6112695363678239,-0.20576988627192527,-0.932346149655706
26879,10.792,0.8878064581818823,-0.004468345515732869,0.0077170718578377945,0.4601306048295805,-0.15776777393996333,-0.34868588479963086,9.761107961419915,0.0030465441327393013,-0.003057710542036834,0.006539590633435881,0.6091291981375151,-0.20167091356244238,-0.9408113859478112
26880,10.800,0.8878089555564548,-0.004486476887501098,0.0077270161162850855,0.46012544287491225,-0.10875698437605309,-0.3203076482765915,9.745854822955396,-0.0007046122805210899,0.0025081473652886154,-0.00026294488360459854,0.609590690813176,-0.21056930754311856,-0.9368296989402664
26881,10.808,0.8878080871486851,-0.004480964784987654,0.007737744203517023,0.46012699188662043,-0.15109913832561112,-0.3449554458124044,9.78939906470553,0.005226769069734324,0.0014374153252440483,0.0015117785082727584,0.603723334434154,-0.2031979727764888,-0.9356636046986991
26882,10.817,0.8878013757697589,-0.004483190142138495,0.007734376601563988,0.46013997610081536,-0.12566397039285315,-0.36287197762652834,9.724805760160786,0.0012012244191774374,-0.002257060355347711,0.004457462696546461,0.6042505341693165,-0.19851628577063354,-0.9414441756734291
26883,10.825,0.8878039235144967,-0.004486198658134611,0.007736721079865728,0.46013499167179067,-0.11196915389875203,-0.3558258069709325,9.78137848503373,0.00248924409722467,0.0006558836348946317,-0.0002927183213205087,0.6095620398700677,-0.199670169553789,-0.9325729584898648
26884,10.833,0.8878052373788764,-0.004497224673412655,0.007731244602585735,0.46013244105340956,-0.15006730380142022,-0.3767933162921971,9.732444420949346,-0.0008923442017959051,-0.001582019780564293,0.0002778837193574269,0.6088322042352993,-0.19577496330499283,-0.9329596673413478
26885,10.842,0.8878037700649181,-0.004499681547466168,0.007734815244055966,0.46013518813239074,-0.1509474864518095,-0.34439463947029186,9.789421149077292,0.00273759327198815,0.000781441001905957,0.0018045169950953823,0.6024918783928964,-0.20705011677122978,-0.9340701257826073
26886,10.850,0.887801673100292,-0.0044945359333101904,0.0077373711867817305,0.4601392413978455,-0.1363688174346009,-0.36956778230693815,9.789023985925741,0.003442138283485265,-0.001726725669842197,0.0020676290321263446,0.598903190274448,-0.19595298472600808,-0.944990825006211
26887,10.858,0.887799022293541,-0.004489882177853123,0.007725535464890131,0.46014460017959824,-0.1575345898954406,-0.347341729555456,9.761159650712232,0.0025497802337842903,-0.0033087307982609007,0.0023456046867565495,0.6068588955773283,-0.19786751191378946,-0.9299675049793948
26888,10.867,0.88780614418276,-0.004485294661837637,0.007740690642816725,0.4601306490460177,-0.11840277129871386,-0.3583377257455032,9.753134415748606,0.004730140510522554,0.0011859701642544245,-0.0026827424987035946,0.606932909749187,-0.1977670948628351,-0.9409639708920192
26889,10.875,0.8878040779259909,-0.004495720919851127,0.007737104431386389,0.4601345943595307,-0.1261812297135363,-0.32925756606151985,9.781828753586185,0.00024838270396776164,0.00012567070832133047,0.002097255737884577,0.5990805946456546,-0.20000028273062478,-0.9350748355072488
26890,10.883,0.8878019761309014,-0.004498284371756399,0.007740025834196504,0.46013857544859627,-0.14293401768378758,-0.37218401364363185,9.760776517181304,0.0018452769945851595,-0.0008005169518992988,0.002082519265240665,0.6032822817862197,-0.20515565453108697,-0.9426821164454062
26891,10.892,0.8878005134509135,-0.004493057819774689,0.007743232562144964,0.46014139467908255,-0.11840137341648384,-0.3577955039836594,9.753154339153953,0.004334562780352245,-0.0001447512744693397,0.0017898243472094157,0.6056786370449979,-0.20076669854004528,-0.9359805647516596
26892,10.900,0.8877984120060793,-0.004495647615761341,0.0077461420773532,0.4601453749359183,-0.13604940274659197,-0.36822512695928605,9.789079027520662,0.0018452831084878787,-0.0008005001582345067,0.002082581387256193,0.6015346772940844,-0.20177710301819127,-0.9369499827968039
26893,10.908,0.8878003607290496,-0.0045066254278865805,0.007741329056522888,0.46014158868880994,-0.15056374342041257,-0.3427199174912565,9.789485832159148,-1.6653345369377346e-15,1.186e-321,5.991301205154897e-15,0.6083890265554589,-0.1928356467834599,-0.9396624579182447
26894,10.917,0.8877976651393988,-0.004509523592490717,0.007736724771524329,0.46014683858504457,-0.11142583033139226,-0.35397474253170363,9.781451851826283,0.0009528696732138296,-0.0023824528008892054,0.00236063351651829,0.6122447632502122,-0.1974570466336379,-0.9321444272428605
26895,10.925,0.8878054118297114,-0.004520193183874482,0.007753247727567277,0.4601315091679037,-0.14283668288439272,-0.3714230939476065,9.76080692725771,0.0024288644690926963,0.004620081928466442,-0.002931408496361152,0.6098578362077743,-0.1967653028355002,-0.9402467520182668
26896,10.933,0.8877975313892316,-0.0044924013137131675,0.007733356970546736,0.4601473207349901,-0.1571999621904244,-0.34565804426842195,9.761224815206477,0.005803951677724928,-0.009125481829512507,0.004955515613897022,0.6020023335563819,-0.19165299328909324,-0.9338840348787814
26897,10.942,0.8877954648977547,-0.004502827451986714,0.007729771284657101,0.46015126609388385,-0.1109791352195685,-0.35325076647937553,9.781483102666357,0.0002484792839118053,0.00012580016430559796,0.0020973085734943835,0.6059309059736161,-0.19421345428770226,-0.937187385019648
26898,10.950,0.887803177838052,-0.004505713435206005,0.007752781800843548,0.4601359694062674,-0.15699820450415455,-0.3452339843706983,9.761243067202598,0.004025746136278335,0.003693658590961843,-0.002946296493360751,0.6037397371497856,-0.19644380210947543,-0.9381005961394904
26899,10.958,0.8878011158857348,-0.004508456512852577,0.0077488320195612664,0.4601399874540888,-0.1112501993262191,-0.352838075985677,9.781494918859252,0.0018453209931199805,-0.0008004255612042867,0.0020827064983744165,0.6103237725838341,-0.20080114834328944,-0.9369252764099035
26900,10.967,0.8877950040548446,-0.004502874525381742,0.007752598211819496,0.4601517707422566,-0.12480386739431225,-0.3595202954865462,9.7249413230026,0.0036906554614280647,-0.0016008598967414305,0.004165473661684819,0.6100599892585499,-0.2004538102648316,-0.9340077341644918
26901,10.975,0.8877935364067606,-0.00450533066261391,0.007756169342185137,0.46015451812096164,-0.135638321838042,-0.3664753199705916,9.789150396181217,0.002737815341504278,0.0007814538645136065,0.001804611306989156,0.6049664596570827,-0.19867414993124866,-0.9389908023777295
26902,10.983,0.8877833998247296,-0.004514587222588831,0.00776187971856922,0.46017388748286164,-0.1502386195012067,-0.34089804415995373,9.789554439401822,0.0007454284593225409,0.00037768303452773996,0.00629207910251666,0.6129925469653954,-0.20193496717880632,-0.934424308444636
26903,10.992,0.8877899584940289,-0.004525829733031574,0.007763359329530138,0.4601610986538512,-0.16028096640080405,-0.3803989268456766,9.796792531280122,0.0006440586652253522,0.0014559602053582437,-0.002375537644790403,0.6105135997039716,-0.20100491480397617,-0.9288549649984252
26904,11.000,0.8877878624748423,-0.004520856903210949,0.0077659017959797625,0.4601651484679249,-0.11808620915575999,-0.35543091549069866,9.753244618097225,0.0034421414088036347,-0.0017267992964753408,0.0020683231520905064,0.6010405339721657,-0.19881478919024168,-0.9360806837082813
26905,11.008,0.8877892300692054,-0.00450907184787929,0.007752473873100058,0.4601628520350657,-0.13238224647638988,-0.3297004883294083,9.753656773756278,0.003897970113057173,-0.004360950676734999,0.00023469077921999326,0.607393919576018,-0.20177710301819124,-0.9369105458569121
26906,11.017,0.8877877194032354,-0.0045191763549559325,0.007763259267346061,0.4601654855890691,-0.12545494280378144,-0.3260365536101112,9.781945984183395,0.0011410531590443215,0.0017078048151891805,0.0018191371108132962,0.607816966176825,-0.19948069563594623,-0.9272168318012126
26907,11.025,0.8877896679201877,-0.004530154167322666,0.007758445929713454,0.4601616995732472,-0.14913400618787792,-0.37246452915588624,9.732625392291338,0.0,1.186e-321,-5.9148649519946694e-15,0.6103112339014779,-0.2051326572246703,-0.9350623738109509
26908,11.033,0.8877881661972056,-0.004524904360366147,0.007768504918002314,0.46016447878130756,-0.15684816125149711,-0.3433977103044073,9.761310251126272,0.004334720522398383,-0.000144966125396404,0.0017901987888037704,0.6007758811461971,-0.20212728114266557,-0.9330339576268554
26909,11.042,0.8877861036111232,-0.004527647254681731,0.007764555339406042,0.46016849775457147,-0.14227623934387604,-0.3685754312194989,9.760923056504488,0.0018453428107043923,-0.0008003966322816977,0.0020829465512160216,0.6046534108395095,-0.19806843832845972,-0.9287537658648805
26910,11.050,0.8877840073467854,-0.004522710985866752,0.007767105456449864,0.4601725474834962,-0.11085432578030369,-0.35077175934499655,9.78157373123731,0.0034421706272363206,-0.0017268141909859722,0.0020685360866772324,0.6047317527783423,-0.19359345014206938,-0.9403932186652177
26911,11.058,0.88778373311993,-0.0045169089122625876,0.007785353569776871,0.4601728251551943,-0.15677565286295211,-0.3425349879438292,9.761341728678088,0.006119939110228456,0.003018578005487341,0.0012337107384805734,0.6039874464445802,-0.19524108366747028,-0.9386299804968288
26912,11.067,0.887781636458639,-0.004511979119783862,0.007787903356047959,0.46017687531270074,-0.1745137034710624,-0.3528073703068256,9.797275183348834,0.003442155852586489,-0.0017267922180258552,0.002068713920581763,0.6063709152207288,-0.1966475685701622,-0.9300138526697239
26913,11.075,0.8877829947079448,-0.004515560889808144,0.007775204342617009,0.46017443455137164,-0.11762307537845909,-0.35328136921313263,9.753328311443768,0.000704200905247237,-0.0025082323950435235,0.0002639998793033705,0.6096152853290575,-0.19701790395503677,-0.9404837661106092
26914,11.083,0.8877814843147656,-0.004525731294949624,0.007786014065006846,0.4601770657574078,-0.09309023341350915,-0.33908079604502944,9.745690220320963,0.0011411722136571603,0.0017078961000188794,0.0018190757127612422,0.6039302019037586,-0.19396369321418222,-0.9301250195410893
26915,11.092,0.8877828423720765,-0.004529313122303517,0.007773314963815502,0.4601746252096815,-0.14889090144159522,-0.37071611467330573,9.732695868537293,0.0007041820844539794,-0.0025082378219424537,0.00026402612228282145,0.6090982285259143,-0.20053132232213092,-0.9362101552680382
26916,11.100,0.887785946939217,-0.004532074060223108,0.007790030656161295,0.4601683258812226,-0.1352328466006778,-0.3636246434753815,9.78926231101278,0.0033820533016257846,0.002237050473618848,-0.0005710699862326438,0.6010034205103775,-0.20277312264073158,-0.9305666462313446
26917,11.108,0.887788498791225,-0.004527397814932297,0.007792008072225699,0.4601634152051326,-0.1321685858291892,-0.32722770359085385,9.753742943954842,0.004086247942007415,-0.00027118783169735047,-0.00030696126377493133,0.6005682798457815,-0.20060883437943022,-0.938463515752278
26918,11.117,0.8877916070999567,-0.004522479965493377,0.007808358119798522,0.4601571895356097,-0.15671305587407533,-0.34098362554552386,9.761397048636747,0.004978883167493957,0.0013105597967441134,-0.0005853011317492098,0.5990485816332322,-0.20325248752737143,-0.9303185842242586
26919,11.125,0.8877855284214472,-0.004524671344421123,0.007805638670792792,0.46016894167209754,-0.12452624560541387,-0.3554689081338323,9.725093811752021,0.0020939118689880945,-0.000673983810810187,0.00418066376433404,0.6120313658998829,-0.1995725925488512,-0.9367128521055252
26920,11.133,0.8877834314753481,-0.0045197902434535985,0.007808181526208734,0.460172992031546,-0.15665527717194452,-0.34046436114841055,9.761416100774582,0.0034421735997319223,-0.0017267487757677354,0.002069043025417653,0.6030170690295772,-0.1969834541517926,-0.9395522000989958
26921,11.142,0.8877905851546216,-0.004530744737412352,0.007817179817502363,0.46015893011289083,-0.14217132973577637,-0.36569544144688265,9.76103290910613,0.0015367560578467797,0.003037153588211193,-0.0026543422892323972,0.6100639692252502,-0.19754317114174821,-0.9345990475177991
26922,11.150,0.8877884924674674,-0.004518203776846376,0.007819369447781556,0.46016305364339316,-0.14989946586050457,-0.33652760012793403,9.78971085289004,0.005038990875537575,-0.0026532050906668647,0.0020549790730407165,0.6024776592972011,-0.19769242285155228,-0.9319575600780311
26923,11.158,0.8877904450556003,-0.0045214984248488094,0.007814191050549136,0.4601593421177045,-0.14975630768271458,-0.3362556484398057,9.78972238778083,0.0015968107676030796,-0.0009265180285464089,-1.4141515361634917e-05,0.6025097685065989,-0.20787681973632752,-0.9367281035801314
26924,11.167,0.8877889343947457,-0.004531723038068222,0.007825018932090649,0.4601619720612094,-0.15204610015431536,-0.4045997582218381,9.768315357093542,0.0011412431054129621,0.0017080637563810113,0.0018189768488701009,0.6118085600696631,-0.19284425923427093,-0.939883436178889
26925,11.175,0.887786875238788,-0.004526782595251371,0.007820705187828937,0.46016606672314514,-0.15661888880723407,-0.3394224484487136,9.761452969445555,0.003442182612334262,-0.0017267037658502773,0.0020692513830554387,0.5958901076301509,-0.19429380639101804,-0.9326104645001851
26926,11.183,0.8877934089181474,-0.004515108062088421,0.00782798274734463,0.4601534521947982,-0.13199010183068285,-0.3249409279994569,9.753821811787455,0.0054345140391681476,-0.0013243463287722936,-0.0024182552553235924,0.6005781909109518,-0.20041652041557095,-0.9399360268614998
26927,11.192,0.8877907468731687,-0.004525822432247075,0.007816879227053415,0.46015867165233715,-0.12416556097433994,-0.35365055369507564,9.72516471715344,-0.0006440762834155932,-0.0014552535996559454,0.0023760219824634395,0.6113136822956159,-0.19989409327487592,-0.9389050177475087
26928,11.200,0.8877966813147724,-0.004522114636026734,0.007816995532282432,0.46014725654571054,-0.1348816045324004,-0.36073587510099014,9.78937403398008,0.0029450054862976416,-0.0019795338536435472,-0.002125609914250684,0.6032514860747561,-0.20328409728459917,-0.938106722532836
26929,11.208,0.8877992285766263,-0.004525121445850136,0.007819337635814131,0.46014227253490386,-0.15618455982149157,-0.3385536118892055,9.7614901003968,0.002489488578807987,0.0006551482818877978,-0.00029263847320276876,0.6037599650471122,-0.1943512535006788,-0.9411059041480738
26930,11.217,0.8877937109663475,-0.0045194873266694606,0.007830674079754713,0.46015278065699305,-0.14167999645922263,-0.36369736829134236,9.761114706033736,0.004583559692815747,-1.8436725186794503e-05,0.003888295293284339,0.6039901511436098,-0.19769819525634683,-0.9390318242239817
26931,11.225,0.8877962619907868,-0.004514810513272286,0.007832650649224176,0.46014787108604854,-0.13396324434446724,-0.392249893199642,9.73246558923079,0.004086320589129076,-0.0002714725492102643,-0.00030660426472647813,0.6027565700704459,-0.19665334097495676,-0.9371226241380798
26932,11.233,0.8877941657429528,-0.004510062006405043,0.007835217978073293,0.4601519183625228,-0.16383993064137783,-0.3086930613509104,9.790185533765271,0.003442262965473423,-0.0017265896966478607,0.0020695512645126503,0.6090904233775191,-0.19878033938699755,-0.9350505253469387
26933,11.242,0.8877967129303116,-0.004513068663776365,0.007837559890695492,0.4601469345506181,-0.11704976781719471,-0.3486745878506196,9.75350098416291,0.0024895197583702537,0.0006550630885720609,-0.00029261067131507987,0.6110707065347815,-0.19501431990036688,-0.9390789060680232
26934,11.250,0.8877986279674264,-0.004516544403547837,0.00783927662994059,0.4601431763568013,-0.14154263498508107,-0.3626270811672566,9.76115651825739,0.0015968139875973512,-0.0009265841859909324,-1.393088580890733e-05,0.6058844031470686,-0.19616820368352234,-0.9302783467350981
26935,11.258,0.8877983528138272,-0.004510739585967859,0.007857524708625135,0.46014345293060205,-0.1316597435577057,-0.3227601313502513,9.753898684528055,0.006120414959989862,0.0030183645605206485,0.001233646504556105,0.6032649133729281,-0.20213305354746017,-0.9401016489494907
26936,11.267,0.8877996727060773,-0.004514507243619589,0.007851721968238709,0.46014096843191776,-0.13482762616751998,-0.35855718478112,9.789454818789546,0.0007040916426982268,-0.0025082255403800213,0.0002648288688595636,0.6066532454086823,-0.20197802943286153,-0.9356869475074248
26937,11.275,0.8877964227564817,-0.004510143148860768,0.00783236822103623,0.460147611487468,-0.141356035091936,-0.3619363144195233,9.761184860428353,0.0016568452769620892,-0.0048897916015224275,0.0026272104559708163,0.6100694945567339,-0.20196941698205048,-0.9354199594835734
26938,11.283,0.8877995280397248,-0.004513070513291156,0.00784911842583859,0.46014130606469295,-0.1489590119278962,-0.332817834812265,9.789852029084072,0.0033822709306855683,0.0022366156570943745,-0.0005713706686468214,0.6086165850347709,-0.20032178345664955,-0.9371979865044218
26939,11.292,0.8877968693550072,-0.004516101900119616,0.007837650784450501,0.46014660144051606,-0.12671424322622485,-0.3869876352635757,9.760820566205084,0.0009527603444494616,-0.0023815252654274294,0.002362425521702609,0.6054745519775844,-0.19828952200353017,-0.9419325381845153
26940,11.300,0.8877947761296915,-0.004503710534040129,0.007839851968432978,0.4601507239909225,-0.15558322658600757,-0.3358713650211212,9.76159236216151,0.005039125958480835,-0.002653194744915983,0.002056011690616901,0.6025022920433456,-0.19782160961371784,-0.9356173072117497
26941,11.308,0.887797326746533,-0.004499033186028364,0.007841827850168143,0.4601458149957142,-0.13096193829746638,-0.3213835714094651,9.753953531392929,0.004086362431315466,-0.0002717125594036627,-0.0003064419446880799,0.6034682837246625,-0.20069779893355705,-0.9340434884661356
26942,11.317,0.8877958211285707,-0.004501711904773901,0.007852298060494659,0.46014851514673283,-0.13325084294603273,-0.3895716227971874,9.732582942573531,0.002738293192946076,0.0007817221216418023,0.001804900101268004,0.6037479092135863,-0.2035711482073798,-0.9393147395766834
26943,11.325,0.8877863239818025,-0.0044953795636787485,0.007857968765064982,0.46016680327935966,-0.12332636966778758,-0.3497103608971343,9.725317879559624,0.004832568815922454,0.00010866168129815634,0.005986274494472024,0.6071637525946517,-0.20527045643764688,-0.9389874657626921
26944,11.333,0.8877968663751585,-0.004499745089630181,0.007864717048014712,0.46014630561847664,-0.16238665964484494,-0.33811082575967755,9.733358685473664,0.0019921242128290197,0.0004011565121718446,-0.004487688650884687,0.6005539639317933,-0.19857941297232726,-0.9363365655179212
26945,11.342,0.8877947991875276,-0.004510171904108955,0.007861135952927381,0.4601502530983804,-0.10971293660399235,-0.34237910423871737,9.781883958662663,0.00024872729847403034,0.00012686405231996433,0.002097541857765558,0.6049109152660497,-0.1971613832600462,-0.930738436819972
26946,11.350,0.8877967176747876,-0.004506039563755411,0.007862462251601195,0.4601465694544144,-0.1478055891232795,-0.36331647800729905,9.732991444364588,0.003193592238434059,-0.001853388552242443,-2.7401316044378253e-05,0.604926293695991,-0.2016393038052147,-0.9330232476392338
26947,11.358,0.8878026852130357,-0.004509885896513425,0.007856051373363673,0.4601351274512125,-0.1622166980411319,-0.33769781326188003,9.733375857697059,0.0013480549843058406,-0.0010535877860393425,-0.00211122838271819,0.6078753700518928,-0.19587831271472528,-0.9358940378716379
26948,11.367,0.887805195696411,-0.004513174221881596,0.007865280397286617,0.46013009368783225,-0.1340093493195969,-0.3560121723701958,9.789558938991862,0.0024895866816505062,0.0006548718470461086,-0.00029259584712623406,0.607136569934483,-0.19511189690530473,-0.9349488716873356
26949,11.375,0.8878077425866843,-0.004516180398257084,0.007867621822087311,0.46012510999141504,-0.1340619056745419,-0.3558093993197886,9.789565591453938,0.0024895902953165393,0.0006548695105767574,-0.0002925796468368811,0.605193941054551,-0.19956398009804013,-0.9365148787264844
26950,11.383,0.8878022217865394,-0.004518381370847723,0.00787930371785911,0.46013554067643353,-0.12328044841356375,-0.3484404440194404,9.725364042999088,0.0029870770522971227,0.0009087650769542099,0.0039025226136846017,0.6076285493729143,-0.20026149630097234,-0.9354966773320016
26951,11.392,0.8878041734186198,-0.004521676197607439,0.007874124830167492,0.46013183139509584,-0.14096348189235697,-0.358880057926165,9.761303380810833,0.0015968016976383019,-0.0009267094061268613,-1.3611351282527893e-05,0.6106153570879904,-0.20178287542298587,-0.9439733075620611
26952,11.400,0.8878078741257751,-0.004524416820389551,0.00789836869706824,0.46012424850754474,-0.14107978001071772,-0.3586417376507272,9.761310460546287,0.004275228460435958,0.0038178706828996285,-0.0008504234180218376,0.6010439922384553,-0.1981000480856874,-0.93659448675998
26953,11.408,0.8878092369582441,-0.004512633023760679,0.007884937602899954,0.4601219649982073,-0.13108314819734346,-0.31876137449518904,9.754037949783676,0.0038976230355521266,-0.0043616466804431335,0.00023831111506334332,0.6064400416949393,-0.18943703032292564,-0.940284141429651
26954,11.417,0.8878077283175569,-0.0045230812084493385,0.007895740251414082,0.460124588086622,-0.14095191199193455,-0.35810352809267926,9.761332066563156,0.0011415576473537991,0.0017085731741889642,0.001818565672027754,0.605656013397335,-0.20602248739146178,-0.9326193142762823
26955,11.425,0.8878022467510717,-0.004517300249347936,0.007900180846340598,0.4601351451528149,-0.13420184719468037,-0.3543793442723724,9.789615546354652,0.004583919774280558,-1.7819359263347224e-05,0.0038891181646860803,0.6037914366226745,-0.20721952574143407,-0.9457817128370969
26956,11.433,0.8878013330692128,-0.004527478108325203,0.007918494543833508,0.46013649321333666,-0.15570090064363434,-0.33215807306764933,9.76171754323444,0.002034446184203574,0.00329007009077024,0.001539583932647442,0.605410854637882,-0.19648970440954708,-0.9324688691712525
26957,11.442,0.8877992686772884,-0.004530221436678752,0.007914548401637895,0.46014051718296334,-0.14127706316368904,-0.3574349921280505,9.761351868957954,0.0018455119441849741,-0.000799654598477288,0.0020841378762966917,0.6054931956585469,-0.19594437227519704,-0.944702475306585
26958,11.450,0.8878017786693364,-0.004533568549090712,0.007923753147413913,0.46013548296543333,-0.11676707089421282,-0.34314805047015934,9.753700371194482,0.0024896619937087644,0.0006546902176878851,-0.00029245571783606604,0.5995681112685555,-0.20317213542405566,-0.9349595897710454
26959,11.458,0.8877968883813924,-0.004535182166780464,0.007936080273045733,0.46014468999753977,-0.1559363192635613,-0.33155917398638757,9.761734145742762,0.0038800029474397816,0.0024904364660696186,0.0036237821810044947,0.6052208536176075,-0.19701790395503674,-0.940513343815528
26960,11.467,0.887804011741304,-0.0045311036018185966,0.007951205170733737,0.46013072509073955,-0.1170502508815009,-0.3425371631430375,9.753718450121653,0.004730662059671388,0.0011821102453129179,-0.0026824017914818333,0.6014880394189805,-0.19737953457633853,-0.9300208800190974
26961,11.475,0.8878053741716853,-0.004519320126646704,0.0079377733594005,0.4601284441235535,-0.16593151572841125,-0.3704049540167878,9.7690504171647,0.003897476424512144,-0.004361816073319551,0.0002390192798918647,0.6100837136524292,-0.21132711090172798,-0.9375325251881496
26962,11.483,0.8878084757353402,-0.004530079722327691,0.007954857811639546,0.46012205883591206,-0.14907851436250633,-0.3271352187582715,9.790041746242027,0.00178578461023299,0.0031628851923507727,-0.0005581374796373709,0.6051643046773335,-0.19281264947704324,-0.9321117299285999
26963,11.492,0.8878064171632418,-0.004517455500844258,0.007950179429791933,0.4601262358164336,-0.11689121310851118,-0.34167878915073424,9.75375046471572,0.0050391002139444216,-0.0026531075787733856,0.002057720648283059,0.6078797749007109,-0.19810004808568743,-0.9365484769967731
26964,11.500,0.888002417353833,-0.004423447636931521,0.00803341114898594,0.45974732646320515,-0.14131958101859188,-0.3554796396231092,9.761422657329396,0.0024896981579420403,0.0006546201091139375,-0.00029238009963623786,0.6093508834850696,-0.20619473640768252,-0.9374743290338081
26965,11.508,0.8879963562678327,-0.004425606782361852,0.008030817240386269,0.4597590578054035,-0.11681732342098744,-0.34118376592477856,9.753768677505972,0.0020942580615661154,-0.0006721534525018359,0.004181997425739957,0.5962155403450748,-0.1981402702937261,-0.9446874068264716
26966,11.517,0.8879948732056375,-0.004436577309763078,0.008041459514051498,0.4597616304903691,-0.1413756690413627,-0.3551557604230092,9.76143363436344,0.0011416753382208558,0.0017087448836506209,0.0018185182373161215,0.6041667828324246,-0.19807705077927074,-0.9290010354187859
26967,11.525,0.8880014464939153,-0.00443241848954363,0.008042317157580033,0.45974895957009526,-0.1237470127076364,-0.3443429023865731,9.725504060237226,0.003837770923087104,-0.000399646512652144,-0.0024032088224587938,0.6037978314548427,-0.20798594155085454,-0.9467318086388857
26968,11.533,0.8879913495150167,-0.004427217227364603,0.008047151102636301,0.4597684268120785,-0.1100228515686073,-0.3370328273224614,9.782066142456172,0.003939778847647888,-0.0014715288507127114,0.0062665668379588285,0.6005518000483061,-0.2007666985400453,-0.9360150720740648
26969,11.542,0.887998511298173,-0.004438133321441987,0.008056267850766895,0.4597543294555987,-0.15910791205755995,-0.36501821900307513,9.79739677718482,0.001537195773082689,0.003035337617550575,-0.002655987217630194,0.6081608495574429,-0.19487368064137384,-0.9420350345006782
26970,11.550,0.887996442348654,-0.004426363039859838,0.0080582527562768,0.45975840421779063,-0.1414412519644805,-0.35414295656143824,9.761469481895272,0.005039063508404174,-0.002653165200727282,0.0020582344085527805,0.601531450894644,-0.20151588944784374,-0.9364706287680423
26971,11.558,0.8879990001293505,-0.004429335098754311,0.008060712941994536,0.4597533922297085,-0.15904369520272546,-0.36444164036179694,9.797419284122537,0.0024897484965586496,0.0006544860529777432,-0.0002923180922099621,0.6034760309063455,-0.20269277053741583,-0.9351945061315008
26972,11.567,0.8880015327895048,-0.004433222226303052,0.008069724518219586,0.45974830489125607,-0.1559425564478727,-0.3281948377917883,9.761847735573964,0.0024897521180917235,0.0006544837212229538,-0.00029230188661848514,0.6034662746261805,-0.19531282331997502,-0.9337449918077941
26973,11.575,0.8880000800866245,-0.004427957701142658,0.008073048196245122,0.459751103152094,-0.11692962358211285,-0.33925093442693655,9.753834750388048,0.004335278827499057,-0.00014489036060030076,0.0017923115075043502,0.5976408805550142,-0.19817756014298674,-0.9388133399218147
26974,11.583,0.8879980058402615,-0.004431575367924246,0.008075772459617173,0.4597550267943343,-0.11689672625084001,-0.33899785172355407,9.753843943539895,0.0018455229042095374,-0.0007993507910197599,0.002084630770498292,0.6076966904130157,-0.1971987654220685,-0.9456205577444459
26975,11.592,0.8879965529701798,-0.004426310703259242,0.008079096096473606,0.45975782526554315,-0.15135449470747034,-0.3923898588271901,9.76882418309376,0.004335301822333435,-0.00014492600107753937,0.0017923799811825033,0.6005218738375271,-0.19523531126267568,-0.9315688619975089
26976,11.600,0.8879990855811773,-0.0044302164950639576,0.008088081867699722,0.45975273802393146,-0.1482225112512242,-0.3560711919465165,9.733252858165988,0.0024897827238946164,0.0006544014990239029,-0.0002922681647887636,0.6064057679807368,-0.2022047931999649,-0.9351920121730234
26977,11.608,0.8880016382591772,-0.004448556142899148,0.00809128200382868,0.4597475741673861,-0.11701439283781334,-0.338394345488857,9.753863489065045,-0.0007037555009071525,0.002508241351146054,-0.0002662801287722961,0.6039673344806783,-0.196845654938816,-0.9356418969997139
26978,11.617,0.8879995666120427,-0.004444523463620215,0.008093596703405155,0.45975157378785386,-0.1270313277906085,-0.3778238849169392,9.76117545244441,0.003442276438013254,-0.001726233961754672,0.002071755060385288,0.6044212927263739,-0.19593282746560792,-0.9305408013680532
26979,11.625,0.8879981111729631,-0.004446942569344472,0.008097290552453324,0.45975429648970567,-0.1805600453259394,-0.3407927464204498,9.76956137001799,0.002738546811798701,0.0007820056971232503,0.0018054714718347613,0.6081334152939756,-0.19961565480290633,-0.937959059110026
26980,11.633,0.8880006438024497,-0.0044508856262105365,0.008106264033597632,0.4597492084897974,-0.15926820367948877,-0.36251489077998017,9.79748711805068,0.0024898054416539568,0.0006543503154165495,-0.00029221781808996816,0.6115418013269194,-0.1981000480856874,-0.9365238289093408
26981,11.642,0.8880032010975887,-0.004453857466923821,0.008108723745050936,0.459744196910985,-0.1271121336866119,-0.37715478349293075,9.76120027608858,0.002489809065823255,0.0006543479853104415,-0.00029220161060400737,0.6090755469115391,-0.20603109984227286,-0.9328402925369268
26982,11.650,0.8880057365017732,-0.004450153987199783,0.008117309906880307,0.45973918404820524,-0.12712672157952698,-0.37688762692341327,9.761210405174944,0.00408658239655152,-0.0002726027688748455,-0.0003050656826559012,0.6073831778617438,-0.19854496316908313,-0.9353146231857226
26983,11.658,0.8879996744496637,-0.004452313417607963,0.008114718931296045,0.45975091780135563,-0.13479326537178918,-0.34768851793850253,9.789847335977408,0.0020942518275028736,-0.0006714866275848499,0.00418258202462227,0.6181063624309012,-0.20137809023486716,-0.9324551604957161
26984,11.667,0.8880022078040738,-0.004456313849223914,0.008123647361002776,0.4597458282089379,-0.16613458987773058,-0.3651054345205149,9.769246463031438,0.0024898294771875215,0.0006542931710106747,-0.00029217911878255367,0.602507759408117,-0.20249184412274554,-0.9364296069217899
26985,11.675,0.8879921347504465,-0.004450236525892231,0.00812192088530615,0.45976537322567307,-0.11709040211523229,-0.3366412708241306,9.753923239551156,0.003939769519588013,-0.0014706665070911029,0.006267600627667548,0.6078874061489695,-0.20058299702699714,-0.9376822701506696
26986,11.683,0.8879986812552585,-0.00445480284163443,0.008129606666194186,0.45975254900437185,-0.1942560258597708,-0.3461591194768206,9.713070734305418,0.0022410853817892602,0.0005264297060521092,-0.0023899254393092203,0.6002841526897463,-0.20284202224721987,-0.9325234409868143
26987,11.692,0.8879932123444019,-0.004456668930501311,0.008134535677838424,0.4597630066258267,-0.12710443879339406,-0.3757141250005718,9.761255934312095,0.002987374273211781,0.00090985863597099,0.0039033602784066283,0.6110223876250207,-0.19769242285155228,-0.9319000478740225
26988,11.700,0.8879951525105044,-0.004461015048049622,0.008135945689185037,0.4597591922412541,-0.09577229028591991,-0.35791959531811324,9.781868950037628,0.0015967394335527486,-0.0009270337674163596,-1.275252631384284e-05,0.6061586383530653,-0.2009676249547156,-0.934748750373028
26989,11.708,0.8879977096273695,-0.004463986586625358,0.008138404848967551,0.45975418093456794,-0.18065579595398173,-0.33857483749856393,9.769636715371217,0.0024898660225259445,0.0006541888515359476,-0.0002921445066304884,0.6047683636548511,-0.19867130988523224,-0.9458325858222338
26990,11.717,0.8880008390246371,-0.004460068746253529,0.008154472394027622,0.4597478898899855,-0.12034996567874283,-0.37154650775866005,9.78955367950244,0.004979742926559655,0.0013083707169831544,-0.0005842403840905615,0.6010744592647768,-0.20827583251965162,-0.9411210471198324
26991,11.725,0.8879981979688656,-0.004455390400366194,0.008142757388881186,0.45975324403698786,-0.14844856337948983,-0.3528183996268722,9.733367865966905,0.00254912854323285,-0.003307373677312021,0.002351851637929895,0.6130497144243732,-0.19661605112569616,-0.9429178171629534
26992,11.733,0.8879927057862471,-0.004458366492030465,0.008154121459989509,0.45976362159468276,-0.14153315312474934,-0.34907895895379504,9.761650554197033,0.002987450991789955,0.0009100073756932097,0.0039034408915447853,0.6079393183735761,-0.20354247080893023,-0.9453949958895256
26993,11.742,0.8879940795908934,-0.004446556820049226,0.008140800358740315,0.45976131863553704,-0.10236544066934701,-0.3601428182218535,9.753645436892807,0.0038970382594295857,-0.0043624263487398495,0.00024155981734479284,0.606921066667379,-0.1991707397195106,-0.939204415361878
26994,11.750,0.88799601809205,-0.004458620867856491,0.008142508980812846,0.45975742745508597,-0.12669941844606206,-0.37407975653506886,9.7613239698634,1.6653345369377348e-15,1.186e-321,6.470450802757712e-15,0.5979316923767793,-0.19549084474099032,-0.9457465717677387
26995,11.758,0.8879985772286066,-0.004453908122909881,0.008144597216241181,0.45975249328153583,-0.13438173887806845,-0.34495913991739746,9.78994954727859,0.00408663375416469,-0.00027298826064337114,-0.0003047772846182747,0.6035032912696757,-0.1986827623820597,-0.9392446447549503
26996,11.767,0.8879959129803667,-0.004450360671835967,0.008139252769729008,0.45975776816102476,-0.12654540866735936,-0.37364273265391423,9.761342706245983,0.002549151209147005,-0.003307332022247631,0.0023521378290971545,0.6012257823433483,-0.19752878628614265,-0.927330096404465
26997,11.775,0.8879904438081678,-0.00445222630822893,0.008144183216343854,0.4597682260291728,-0.1478082574552891,-0.35148569590965933,9.73342582723341,0.0029876203024970993,0.0009101300168271372,0.003903442542174258,0.6100879063708471,-0.20060022192861918,-0.9381554475827061
26998,11.783,0.8880004111862286,-0.004457752729480566,0.008142999197167237,0.4597489420735707,-0.14096749390479177,-0.34780578856977273,9.761704184732636,0.0010990181458289047,-0.001183241355084023,-0.004208188003072661,0.6071553098124208,-0.2062033488584935,-0.9377331010285155
26999,11.792,0.8879909307711882,-0.004451381506634221,0.008148795221337874,0.4597672119749757,-0.15091644540721785,-0.38709958524823324,9.769042022897443,0.004833236237494419,0.0001111587621440274,0.005988712366797279,0.6073677414650899,-0.19431103129264013,-0.9330212001107264
27000,11.800,0.8879842478765336,-0.004470394486255191,0.008145763343671076,0.4597799882942208,-0.13410039186627795,-0.34392670545781967,9.789989729166834,-0.001992186896718763,-0.00039778691002929537,0.004487838229688538,0.6015892751025889,-0.2003533932138773,-0.9450617122811247
27001,11.808,0.8879868089453828,-0.0044579972242286105,0.008147479910335657,0.45977513196219716,-0.1408710073570192,-0.34728916497556617,9.761723971888738,0.00568334938451795,-0.0012004091400523468,-0.00031723748998277386,0.6093812931659964,-0.19584963531627567,-0.941992369448597
27002,11.817,0.8879841429508498,-0.004462196798682863,0.008142459624927732,0.4597803290907865,-0.1262088703290115,-0.37246161143508416,9.761392202139914,0.0009523669341018289,-0.0023801643450393657,0.0023649976856402128,0.6037378242482794,-0.20449542817741534,-0.9378163917002589
27003,11.825,0.8879826868165297,-0.0044646148284088645,0.008146154239594198,0.4597830524275946,-0.12615034244492607,-0.37230928798227925,9.761398769710631,0.002738862303739637,0.0007820404689070431,0.0018056732597992397,0.5996140153128482,-0.19681697754036642,-0.9417796655165646
27004,11.833,0.8879806172077275,-0.0044608653423341615,0.008148239821116994,0.45978704889502836,-0.16514897416037125,-0.36070214239479903,9.769426744752275,0.0034423075986756897,-0.0017262647764621508,0.0020729006400498563,0.6061641636845488,-0.20539387079501786,-0.9355696623388025
27005,11.842,0.8879791591626875,-0.004470967398075682,0.008152305446773773,0.45978969459868796,-0.1338107251371278,-0.34290560170981826,9.790029511169482,0.0011422017597372508,0.0017092582783607177,0.00181816817053877,0.6027636605031619,-0.19449189275967185,-0.9381760670086801
27006,11.850,0.8879805069755634,-0.004475765870634127,0.008146006495381258,0.4597871565512357,-0.1329249069784465,-0.37530877880235775,9.73314783917689,0.0007034005815765542,-0.0025083089391928844,0.0002672570961976015,0.6139774141945237,-0.20149005209541065,-0.9356548758440288
27007,11.858,0.8879744463971728,-0.004462556558590014,0.008142676688370782,0.4597990484450191,-0.14041363966414,-0.34610047318120857,9.761772778585229,0.0052879506915194194,-0.0025253432579528698,0.00415843548877073,0.6030376256120459,-0.18658667835551956,-0.9426063416602971
27008,11.867,0.8879781680361692,-0.004481568534983726,0.00816717436692957,0.45979124164935514,-0.10834730470789722,-0.36071478471805846,9.725491507417415,0.0010832562965551688,0.005670415305126939,-0.000826848020195699,0.6108041025770434,-0.19269784757048333,-0.93574229558399
27009,11.875,0.8879761225964657,-0.0044612278675918585,0.008162236589913054,0.4597954774008884,-0.10928885083812967,-0.32791702290528996,9.782384196337304,0.006635643019618838,-0.0035808240655413326,0.002048374254728832,0.6012711258356497,-0.20045381026483158,-0.9340668895743293
27010,11.883,0.887974645268406,-0.0044648886888674945,0.00817214402646012,0.45979811895162875,-0.16503823425045247,-0.35922842301705654,9.769482916615923,0.002738957010273928,0.0007820427722595538,0.0018057643746684175,0.6064141527962552,-0.20151588944784377,-0.9364377646514659
27011,11.892,0.8879720018016579,-0.004460210431234914,0.008160429445788755,0.4598034775102581,-0.12591192760316144,-0.370369125603134,9.761475654745574,0.002548962017982616,-0.0033073035064246246,0.0023530672706724817,0.6095440529380721,-0.20617173910126585,-0.9299005961625599
27012,11.900,0.8879785524016687,-0.004465008218541251,0.008167848423152711,0.45979064847861156,-0.13263078550881985,-0.373696099253932,9.733213902346755,0.002241032480992178,0.0005253646923315272,-0.002390089387348582,0.6088699164793423,-0.19621703834237209,-0.9385626673573154
27013,11.908,0.8879765016097073,-0.004467720045829683,0.008164024343242902,0.45979465065733577,-0.10895777036802198,-0.32695407425516637,9.782420119785908,0.0018456548018923374,-0.00079894502651443,0.00208561050218909,0.6020408184828167,-0.19576351080816534,-0.9396018342009824
27014,11.917,0.8879790399624686,-0.0044642780626212904,0.008172273447280397,0.45978963532839234,-0.15709201612935458,-0.387375022931895,9.740909870629794,0.0040866930285650875,-0.00027362403740797085,-0.00030444963545635424,0.6069516693635741,-0.1949339677970511,-0.9437511325255575
27015,11.925,0.8879763931186478,-0.004474968438631687,0.00816130180237328,0.4597948380249185,-0.16154326764343283,-0.32225674116829706,9.733910520569212,-0.0006443554701476683,-0.0014526002535364018,0.002377813316592141,0.6130201353925503,-0.2103856060300703,-0.9385231883101326
27016,11.933,0.8879720881163706,-0.004492913822956255,0.008188187997243874,0.4598024989372662,-0.12587006928541142,-0.36958382631736486,9.761505959336755,0.0015814326819417418,0.005927096583749453,0.0033685491446856447,0.6017538509578779,-0.2099521434435021,-0.9332397589045385
27017,11.942,0.8879780662114065,-0.004489047018530275,0.008181517001617955,0.4597911103575941,-0.15506250481121694,-0.31850676446285975,9.762182655992191,0.0029443492323297476,-0.001983108404507345,-0.00212243583239593,0.6028242664919802,-0.2023828146209802,-0.9471804464863376
27018,11.950,0.8879713881452473,-0.0044851182439004855,0.008177206026574832,0.4598041222644059,-0.11131123665298621,-0.394610633990703,9.76118679735348,0.002797908575871985,-0.0031788080452374366,0.004451349735622561,0.6105626721809924,-0.19515495915935993,-0.9361457825169717
27019,11.958,0.887973350801486,-0.00448838280331308,0.008172144128825672,0.45980039011132945,-0.1478617116108541,-0.31456536788418854,9.79047214316979,0.001596651341690611,-0.0009273732373751738,-1.222276048044306e-05,0.6073602452653878,-0.1981804001890032,-0.9319074714499862
27020,11.967,0.8879718754702101,-0.0044844243600862446,0.008181605157566428,0.45980310965577736,-0.11879202530706752,-0.3652156774457607,9.789810934083434,0.0043357269002048,-0.0001453285217310437,0.001793619925539626,0.6003413201487242,-0.1975231061941097,-0.9410169497051316
27021,11.975,0.887970418753687,-0.004486841600485733,0.008185300302037003,0.4598058335099939,-0.12565638303841092,-0.368451394381085,9.761551521121277,0.002739086814025022,0.0007820541078436944,0.0018058461447062607,0.6074019565912625,-0.20255213127842278,-0.9381046248009489
27022,11.983,0.8879683460320138,-0.004498563280730382,0.008187939893982418,0.4598096747719347,-0.15021434366266628,-0.3824101896487727,9.769237533805901,0.00024902000729455095,0.00012851515364065212,0.0020979887593542174,0.6115334744781135,-0.1985449631690831,-0.9352866886866328
27023,11.992,0.887962283581972,-0.004485353586486218,0.008184611358707447,0.459821570477072,-0.1256115304541825,-0.36809933055336014,9.761565381465866,0.00528796504950103,-0.002525227854098113,0.004159574084981309,0.598619777834092,-0.20209860374421604,-0.9391569372912465
27024,12.000,0.8879682424518645,-0.0044828505340275375,0.00818399957308899,0.4598100984091423,-0.14677751590567795,-0.34584345498970887,9.73364353551148,0.0029442054863329657,-0.0019834509758253397,-0.0021222501569677244,0.6069356915300604,-0.20682051295810994,-0.9413772668565942
27025,12.008,0.8879661895911511,-0.004493246568142471,0.008180547619562053,0.45981402275147526,-0.10767466691423522,-0.3570806699088497,9.725633084715064,0.0002490660540209834,0.00012858145921834803,0.002098004376605553,0.6103447540484205,-0.19553674704106191,-0.9400425437430328
27026,12.017,0.8879693208697768,-0.004504972965644866,0.008196925759316314,0.4598075693382432,-0.14000426749787206,-0.3421021613821656,9.761919596728964,0.001786929010870619,0.003161807413977511,-0.0005600578794174972,0.609330694439324,-0.20120300117262999,-0.9344747932992711
27027,12.025,0.8879712847006004,-0.004500553194773173,0.00819149179670458,0.4598039169366132,-0.150059581158367,-0.3814283638396287,9.76927829611532,0.003193267301798145,-0.001854894860440694,-2.4153663378994526e-05,0.6005505827473476,-0.20589046058327976,-0.9358342147036446
27028,12.033,0.887974416046079,-0.004512304983646901,0.008207856452489852,0.4597974626330771,-0.15462133594787783,-0.31624997184613607,9.762263023824362,0.0017869316076767224,0.0031617955132521047,-0.0005600814813452235,0.6069170867006787,-0.20208137884259395,-0.9386131020085708
27029,12.042,0.8879729605008285,-0.004507037670104315,0.00821118019703062,0.45980026593142276,-0.11888809087423276,-0.3633655865396949,9.789878611800845,0.004335776692386866,-0.00014535605516158162,0.0017939228428355274,0.6090962965092764,-0.2017426532149471,-0.9359231108471188
27030,12.050,0.8879760967597181,-0.004488042952136581,0.00822604773919745,0.45979412914088896,-0.15021025074332314,-0.38046607022882883,9.769313506130938,0.008173518908927592,-0.00054808232007751,-0.0006080588286760457,0.6042324313038963,-0.2055058326555613,-0.9387545888346557
27031,12.058,0.887973451718046,-0.004483365415813014,0.008214334186256896,0.45979949237941115,-0.15456449267814365,-0.3150532629380914,9.76230261823147,0.002548852192140878,-0.003307052089394111,0.0023542434784905803,0.5971735918294399,-0.1929131588407592,-0.9419338936666014
27032,12.067,0.887974797682491,-0.004503689865603263,0.008208508720586892,0.45979679842612936,-0.13989518280808144,-0.34049735865236547,9.761977267939535,-0.002490126726800786,-0.0006533860208323488,0.00029208223991052877,0.6134955968032434,-0.20201247923610566,-0.9366168703132095
27033,12.075,0.8879819643059367,-0.004499232840371293,0.008216872569256715,0.4597828519816715,-0.12540118998369382,-0.36585564309208246,9.761652434618904,0.0047311822248722645,0.0011780257002620114,-0.0026821677217872073,0.6095524186384591,-0.198642540174021,-0.9311435086593145
27034,12.083,0.8879752862512061,-0.004495405113461674,0.00821238594824908,0.45979586672456285,-0.157515534492048,-0.35064506494388487,9.797947445047866,0.002797957479156791,-0.0031782257327242153,0.004452362048087027,0.6081360620262927,-0.20231675506050836,-0.9383522905814446
27035,12.092,0.8879772494712732,-0.004490985283981103,0.008206951669289171,0.45979221548098215,-0.11512024163399365,-0.32577601150110747,9.7543156289207,0.0031932767438569505,-0.0018549952645707103,-2.3813818677331883e-05,0.6012852296192378,-0.18953460732786354,-0.9361623230781075
27036,12.100,0.8879797871201821,-0.004495346072600979,0.008215385199048757,0.4597871213678299,-0.11824016816733961,-0.36153629483394595,9.789954183993451,0.00249013963492036,0.0006533466534679797,-0.0002920942323741993,0.6000178385655698,-0.19930560657370908,-0.9292298917814523
27037,12.108,0.8879817501766561,-0.004490926260601896,0.00820995090240098,0.45978347038655615,-0.13953718077464877,-0.33939206615395734,9.762020881851063,0.0031932901313147613,-0.0018549986850179697,-2.3736619858724883e-05,0.6100672535914029,-0.19756039604337025,-0.9350870138022948
27038,12.117,0.8879802739964344,-0.0044947339907141625,0.008219596667469839,0.459786111784811,-0.1394960644551623,-0.3391497229326196,9.762029891759251,0.0027392703396613947,0.0007822205504034381,0.0018059419187392992,0.6009991895616963,-0.19981942126359303,-0.9299380438734123
27039,12.125,0.8879822378701157,-0.004482629661756838,0.00821379018786647,0.45978254089215587,-0.14942182830008727,-0.37836803231845617,9.76940707824014,0.00478993416599082,-0.0027825470999920886,-3.5469473604049514e-05,0.6127978512627411,-0.20146137469696104,-0.9417712826851049
27040,12.133,0.8879893851974768,-0.004479584220265245,0.00822808901413354,0.4597685109411006,-0.12483684596195667,-0.36390524505764377,9.761732571569645,0.004731171364727801,0.0011776617391140891,-0.0026821915051238945,0.611317778195741,-0.19649547681434168,-0.9395135556122844
27041,12.142,0.8879839144131271,-0.004481448236759069,0.008233025778089953,0.4597789704322927,-0.12492366248395058,-0.3635906227150056,9.761743184229504,0.0029884259689508075,0.0009113007898507806,0.0039040056461574,0.6044841785321039,-0.20114848642174732,-0.9398838988010357
27042,12.150,0.8879818438396392,-0.004485587356540924,0.008235097640746907,0.4597828919001547,-0.12577664821498377,-0.330862277839489,9.818607461965897,0.0018457815602961288,-0.0007985213143024429,0.0020863103547511955,0.6105765823279946,-0.19889230124754104,-0.9382124469611886
27043,12.158,0.8879797925892547,-0.004480614782691432,0.008230903417666881,0.4597869770592059,-0.13935097243442718,-0.33772440969495704,9.762081377826018,0.003442431439313514,-0.0017260708874922974,0.0020746122930850887,0.6037322798016642,-0.1932288871619894,-0.9369926397527967
27044,12.167,0.8879811412049324,-0.0044778979342100615,0.00822383142426758,0.45978452550209103,-0.1459808656576702,-0.34103043033323643,9.733825334664783,0.00229973400840228,-0.0034359105181538036,0.000256947746582651,0.6164297966931651,-0.2035022486008915,-0.9372774277356017
27045,12.175,0.8879796841300104,-0.004480314377541353,0.008227528045655885,0.45978724986422187,-0.12769924323344062,-0.3987152204963941,9.797419172925885,0.0027393774293451925,0.0007822831140893407,0.0018059728725385242,0.6027391628055735,-0.2007150238351791,-0.9345363843681179
27046,12.183,0.8879788048375419,-0.004468504214148541,0.008243848842554647,0.4597887706171604,-0.16361264679234344,-0.35096606735577024,9.769807207902764,0.006826222611790717,0.0005078866153313086,0.0015022798881598853,0.6044684331867569,-0.19129420271380787,-0.9375445744656803
27047,12.192,0.8879749667567127,-0.0044797873088133384,0.00821784405055345,0.45979653865404857,-0.09991048731458588,-0.34808782746719125,9.754108549529988,-0.0024315175750528662,-0.00461312886872103,0.0029393883856832282,0.6044209449261,-0.19739675947796062,-0.9304891278336475
27048,12.200,0.8879786940471783,-0.004498973570372024,0.00824190754679759,0.4597887222573768,-0.13131032818057076,-0.36575736271345477,9.733533363240506,0.0010841240146243192,0.0056698602338079804,-0.0008296363400476257,0.6064312893426977,-0.20551444510637235,-0.9389837831244443
27049,12.208,0.887980061936998,-0.004487164621905412,0.008228581648140382,0.45978643455421936,-0.14987622259037506,-0.3435486505087395,9.826353515233196,0.0038963003442772665,-0.0043635724002370774,0.00024554345991308535,0.6142713753338852,-0.19246824375736352,-0.9430560094812922
27050,12.217,0.8879906280280957,-0.004492690376163225,0.008234365419013118,0.45976587030095983,-0.13803251497832994,-0.36886330963799957,9.705284878856453,0.0019917787328410353,0.00039480447400427334,-0.004488224414033746,0.6059311378404654,-0.19323749961280046,-0.9372218340425852
27051,12.225,0.8879891709009989,-0.004495106733495951,0.008238062511308264,0.45976859473442827,-0.11756398046102581,-0.3580393413739463,9.790090842072813,0.002739414929684697,0.0007823621776200668,0.0018060038322112817,0.5985648519617628,-0.1910616665419099,-0.9309964665648784
27052,12.233,0.8879876964082205,-0.004491306361009644,0.008247158519737896,0.45977131660331316,-0.0999163541832115,-0.3472217678236445,9.754139357182009,0.004336068180129217,-0.0001452392451332594,0.0017944607246352983,0.6035372554138675,-0.20105952186762052,-0.9442907804405476
27053,12.242,0.8879856440005898,-0.004494018402780615,0.008243337301517878,0.459775322562648,-0.12440011516366033,-0.3610409560514201,9.761844502610055,0.0018458536472741893,-0.0007983688554302479,0.0020865407491199024,0.6063865255175195,-0.20014953444042885,-0.9323331125119229
27054,12.250,0.887984168259542,-0.004505580496274413,0.008253125752449969,0.4597778839615015,-0.14895982365878707,-0.3749889267934405,9.769544419893245,0.0011428175025556696,0.001709978555110653,0.0018175918613844775,0.602709487576775,-0.20104797705803135,-0.930127463296187
27055,12.258,0.8879907391426508,-0.004501417362035013,0.008253967160952428,0.45976521885058735,-0.12132398770098324,-0.3247402098446211,9.726208864166393,0.00383766265144872,-0.0004038252043200769,-0.002401626487360123,0.6029795886523834,-0.19556542443951153,-0.9339836491059653
27056,12.267,0.8879920884599997,-0.0044910734856492135,0.008246339367794462,0.459762850802918,-0.13113596713048448,-0.3639495313440582,9.733603478744847,0.0038963363311940585,-0.004363597123200766,0.0002460740749471256,0.607122447035763,-0.19919080466714914,-0.9328505982018696
27057,12.275,0.8879878077186385,-0.004492345125877157,0.008266315120930949,0.4597707474520736,-0.11745384838605741,-0.35649822795538577,9.790148404415394,0.004775926583935369,0.004073170622726941,0.003343036602670491,0.603948478047998,-0.20700705451717463,-0.9328403508363948
27058,12.283,0.8879897514047149,-0.004497083624163448,0.008266909602032205,0.4597669364413911,-0.12442467679339383,-0.3597861127789629,9.761890519067157,0.001596635623548825,-0.000927653898459551,-1.1426043729229592e-05,0.6044405543047225,-0.2048283814002676,-0.9334025410108416
27059,12.292,0.887987699160555,-0.00449211103946101,0.008262716115249986,0.45977102409824844,-0.1243198364322583,-0.3595800785037006,9.761899446576736,0.0034425056340072683,-0.001725930424875766,0.0020752864613918435,0.6141907535781406,-0.1996184948489228,-0.9310778387256299
27060,12.300,0.8879862239771159,-0.004503693720854649,0.008272402597811163,0.45977358571909377,-0.16334928992098047,-0.34800983475483194,9.76991736397892,0.0011428811325819197,0.001710086364991679,0.0018175180073533755,0.6081061358155136,-0.1967853677831388,-0.9339060805048888
27061,12.308,0.887988185491509,-0.00449927374552292,0.008266966925704533,0.45976993836168795,-0.09980445331992484,-0.3451452537389475,9.754214199780174,0.003193254652181805,-0.0018553686102068046,-2.2756878188238184e-05,0.6039718552629211,-0.19857941297232726,-0.9363135606363177
27062,12.317,0.8879907248277615,-0.004496035474672824,0.00827464271540701,0.459764927514932,-0.13874153475062906,-0.3334671587684153,9.76223641074919,0.0040869091494279905,-0.0002747071330578592,-0.00030334819949644264,0.6036936980569363,-0.19644664215549193,-0.9312604559008147
27063,12.325,0.8879926850593377,-0.0045146697341168825,0.008270325569115784,0.45976103657582945,-0.14193987959382925,-0.36933385298066407,9.79789301691588,-0.0015966331051916359,0.0009276854162262814,1.1343951836167247e-05,0.6079168495109185,-0.20122599847904665,-0.9420567421996635
27064,12.333,0.8879940341228628,-0.004504346004482701,0.008262577295269925,0.4597586715285702,-0.12412142150881468,-0.3587234936312828,9.761933486672506,0.003896259008192725,-0.004363724182089199,0.00024663130632064206,0.6080846135353847,-0.19740537192877164,-0.930708462888463
27065,12.342,0.8879965904353927,-0.004507314520571665,0.008265032592003764,0.4597536609176524,-0.1171313953399878,-0.3549106690635995,9.79020994707224,0.002490279910539817,0.0006529681413113548,-0.00029201353995599966,0.6083578441921403,-0.19951230539317388,-0.9350296181972223
27066,12.350,0.8879991295601075,-0.004511768552518352,0.008273022721136652,0.4597485692637618,-0.14170085866634774,-0.36877613291186445,9.79791748421686,0.0024902835651031355,0.0006529658196867955,-0.0002919973137118897,0.6047364086091414,-0.20167952601325342,-0.9410849467949779
27067,12.358,0.8879970769596339,-0.004506796018136507,0.008268829692799545,0.4597526580198409,-0.13848842391003008,-0.3325679840040427,9.762270677981611,0.003442562855145111,-0.0017258390188996451,0.002075556212388863,0.6107679356977839,-0.1995926574964897,-0.9303688941804896
27068,12.367,0.8879996160989597,-0.004511255377450656,0.008276805251915712,0.4597475664729964,-0.15612528030746942,-0.34283825684313524,9.79824596862134,0.002490294491422985,0.0006529354082684112,-0.0002919918277503049,0.601007980144201,-0.1974225968303937,-0.9312440821419947
27069,12.375,0.8880021722146556,-0.004514223816001987,0.00827926046000059,0.45974255597195746,-0.11715394911315592,-0.35401912356775866,9.790241956504309,0.0024902981470171456,0.000652933087116807,-0.0002919756010912372,0.5954121154205655,-0.1994778555899298,-0.934140775537158
27070,12.383,0.8880075340345893,-0.004512143196597357,0.008270566175743854,0.45973237627636615,-0.13071062065324707,-0.36094728778269847,9.733720992739991,0.002050358823611479,-0.0035656597428187216,-0.001839823962291563,0.604445055971834,-0.19972184425865525,-0.9340713646657575
27071,12.392,0.8880060767892478,-0.004506874230508151,0.008273891525210597,0.45973518289235643,-0.1382271317094111,-0.3316801507544485,9.762304586403465,0.004336261165830023,-0.00014511704466184443,0.0017949074932967035,0.6042569290014848,-0.19928270158005407,-0.9423942714752179
27072,12.400,0.8880086152686151,-0.00452670027893082,0.008282576636263032,0.45972992845535593,-0.12381869400754182,-0.3569827919283896,9.762001140776134,-0.000702998978181009,0.0025083361681220023,-0.00026958878696729517,0.6022657302298113,-0.20054854722375295,-0.9367441313157409
27073,12.408,0.8880065627223341,-0.004506358154919988,0.008277637684229556,0.45973418190582055,-0.13144454067184755,-0.32773116693311066,9.790581292006062,0.006635911245439287,-0.0035811711161316045,0.0020534327314181045,0.6061494228884426,-0.19823207489386938,-0.9333795863326177
27074,12.417,0.8880056832152721,-0.0045176364175829545,0.00829468566238024,0.45973546276999333,-0.09842731256752858,-0.37488926722958976,9.697485547858433,0.002036656760812146,0.003290941141520196,0.0015364916938427624,0.6134851837741115,-0.19047611219952115,-0.9350697811947378
27075,12.425,0.8880036301375704,-0.0045126639454144725,0.008290493066177861,0.45973955284631884,-0.1483578245960051,-0.37022674861347876,9.769735206888358,0.003442595019482987,-0.0017257420591644062,0.002075914030447816,0.6078523406372437,-0.20284202224721987,-0.9324725016061208
27076,12.433,0.8880015601377552,-0.004516875328261202,0.008292080414817606,0.4597434811202618,-0.1382490609040047,-0.33049181459951943,9.76234457747868,0.0018459619460075164,-0.0007979955703207536,0.002087053966907024,0.6109744744822458,-0.1986626051216595,-0.9247814754701619
27077,12.442,0.8879995068341328,-0.004519587645899338,0.00828826107996585,0.4597474893005062,-0.1313496727370717,-0.32677899436426766,9.790614390500494,0.0018459665238422954,-0.0007979984736350096,0.002087074273294326,0.6115418592936317,-0.19785605941696197,-0.9365324411650751
27078,12.450,0.888002641101092,-0.004523731118545771,0.008303633349261815,0.45974111729043166,-0.14142366940913526,-0.36608137716803063,9.798022544038377,0.003384068125170545,0.002233359803201053,-0.0005728161737315824,0.6000494458110058,-0.1977613224580406,-0.9339258572743027
27079,12.458,0.8879919644115077,-0.0045179503068122,0.008294410805273504,0.4597619623403079,-0.12372145963212058,-0.35531342303384855,9.762063277459246,0.0030475234011319015,-0.003046701133972394,0.006553359223563945,0.6025196604566375,-0.20084421059734464,-0.9381977747076652
27080,12.467,0.8879945033398777,-0.004537772868614571,0.008302979941212027,0.4597567086836829,-0.12370886311857646,-0.35521481569550806,9.762067025334837,-0.0007028517599284176,0.002508365855261417,-0.00026986661081983114,0.6102966861206403,-0.2040791904924692,-0.932900974553657
27081,12.475,0.8879958679693492,-0.004525964709749908,0.008289651810263947,0.4597544298706356,-0.11679272306220252,-0.35152306642241066,9.790336212994196,0.003896080148360781,-0.004364015736414932,0.0002478323632344744,0.6125178200068307,-0.20029594610421647,-0.9364397457844169
27082,12.483,0.8879943932161619,-0.004522175078444824,0.00829830278300321,0.4597571595093898,-0.16931593274880635,-0.34692041050250894,9.741833297725448,0.004336365932968356,-0.0001452671637523467,0.0017952355124494894,0.5976540180196248,-0.19824645974947502,-0.9407652050597979
27083,12.492,0.8879923394277245,-0.004517202357769311,0.008294110196290602,0.4597612507993562,-0.12338256909227346,-0.354430629027879,9.76209965788687,0.00344260860689087,-0.0017257992532172448,0.0020762491601059637,0.6076776798166477,-0.1941675519876306,-0.9427961071062824
27084,12.500,0.8879908647018243,-0.0045211079502912276,0.008303127300589946,0.4597638979585493,-0.12334993429340278,-0.3541771621234763,9.76210926939787,0.002739789472481513,0.00078256769994424,0.0018062636360959452,0.6088788229952715,-0.19333223657172185,-0.9398859301373664
27085,12.508,0.8879888109047511,-0.004523820144537518,0.008299308246580553,0.45976790692902364,-0.16237619320125818,-0.34259470975499967,9.770124972130946,0.0018460002418740013,-0.0007979379762912092,0.002087288517700758,0.6017439207775761,-0.20330416223223768,-0.931764407813629
27086,12.517,0.8879873358834229,-0.004520044935421819,0.008307941902599056,0.4597706369547608,-0.09880298062705165,-0.33967557521489855,9.754416400166305,0.004336412337217147,-0.00014533841190639488,0.001795372913952624,0.6054457653646022,-0.20180294037062435,-0.9376556409302865
27087,12.525,0.887984685747586,-0.004515369179244983,0.008296231560092899,0.4597760127070983,-0.1477076926271204,-0.3675119138339121,9.769847559414211,0.002548783229710182,-0.0033063052764909723,0.0023575035083576498,0.6064101925660041,-0.1905019495519543,-0.9358493835905173
27088,12.533,0.8879872256713109,-0.004535199473868374,0.00830470214181484,0.4597707591100558,-0.1376595759582845,-0.3279220766058888,9.76243956427361,-0.0007027557181921855,0.0025083882358438057,-0.00027016963987171644,0.6008268467882751,-0.20215027844908223,-0.9406060472922746
27089,12.542,0.8879851708078466,-0.00451485659147387,0.008299762225443597,0.4597750172011524,-0.10177447099496144,-0.37502266303473086,9.79011407069959,0.006635787287996765,-0.003581685206513704,0.00205475782898572,0.6130239611955629,-0.19428235389419052,-0.9390915971885956
27090,12.550,0.8879917244173865,-0.004519861388880134,0.008306198550310416,0.4597621942753725,-0.14751240141272776,-0.3668317160974716,9.76987607292587,0.0022409752259414583,0.0005224674799397694,-0.002390214358597326,0.6044366131896031,-0.20065473667950184,-0.9328169999315807
27091,12.558,0.8879930879430281,-0.0045157382551522015,0.008293243390079988,0.45975983511773794,-0.14421530503067798,-0.33070376598646933,9.734207968718986,0.002299370710860228,-0.0034363052386251554,0.00025946211009440795,0.6015516787919706,-0.19942334083904711,-0.9394759367766258
27092,12.567,0.8879916135158303,-0.004519645649355221,0.008302163630545787,0.4597624834714204,-0.1472856580241934,-0.366441792349895,9.76989412667488,0.0027399078896958905,0.0007826213887093441,0.001806271882122689,0.607094008223055,-0.20124029102189056,-0.9286253744820465
27093,12.575,0.8879895589375648,-0.004514672747472784,0.008297971360382399,0.4597665762309769,-0.13039003223398954,-0.3231059316010875,9.790749123207528,0.003442671828682029,-0.00172576882241271,0.002076658277093612,0.6024621840489665,-0.20054277481895838,-0.9296583647289886
27094,12.583,0.8879915017074729,-0.0045117409536791185,0.00829774232953109,0.4597628568741801,-0.13024668408971016,-0.3228341068747958,9.790759997937593,0.003193185845576403,-0.0018559132188516823,-2.1565709563129266e-05,0.6086468590458238,-0.20438923872166648,-0.9416958701153835
27095,12.592,0.8879900443249714,-0.0045218407888500635,0.008301815478779078,0.45976549891805996,-0.1471073438357197,-0.36573870409967274,9.76992315866715,0.0011433623485906416,0.0017105957942921061,0.0018170529941846445,0.6019633460446681,-0.1965786689636739,-0.9280915652366594
27096,12.600,0.8879879727583252,-0.004518352008460807,0.008302819244320869,0.4597695160885333,-0.14711265883772562,-0.3655496278533089,9.769930155196036,0.0034426809508850283,-0.0017257701992913243,0.002076779386414769,0.6071989149246704,-0.19568315870484954,-0.9442116188370218
27097,12.608,0.8879939472045953,-0.0045298541208072364,0.008296883396974883,0.4597579709755384,-0.1225171759662099,-0.35136389519045175,9.76222141760413,-0.00024951753067372034,-0.00013020010102395943,-0.002098275790901992,0.5976315682720987,-0.20277028259471513,-0.9374297913516236
27098,12.617,0.8879878617319036,-0.004525824594897072,0.008299105843180941,0.4597697240692804,-0.16831398779411216,-0.3433944145716291,9.741975586757892,0.0036922251505826747,-0.001595548771508318,0.004175097806697032,0.6030345533762934,-0.19951807779796848,-0.9421498921063799
27099,12.625,0.8879892244226794,-0.004521701521588189,0.008286150204879326,0.4597673664358325,-0.13992643339994548,-0.3614591483350035,9.798215647770263,0.002299275981064552,-0.003436406629644079,0.00025984998073472546,0.613718712203474,-0.19359629018808583,-0.9334922798108758
27100,12.633,0.8879877501018851,-0.004525628353809938,0.008295020672095893,0.4597700153218404,-0.1366454116225909,-0.32531468014087594,9.762541046496612,0.0027400368553090896,0.0007826316785966217,0.001806276096466955,0.6049650302257241,-0.19084928763041217,-0.9387784282767307
27101,12.642,0.8879856956249131,-0.0045283404136023,0.00829120262572372,0.4597740254273371,-0.12899783657244007,-0.35415570024734566,9.733993315503875,0.0018461442691507846,-0.000797756234905934,0.002087613766230581,0.6070927138402524,-0.19976774655872684,-0.9284330648742043
27102,12.650,0.8879876386894398,-0.004533103875396956,0.008291291933929586,0.4597702241142574,-0.14660520340011132,-0.3644947226547885,9.769977195849672,0.0015965719149937283,-0.0009280362476718473,-1.0678388698580064e-05,0.6078825955331651,-0.2000691823371131,-0.9369675452353946
27103,12.658,0.887986180030111,-0.004527833085319013,0.008294617345024886,0.4597730332742263,-0.1365414363667027,-0.3247423237899965,9.762561557263247,0.00433664506231306,-0.0001454128225956778,0.0017956399475543942,0.6064286234952488,-0.19597304967364665,-0.9385877116713377
27104,12.667,0.887981883996545,-0.004530596342457158,0.008319742828851904,0.4597808491770734,-0.14673192117109005,-0.36387794099424997,9.769998285774038,0.004777529653461229,0.004073672168770188,0.003341953801308458,0.6083614572434353,-0.19122530310731958,-0.935566418034436
27105,12.675,0.8879878570837004,-0.0045267280809980805,0.008313057652335648,0.45976947210232233,-0.12229771266915071,-0.34951089641729766,9.762290687196487,0.002943563152526761,-0.0019865147951653715,-0.0021194897836798897,0.60299038833337,-0.19855357561989417,-0.9355881840328892
27106,12.683,0.8879857849612007,-0.0045232607183447035,0.00831398338410182,0.45977349151468466,-0.1611645696996156,-0.3378459186808811,9.770310397166815,0.0034427205252987956,-0.0017257394096071967,0.0020772018475824537,0.6106074168910389,-0.19367957465017974,-0.9427936131478052
27107,12.692,0.887987744469293,-0.004526525212887664,0.008308918979872416,0.4597697664127356,-0.17793000262901618,-0.380725451973913,9.749489110256457,0.001596567471456524,-0.0009280804650965695,-1.0549531418711709e-05,0.6020381328989185,-0.2001466943944124,-0.9392028304555174
27108,12.700,0.8879816591558363,-0.004530226242641046,0.008311482483803695,0.4597814364586293,-0.16100037046488033,-0.3374862681593142,9.770325533693216,0.002095776370823077,-0.0006672230762060195,0.004186143820932214,0.5981311986952379,-0.19647825191271961,-0.939114322442545
27109,12.708,0.8879848118742076,-0.004532894834052782,0.008321452602609119,0.45977514088055477,-0.12205181042159827,-0.3486680501286545,9.762323904014876,0.003384510320823993,0.002232509757070859,-0.0005734020141157535,0.6054233933202378,-0.1921581955281662,-0.9343317717702051
27110,12.717,0.887991961203753,-0.004529967379500832,0.008334926404296322,0.4597611175761699,-0.12218564445457904,-0.34833957774575264,9.762333956140068,0.004731487629468813,0.001173921768713694,-0.002682192424751028,0.6099029478332263,-0.200666281489091,-0.9469490961651938
27111,12.725,0.8879893087628951,-0.004525292387356766,0.008323217454946687,0.45976649867384073,-0.146619676962976,-0.36209379735318886,9.770066256464755,0.0025487656396691234,-0.0033059807188302467,0.002358912054945408,0.6110137129759406,-0.1996012699473007,-0.9306112341169086
27112,12.733,0.887983819945834,-0.004528697222255771,0.00833326350136551,0.4597768840810633,-0.1288569065843526,-0.3513958974785154,9.734095201530838,0.0029897755540647217,0.0009132550985142011,0.003904785642159521,0.6022586009455144,-0.209794279282887,-0.9356849161710943
27113,12.742,0.8879829590011359,-0.0045384984368438755,0.00834485518104304,0.45977823996741557,-0.1290353933521752,-0.3511890705673765,9.734100301433012,0.0020376245541876437,0.0032911111792357953,0.0015353903879352431,0.6084140453321406,-0.20518149188352006,-0.9433795585497446
27114,12.750,0.8879802902380978,-0.00453536541434703,0.008338213122027763,0.45978354560722856,-0.15436467999253364,-0.332427427050042,9.79863259808578,0.0025486683743649765,-0.0033060010665654166,0.0023591099736362453,0.5966873887044728,-0.1980541457856158,-0.9422442889923349
27115,12.758,0.8879782339417822,-0.004530392225632409,0.008334021343143252,0.4597876419393719,-0.121995883110476,-0.3471733682264718,9.76237787204348,0.0034427109415616753,-0.0017257494470364271,0.0020776380884962656,0.608842579034168,-0.19363073999132993,-0.9345010764964439
27116,12.767,0.8879767596804092,-0.004542022004467917,0.008343150969516187,0.45979020882951854,-0.14652343237655438,-0.361031746894888,9.770107003408171,0.0011436831654953604,0.0017108595026622568,0.0018168540534389136,0.6041896963136492,-0.19160131858422705,-0.9324053471728345
27117,12.775,0.8879752988070903,-0.004529065210926918,0.008346101814748834,0.45979310440813753,-0.12203203260622757,-0.34669513081734105,9.762394416379223,0.005933292013835552,-0.0010737347955937693,0.0017858556941055931,0.6135289812803121,-0.20682912540892098,-0.9415768834414642
27118,12.783,0.887977837315097,-0.004525880450905885,0.008353208967087853,0.45978810417767424,-0.16784255527704292,-0.3384578980350037,9.742156475010487,0.004087136621930527,-0.00027620188788451467,-0.0003021824065495958,0.6042516158004012,-0.20780508008382279,-0.941604876240022
27119,12.792,0.887975183852379,-0.004521205538869864,0.008341500144852798,0.4597934872724311,-0.1363295631763417,-0.32055644916251125,9.762702858946877,0.0025486500673007864,-0.003305941304666662,0.0023594839555297303,0.6076521966849499,-0.20453849043147054,-0.9390100161182373
27120,12.800,0.8879696940398728,-0.004524586655131369,0.008351490202810114,0.45980387470499634,-0.1462713220374487,-0.3598319456020397,9.770155043348733,0.0029899678249339858,0.0009134186713678157,0.0039049618062469414,0.6015792869555747,-0.19394940067133828,-0.9435777489344809
27121,12.808,0.8879836956705796,-0.0045218226670134445,0.008342305890349842,0.459777027781315,-0.16070597957866864,-0.33415259422220506,9.770444962762529,0.002444024681767899,-0.002248747747801068,-0.006315767499981636,0.6003100027368495,-0.19784744696615095,-0.9363640454909529
27122,12.817,0.8879776085988014,-0.0045255113869956416,0.00834478153416243,0.45978870255258314,-0.12841727405230144,-0.3489709385768512,9.734188248455,0.0020959186144566475,-0.0006666737243653072,0.00418660654005879,0.6054471756808293,-0.2027875074963372,-0.9378651750495973
27123,12.825,0.8879795647492862,-0.004513404973094937,0.00833896695125078,0.4597851491657854,-0.12143437217040146,-0.3451017491459495,9.762458324851346,0.0047896010628824814,-0.0027847457439692347,-3.064054807388889e-05,0.6017850333211964,-0.2032754848337881,-0.9378725986255608
27124,12.833,0.8879780900853972,-0.004517337002292053,0.00834767861455673,0.45978780046500484,-0.15272757069186418,-0.36242676424007864,9.74193941383191,0.002740348446063986,0.0007827599145285054,0.0018065077087026935,0.6022205409011977,-0.21081613625786044,-0.930030242620721
27125,12.842,0.8879806460047673,-0.004520302825443737,0.008350130575346962,0.4597827905682175,-0.1322408731091071,-0.35144615582997357,9.826720442816297,0.0024906350773357994,0.0006519100298745321,-0.00029190688356344336,0.6059212458904267,-0.2002701087517834,-0.9357521629150514
27126,12.850,0.8879751550101962,-0.0045160101195948835,0.008359698259946358,0.4597932635241853,-0.14597034422544894,-0.3583340632394118,9.770214596605063,0.004586606395921915,-1.462281250406137e-05,0.0038948626787148285,0.6076433869873136,-0.2000950196895462,-0.9377011378679672
27127,12.858,0.8879909465125198,-0.004512349957335719,0.00837306304507411,0.459762557658739,-0.1360351995253958,-0.31843786944471253,9.762776298476846,0.00512629918517648,0.002491150279715725,-0.007160807255978504,0.6035110384513589,-0.2006777339859185,-0.9403956624203155
27128,12.867,0.887984261802389,-0.004516331682371694,0.00836796277390493,0.45977552211749606,-0.14607223534122082,-0.35768467033103746,9.77023686898146,0.0012018442340504297,-0.002246501811040045,0.004468576792167413,0.6078863627481479,-0.20497479306405522,-0.9375272495474525
27129,12.875,0.8879868174771385,-0.004519297440505689,0.008370414694735238,0.4597705124247382,-0.14601354333770816,-0.3575318098970986,9.77024334127673,0.0024906570836126006,0.0006518726533526542,-0.0002918526246402009,0.6146970298154287,-0.1999572204765696,-0.9337497546229648
27130,12.883,0.8879853406886242,-0.004515563966375869,0.008378712637028643,0.4597732501774329,-0.12151313661196693,-0.3432110172802449,9.762523998293673,0.004336915528119567,-0.00014542586662986715,0.0017965778838314526,0.6039694983641654,-0.19465836937109798,-0.9359633904435704
27131,12.892,0.8879878962598723,-0.004518529674100835,0.008381164491594506,0.4597682406031501,-0.13236161896574258,-0.3497866246692288,9.826778028899376,0.002490671045414316,0.0006518429094120098,-0.000291825037943093,0.6054281650844614,-0.19975629406189935,-0.9350407244114338
27132,12.900,0.8879858193749969,-0.004507398229076932,0.008381534620656847,0.45977235435324204,-0.12145698909835187,-0.34262532843166904,9.762545270239674,0.005039344072546833,-0.0026538386727059135,0.002068519902040685,0.6063980787657661,-0.19996583292738065,-0.9340496067633925
27133,12.908,0.8879843584978171,-0.004502126071834372,0.008384860702407182,0.45977516683163205,-0.1390227132881519,-0.3526868471728727,9.798548192309973,0.004336961337763991,-0.00014542166713744673,0.0017966870657963605,0.5988483026323821,-0.19859663787394935,-0.9368360342432187
27134,12.917,0.8879863033005199,-0.0045145950544820375,0.008385079990302045,0.4597712844618814,-0.1281947958732847,-0.34566066569220855,9.734309290567165,0.0,1.186e-321,2.0710971999904352e-15,0.6066961740355158,-0.20122599847904662,-0.9420649582288075
27135,12.925,0.887988261857988,-0.004517859577311548,0.008380014785862212,0.4597675620348381,-0.12130750750849349,-0.3419997084652611,9.762569064617637,0.0015965377002610164,-0.0009283233976456499,-9.927777171706313e-06,0.597150929330196,-0.20525323153602484,-0.9385668709171779
27136,12.933,0.8879942182619416,-0.004515495515373719,0.008378201824127456,0.459756114008078,-0.12118585629908976,-0.34181611347106594,9.762577005656112,0.002943334250164673,-0.0019877789352780147,-0.0021182931259502895,0.6042100204079511,-0.20294537165695228,-0.935424947400528
27137,12.942,0.8879853253432562,-0.004508819795077529,0.0083915444828124,0.459773111980551,-0.12117914430364901,-0.34146146333801125,9.762589500543445,0.005730678673826228,0.0016970528257024117,0.0057117615396381945,0.6088042482714212,-0.2027128354850543,-0.928806181649087
27138,12.950,0.8879912825972516,-0.004521810699820519,0.008390450576963191,0.459761498603786,-0.1457718367058349,-0.3552756295036272,9.770329252016774,-0.0002497562889618646,-0.00013119755903515993,-0.0020984794378333667,0.607596053511662,-0.19862531527239893,-0.9306686880214493
27139,12.958,0.8879938360497207,-0.004517090548848924,0.008392526908313491,0.4597565752904129,-0.12807788090386177,-0.3446805849928604,9.734345582825298,0.004087251563966431,-0.00027659449282475926,-0.0003016461070438392,0.6037104868031051,-0.20190912982637324,-0.9337548008393873
27140,12.967,0.887995777140264,-0.004529532224419472,0.008392655077339483,0.45975270141635904,-0.14573997637357172,-0.3549546560938487,9.77034139349526,0.0,0.0,2.8679857967672814e-15,0.6017551262255487,-0.2045843927315422,-0.9334292285306928
27141,12.975,0.8879977314099546,-0.00451742563774473,0.00838683922273106,0.4597491520429746,-0.16696731181186458,-0.3328985797177491,9.742363066308833,0.0047896443025426975,-0.002785023919513541,-2.9452970715408065e-05,0.6076299596891415,-0.20124606342668516,-0.9357062114513124
27142,12.983,0.8880089001643584,-0.004522687350935267,0.008399133726920615,0.4597273029532297,-0.12106297480683959,-0.3404110993117184,9.76262762258765,0.002885320126872387,0.0019692515066027,-0.004770715953094066,0.6068469945288079,-0.19951514543919036,-0.9281993371935194
27143,12.992,0.8880028298582697,-0.004524847872883767,0.008396569457502619,0.459739053743293,-0.10662410163963902,-0.3656693979912731,9.762366138505836,0.0020960920866532895,-0.0006656978549583022,0.004187147485451452,0.6030345342611619,-0.1926777826228448,-0.942147052124692
27144,13.000,0.8880041662293319,-0.0045299058838496435,0.008388757359021668,0.45973656528712625,-0.12784293723206985,-0.3436943599060964,9.73438354185748,0.0007023953727220505,-0.0025084131235873445,0.00027226686884783316,0.6093104085752851,-0.2035395384501521,-0.9314608730349534
27145,13.008,0.8879952735846584,-0.004523229805400982,0.00840210180737714,0.4597535635192558,-0.15234238030306985,-0.35746783090683776,9.742128667703923,0.0057308337612209225,0.0016974150159569585,0.005711863168830907,0.59738329904663,-0.19248830870500203,-0.9368172167293009
27146,13.017,0.8879978152417657,-0.0045353705345113834,0.008409684252241891,0.45974839613721763,-0.13878261980732418,-0.3499896660085657,9.798648305421763,0.0008942043284552914,0.0015800388300223356,-0.00028205413829042534,0.5983882393880797,-0.19752310619410968,-0.9410300953517622
27147,13.025,0.8879963559566133,-0.0045377836178365355,0.008413386283367933,0.45975112317302824,-0.15337054722247564,-0.32437867751579735,9.798917959903589,0.0027405239467679795,0.0007830259263843956,0.0018067608061416735,0.6097928247488202,-0.2074175197973262,-0.9305878411048034
27148,13.033,0.8879988972992856,-0.004542226292180614,0.008420594563770317,0.4597460387678792,-0.12126764996810135,-0.33919355763406045,9.762667460417088,0.0024907575849531867,0.000651628954384977,-0.00029172588026081113,0.6081292423120069,-0.19641796475704235,-0.9373390690078279
27149,13.042,0.8879968407602803,-0.004544938902455582,0.008416780053053517,0.4597500539898536,-0.14578886994929174,-0.35305212729609825,9.770409597201741,0.0018463067673057454,-0.0007969819564712247,0.00208886392424187,0.6100853755719546,-0.19741114433356624,-0.937779440622756
27150,13.050,0.8880039876634557,-0.00454963367841237,0.008430229706103399,0.45973595677768825,-0.1136774473200298,-0.36788068923066347,9.73416021984393,0.00313522886404706,0.002100185083380762,-0.002672293519504289,0.6110191612255804,-0.19743120928120475,-0.9314206938452609
27151,13.058,0.8880013318166273,-0.004544960350156649,0.008418523187501045,0.45974134738421596,-0.14579154581226758,-0.35261848213841074,9.770425217701362,0.0025486282764233866,-0.0033053522984095693,0.0023613899863399275,0.6100544830421977,-0.20286785959965295,-0.9331896621804051
27152,13.067,0.8880072862195374,-0.004542573497891848,0.008416526285853999,0.4597299062844497,-0.1210520106497974,-0.3383593109212384,9.76269908611296,0.002943296930795405,-0.0019883076309869167,-0.0021177042205650833,0.6139556988991263,-0.1960017270720962,-0.9324285814787125
27153,13.075,0.888003011187255,-0.004559206419579052,0.008437264686399782,0.459737619000016,-0.13124993598232865,-0.37767160342131245,9.770178243298021,0.0015857100099908085,0.0059314441330541225,0.003360234714918402,0.602287194543228,-0.20017253174684552,-0.9399331366764323
27154,13.083,0.8880043506020978,-0.004548886189521072,0.008428582880333811,0.45973529333390456,-0.12813307044158406,-0.3415569395971251,9.734454959470163,0.003895370297597634,-0.004365269174756614,0.00025348758929440445,0.6041945260445849,-0.19895542844923472,-0.9331229120697975
27155,13.092,0.8880028932853851,-0.004558984830518364,0.008432661179056458,0.45973793339199176,-0.14570280980319286,-0.35177788135485444,9.770456842438334,0.0011440407905466121,0.001711537057627746,0.001816377053977914,0.6042182701749134,-0.19590415006715833,-0.936650635385814
27156,13.100,0.888005429293613,-0.004555746176758636,0.008439367073138799,0.4597329440068928,-0.1457634348317902,-0.3515639906631737,9.77046363714872,0.004087333869300656,-0.00027690327956761667,-0.00030117826631100453,0.6061642796179735,-0.20490589345756693,-0.9355868868502711
27157,13.108,0.8880073889603654,-0.0045666966917472405,0.00843467729966453,0.4597291361790887,-0.12807706357567236,-0.3409728186695943,9.734476173304463,1.6653345369377348e-15,1.186e-321,3.771193969083486e-15,0.6032249601635542,-0.1972819575714007,-0.9341657032522445
27158,13.117,0.8880139431006171,-0.004564003538642653,0.00844011624374632,0.45971640297947414,-0.11435638946495193,-0.33359966635202176,9.790992086498276,0.0038375590205048165,-0.00040850066635288174,-0.0023996651654724583,0.6058852146810411,-0.192752362321366,-0.9303989183153781
27159,13.125,0.8880112866967175,-0.004559330631447763,0.008428410343864998,0.4597217953311643,-0.15243111997264164,-0.35459318785259336,9.742232333639727,0.0025486507238906145,-0.0033052097337811343,0.0023617995112848577,0.6052162360170716,-0.20261241843410002,-0.9398272956491436
27160,13.133,0.8880104027416985,-0.004555229599254955,0.008443844883276656,0.45972326022229154,-0.1599977744340923,-0.3252014425271734,9.770758613461357,0.005231430649157999,0.0014346867263055492,0.0015151937628414115,0.5976505597533353,-0.1989612008540293,-0.9402514020080992
27161,13.142,0.8880129619205605,-0.004573565919297373,0.008447047609341235,0.45971807593626496,-0.1456721933791315,-0.350478827197395,9.770503984008815,-0.0007022728697676011,0.002508411861192157,-0.00027281370932184703,0.6147018983979455,-0.20022704649772818,-0.9344730917939742
27162,13.150,0.8880114849240007,-0.0045697557761511815,0.008454973609556292,0.4597208211474438,-0.13128298977355496,-0.3757926212404437,9.770250250772454,0.004337154454480013,-0.0001452761005786326,0.001797531612939621,0.6084343891628917,-0.2026009659372725,-0.9464020910697967
27163,13.158,0.8880100228454845,-0.004564482786841332,0.00845830063718036,0.4597236365178347,-0.1280890406674031,-0.3395554458174826,9.734525559740428,0.004337166579754136,-0.00014528369196781712,0.001797585003904655,0.6008522910683921,-0.19886362384909145,-0.9443863660062732
27164,13.167,0.8880125595373421,-0.004561229994791293,0.008464935820095235,0.4597186467247497,-0.13126193583162876,-0.3750937508431301,9.77027738917001,0.004087380736302608,-0.00027704246565860984,-0.00030092556872995664,0.6112864219322854,-0.20390410143023202,-0.9348548791240593
27165,13.175,0.8880105024007016,-0.0045639429672811975,0.008461122665515398,0.45972266362871966,-0.14570792008389633,-0.34938807616220285,9.770542516694874,0.0018463442323501534,-0.0007966984588841484,0.0020892526108981253,0.6010126748265807,-0.19842438885772862,-0.9319415825458012
27166,13.183,0.8880136375902236,-0.004568091856590154,0.00847562394535611,0.4597162992425942,-0.1280933318756286,-0.3387583116585236,9.734553275804254,0.003385165899665236,0.0022313264306905835,-0.0005738697823613251,0.5998146809655532,-0.1929246113375867,-0.9353196613060567
27167,13.192,0.8880202036252389,-0.004563922543314977,0.008476445645615246,0.45970364196254265,-0.12450106677075266,-0.3707291507895231,9.79855921850111,0.0038376125330042434,-0.00040891891374462606,-0.002399365952592831,0.6063933070015424,-0.19236773439364754,-0.9333406541221638
27168,13.200,0.8880100938463491,-0.004559333101896858,0.008479252060931445,0.4597231645165947,-0.13813179286033261,-0.37764281614472744,9.742063914035526,0.0039424928683262995,-0.0014613739865336887,0.00627725149729928,0.6059434828862351,-0.20356253575656874,-0.9390559675819763
27169,13.208,0.8880172622108323,-0.004570234958201518,0.00848834203913162,0.4597090416964108,-0.15953775126023897,-0.35557190920680126,9.714069891957593,0.001538870766891426,0.00302787767581415,-0.0026632459368954504,0.5997975055675301,-0.19601033952290722,-0.9327678705590319
27170,13.217,0.8880151930182864,-0.004566771010393159,0.008488630372017423,0.4597130678212685,-0.12136305104386018,-0.33410549007137047,9.762841727233694,0.0034428762309756038,-0.0017251160263438764,0.0020802179741482426,0.6032070891649832,-0.20329554978142664,-0.9315105654364082
27171,13.225,0.8880131330180239,-0.0045617982327790475,0.008484441413422009,0.4597171737474032,-0.1312687885391566,-0.37331595609120294,9.77034538693606,0.0034428867678136755,-0.001725122612933485,0.0020802643360912734,0.6103487340151207,-0.1926261079179786,-0.9406338570963401
27172,13.233,0.8880116561435859,-0.0045657239669727265,0.008492585647379277,0.4597198371908761,-0.1280464780600402,-0.33718889460845347,9.734608380377429,0.0027407123101412384,0.0007832841598640096,0.00180706913623128,0.6073396886829188,-0.20857717598527623,-0.9288533298886849
27173,13.242,0.888013612990001,-0.0045689888969523374,0.008487519677366658,0.45971611837592896,-0.1312333711544284,-0.37288454585064756,9.770362336649756,0.0015965314332441125,-0.0009285576633724707,-9.123016725617138e-06,0.606890772919877,-0.2090278634734665,-0.934703599458558
27174,13.250,0.888007535839909,-0.004564966221204877,0.008488993036349472,0.4597278699101909,-0.10661054849715369,-0.3586395451860358,9.76262706978445,0.0036927260770516683,-0.0015931305007562348,0.004179003302017453,0.6125135310914375,-0.1975862333958034,-0.9358025311707503
27175,13.258,0.8880094926554388,-0.004568231071297551,0.008483926909607555,0.45972415120689775,-0.1455253933898173,-0.3469847131807573,9.770630883654748,0.0015965211178405813,-0.0009285892981605937,-9.093313884469686e-06,0.6027626750690526,-0.19863970012800453,-0.9380296586611971
27176,13.267,0.888007407367463,-0.004564774095934722,0.008484098525102774,0.45972821032669614,-0.1132613483938729,-0.3618377420351831,9.734391571389667,0.003442905127377556,-0.001725148610717417,0.0020804630376448333,0.6149534717260159,-0.1966016662700905,-0.9355765649931514
27177,13.275,0.8880133698852767,-0.004545532830162751,0.008476649243656896,0.4597170210617455,-0.14519344614573854,-0.34638835434014426,9.770656983762384,0.006136212316208613,-0.003846495626347295,-0.0021348384640208057,0.6050200140647656,-0.20164223616399282,-0.946947511258833
27178,13.283,0.8880159127532383,-0.004557691391272886,0.008483807213311831,0.4597118566682643,-0.12742412707208256,-0.3357005897006731,9.734667984765558,0.0008943841287133086,0.001579822244681005,-0.00028253092481282633,0.6000234218637657,-0.20348786374528588,-0.9300594160029612
27179,13.292,0.8880178693856782,-0.004560956254626303,0.00847874119143503,0.4597081381459034,-0.1451237719432179,-0.34600236046839705,9.770671694069838,0.0015965353936844224,-0.0009285956492385906,-9.021637367200309e-06,0.6049041726336075,-0.1978588994629784,-0.9297366674837775
27180,13.300,0.8880151971818707,-0.004557774870017123,0.00847134514524557,0.4597134679055073,-0.13047061731499882,-0.3712969404293954,9.770433013905766,0.002548594592417836,-0.003304876464618882,0.0023631441453212964,0.6054757495420936,-0.2070903389792685,-0.9421104632625766
27181,13.308,0.8880177485220583,-0.004553052804934238,0.008473418535790651,0.45970854810225975,-0.1448119473174015,-0.34556077803776,9.77069194847055,0.004087460175792606,-0.0002774226318471584,-0.00030058312087727617,0.5985760574097354,-0.19234189704121443,-0.9326612872819423
27182,13.317,0.888020886331711,-0.0045572219834258,0.00848767014373109,0.45970218252904604,-0.15174377203154862,-0.3488825680523273,9.742449240245275,0.0033853266420996054,0.002230991007389765,-0.0005741590666846883,0.6044423703879359,-0.20410502784490234,-0.9336723609202924
27183,13.325,0.8880228427836396,-0.0045604868725743946,0.008482604118884617,0.45969846430166705,-0.12041593174144456,-0.3310295747839625,9.762958233926794,0.0015965409559933693,-0.0009286130253008467,-8.941865117358777e-06,0.6055017543742023,-0.19452350251689954,-0.9459740645522303
27184,13.333,0.8880207671366412,-0.0045570086329472575,0.00848269002653826,0.45970250681966524,-0.14483734953129193,-0.3448481960348547,9.77071674781851,0.0034430124405509244,-0.0017249926368219498,0.0020807631831938978,0.6049678699733096,-0.1996587170569615,-0.9392003364970402
27185,13.342,0.8880233149439206,-0.004544600354873304,0.00848438652853297,0.4596976766407024,-0.16161746582992814,-0.3875924491877849,9.749986776767512,0.0056840283527515925,-0.0012061091429876125,-0.00030935538763510596,0.6076117606267459,-0.194799008630091,-0.933002332393429
27186,13.350,0.8880252539582442,-0.0045493906324768,0.008483581774590673,0.4596938983905961,-0.14463320023454043,-0.34417934248985926,9.77074335521733,0.0015965453905610824,-0.000928632258472569,-8.87597117971557e-06,0.6049302156959793,-0.1989726533508568,-0.9336059487368068
27187,13.358,0.8880237906254792,-0.004544116645347736,0.008486909693313418,0.4596967159453358,-0.12006555132447469,-0.3299130711259904,9.763000342666118,0.004337463224079986,-0.0001451634638520151,0.001798214597200091,0.6034493890617191,-0.1971786081616683,-0.9312362623394408
27188,13.367,0.8880263307597627,-0.004548580932251096,0.00849359895022534,0.4596916412832942,-0.11323373574312715,-0.3260046187449356,9.79126096395097,0.002490961651215414,0.0006511167901156392,-0.0002915405065693139,0.6083824960534165,-0.20648178733046313,-0.9386922053126288
27189,13.375,0.8880248706239048,-0.004550992997538641,0.008497303770585054,0.4596943696030705,-0.11251972319532079,-0.35851680612789394,9.734523047270986,0.0027409270946514358,0.0007834979200235933,0.0018071098588812763,0.6053940658917133,-0.19102721673866574,-0.9299745242326799
27190,13.383,0.8880274153846175,-0.00456312094335451,0.00850432976910148,0.4596892035144515,-0.1516278402362653,-0.34692582843540426,9.742520920063017,0.0008944327405478666,0.0015797507006852763,-0.0002827188872015995,0.6059008058627001,-0.189414033016509,-0.9327153381758893
27191,13.392,0.8880213363038527,-0.004549910374281143,0.00850102010837266,0.45970113904777715,-0.13103253423079672,-0.33577784740945055,9.827284489514923,0.005289527682928649,-0.0025211576666011293,0.004171006794870401,0.6074397076868862,-0.19590992247195294,-0.9437133970909629
27192,13.400,0.8880158472196719,-0.004568616041822211,0.008510916295083165,0.459711373731398,-0.1126077744447484,-0.3579058461609211,9.73454451121115,-0.00020212226499358903,0.0027733173334528118,0.003923331849547457,0.6110216149426291,-0.1940239803698595,-0.9317852485677889
27193,13.408,0.8880230032049384,-0.004548771420824289,0.008518495312200646,0.45969760679718524,-0.13799538540035286,-0.33888095363572907,9.799049902987022,0.007925103176278937,-0.000687888420444216,-0.002699029990246875,0.6022714683130126,-0.19715854321402976,-0.9375966523227647
27194,13.417,0.8880209323126911,-0.004552940867734496,0.008518834860369563,0.4597015596629801,-0.1371607206214763,-0.3712163891263255,9.742324625856032,0.0018464933629213974,-0.0007961871723793419,0.0020899975605713915,0.6008040689769244,-0.19421345428770226,-0.9372218923420532
27195,13.425,0.8880234861966854,-0.004555904334748069,0.008521284314321987,0.45969655144716187,-0.1447848506720728,-0.3419385701175838,9.770819784387145,0.0024910155232555774,0.0006509833342792549,-0.0002914557361747322,0.6081490644423472,-0.1960333368293239,-0.9402840912262714
27196,13.433,0.8880173961355808,-0.00455184784569274,0.008522478533733656,0.45970833383941945,-0.1270786126884179,-0.3312999438096953,9.734823262299827,0.003692995068077907,-0.0015923375245931307,0.004180099565844468,0.6090995229087168,-0.20200386678529464,-0.9364024648758803
27197,13.442,0.8880187541549353,-0.004555414207127746,0.008509896237310412,0.45970590831155195,-0.11563012507140728,-0.39243657995398706,9.770364704958025,0.0007020071269631684,-0.0025084267651652166,0.00027421484429339106,0.6049546554268554,-0.192993510944075,-0.9372370191216348
27198,13.450,0.8880132685284241,-0.004558746145479947,0.008518940841170988,0.4597163042551254,-0.1513878567398176,-0.34498566871270275,9.742593546863832,0.0029910483709652126,0.0009160856939291904,0.003905932237635348,0.6059363733383875,-0.19888368879673,-0.9379996847296883
27199,13.458,0.8880164131401137,-0.0045460353303254705,0.008528151352241744,0.4597101849981752,-0.13773458630198226,-0.3373216645945884,9.7991073724,0.0065786054948112705,0.0003729785330675527,-0.0005914851002171762,0.6113252935105747,-0.1994664030931023,-0.9406301242547126
27200,13.467,0.8880223699261944,-0.004543630717399441,0.008525529198912809,0.4596987505774275,-0.1376647531253223,-0.3369344532146503,9.79912167444014,0.0029430296280570957,-0.0019902149457447973,-0.0021157947510057006,0.6012864271837473,-0.19833542430360182,-0.936340248156169
27201,13.475,0.8880203150983823,-0.004554030277547035,0.008522096060232862,0.4597026807182465,-0.15129998431549488,-0.34408068201490405,9.742626915135615,0.00025001766048962345,0.00013268638329738778,0.0020987047813232256,0.6040217392739142,-0.18931361596555468,-0.9437249497351442
27202,13.483,0.8880228476781382,-0.00455845400309609,0.008528603698444387,0.45969762389821794,-0.12314345125662292,-0.3621584297243723,9.79889689378362,0.0024910552370445028,0.0006508668800429985,-0.0002914438334292335,0.6037659541122945,-0.19682558999117747,-0.9419957141597226
27203,13.492,0.8880248070801077,-0.004569405133781866,0.008523914378560104,0.459693817046443,-0.1513603869627121,-0.3438673319266582,9.742633509464442,0.0,1.186e-321,6.025860149402873e-15,0.6061608022365523,-0.19878033938699757,-0.9350702438168845
27204,13.500,0.8880486910814701,-0.004558619777117713,0.008574526559846307,0.4596468413341818,-0.13690636407881268,-0.36923365348145903,9.742403550685902,0.0024910589423305803,0.0006508645753265805,-0.000291427578855332,0.6046551689560105,-0.1975890734418199,-0.929014973518597
27205,13.508,0.8880512310947571,-0.0045692692324275615,0.00857742985944698,0.4596417740227433,-0.13014097366496416,-0.3654569644882991,9.770657593307346,0.0008945382897222684,0.001579640882485741,-0.00028292477176803115,0.6056741162627551,-0.19903294050653403,-0.9353089011150557
27206,13.517,0.8880458129126577,-0.004572749898102382,0.008586257474810129,0.4596520426466565,-0.12019912392301524,-0.3258127042591847,9.76313639716094,0.0029910571831378843,0.0009163356153910714,0.0039060530088824356,0.6094319689745127,-0.1970925759663196,-0.949521397835345
27207,13.525,0.8880523597233225,-0.004568578704805411,0.008587148514463225,0.45963941884791354,-0.1371257566286713,-0.36865868978459027,9.74242223934034,0.003837604243516784,-0.00041074642910211,-0.0023985351928703788,0.6083359161450252,-0.20184023021988495,-0.9317717147906567
27208,13.533,0.8880456670818931,-0.00455728689604142,0.008580211734240556,0.45965259085511423,-0.1377144400203176,-0.33557242629335327,9.79916771429372,0.004395020401674282,-0.004100415390498572,0.004455188233986664,0.6039816503946667,-0.19887507634591894,-0.9377688472340707
27209,13.542,0.8880493989219612,-0.004559645301914898,0.008597768227992533,0.4596450294418105,-0.1300840934333392,-0.3643265868971915,9.77070056620561,0.004280249452272017,0.00380998251200233,-0.0008573696463712446,0.6088433517165597,-0.19729918247302275,-0.9346158758026775
27210,13.550,0.8880473082208632,-0.0045639647047151805,0.008597799926364242,0.4596490252619712,-0.15154257457779094,-0.34225171540754185,9.742687566686499,0.0018465229249225853,-0.0007959573999032936,0.00209039133023813,0.6063991992484316,-0.20217034339672074,-0.9342160796040319
27211,13.558,0.8880452326596315,-0.004566678210584525,0.008594066619701343,0.4596530781138732,-0.10562087172241003,-0.34990958661308963,9.76295462153317,0.0018465275708162568,-0.0007959602860679347,0.002090411700073398,0.6032504815255151,-0.20059160947780816,-0.9379574742036653
27212,13.567,0.888040339380699,-0.004569820738054375,0.008610361106206317,0.4596621955878645,-0.15156106950255155,-0.34186285177804304,9.742700932162206,0.003885774230342706,0.0024960778033862956,0.0036231755217493167,0.6096022829130031,-0.20330132218622124,-0.9385519654657823
27213,13.575,0.8880428718064296,-0.0045650972921284505,0.008612508128348068,0.4596573097691827,-0.10579342093838219,-0.3493480729458552,9.762972862428812,0.004087629243187712,-0.0002781945795529548,-0.00029958955116234516,0.6091118106090918,-0.19180801740369188,-0.9382280784702078
27214,13.583,0.8880465799384997,-0.004561362668435309,0.008633405857089797,0.4596497907466602,-0.1449051423384001,-0.33748721408854304,9.770972766188518,0.005876916725330429,0.0028809024403239816,-0.0008656022448649053,0.6059604843841214,-0.2012087735774246,-0.9415819215617982
27215,13.592,0.888042707169989,-0.004557297654918622,0.008606748410437811,0.459657813119806,-0.15161733931253205,-0.3408626104355978,9.742735103361062,0.0007590966025214816,-0.006463389830297031,0.002931567982071741,0.6093658179177619,-0.1986999872836818,-0.9396931740995542
27216,13.600,0.8880486606712309,-0.0045703736533356755,0.008604591633259225,0.45964622153078505,-0.13687351887579136,-0.3663103407758071,9.742514365312404,-0.000250045573989469,-0.00013300566238056392,-0.0020987771999259087,0.611081815164461,-0.203622822912246,-0.9407293422553064
27217,13.608,0.8880511968336482,-0.004573336392425564,0.008607116605337322,0.45964124482068586,-0.12317920875817709,-0.35892636913822573,9.799015364661768,0.002491139361548534,0.0006506649197278565,-0.00029132109447332953,0.6057153058882191,-0.20560056961448267,-0.9414285441644099
27218,13.617,0.8880445193261766,-0.004577374255542937,0.00860080826853081,0.45965422377782356,-0.15130968229606281,-0.340599392274536,9.742749090772813,0.0012019627949232824,-0.002242370473524414,0.004472471831139755,0.6042115855091834,-0.1963576776013651,-0.9356574783053537
27219,13.625,0.888047051622506,-0.004572650471084235,0.008602954876565419,0.45964933823474174,-0.112206618700635,-0.35184010728385406,9.734770267678783,0.004087650025818332,-0.0002782978082718662,-0.0002995270663346494,0.6064141336811235,-0.19467559427272005,-0.9364349246697781
27220,13.633,0.8880489428565448,-0.00456981473432231,0.008601219797060786,0.4596457450065978,-0.12293610383009602,-0.35825822358565396,9.799042868379727,0.0031930028022376295,-0.0018578247310719646,-1.633979213377215e-05,0.6071210946862484,-0.19796224887271083,-0.932649676338293
27221,13.642,0.8880468627945198,-0.0045648418822162185,0.008597109000720398,0.45964989004266277,-0.13650721016067113,-0.36528539178571223,9.7425579883533,0.0034430966737430857,-0.0017247355413370687,0.0020824868267394388,0.6042370680195637,-0.20675161335162168,-0.939443476982728
27222,13.650,0.8880447901966859,-0.004561437148134416,0.008596614526528278,0.4596539373423779,-0.14399185248475876,-0.33588353920378444,9.771041525689139,0.003443107269927019,-0.001724742114084417,0.00208253323988602,0.608614208399566,-0.21032531887439307,-0.9368448840193159
27223,13.658,0.8880467365797258,-0.004580075228229525,0.008592380350834056,0.45965007077222286,-0.14396237860110486,-0.33580710474021247,9.771044586833295,-0.001596493936510064,0.0009289457474789936,8.127758619522458e-06,0.6014927920680725,-0.198137337934948,-0.9307269926786382
27224,13.667,0.8880366360539246,-0.004575548916049128,0.008594399705521826,0.4596695918503301,-0.16086302427268692,-0.37883744122874713,9.750343354511317,0.0039433454184889805,-0.0014584999688678425,0.006280220170641721,0.6064059418808736,-0.20147282719378856,-0.9352178489402264
27225,13.675,0.8880437808263317,-0.004571073460410681,0.008602802564791795,0.4596556759261502,-0.1439428160288242,-0.3353524203564133,9.771060491407063,0.004732249468024309,0.0011677957689056819,-0.002681526272104743,0.6110725226179947,-0.1942909663450016,-0.939348725977474
27226,13.683,0.8880462817241822,-0.0045756390926933,0.008608937329728629,0.4596506839337902,-0.1295376952331822,-0.36053034693351765,9.770848639083361,0.0024911930892857945,0.0006504951709744663,-0.00029132463607432855,0.6032564705906972,-0.2030659459683068,-0.9388472842153139
27227,13.692,0.888043611323046,-0.004586342141574058,0.008598068198690773,0.45965593989127884,-0.13636629530604316,-0.36410658294504333,9.742604087981679,-0.0006445841775107259,-0.001446244715188992,0.0023821052379533417,0.6076331669734503,-0.194666981821909,-0.9361827254983861
27228,13.700,0.8880421109509742,-0.004582660481984992,0.008605035206131229,0.45965874490729103,-0.12944992379614215,-0.36030142523505526,9.77085824687405,0.0043378198991645715,-0.0001453075276379282,0.0017994666386076756,0.6090892060765604,-0.20390410143023202,-0.9348696679765185
27229,13.708,0.8880446471522621,-0.004585622581952148,0.008607559387839022,0.4596537682333684,-0.137088849978429,-0.3308982592879379,9.799335435951189,0.002491210047125927,0.0006504425995472538,-0.00029131808103599946,0.6058873397129473,-0.1976493605974971,-0.9307146394851882
27230,13.717,0.8880385419239208,-0.0045739858952493,0.008607888284330957,0.4596656730385163,-0.16079200226253273,-0.37736466493172827,9.750401637934745,0.0052897250868355625,-0.0025204767756775415,0.004173744846299601,0.607913314162785,-0.19534443307720273,-0.9415314869105426
27231,13.725,0.8880497136399442,-0.004593120976029665,0.00861616656522899,0.45964374358565296,-0.12945452638281985,-0.35950118605605064,9.77088766182592,-0.00030727734550138586,0.003821255581009847,-0.004756413223248179,0.6039518012657316,-0.19993999557494754,-0.933334089394937
27232,13.733,0.88804760615996,-0.004589762793122696,0.008615574955509957,0.459647859931115,-0.11947884891975306,-0.3198976071383794,9.763340841396552,0.003443101513085364,-0.0017246919771298336,0.0020829517699883127,0.5978894593504935,-0.1933150116700998,-0.9394719081151675
27233,13.742,0.8880489367273695,-0.0045779582434921,0.008602311602326829,0.4596456553811934,-0.12929139867392903,-0.35907496173003606,9.770905495130354,0.003894712943361622,-0.0043664877327979825,0.00025958143134698314,0.597131918733828,-0.20222201810158696,-0.9357424202790144
27234,13.750,0.888046843921273,-0.004589924572204804,0.008602407256392153,0.4596495775950236,-0.12226339904866582,-0.35524825555317685,9.799160867512429,0.00025018184262251526,0.00013337401566177934,0.0020988500584090933,0.6090829851445292,-0.20240571961463522,-0.9339454089419327
27235,13.758,0.8880447672533868,-0.0045926381586505385,0.008598675495833876,0.4596536324324439,-0.14357503861793644,-0.33334601311807643,9.771134557466059,0.0018466645033266022,-0.0007956659189355963,0.002090942026686102,0.6059621265671978,-0.2012173860282356,-0.941825904704046
27236,13.767,0.8880467238783504,-0.004589780020868153,0.008596819387972151,0.45964991550602946,-0.12138369543528635,-0.3877398255946515,9.742463015445384,0.003192949781151779,-0.0018581082423963968,-1.580928858089921e-05,0.6122565674804396,-0.20313768562081158,-0.9338982104989552
27237,13.775,0.8880452457852044,-0.004592190191683038,0.00860060284119586,0.4596526763310622,-0.14342862276241933,-0.3328969149892433,9.771152018714982,0.0027414533122726353,0.0007837570642963203,0.0018075334577250732,0.6090832749780907,-0.20118577627100795,-0.9339884702206042
27238,13.783,0.8880425819879395,-0.004596781066534576,0.008592846820716493,0.459657921897944,-0.13650955789149433,-0.3290857342896548,9.799404559307101,0.0009519046384900751,-0.002375026755707027,0.00237447012080753,0.609105203025206,-0.19885785144429688,-0.9372463736271698
27239,13.792,0.8880457079346238,-0.004584065996867103,0.008602127983594486,0.459651836015026,-0.12120668061712865,-0.38703937184766807,9.742493072243855,0.006578982813121301,0.00037149753181406743,-0.000590527297490386,0.6066582878913359,-0.20151588944784374,-0.936436121445637
27240,13.800,0.8880482422773037,-0.004603980875867538,0.008608830333144885,0.4596466151170719,-0.14340659269440004,-0.3321976090622127,9.771176141871356,-0.0007016819549854853,0.0025084576326820963,-0.000275673008561358,0.6010369597724515,-0.20001750763224685,-0.9355496561451141
27241,13.808,0.8880461608401392,-0.00459900793857842,0.008604720147875698,0.459650763226004,-0.143441004640848,-0.3320849140986051,9.771179467712608,0.003443155047705454,-0.0017246779122838869,0.002083271551027588,0.6152336189153507,-0.19727911752538424,-0.9409253264053079
27242,13.817,0.8880480736957439,-0.004603840539828851,0.008603145140259451,0.45964704867023665,-0.16025615911129856,-0.375014052770765,9.750501149482028,0.0015964685137744813,-0.000929099459976726,-7.793569090996161e-06,0.5996285051269736,-0.19811443294129302,-0.9439324525181244
27243,13.825,0.8880465999652241,-0.004613937160076172,0.00860730776868254,0.45964971677035144,-0.12889865185237387,-0.3572380287167364,9.770978016589172,0.0011450376562766075,0.0017128895235020852,0.0018153729462046945,0.6103601324783621,-0.20001466758623043,-0.9423273545622947
27244,13.833,0.8880445115652514,-0.004610540627295326,0.008606577178557173,0.4596537993133834,-0.1433751492479134,-0.33157666908826566,9.771197694311956,0.0034431524364875493,-0.0017246906772196648,0.0020833776416464625,0.6017833331714076,-0.20351086105170255,-0.9376200032275787
27245,13.842,0.8880476464350003,-0.004613198269487335,0.008616615453063761,0.4596475280050111,-0.1357869994856693,-0.3604324210057141,9.742748798659981,0.003386121814104549,0.0022295473013283274,-0.0005748300338587953,0.6030108480975458,-0.19548507233619575,-0.9386279410644099
27246,13.850,0.8880501609042726,-0.004602342639782068,0.008621741357788277,0.4596426826743595,-0.12210695489996215,-0.35273826575690903,9.79925349173905,0.00568422900560603,-0.0012080487344186205,-0.0003066589244402072,0.6093549991216438,-0.18887154092817546,-0.9380857991909425
27247,13.858,0.8880474801387426,-0.004597673529607247,0.008610116555385808,0.45964812662540866,-0.15331866969802949,-0.3700661063194358,9.778797277680868,0.002548346583962466,-0.003303944533843048,0.0023671553482770215,0.5986279307827614,-0.20238565466699665,-0.9403682407467517
27248,13.867,0.8880419611814104,-0.004616492879837036,0.008619265697254304,0.4596584290899121,-0.1356350521706692,-0.3596305062400656,9.742780548718226,-0.0002010878762322093,0.002775782756773491,0.003921912516115317,0.6127880370158639,-0.19432541614824572,-0.9403131561056638
27249,13.875,0.8880571342900372,-0.004613117680731966,0.008625142181186346,0.4596290377077864,-0.1433900112697302,-0.33033090266176784,9.771239670745029,0.004231911917758519,0.0008992937534583061,-0.006879257423154599,0.6007869515456135,-0.1970551938042973,-0.9346787138507627
27250,13.883,0.8880544291100682,-0.004602336972448275,0.008616486992924133,0.4596345348037771,-0.15330923302569402,-0.36946568683461495,9.778820129780618,0.004144841062036825,-0.004233008701964459,0.002359678699412398,0.6040183580894687,-0.1966246635765072,-0.9432225989208676
27251,13.892,0.8880529507481657,-0.00460474680521848,0.008620271303866668,0.45963729602479403,-0.08963991488859392,-0.36665551328574947,9.763071332402813,0.0027415858915202317,0.0007838926885481571,0.0018076534314338053,0.6122789783763848,-0.20569814661942054,-0.937227851933083
27252,13.900,0.8880514905994086,-0.00460872458009017,0.008627363470761554,0.45963994419703935,-0.13632115981762222,-0.32581716781878883,9.799516401976287,0.0027415922103523564,0.0007838887851688706,0.0018076810431191313,0.611494371032975,-0.2039586161811147,-0.9294769945330423
27253,13.908,0.8880447996857698,-0.004611191096687228,0.008617379401434611,0.4596530337547911,-0.1455865876671774,-0.3979328950875151,9.750394976086852,0.0012021294810748695,-0.002240915618482913,0.00447400309452675,0.6066906098524513,-0.2038840364825935,-0.9412382739889866
27254,13.917,0.888043924429175,-0.004599499524491144,0.008631204793552259,0.4596545824772838,-0.1209927817676207,-0.38360527250853205,9.742631551142582,0.006829436262499586,0.0005046928294202055,0.0015089209628865907,0.6034469353446704,-0.20058583707301356,-0.9308717076169128
27255,13.925,0.8880458711315076,-0.004618138087539486,0.008626971456072026,0.45965071405403385,-0.14312943823977334,-0.32877547331797924,9.771295950281344,-0.001596447750889737,0.0009292180008388537,7.513855087221116e-06,0.6041880923608358,-0.20527329648366335,-0.9321670439939623
27256,13.933,0.8880357518710087,-0.004613637144966742,0.008628617164562188,0.45967027826151097,-0.12864851305244487,-0.35415045422688807,9.7710937102989,0.003943753693424804,-0.0014569860151003261,0.0062819163757613875,0.6066451504267255,-0.20144698984135545,-0.9344842563076539
27257,13.942,0.8880416983600958,-0.004609766660424526,0.008621984075690625,0.45965895337266305,-0.13537627553379988,-0.35753741373638415,9.742861184118691,0.0029425526364258627,-0.001992369472824971,-0.0021139584631477853,0.6066828047040561,-0.20213305354746014,-0.9400786440678871
27258,13.950,0.8880361984826857,-0.004613216391486115,0.00863024902887738,0.45966938904025956,-0.12161091794254464,-0.34995508315197643,9.799359448418937,0.00299201559788064,0.0009177211735494148,0.003906735818119912,0.6044665202852506,-0.19934582878174778,-0.9372603700264488
27259,13.958,0.8880341154710037,-0.004608243254970015,0.00862613921099955,0.459673540217454,-0.15298328569553835,-0.36735489142100375,9.778904756276145,0.003443174917684487,-0.0017246675508655145,0.0020841167131387837,0.6037370515658876,-0.20082698569572258,-0.9377015923940253
27260,13.967,0.8880320139397747,-0.004612554249843618,0.008625587982950683,0.45967756720695996,-0.14602424705904452,-0.363465398438334,9.807158592125532,0.0018467612855605125,-0.000795378258323598,0.002091583935922546,0.6049520469248013,-0.20397300103672028,-0.9368494676135918
27261,13.975,0.8880311292585481,-0.004606972293982735,0.008636507435665967,0.459679127232665,-0.14284988465216342,-0.3273767875564498,9.771347003354155,0.005233155712895307,0.0014336873869992307,0.0015165605246767082,0.5964230836787779,-0.19990270572568694,-0.9392492364453144
27262,13.983,0.8880330688718806,-0.0046194966747687,0.008635053335791369,0.45967528179612827,-0.1353071124616034,-0.35631102849432306,9.742907072351162,-1.6653345369377348e-15,1.186e-321,-6.579616408999846e-15,0.6098189066627727,-0.20144698984135545,-0.9344628946318793
27263,13.992,0.8880349951542513,-0.004607387914735031,0.008629301862687575,0.4596717899842827,-0.11386519781982446,-0.37791907609951186,9.77095774041201,0.0047892483057691265,-0.0027879709303875676,-2.209155771170597e-05,0.6119825641412922,-0.19736230967471646,-0.9294622558839624
27264,14.000,0.888029471003332,-0.004626239767019977,0.008638289734460779,0.4596821037256344,-0.1496645980162966,-0.3304522949133152,9.743123944710806,-0.00020068843031250882,0.002776520236470859,0.003921546302212327,0.6097975003160682,-0.20157901664953742,-0.9312825015269222
27265,14.008,0.8880307977807309,-0.0046144354672108725,0.008625023395793659,0.45967990835978517,-0.1282776259333261,-0.3521019495908908,9.771172619315571,0.0038941895366169967,-0.0043672131016947125,0.00026187980740199137,0.610106608018522,-0.19801108353156058,-0.9409339969605103
27266,14.017,0.8880292931190287,-0.004610760733487288,0.008631589444174465,0.45968272875065025,-0.14256163273542372,-0.3262894398654103,9.771387582472025,0.0043382265769095025,-0.00014552559142996875,0.0018004984013435714,0.6044996537803383,-0.19829813445434125,-0.9421830941500784
27267,14.025,0.8880278194783794,-0.00462085661137215,0.008635753592449658,0.45968539597918767,-0.12130238881235611,-0.34786513926445206,9.79943768524541,0.00114542738598346,0.0017132100780699873,0.0018151283451935624,0.598082126218217,-0.20232820755733588,-0.9318235049239985
27268,14.033,0.8880251196381741,-0.00461773172800002,0.008627203349765713,0.4596908034838817,-0.1281074121971585,-0.35138788101361323,9.77120055710668,0.0025481287184185436,-0.0033038188187847163,0.002368456070029827,0.6042603293010621,-0.19881194914422523,-0.9428994622711824
27269,14.042,0.88802765033297,-0.00461300488754754,0.008629345341033708,0.4596859219390966,-0.15250002980585992,-0.3651066445149177,9.778996503445613,0.004087847859088129,-0.00027968586715810016,-0.00029849439742931304,0.5995340120758075,-0.19444305810082207,-0.9298933895922915
27270,14.050,0.8880301112527209,-0.004609856868793058,0.00863454643155766,0.45968110178258426,-0.14240462215688887,-0.3253072421471782,9.771422620330622,0.004087857232132138,-0.0002796916431810937,-0.00029845349803018167,0.6174269127710877,-0.19994576797974217,-0.9403278364552755
27271,14.058,0.8880193973248892,-0.004604085989667314,0.008625448466988634,0.45970202741089206,-0.16608058065590062,-0.3718351784675722,9.722536768722355,0.0030490119652784825,-0.0030354146823248084,0.006566852228710111,0.6061677767358437,-0.19710686850916354,-0.9361064621760162
27272,14.067,0.8880219337729328,-0.004624017981828028,0.008631878517914977,0.45969680689465026,-0.1278028179962453,-0.3503912223029952,9.77124033603444,-0.0007012815760304882,0.0025085291622127326,-0.00027683176791095277,0.6088879996083132,-0.20315207047641715,-0.9412493219037301
27273,14.075,0.888037108838402,-0.004620639415188439,0.008637744930230862,0.45966741496417607,-0.1524667420896423,-0.3642401636978786,9.779029334828307,0.0042316777738641885,0.0008967281841474819,-0.0068796599137610215,0.6122456518660283,-0.20063751177787978,-0.9322764510605628
27274,14.083,0.8880304347878636,-0.0046169897769199365,0.008630494895399651,0.4596804812625165,-0.11016422344799144,-0.33965712282392085,9.73522628570494,0.002798597275456833,-0.0031694556904083514,0.004467882270467791,0.6049602578401829,-0.20401606329077548,-0.9380693833248313
27275,14.092,0.888028955793567,-0.004619398511706457,0.008634279821044278,0.45968324315940573,-0.1598803658264794,-0.3345679908655195,9.807489535171342,0.0027419315271770264,0.0007838905892824018,0.001807874529497121,0.6005498680316682,-0.20197802943286153,-0.9357280276531453
27276,14.100,0.8880309101817911,-0.004624190363368717,0.00863233455550161,0.45967945595306414,-0.1346088836332374,-0.3532404320551119,9.74302855541672,0.0015963920046254659,-0.0009294477601737471,-7.125677813421835e-06,0.6071270066695866,-0.19384027885681124,-0.9335280341125196
27277,14.108,0.8880288257168599,-0.004619217055650765,0.008628225257168207,0.45968360995214913,-0.1521745898073943,-0.3633409289221055,9.77906733783245,0.0034432455753908775,-0.0017246216108837103,0.0020848733860292326,0.6071419793325419,-0.20002612008305792,-0.9357525591416415
27278,14.117,0.8880319021051724,-0.004623453100340823,0.008641311783518936,0.45967737844662265,-0.13452687796370316,-0.3527565677412539,9.74304721923043,0.003386609313721913,0.0022286478273446544,-0.0005753222371420938,0.6037679823259077,-0.20905086077988316,-0.9422970507997519
27279,14.125,0.8880246082848928,-0.00462622594052682,0.00862381774867977,0.45969176942974327,-0.12073694172630184,-0.3452399056727168,9.799537508222478,0.0003070892838751032,-0.003818906000206458,0.004759418054559445,0.6100853176052423,-0.19765513300229168,-0.9377708283670219
27280,14.133,0.8880259757901585,-0.004615960320898766,0.008613592027716556,0.4596894226155667,-0.1272767053530019,-0.34874837852193025,9.771305977065552,0.0038940059525257374,-0.004367529313236718,0.00026294983930464825,0.6079200759103589,-0.20148721204939415,-0.942536096228425
27281,14.142,0.8880297120106457,-0.004618309451411593,0.008631141732358327,0.4596818521504818,-0.1517892535581413,-0.36240140814385186,9.779108189703805,0.004281774470037552,0.0038075941103572902,-0.0008596340729452243,0.604713649912922,-0.20058299702699714,-0.9377036318264443
27282,14.150,0.8880270224857496,-0.004607509432004074,0.008622150646444147,0.45968732493963627,-0.12723789659468748,-0.34807196257463213,9.77133060107382,0.004144538033188239,-0.004233122276644266,0.0023622974725102065,0.6017433219953214,-0.1989037537443685,-0.9316754452745982
27283,14.158,0.8880283522975846,-0.004603392141451103,0.008609263099259737,0.4596850387877746,-0.1269293897985116,-0.34780828241126716,9.77134400212664,0.002297629863433993,-0.0034380497133483473,0.000270250361837608,0.6073679924470707,-0.200175371792862,-0.9330584891153514
27284,14.167,0.8880228145070889,-0.004606784006287161,0.008617279549526008,0.4596955524574864,-0.15823744406773088,-0.3652604100027712,9.750904367822812,0.002992673072300657,0.0009183944278134878,0.003906988446337275,0.5978636672701028,-0.19806559828244327,-0.935639915866763
27285,14.175,0.8880207291875843,-0.004601810427805228,0.008613170436313667,0.45969970760157414,-0.15134538111717136,-0.3613087386801581,9.779155500616746,0.003443321878313216,-0.0017246259510819216,0.0020852114024396996,0.6083359741117375,-0.20159624155115952,-0.9317803270463909
27286,14.183,0.888023234186537,-0.004606322628519836,0.008618648362013372,0.4596947206974838,-0.11596793770577482,-0.34047378551100943,9.707097306210041,0.002491547198634315,0.0006494175039987888,-0.00029126760900260117,0.6083811825554826,-0.1981689476921757,-0.9384970557230987
27287,14.192,0.888025170050065,-0.004609587100336603,0.008613654992122178,0.4596910419096668,-0.12675568926514533,-0.34691662544215546,9.771377954101169,0.0015963725431846743,-0.0009295634316128427,-6.931581818698534e-06,0.6058934447115543,-0.1996357197505449,-0.9316216740083055
27288,14.200,0.888015020104871,-0.004605068526343475,0.008615035618779035,0.45971066832661306,-0.15120465757460605,-0.360669673506034,9.779181268086807,0.00394454056499311,-0.0014555363234084963,0.006283660410551406,0.6063925145827016,-0.2026238709309275,-0.9332229225235718
27289,14.208,0.8880083120454888,-0.004592162145746951,0.008604296821698445,0.45972395615320455,-0.1264570326962022,-0.34634250903865144,9.771402190814252,0.004395093197247806,-0.004098670623149926,0.004462085879829742,0.6125364445726619,-0.19111050120075965,-0.939206842924799
27290,14.217,0.8880113883709011,-0.004596396485895999,0.008617288517404786,0.45971772817843126,-0.15092410211770632,-0.3600035636690705,9.779210146255927,0.0033868226046451792,0.002228212863561308,-0.0005757150892723986,0.602985364965848,-0.20585601078003563,-0.9348418500763648
27291,14.225,0.8880173396249683,-0.004600211684455535,0.008611029789016877,0.45970631140308,-0.12643000986066763,-0.3458323600924784,9.77142060822141,0.0013457075394172954,-0.0010642583166136836,-0.0021060389182067465,0.6084082499035446,-0.18805061036787227,-0.9425185175976574
27292,14.233,0.8880158025815958,-0.004588808758111389,0.008616961691328851,0.4597092833201833,-0.13321259880986278,-0.3492269173470988,9.743192432052188,0.005934950907940407,-0.0010753224336101702,0.0017942610946854094,0.6017393999953333,-0.2015704041987264,-0.9310927441770253
27293,14.242,0.8880189393611183,-0.004591461853120479,0.008626996184712556,0.4597030092906024,-0.12639114048007746,-0.34515592621175123,9.771445028499762,0.003386835085145146,0.002228187198837627,-0.0005757235814403106,0.6032581707404857,-0.20283056975039238,-0.9390998796132961
27294,14.250,0.8880203116049696,-0.004596527665894898,0.008617366654333587,0.4597004884730654,-0.1408368410802496,-0.3195092236667404,9.771636645821319,0.0007011205063978544,-0.0025085527889632925,0.00027770728212461195,0.6064008025799272,-0.20926323969138094,-0.9344542904722334
27295,14.258,0.8880268565513034,-0.004592349912406314,0.00861824114397769,0.45968787050070953,-0.11938684331773854,-0.34111301495115026,9.79969857036543,0.0038373004639635304,-0.00041509487448780175,-0.002397203252341891,0.6071321262340841,-0.1999744453781917,-0.9342886602881539
27296,14.267,0.8880294591039509,-0.004596781089498732,0.008623673987351926,0.45968269666599376,-0.13313319458428974,-0.34824350476146637,9.74322871545661,0.0024915975392676448,0.0006492842690124091,-0.0002912460366901432,0.5971052380376208,-0.20379213956968856,-0.9317784042129079
27297,14.275,0.8880193422329735,-0.004590705942481894,0.008622096744387684,0.45970233052139053,-0.12623868811262456,-0.34428451243781144,9.771477741247985,0.003944736312140037,-0.0014549360707258635,0.006284153715769665,0.6168808960761434,-0.18693969652601036,-0.9317515839019437
27298,14.283,0.8880264082328706,-0.004603113081692892,0.00863410261878713,0.45968833126690645,-0.15771578818240356,-0.36173231399148403,9.75104433943298,0.0015398508601197217,0.0030229639576481973,-0.0026682783373122797,0.602018832468989,-0.1983354243036018,-0.9363353185386826
27299,14.292,0.8880249289554618,-0.004605520912476198,0.00863788874914935,0.45969109368001715,-0.1333313844101963,-0.3475808604759022,9.7432496671361,0.0027422716249170284,0.0007840501840531452,0.0018080086658387715,0.5951540122117704,-0.19598450217047414,-0.9320671420430358
27300,14.300,0.8880262186973554,-0.004595204310705196,0.008627435306065863,0.4596889017188245,-0.13318889255969416,-0.34731030401198215,9.743261264823396,0.0038938245311195174,-0.004367889295960417,0.0002646277142205433,0.6095354751072852,-0.2007523136844397,-0.9286261669352268
27301,14.308,0.888020724133176,-0.004597061308990234,0.008632487564137918,0.45969940254014563,-0.17204928701412106,-0.33552430264309396,9.751254860565055,0.0029930052176053157,0.0009189394725395592,0.003907213183355195,0.6088774317941761,-0.1991879646211327,-0.9396792359997435
27302,14.317,0.8880278885584895,-0.004601761738088036,0.008644146603684264,0.4596852963286424,-0.1508465706983484,-0.3570579890050309,9.779319334093724,0.0031362550412585835,0.0020931136544212114,-0.0026750024131003284,0.6020203587186407,-0.1988320140918638,-0.9365620771694618
27303,14.325,0.8880217931865466,-0.004603924819162415,0.008641685288639728,0.4596970958983563,-0.11191283387991753,-0.368348695432068,9.771345762900369,0.0020976952945001067,-0.0006598430953142329,0.004191878530145678,0.6010552556531402,-0.19913628991626647,-0.9382679197327782
27304,14.333,0.8880197024240278,-0.004600446026261123,0.008640394340954224,0.45970119380825414,-0.14073639523580114,-0.3171569252846049,9.771714724347868,0.003443381919979895,-0.0017244974566784823,0.0020861284380053143,0.6007964568437976,-0.1985708005215162,-0.9360909391698445
27305,14.342,0.8880268612009399,-0.004611336114047757,0.008649542495980257,0.45968708354647164,-0.15087143802985664,-0.35641134504977423,9.779342538962455,0.001539945550078933,0.0030226947277248255,-0.0026684980283511856,0.6117697464580862,-0.19703796890267525,-0.93411680330397
27306,14.350,0.8880281722275513,-0.004608712085538482,0.008639495594916214,0.45968476613759224,-0.14005372280876666,-0.3496804034527526,9.71507012284752,0.0022974106324606153,-0.0034382622540967043,0.0002715997221471729,0.6078599916219515,-0.19140039216955676,-0.933609227052376
27307,14.358,0.8880226774607679,-0.004610569048828165,0.008644548755183602,0.45969526726438525,-0.12621596984766809,-0.3420633867550078,9.771556040053794,0.0029930584561422445,0.0009191054199920212,0.0039073178821166735,0.6037442579320283,-0.19817756014298674,-0.9387722597760941
27308,14.367,0.8880211534388125,-0.004614469200634182,0.008651149468407355,0.4596980479968056,-0.15770319467387264,-0.35950172290062077,9.75112703530875,0.002742374867539824,0.0007840830425091046,0.0018081096027935764,0.6025333967035027,-0.20531351869170208,-0.9402386023846793
27309,14.375,0.8880190798143138,-0.004624870316107151,0.008647803088108339,0.4597020121361755,-0.11188209002803629,-0.3671852348616324,9.771389904234448,0.00025069172487894006,0.00013503591085492985,0.002099268338551291,0.6017656558094228,-0.1948679082365793,-0.9349936344713039
27310,14.383,0.8880216408141348,-0.004629297993962999,0.008653103692302634,0.45969692063613604,-0.16536440727470386,-0.3300812999884339,9.779549647207595,0.0024916953422899945,0.000649021136796388,-0.0002911303605125049,0.605679390612258,-0.1975948458466144,-0.9360925240762051
27311,14.392,0.8880189525469643,-0.004624630792114717,0.00864148170894037,0.4597023792643492,-0.1400079371133499,-0.34878758676803606,9.715102877403016,0.002548005660884434,-0.0033032787629646964,0.0023710984614578614,0.6105511380478774,-0.20217895584753182,-0.93443212824719
27312,14.400,0.8880215068775947,-0.004629066919229788,0.008646824525134203,0.45969729984842844,-0.1330321179456648,-0.34488006692223017,9.743349731116185,0.0024917034512634876,0.0006489899346122177,-0.00029114674376065674,0.6108209492899243,-0.19791634657263923,-0.938245252778297
27313,14.408,0.8880160116788621,-0.004630923711843321,0.00865187835133439,0.4597078012700429,-0.15076934286141824,-0.354924612905537,9.779398184769299,0.0029931413527901443,0.0009191791407781733,0.0039074527368473605,0.606139048089574,-0.20037629820753228,-0.9318381771775217
27314,14.417,0.8880179647721663,-0.004651043871745523,0.008650456042716442,0.4597038521081331,-0.12631054820709103,-0.3408936180180827,9.771595696623454,-0.0015963202560883558,0.0009298150576711689,6.391306416515576e-06,0.6063955670820049,-0.20361705050745138,-0.9336764397851303
27315,14.425,0.8880158771898773,-0.004646070283849735,0.00864634779260098,0.4597080122854728,-0.1501109602654157,-0.38767801120813483,9.72275145344593,0.003443349424565216,-0.001724529790424173,0.0020865353650067688,0.6132669178412655,-0.19232183209357592,-0.9389148688863931
27316,14.433,0.8880184042253048,-0.004650533492825986,0.00865165806424446,0.45970298575070767,-0.1507800084751051,-0.35454569153112414,9.779411765100603,0.0024917293696209483,0.0006489159227156049,-0.00029111705500687755,0.6044655928178536,-0.20324964748135502,-0.9371225739347001
27317,14.442,0.8880163164811393,-0.00464555990429686,0.008647549907441715,0.459707146254051,-0.12619867342468716,-0.3403321314279472,9.771616714397496,0.003443360399026561,-0.001724512843202215,0.002086625716097859,0.6113404209585355,-0.1980799831380489,-0.9428776460693495
27318,14.450,0.888015477765342,-0.0046414524759094255,0.008661240602695384,0.45970855014816475,-0.11173997924366301,-0.3654606222548833,9.77145618556313,0.005234223880749736,0.0014329447255019077,0.0015171188106306165,0.6086328909321095,-0.20089588530221084,-0.9396205934154322
27319,14.458,0.8880196173356726,-0.004638499806774072,0.008632056057529022,0.4597011324271109,-0.15738902707509866,-0.35742891211111755,9.751208311421408,0.0002555886187708162,-0.006731103004486112,-0.0012574562127048935,0.607887869882668,-0.1986310876771935,-0.937751168196544
27320,14.467,0.8880153581313088,-0.00465660884828996,0.008655643414533747,0.45970873338891244,-0.132819560616091,-0.3433830315161597,9.74340550648367,0.0015915173784178368,0.005936473865996859,0.003350456364876929,0.5988694191455248,-0.19968455440939462,-0.9399733660695043
27321,14.475,0.8880166774363895,-0.004644804965407493,0.00864237242365553,0.4597065539891294,-0.13976065631317777,-0.3468649528553101,9.715175273482068,0.0038934748240528664,-0.0043683381188177,0.0002660220640337588,0.602504513893545,-0.19539033537727432,-0.9359474129113405
27322,14.483,0.8880145580574047,-0.004656674300750139,0.008641684937574189,0.4597105408232547,-0.15038768906778985,-0.3532503104251744,9.779464683064436,0.00025077965003276597,0.0001352645936942646,0.0020993398770889327,0.6098443120913088,-0.2052446190852138,-0.9382374410718314
27323,14.492,0.8880170868787718,-0.004651944171074978,0.008643822215417192,0.4597056636199707,-0.14280639003928364,-0.3822641832267042,9.751062950694392,0.004088071034881009,-0.0002810939287521588,-0.0002973728883853366,0.6066621710397432,-0.20593352283733496,-0.9370130502691636
27324,14.500,0.8880191581066568,-0.004656669189021002,0.008641569382175229,0.45970165710623867,-0.1358837276354213,-0.37832525202696055,9.779309553016043,0.001596308464860362,-0.0009298948545036448,-6.229556300873044e-06,0.60074995401725,-0.20052554991733632,-0.9291819008852945
27325,14.508,0.8880176783048891,-0.004659076098553622,0.008645356450588396,0.45970442007853834,-0.12579061332050442,-0.33869528639518337,9.771678847515247,0.0027425638304285115,0.0007841061436617662,0.0018082316842274286,0.605452701012313,-0.20721375333663947,-0.9386860870153717
27326,14.517,0.8880104344484941,-0.004663304233761212,0.008630527213169878,0.4597186486365807,-0.13254989426162492,-0.34227646906175835,9.743448113262167,0.00030694336691658057,-0.003816604349849351,0.004762363053620421,0.6015106630666436,-0.1921237457249221,-0.9333821304944746
27327,14.525,0.8880181820435682,-0.004658510141505038,0.008646422378460441,0.45970343268606517,-0.12493261757136641,-0.3712288842884998,9.715051100187198,0.005628250841706528,0.00274076875315365,-0.0029665640294729632,0.6018148053682876,-0.19561425909836125,-0.9422959042272726
27328,14.533,0.8880193579890687,-0.004663612668529558,0.008636497461925926,0.4597012959141519,-0.14009089355923565,-0.3125840351544597,9.771871348942357,0.0007008188092522498,-0.002508589597964143,0.00027879080486938057,0.6166654119241709,-0.1978388345153399,-0.9360099675581741
27329,14.542,0.8880126591774151,-0.004666083249041948,0.00862652664126932,0.4597143981276606,-0.14241991031164797,-0.3811503301913382,9.75111220467449,0.0012024761449925335,-0.0022378189393646663,0.0044775486635651295,0.6100586948757474,-0.19898126580166783,-0.9338154245566495
27330,14.550,0.8880151655867341,-0.004655188429971313,0.008630984368688466,0.4597095833430869,-0.1253197059141342,-0.33770624098678304,9.771719129946579,0.005684384282597435,-0.0012112353695147566,-0.00030344569775353356,0.6122662275636288,-0.19708103115673045,-0.935333432603552
27331,14.558,0.8880177087497524,-0.004665832880046363,0.008633884279681807,0.4597045083448943,-0.1498749746347066,-0.35140394453601237,9.779539073372431,0.0008955074179965743,0.0015786391025267431,-0.0002850194755940816,0.6073680504137831,-0.19993138312413655,-0.9330671013710857
27332,14.567,0.888014995780192,-0.004662655494322726,0.008624910062138884,0.45970994968530715,-0.117692441039801,-0.36649493434035935,9.743330628457525,0.0025479399049570875,-0.003303110420218311,0.002372193309489118,0.6030322544442502,-0.19535304552801375,-0.941808334169367
27333,14.575,0.8880129141359858,-0.004665369252053297,0.008621184066843961,0.4597140131024315,-0.14964732437680925,-0.35108044914505315,9.779554178225794,0.0018471751328303478,-0.0007945112422130207,0.0020932861898490117,0.6120615048623798,-0.19728772997619531,-0.9411906712233304
27334,14.583,0.8880154133964443,-0.004669835028776837,0.008626301394897496,0.4597090439999971,-0.12510258667422175,-0.33693847018737655,9.771748414871317,0.0024918181217515956,0.0006486249060798101,-0.0002911578387985258,0.6025721911999479,-0.19427951384817407,-0.9460023952779104
27335,14.592,0.8880047052530236,-0.004679443234129839,0.008617982736742663,0.4597297865410281,-0.15650748745386903,-0.35451599565047376,9.751328835402742,-0.00014286036405870104,-0.0011721187345233373,0.0065833082190616355,0.5949205028975393,-0.19970461935703315,-0.9336474834085856
27336,14.600,0.8880084062774828,-0.0046832436122845435,0.00863805651996289,0.4597222222052703,-0.14974756038279233,-0.3506306109080013,9.779568783280276,0.0042829864842683025,0.003805734587802828,-0.0008613030612747682,0.6042071418087847,-0.20122022607425202,-0.9349972669061721
27337,14.608,0.8880097234991624,-0.0046714397531194985,0.008624784039053326,0.4597200471176502,-0.10385907902491712,-0.35810748518193575,9.799838452669466,0.003893240082818079,-0.004368684612341629,0.0002670242382574856,0.6088548469980939,-0.19735946962870002,-0.9363237577984127
27338,14.617,0.8880150809284608,-0.004677018734421109,0.00861358516450285,0.45970985163469286,-0.16318821049979118,-0.3575517574106282,9.723121500912052,0.00044979316280926177,-0.002644180406062748,-0.0018203019772171489,0.6022592774309307,-0.20002612008305792,-0.9357854232582179
27339,14.625,0.8880176169137111,-0.004679975198113682,0.008616102958297185,0.4597048756026536,-0.13490385538571018,-0.3754895351776213,9.779432410830642,0.0024918373754285825,0.0006485632089140992,-0.00029116850603300864,0.6051963947715999,-0.19615675118669484,-0.9368794334490124
27340,14.633,0.8880201366367375,-0.004684409856026197,0.008621166029878956,0.45969986809684465,-0.11041415364073118,-0.36132435022782333,9.771625079357907,0.0024918411289427483,0.0006485609167759531,-0.00029115221977196656,0.601780667323959,-0.19396946561897677,-0.9372239317744723
27341,14.642,0.8880180546610137,-0.004687123735356701,0.008617440600907007,0.45970393209613586,-0.15627634427970835,-0.3533390549484692,9.751375259889208,0.0018472115676788233,-0.0007944133606601567,0.0020934336425793175,0.6032572821246697,-0.19965010460615049,-0.938967855795594
27342,14.650,0.8880125268684078,-0.004690465509883905,0.008625013827595595,0.4597144339636948,-0.1494138641919311,-0.3494216182060293,9.779617158241827,0.002993720322317564,0.0009197785215898846,0.003907716253057596,0.5969007860548019,-0.19593859987040252,-0.9376758641296701
27343,14.658,0.8880144604905037,-0.004693729405434218,0.008620018125504302,0.45971075922969745,-0.16386541524816803,-0.3237451954414948,9.779786681024675,0.0015962701032981026,-0.0009300668744902359,-5.942179900467238e-06,0.6078855900657562,-0.20130635058236243,-0.9374124502412189
27344,14.667,0.8880089669203411,-0.0046970479333853865,0.008627614466591667,0.45972119450640536,-0.14185503494860072,-0.3782475802732866,9.751233468275483,0.0029937516465324606,0.0009197946962065332,0.003907768826229753,0.603501011452764,-0.20135802528722863,-0.9389059267996251
27345,14.675,0.8880149236995729,-0.004708549492125916,0.008621730240383322,0.45970968079450364,-0.1281368121383524,-0.37069913822243117,9.807706710608064,-0.00025093733734264477,-0.00013567675038804447,-0.00209945326414092,0.6059262304063682,-0.20005195743549103,-0.9364927245975293
27346,14.683,0.8880128753547495,-0.004697364384495695,0.008619776105648796,0.45971378860321177,-0.14934523820726595,-0.34873467196339636,9.779642727237912,0.005039744676915805,-0.0026545711404296155,0.002081752315415321,0.6095976461973358,-0.20205554149016083,-0.9378630773177101
27347,14.692,0.8880148012471535,-0.004692940528376965,0.008614398140612392,0.45971021439582016,-0.11705360470439286,-0.3636454724548469,9.74344508914493,0.00319253150576748,-0.001860199024045984,-1.175548518759449e-05,0.6031953620165998,-0.2042112173006512,-0.9297682344177357
27348,14.700,0.8880099837894957,-0.004688258426206956,0.008629120441019007,0.45971929174608694,-0.13471253212020856,-0.37352972603773543,9.779510100798651,0.005485743132735898,0.0015683296088314918,0.003616666223295008,0.605912417077659,-0.1889863428347354,-0.9344404446830933
27349,14.708,0.8880119248496734,-0.004699209953887376,0.008624506692154546,0.45971551706996433,-0.1492267611555367,-0.34781627891960826,9.779677240888258,0.0,1.186e-321,3.517693948629219e-15,0.6093249952077033,-0.19750872133850408,-0.9336280445662938
27350,14.717,0.8880050687031702,-0.0046878483593406186,0.00861626758188929,0.4597290310260991,-0.14149992401064776,-0.37684385121348407,9.751292977484495,0.004395089113489872,-0.00409732049162017,0.004466846696621423,0.6056564000491895,-0.1974742715352599,-0.9326767600847345
27351,14.725,0.8880082072586413,-0.004690496214957827,0.008626297556580136,0.45972275349064146,-0.12445236762582833,-0.3333579736416645,9.77187951974376,0.0033875893160012845,0.0022267986995786553,-0.0005764754908189093,0.602033013334421,-0.19401252787303197,-0.938442204279883
27352,14.733,0.8880106685356726,-0.004694957310195492,0.008631262910380784,0.45971786047885493,-0.18053274704561692,-0.36475540680605967,9.759290688089594,0.002491924154704016,0.000648317656202597,-0.0002911034793062253,0.604947584109271,-0.2019952543344836,-0.9361864162327224
27353,14.742,0.8880119835099386,-0.004683153590281911,0.008617989249287658,0.459715689830676,-0.11685104182814206,-0.3620709794052028,9.743506157045255,0.003893097879374065,-0.004368952410998263,0.00026815322159637355,0.6163666210538735,-0.19950653298837934,-0.9278912690239477
27354,14.750,0.8880151942588543,-0.004702675812903413,0.008631306746790223,0.4597090385770666,-0.12440481717685845,-0.33269276896299305,9.771902795355839,0.00019508073711724212,0.0040870991476790654,-0.000565043863522794,0.5951785869912029,-0.1963576776013651,-0.93571827692102
27355,14.758,0.8880131037116341,-0.004697702009540887,0.008627199758812354,0.4597132047881401,-0.13138113775727395,-0.3362682621526029,9.743673149527499,0.0034435166753768315,-0.0017244140524116953,0.0020880809833455595,0.6024921491113263,-0.19898987825247885,-0.9341103470795908
27356,14.767,0.8880149796372029,-0.004694732824521938,0.008624200471430128,0.4597096677141715,-0.1312385099851599,-0.3359977117954251,9.743684404928986,0.0031925125333105444,-0.0018603510062561424,-1.1376276381947015e-05,0.6081921281177368,-0.20163362371318178,-0.9466821664408106
27357,14.775,0.8880128888771663,-0.004689758953991893,0.008620093576873182,0.45971383417916595,-0.14188142900631384,-0.34223075238047895,9.80798336080947,0.003443551625319778,-0.0017243974947564501,0.0020881581842746104,0.6078864207148602,-0.20473080439532979,-0.9375358618031868
27358,14.783,0.888019599309322,-0.004694715501284464,0.008623834509649977,0.4597007508882533,-0.14871051867147028,-0.34572517999496194,9.779759251148375,0.00224090091231781,0.000512261524117302,-0.002390607217483865,0.6083956335180272,-0.2065506869369514,-0.9406440704506119
27359,14.792,0.8880215322578906,-0.004697979292321995,0.008618838485288263,0.4596970772803354,-0.13424642808474355,-0.3710588342623697,9.77961057279536,0.001596265990219892,-0.0009301788520041655,-5.63699433868379e-06,0.6073824434096152,-0.2085571110376377,-0.9352055038428647
27360,14.800,0.8880128411382371,-0.004708081036025929,0.008635549137646444,0.459713449050217,-0.12426204474469292,-0.33144343730861175,9.771947066653208,0.002544518387968842,0.003564949595628069,0.005727584001005377,0.6059489891025872,-0.20114848642174735,-0.9398740395660629
27361,14.808,0.8880129492772717,-0.004696894104804091,0.00860724915734939,0.4597138853282478,-0.15553309661852807,-0.3489323821842692,9.751545822196658,0.002101581299367751,-0.007525919390136039,0.0008396723619984997,0.6059322194715502,-0.20252629392598973,-0.9373825346091781
27362,14.817,0.8880195319856868,-0.004701844422884437,0.008610924670056091,0.4597010500828464,-0.10869762266869744,-0.3895098419195893,9.715193174496177,0.0022408700017270545,0.0005121357595585308,-0.0023906497198552187,0.6095710814345533,-0.20313768562081155,-0.9339162857630722
27363,14.825,0.88802146476593,-0.004705108109292373,0.008605928493919338,0.4596973766157578,-0.14834516602861525,-0.34487375634612294,9.779794861440905,0.0015962595755610882,-0.0009302127914354313,-5.5905596318635375e-06,0.6027613806862501,-0.1971671556648408,-0.9378373490533549
27364,14.833,0.8880233548173826,-0.004694455930576964,0.008602559904643757,0.4596938974420742,-0.11608820692274659,-0.3598785157952821,9.743596500916238,0.004788790200996779,-0.0027906453595526832,-1.672199069070722e-05,0.605458555028939,-0.20333577198946537,-0.939555832533864
27365,14.842,0.8880258823988859,-0.004689723212716701,0.008604693898890771,0.4596890230675246,-0.1090819704284137,-0.3557876394052473,9.771843201153626,0.004088234189314331,-0.0002820226992693666,-0.0002966933564393273,0.6037162828530187,-0.19827513714792455,-0.9346159341021454
27366,14.850,0.8880284101074535,-0.004694118784701619,0.008609551156940683,0.4596840042026051,-0.14808193191672206,-0.3439842703315051,9.77983017710084,0.002491969583423138,0.0006481905801562424,-0.00029113360099256323,0.6049749024393136,-0.19774125751040206,-0.9402451671119061
27367,14.858,0.8880177006053449,-0.0047037300633989716,0.008601242890430854,0.4597047497642672,-0.11596521651948646,-0.3591529800463378,9.743624735160815,-0.000142333777081279,-0.0011698471735171012,0.006584170906021649,0.6076243763909456,-0.19706380625510836,-0.9348766872298037
27368,14.867,0.88802355996529,-0.004701321345016921,0.008596918646383036,0.45969353651533085,-0.13028502089725919,-0.33354752981625446,9.743781383522846,0.002941364553442108,-0.0019967002444831175,-0.002110541837705211,0.6064065986298408,-0.20562924701293225,-0.9353154237349913
27369,14.875,0.8880180642876947,-0.004703177105039882,0.00860198069697302,0.4597040390859573,-0.10892062614121477,-0.35506296682853833,9.771871358741588,0.0029942940086727485,0.000920544739525723,0.003907910510992831,0.6166370119630437,-0.19280403702623222,-0.9317905161123976
27370,14.883,0.888019356811464,-0.0047004999806834185,0.008591442309214178,0.45970176674354135,-0.14713229437025127,-0.37626241976344604,9.723245448250246,0.002296751660859984,-0.0034389236275411132,0.0002747375103133745,0.6105691829465852,-0.19543339763132953,-0.9371131028302291
27371,14.892,0.8880218927727144,-0.004703454802978202,0.008593958581745087,0.4596967906622559,-0.1300340606985243,-0.3328940796191277,9.743807082584341,0.002491997651362778,0.0006480838363740936,-0.0002911643229577675,0.6049290952133136,-0.19676814288151667,-0.9334394758961675
27372,14.900,0.88802028435723,-0.004691933978578024,0.008599273215452419,0.45969991606026217,-0.13001876691577213,-0.3325511056707417,9.743818999070792,0.00593569493688267,-0.001076217677684216,0.0017975296380516573,0.6061417725250526,-0.18890883077743603,-0.9322429531970333
27373,14.908,0.8880216046788785,-0.004687818317377982,0.00858638124153598,0.4596976485040448,-0.14682453315789032,-0.37539126609043016,9.723283772537863,0.002296752110670175,-0.0034389414927454317,0.000274947393845737,0.609369913817887,-0.19530137082314755,-0.9403017119643302
27374,14.917,0.8880159240046294,-0.004698840583540682,0.008594093407248064,0.4597083653468604,-0.10157284432427831,-0.35008276142534095,9.800152365113776,0.00139820092351019,0.001851009240219457,0.00391332801085788,0.6015425983759044,-0.20304010861587368,-0.9381268372293718
27375,14.925,0.8880190462080421,-0.004686110304857042,0.008603356060529041,0.45970229084317843,-0.11543440031853638,-0.35722846066040426,9.743701787495068,0.0065803007496082625,0.00036567034370796125,-0.0005876533061349859,0.6059388270554362,-0.1954764598853847,-0.9383642394522161
27376,14.933,0.888015760013241,-0.004683140174359284,0.00858644138520595,0.459708985327187,-0.12969379512181456,-0.33140240086805095,9.743862466525623,0.0016521472887751772,-0.004880899647980793,0.002660533399714082,0.601243324656777,-0.19981942126359306,-0.9299364006675834
27377,14.942,0.8880195207683933,-0.004700852811159437,0.008604748582950676,0.4597011975391683,-0.1329494730935791,-0.36699143451371136,9.779781769466243,0.0010911420106876324,0.005665270983759232,-0.0008521527874041187,0.601094822831977,-0.19177072755443128,-0.9441465119322431
27378,14.950,0.888013320714099,-0.004696721010248815,0.008604083602614106,0.459713228862767,-0.14755980617877923,-0.3413034059519791,9.779931994842352,0.003694906776572023,-0.0015878485415294187,0.004188565931429865,0.6090597435994799,-0.1964208048030588,-0.930492355945837
27379,14.958,0.8880112369275839,-0.004699435006116509,0.00860036060549163,0.45971729595309113,-0.15435522525164,-0.3448122637409471,9.75171109138928,0.0018474604833019635,-0.000793928580655681,0.0020943136492446494,0.6039733235458604,-0.19931999142931464,-0.9365317070113627
27380,14.967,0.8880137433835051,-0.004703771446954452,0.008605114205842456,0.45971232102880805,-0.1399136606523075,-0.3701264224376778,9.751573146553852,0.0024920637366666752,0.0006478931499191306,-0.0002911221484572695,0.6025095563761987,-0.1949281953922565,-0.9366965868495528
27381,14.975,0.8880116594942044,-0.004706485478647905,0.008601391333997684,0.4597163882916383,-0.13302687280282507,-0.36620956245578,9.779810025010155,0.0018474624761828247,-0.0007939086522783992,0.002094355781868404,0.610031705230847,-0.194931035438273,-0.9298055072301837
27382,14.983,0.8880187159283831,-0.00471109477368273,0.008612349006806902,0.45970250509598537,-0.14684573217642255,-0.3734869648592056,9.723356785780593,0.003136685684624546,0.0020896401104268728,-0.002676577653998299,0.6090775948616016,-0.20433179161200568,-0.9331445614693147
27383,14.992,0.8880252762185751,-0.004722286515281275,0.008613973665488016,0.4596896869244318,-0.15453658047006047,-0.3441047687947399,9.751733209798386,0.0006446208202529063,0.0014417476461683946,-0.0023854603837842,0.6044883323989413,-0.19750588129248764,-0.9405010489215458
27384,15.000,0.8880140275124615,-0.004718221045128216,0.00859962341001335,0.45971172685550776,-0.12986919061095134,-0.330042315702732,9.743906293712751,0.00215446495812403,-0.0046077073252829975,0.006860180716517938,0.609097687710372,-0.1958869251655363,-0.9361298049847416
27385,15.008,0.8880211743283674,-0.004713727124313395,0.00860799354656214,0.45969781070630283,-0.1542802200278605,-0.3437056180154072,9.751751346044193,0.004732919688278495,0.0011591300906448976,-0.002681806189202473,0.601507204800354,-0.19283848682947635,-0.9328683274427758
27386,15.017,0.888018989674343,-0.004725541540839851,0.008606847196944928,0.45970193105558527,-0.10846522882306829,-0.351308129732219,9.772012134226209,0.0002512430458544881,0.00013658221723788876,0.002099611199822635,0.6105639085970824,-0.19687149229124914,-0.9363294798690797
27387,15.025,0.8880203087278573,-0.004721426260726316,0.008593954438279051,0.4596996664867827,-0.17874657826633755,-0.3573431799272859,9.759597780261103,0.0022965956219282062,-0.0034390745534978607,0.00027562696736464613,0.6071859704753285,-0.2017225882673086,-0.9422884304479292
27388,15.033,0.8880194923923099,-0.004717231662837638,0.008607117087273969,0.4597010402339654,-0.122692475810495,-0.3254036568819124,9.772169887119727,0.005235462774267804,0.001432245506166128,0.0015174237894052687,0.5971292911166423,-0.20636121301910862,-0.9353520287892837
27389,15.042,0.888017408184299,-0.004719945860176039,0.008603394855113921,0.45970510816140037,-0.1397164275886818,-0.36829349908286746,9.751645371454,0.0018474963303439702,-0.0007937879073410158,0.0020945249825851065,0.6074053957424204,-0.19499709499874482,-0.9386155878709597
27390,15.050,0.8880181895720771,-0.004725171061052464,0.008585539106282762,0.45970387888925845,-0.146407217051149,-0.37196891588161185,9.723421590141513,-0.0001955483318218884,-0.004086885000927063,0.0005668979653684706,0.6093611423505139,-0.20453849043147054,-0.9389985136774356
27391,15.058,0.8880259405586587,-0.004720366896194108,0.008601420444863209,0.4596886583304033,-0.15390058399706644,-0.3425130484747483,9.751799304914135,0.0056287914747315156,0.002737094215364045,-0.0029678603446196693,0.6115745679066017,-0.1916759905955099,-0.9413920395168768
27392,15.067,0.8880251099678065,-0.004731565728952598,0.008615345414715517,0.4596898869627257,-0.1328220784971514,-0.3639488364465617,9.779897201098734,0.002043034021528717,0.0032931437986820976,0.0015276002179178461,0.6029617176538126,-0.20157901664953742,-0.9313285112901292
27393,15.075,0.8880229984060387,-0.004711215533512896,0.008610472915823383,0.4596942663404794,-0.13647560229023473,-0.33165121092735234,9.715753230073352,0.006636200988659774,-0.003585060742046764,0.0020795807152336186,0.6005234000871787,-0.19573190105093766,-0.9317956206282881
27394,15.083,0.8880242818006032,-0.004716131698914215,0.008600098300887364,0.4596919309097524,-0.13945615926141394,-0.3670403485599193,9.751696344527083,0.0007003337291061911,-0.0025086567627445556,0.0002810756060910021,0.6020869926242216,-0.20211298859982166,-0.9464620389328144
27395,15.092,0.8880262133035625,-0.004719395091686481,0.00859510120274432,0.4596882596184278,-0.1399819226224864,-0.3339587308434917,9.808295797679374,0.0015962325397125294,-0.0009304654799705309,-4.99705872049504e-06,0.6057231498881954,-0.2002672687057669,-0.9425939463595558
27396,15.100,0.8880242331063192,-0.004715784154065212,0.008593168227987348,0.45969215814015346,-0.14676233857581084,-0.33749978684893156,9.780075993781132,0.0034437980758065473,-0.0017241396331660573,0.002089671650991005,0.6098620480413238,-0.19287870903751508,-0.9408725143945113
27397,15.108,0.8880267688459065,-0.004718737723310431,0.008595683268112332,0.4596871822843787,-0.11462550365737877,-0.35255726988154795,9.743881472117591,0.0024921375488497098,0.000647695744725269,-0.00029109451630471994,0.6103377795491288,-0.19721021791889595,-0.9390063253839012
27398,15.117,0.8880326464042531,-0.0047162692426471345,0.00859121580999551,0.4596759366505895,-0.1567718629278603,-0.37647111220717633,9.787797754214484,0.0029411305738097503,-0.0019978103971696115,-0.0021095246723333,0.59982126881299,-0.19979935631595455,-0.9362984338567362
27399,15.125,0.8880219163663131,-0.004710507076323242,0.008582150237949854,0.45969689347816806,-0.12125659150491608,-0.3558426128071301,9.715673408745326,0.0030506740829946023,-0.0030285110627416008,0.006575247114676112,0.6044346811729652,-0.20186606757231806,-0.9325299555106614
27400,15.133,0.8880278816419175,-0.004707957911855528,0.008577607417803421,0.45968548074727683,-0.1393778890262592,-0.3327923163064418,9.808344045291689,0.00294105947605706,-0.0019979240022199823,-0.0021094921097716754,0.6076255548403234,-0.19902432805572298,-0.9350517723261773
27401,15.142,0.8880189836404944,-0.004716642561511079,0.008591846280173222,0.4597023147152391,-0.1532219775994655,-0.34006856025118526,9.751895541484277,0.0025460546383810354,0.0035670602986358738,0.005726539849212632,0.612512719557465,-0.20100207475795975,-0.9356819595904704
27402,15.150,0.888016932150752,-0.004713023374248581,0.008589934689429254,0.4597063504524084,-0.13887386104811467,-0.36531423232161336,9.75176947022976,0.0034438162873738163,-0.0017241599097314922,0.0020899463633649224,0.60565444891742,-0.19184530725295246,-0.9323868756821273
27403,15.158,0.8880228794540953,-0.004716835548583713,0.008583660995129928,0.4596949399247138,-0.1394190629153835,-0.3321209337428151,9.808366216521058,0.0013448071318687483,-0.001067516318238898,-0.0021045373000817603,0.604730264758954,-0.2067774507040548,-0.9401721399978141
27404,15.167,0.8880220055717138,-0.004720266147855077,0.008597100087766534,0.45969634170609436,-0.16335851800709927,-0.3788558124046084,9.759627737710762,0.0036395423967834142,0.002362672893567964,0.0015223294618113392,0.5986004774041624,-0.20028733365340542,-0.9362894253744116
27405,15.175,0.8880279334657717,-0.004708701691106787,0.008590058404606525,0.4596851405141363,-0.13190064579773123,-0.36083165455417066,9.780025177297146,0.004537262138223055,-0.0029286793460356,-0.002114089174465352,0.6134724323400379,-0.2026238709309275,-0.933175269554536
27406,15.183,0.888035726658143,-0.004697547372181978,0.00860769458814308,0.45966986938596216,-0.12862364451194366,-0.3246786244718444,9.744103014801427,0.007225149140031389,0.0018056525346517027,-0.0029728673941371527,0.612505629124749,-0.20316352297324466,-0.9346285167198701
27407,15.192,0.8880296454884753,-0.004715089684450718,0.008606018595539739,0.459681469179272,-0.13885908085035711,-0.3638607198552368,9.751824022397162,-0.001093450545431209,0.0012047490601472326,0.004204071671018815,0.6091136649225682,-0.20476525419857394,-0.9385035783430343
27408,15.200,0.8880310788834761,-0.004689244577504594,0.008594156756799977,0.4596791863810915,-0.13866162745939806,-0.3636146746063274,9.751836011771607,0.0070851944712315455,-0.006230906352577072,0.0002627549551543903,0.6095689372875154,-0.19140039216955676,-0.9335977246115743
27409,15.208,0.8880382249528126,-0.004684747736357419,0.008602522708250697,0.45966527034828236,-0.1145631925189697,-0.316188473775541,9.800591997734012,0.004732959926609466,0.0011578935884891126,-0.00268181088416403,0.6156897601596648,-0.2010192996595818,-0.9361485641991915
27410,15.217,0.8880366687991558,-0.004688526940790512,0.00860846266175671,0.45966812697186854,-0.1385294492600122,-0.3628325750456451,9.751867018616421,0.0027436370111745497,0.0007847432007488892,0.001808622534610642,0.5966099162663245,-0.19886930394112437,-0.9307340200280118
27411,15.225,0.8880345838724928,-0.004691241480144359,0.008604742502624588,0.4596721967948975,-0.13164663843731653,-0.35888425848144906,9.780100253546172,0.00184767769063244,-0.000793343788940621,0.0020950468108400016,0.6035163898827055,-0.20583594583239712,-0.941190737618887
27412,15.233,0.888041160619095,-0.004688339149371432,0.008607633508116982,0.45965946652679895,-0.13526169822198522,-0.3267427724409567,9.715936514513457,0.003837021888114384,-0.0004203209564536204,-0.002395327523399699,0.6091071930085562,-0.19740253188275522,-0.9375420303038234
27413,15.242,0.8880390553068684,-0.004675676841381462,0.008603145260749474,0.4596637468708868,-0.1560169810249616,-0.3722272156061734,9.787972129364496,0.005040208287794186,-0.002654430642358255,0.002085919681227834,0.6052094933846294,-0.20330993463703226,-0.938825526312949
27414,15.250,0.8880410219430415,-0.004687965120278392,0.008600633255304373,0.45965986929141145,-0.13825511612369076,-0.36184642237100506,9.751907552856693,1.6653345369377348e-15,1.186e-321,3.8638932548309976e-15,0.602535966353976,-0.20141831244290587,-0.9406203816186757
27415,15.258,0.888042932116089,-0.004675851471146734,0.008594867637062211,0.4596564101391176,-0.13879650327644438,-0.32863299530422696,9.808492530845118,0.004788759367835833,-0.0027917532744260068,-1.3676505525433908e-05,0.6093501878845219,-0.20912260043238792,-0.9373709819649966
27416,15.267,0.8880456301944353,-0.004695470962927656,0.00860025169149088,0.45965089678564547,-0.16267563426616458,-0.37542128294204175,9.75977186219508,-0.000700283842015066,0.002508642499680494,-0.00028196532608865707,0.6103477097294308,-0.2038581991301604,-0.9404816764748106
27417,15.275,0.8880469353087932,-0.004683667898932437,0.008586974098960606,0.45964874395509564,-0.12794214136411894,-0.32192671204417855,9.744203292395197,0.003892801984592114,-0.004369813380432527,0.00027291703302273295,0.6120423394810064,-0.20182877772305746,-0.9383432237996521
27418,15.283,0.8880421360216227,-0.004686541394301672,0.008601689701637301,0.45965771168793745,-0.12420385185495893,-0.3535096478984055,9.808391925257581,0.003891224140152288,0.002500274219603282,0.003621759516083268,0.6090967602429751,-0.1997907438651435,-0.935992008892993
27419,15.292,0.8880446714375763,-0.0046894939698151495,0.008604204268353318,0.4596527361460429,-0.169552940154013,-0.3784750929696334,9.731574119140515,0.002492248239196601,0.0006474182943459259,-0.00029102947859576,0.6073615396481902,-0.19965294465216696,-0.9320997810578283
27420,15.300,0.8880471500273891,-0.004686099822306001,0.008608415071046007,0.459647903276685,-0.09915126166895731,-0.3720699487249978,9.743986318070801,0.00408850596843691,-0.0002831989475898371,-0.0002954673876230571,0.6047137467312153,-0.19325472451442255,-0.9377180163562251
27421,15.308,0.8880456800680503,-0.0046961923035352465,0.008612592057286277,0.45965056200159027,-0.14573479762061511,-0.3310349664219946,9.780312313436319,0.001147492103320625,0.0017154899757573705,0.0018131261933982117,0.6076375909374,-0.20372901236799487,-0.9368400046052091
27422,15.317,0.8880429241449562,-0.004700555618960001,0.008603396747677941,0.4596560140119465,-0.11362426567661969,-0.34627484465363395,9.744118484259783,0.0009517180210019846,-0.002371171680950917,0.0023818665487796314,0.6012984053141116,-0.20328409728459915,-0.9381198681794665
27423,15.325,0.8880460435439871,-0.004687820074020092,0.008612653895300207,0.4596499440679886,-0.14563454726804512,-0.3306388233512145,9.78032720808512,0.006580788769616134,0.0003640786289377751,-0.0005863987254406402,0.611323593360786,-0.1997017793110167,-0.9403775288567304
27424,15.333,0.888052010576718,-0.004685242787649824,0.008608033184808123,0.45963852838438046,-0.13802160250260673,-0.3595154958005848,9.751997071500279,0.002941003380537151,-0.0019988227548906395,-0.0021084295497542918,0.6081377430609499,-0.19524108366747028,-0.9386020459977389
27425,15.342,0.8880545457930774,-0.004688195171839595,0.008610547701081587,0.45963355294252617,-0.12353012397728953,-0.3847908486604623,9.751886953207803,0.0024922730839894917,0.0006473718223480085,-0.0002909921249651603,0.6057423923514125,-0.20232252746530294,-0.9454528460206564
27426,15.350,0.8880490265865867,-0.004691392472803079,0.00861762936965666,0.4596440510648756,-0.12102822746562376,-0.315874494588622,9.772503299939707,0.002995301485884598,0.0009225384002091128,0.003908438805762545,0.6054273924020698,-0.19608785158020656,-0.9349259251052002
27427,15.358,0.8880509460853852,-0.00468696719813332,0.008612247406964403,0.4596404885233,-0.1625467486149814,-0.3727489255638946,9.759876438797557,0.0031925077508678013,-0.0018613173331746833,-8.596772533413336e-06,0.6122738008451749,-0.1998079687667656,-0.9364586135017142
27428,15.367,0.8880493803505658,-0.004683012151507139,0.008617675255502052,0.45964345217718117,-0.12348913656963051,-0.3840055770930171,9.751918426323005,0.004340079695028958,-0.00014571278388985972,0.0018044745123141832,0.6003296700821847,-0.20503508021973246,-0.9392860709238813
27429,15.375,0.8880513104348006,-0.004686275456555602,0.008612677877279148,0.45963978356661167,-0.12776498826332183,-0.3188418388746023,9.74430704440368,0.0015962537429733458,-0.0009306748854085239,-4.2529622970762394e-06,0.6029882633014635,-0.19365657734376307,-0.9352724628630792
27430,15.383,0.8880445556739532,-0.0046977254599425864,0.008605048066132538,0.4596528599510007,-0.12401397790452318,-0.35067347572592494,9.808496136637732,-0.00039296451893989576,-0.0013026045647969282,0.00448619505256839,0.6010465230373478,-0.20128912568074034,-0.93697049371993
27431,15.392,0.8880510958847924,-0.004693537239632438,0.00860589835947773,0.4596402509783343,-0.13018925558760341,-0.38734310539183964,9.723714004738214,0.003836997404652444,-0.0004211363533470065,-0.002394968009993864,0.6067087509481346,-0.21057507994791314,-0.9439335407911358
27432,15.400,0.8880537802151401,-0.004682369994680247,0.008609603797318345,0.4596351091673549,-0.12000311754442337,-0.34753323148452886,9.71598975015549,0.005684821388449149,-0.0012141301540354982,-0.0002994002522792962,0.608847234864967,-0.201716815862514,-0.935192804626204
27433,15.408,0.8880563153604383,-0.004685321969963866,0.008612117955578506,0.4596301338367616,-0.13828323020541783,-0.32431436746856224,9.808643523363118,0.0024923179118325977,0.0006472497954860579,-0.0002909690547686292,0.6068900002374852,-0.2053594209917737,-0.9345888001523244
27434,15.417,0.8880502748896646,-0.004681060528183231,0.008611272849673078,0.45964186375985333,-0.12317135737904529,-0.38260030882254903,9.751977679554168,0.003695656693291042,-0.0015858326527034496,0.004191158962778273,0.6025181730585665,-0.19326333696523357,-0.9379767883509323
27435,15.425,0.8880528210209594,-0.004691701057565291,0.008614171689700837,0.45963678167005206,-0.11306058509365127,-0.3429870898363565,9.744241321712751,0.0008960856878136105,0.0015779208302017843,-0.0002868191893418424,0.6112613643040231,-0.198642540174021,-0.9311320062185129
27436,15.433,0.8880505510534884,-0.00468804482987101,0.008611971727048051,0.4596412459214703,-0.176582425036443,-0.345170209528403,9.760075281080868,0.003444075085680014,-0.0017236335739548659,0.002091504649466922,0.6057131037744689,-0.19410726483195334,-0.9411013707571777
27437,15.442,0.8880524808058287,-0.004691308027846145,0.008606974103278521,0.45963757783756887,-0.1689393726975796,-0.3742361374443486,9.73174872424687,0.0015962463265875072,-0.0009307381770554484,-4.110000884505292e-06,0.6022488446653498,-0.2024143320654462,-0.9342354018473876
27438,15.450,0.8880475288662111,-0.004709543384998951,0.008622236514996617,0.4596466726880557,-0.11374328886949885,-0.3094604173374464,9.800816297376771,0.0006991521560390786,0.004362250735645787,0.003629937970506138,0.5968883053391583,-0.20002612008305792,-0.9358215737864518
27439,15.458,0.888054090415003,-0.004720732021230718,0.00862385532867161,0.45963385026087417,-0.15231198923212974,-0.33088491922651914,9.752225718771212,0.0006445653484624114,0.0014400368596375827,-0.002386601037724053,0.6088043062381335,-0.20246884681632885,-0.9288147939048212
27440,15.467,0.8880519642565672,-0.00471699041654513,0.008621663173058678,0.45963803770531636,-0.12021347763627065,-0.3460653601877403,9.71603954274595,0.0034440370103554557,-0.0017236337314155787,0.0020916527975609707,0.5969143872531109,-0.19405559012708717,-0.9396966273135277
27441,15.475,0.888059109198372,-0.004712489898120128,0.008630023215349596,0.4596241221999313,-0.16304179390642157,-0.336758270659614,9.816547465835047,0.004733171367622475,0.0011563525286792027,-0.002681544635361064,0.6097865847016574,-0.19907884280660565,-0.9296607420885297
27442,15.483,0.8880602705295574,-0.004709647493985955,0.008619030382207217,0.4596221137442401,-0.10631099351212205,-0.3378937509206243,9.772508841359802,0.0022963892299480426,-0.003439383529009748,0.0002788642860762603,0.607919071361118,-0.19879472424260317,-0.9423868478992542
27443,15.492,0.8880587676192777,-0.004696673435053277,0.00862205409456001,0.45962509363215276,-0.12313987275778415,-0.38076026034646127,9.752050094685979,0.0059364699826157255,-0.0010764223764722274,0.001800893910774569,0.6073851098783817,-0.19733363227626693,-0.935601667606642
27444,15.500,0.888057252796991,-0.004700356375053546,0.008627771220793817,0.4596278755345141,-0.13067113301859928,-0.35112832015217255,9.780394863092438,0.0027439797584568096,0.0007851022095332759,0.0018088860268717798,0.6002453779297503,-0.19995144807177503,-0.9267625803859416
27445,15.508,0.8880591821463374,-0.0047036196469422325,0.008622773448799689,0.4596242081808202,-0.1375599290126493,-0.35473149190606923,9.752178785606965,0.0015962483406114555,-0.0009307805221112443,-3.936209003565136e-06,0.6098249925462479,-0.1965930538192795,-0.9353670891733087
27446,15.517,0.8880569980609411,-0.004707574176609577,0.008620935644713612,0.4596284221074362,-0.1374929862339281,-0.35459034527714195,9.752184862787365,0.0018478559119385074,-0.0007927469071699377,0.002095857914692003,0.6013056696469644,-0.20039068306313787,-0.9391991478172695
27447,15.525,0.8880647482334575,-0.004702761081058569,0.008636806005028228,0.45961319885887975,-0.13067848898200946,-0.3505047407709569,9.780417133022675,0.0056293386837212534,0.0027338910752503893,-0.0029684847800884994,0.6076554810511025,-0.20455571533309264,-0.9394979824027332
27448,15.533,0.8880581192464149,-0.0046910809676517186,0.008627971082908295,0.45962629245384584,-0.13751752895956718,-0.3538787883350624,9.752210363904787,0.004395824264912059,-0.004093989903143566,0.004475000346021103,0.6108547783855598,-0.19394078822052727,-0.943271323970738
27449,15.542,0.8880606768142557,-0.004709409907203395,0.008631255076161616,0.45962110176790494,-0.12992331759951498,-0.38300728040144,9.723889310343644,-0.000700082062668498,0.0025086380270099295,-0.0002831680062172886,0.6149390589937345,-0.2019005173755622,-0.9334352302290138
27450,15.550,0.8880585784215372,-0.004713430191555232,0.008629468114900922,0.4596251485153988,-0.12051918580804705,-0.310473567611171,9.77268266964996,0.0018478572783954565,-0.0007926841682375543,0.00209596390000296,0.6032591561745952,-0.1986827623820597,-0.939246287960779
27451,15.558,0.8880598904033541,-0.004709316621863906,0.008616573567545813,0.459622897660347,-0.13736321591200773,-0.3535087807528874,9.752225957606797,0.002296306452025192,-0.0034394695460515804,0.00027937388414605733,0.6066309504461618,-0.1989295910968016,-0.9323745305847656
27452,15.567,0.8880577572827983,-0.004713256231698184,0.008614694006986773,0.4596270139936372,-0.11264629248922854,-0.3394160723853804,9.74437116075173,0.0018478954306717973,-0.0007926716950600637,0.002095983835174487,0.6040062831408114,-0.1990042631080845,-0.9414285943677894
27453,15.575,0.8880596862925176,-0.004716519390178766,0.008609695958598186,0.45962334705971847,-0.1302341343076522,-0.3494128887524884,9.780462127164743,0.0015962379014669067,-0.0009308445430164888,-3.815384484655128e-06,0.6113063599960505,-0.20303149616506264,-0.9378171258539714
27454,15.583,0.8880496392985701,-0.004719347435317248,0.008610399206393409,0.4596427166038547,-0.1515051432530421,-0.32753563587371115,9.752351349425213,0.002351259217012066,-0.0005162986893576878,0.006295680997472261,0.6090890901431358,-0.20439207876768292,-0.93485244346505
27455,15.592,0.8880562014138436,-0.004730535102816327,0.0086120161655675,0.4596298927894272,-0.12269502283388098,-0.3784084000464655,9.752147242971901,0.0006445439653804396,0.0014395815659181805,-0.002386937638686123,0.6161551557201822,-0.2004107480107764,-0.9327467383075317
27456,15.600,0.888050776851836,-0.004718214274620766,0.00861822258404179,0.45964038380716915,-0.13714409752753656,-0.35263140563867557,9.752260806607051,0.00618824488433788,-0.0009384353168595976,0.0039012874070266197,0.6032770851398783,-0.1924251815033083,-0.9419100380323496
27457,15.608,0.8880487013944195,-0.004728618342612867,0.008614891316022619,0.4596443492178152,-0.13712039490061603,-0.35236629397778263,9.752270721335622,0.0002516856465122857,0.00013824976461309477,0.0020998579428574424,0.6035173562016832,-0.19484784328894078,-0.941334305984682
27458,15.617,0.888043606680173,-0.0047237258526652,0.008628849430028408,0.45965398073556735,-0.13030428839328526,-0.3483424144453209,9.780499378297847,0.005488314125154228,0.0015701634780517473,0.0036180418699709145,0.6037053092718953,-0.19601895197371824,-0.9329855624080186
27459,15.625,0.8880421139345358,-0.0047184397480308496,0.008632258103695141,0.4596568549745092,-0.1303701986821674,-0.34793892911101487,9.780512861759487,0.004340368744606657,-0.0001458687560950236,0.001805387344603112,0.6022414064323598,-0.20603971229308385,-0.9331302854423816
27460,15.633,0.8880399992063929,-0.0047069285533404654,0.008629542910578969,0.45966110953860206,-0.13026171815171086,-0.3475545321002229,9.78052797478271,0.005040283809411694,-0.0026545537110769252,0.002088972542127346,0.612818967775884,-0.2025492912324063,-0.9449086145113905
27461,15.642,0.8880425458557206,-0.004717568030156247,0.008632440939959319,0.4596560260296715,-0.13022044247410539,-0.34731162532282744,9.780537152357983,0.0008963089152334947,0.0015777033057599896,-0.0002872084120134139,0.6132852716886665,-0.19119662570887003,-0.9416417447297916
27462,15.650,0.8880410637160981,-0.004721218874227909,0.008638087084648034,0.45965874591683914,-0.13721306459665483,-0.3509528319173477,9.752320386414597,0.0027442068651802615,0.0007851006845264932,0.001809096956845396,0.603509551053288,-0.1930968603538074,-0.9401746760635826
27463,15.658,0.8880349601115973,-0.0047233862609917555,0.008635652586065107,0.4596705611046211,-0.13722716215968594,-0.3507525718845051,9.752327392575094,0.002099587610780795,-0.000654203271820718,0.004196261475291736,0.6144794594831308,-0.19887507634591897,-0.9376981893834315
27464,15.667,0.8880374128606519,-0.0047275515687483114,0.008639955424425324,0.4596656989445588,-0.1303382895919275,-0.3467725226872143,9.780554711620802,0.002492528873937055,0.000646656861482484,-0.00029079643989262765,0.6019983727048132,-0.20140392758730025,-0.9332955615071619
27465,15.675,0.8880387353435327,-0.004731127143854583,0.008627445464954694,0.45966334218660265,-0.13026239715631943,-0.3466424306702539,9.780560334278107,0.000699829011673335,-0.0025086864829924915,0.0002836893931416183,0.600750881484647,-0.1966217312177291,-0.9293196969770432
27466,15.683,0.8880325449252264,-0.004726730026625273,0.008626340301101246,0.45967536743868603,-0.13699707050953935,-0.35025285091845215,9.752348588005928,0.003695820287922369,-0.0015851774716673533,0.0041927821077446074,0.6090814009281651,-0.2021531184950987,-0.9337100380554191
27467,15.692,0.8880350916713758,-0.0047373692007753945,0.00862923796117029,0.45967028351360373,-0.1301073564473282,-0.34627161069622003,9.780575533413232,0.0008963751806749627,0.0015776492584433667,-0.0002872839978254059,0.6083427747108922,-0.20065473667950184,-0.9327907086383196
27468,15.700,0.8880330467918421,-0.004733532090596772,0.008626927035571143,0.45967431689128385,-0.1369991637184258,-0.34988661473212407,9.752361704946173,0.0034440761431525167,-0.0017236311440569458,0.0020929258712666806,0.6105145271713686,-0.19710109610436896,-0.9289927610901738
27469,15.708,0.8880349634499445,-0.004729105908306327,0.008621541964240418,0.45967076072110874,-0.12306528382744839,-0.3420285799733733,9.808813343567834,0.003192333068452613,-0.001862127859224336,-6.992437578249356e-06,0.6088980654584889,-0.19538749533125785,-0.942744829798467
27470,15.717,0.8880334069858361,-0.0047326834563624345,0.008627102790924835,0.4596736264806423,-0.1400500843757144,-0.3849941991809307,9.788377436227421,0.0027443260481637534,0.000785084926847999,0.001809144014647231,0.5990923409091696,-0.2059249103865239,-0.9368200065076091
27471,15.725,0.8880353354462427,-0.004735946286990826,0.008622103558211075,0.4596699611045709,-0.15123304419781664,-0.3236944621265568,9.752483822283006,0.0015961644890341077,-0.0009310789753800133,-3.4590582480715737e-06,0.5983821923561853,-0.1952927583723365,-0.9401316730843792
27472,15.733,0.8880252209468699,-0.0047309813524038565,0.008622246931785872,0.4596895491911409,-0.14362077248145091,-0.35276239274784804,9.724178892630992,0.0039476692495447295,-0.0014465088310838146,0.006293054416298092,0.6078687045012947,-0.20317213542405568,-0.9349037207728655
27473,15.742,0.888032390893643,-0.004741854914621469,0.008631372031958894,0.4596754147793152,-0.11547764812449189,-0.3704486530732003,9.7805315312121,0.0015410833639621071,0.003016604327731835,-0.0026747560957731107,0.6044729730841312,-0.19986825592244284,-0.9382190780839719
27474,15.750,0.8880297236682266,-0.00472294545482723,0.008620725094292209,0.4596809619364427,-0.15436190097127714,-0.35856138534327964,9.788508515343814,0.005739980218186259,-0.005163439107795927,0.0023738169479138095,0.606417263262271,-0.20226508035564214,-0.9368998941687589
27475,15.758,0.8880282422283281,-0.004725347555738585,0.008624519821570139,0.45968372796216217,-0.13653412728842068,-0.3480992949789737,9.75243218625616,0.0027444102649906072,0.0007850948385011657,0.0018091812681961816,0.6135182204509063,-0.19675669038468915,-0.9399781207885867
27476,15.767,0.8880261871349384,-0.004729229638364538,0.008622566901861374,0.4596876947337553,-0.16109205094670445,-0.3618207200777747,9.760311799319332,0.001847965803214607,-0.0007924807205421991,0.0020966526193278608,0.6037446828141461,-0.20330993463703223,-0.9388353855479219
27477,15.775,0.8880280909080926,-0.004717114052632002,0.008616795057132101,0.4596842497150482,-0.14391828083869768,-0.3183381792838794,9.780760710453988,0.004788438260943151,-0.0027934711104679595,-1.0006858581891759e-05,0.6000688042076479,-0.19932860388012572,-0.9368019814468718
27478,15.783,0.8880294435892567,-0.004721802045809264,0.00860599052960145,0.45968179084123,-0.14631529030287327,-0.3868289019315656,9.760244932556168,0.0006996916006624298,-0.002508716490094298,0.00028419015311125244,0.6105535529133453,-0.20585601078003563,-0.9347909106956714
27479,15.792,0.8880245525331382,-0.004723343284733621,0.008618579923701679,0.45969098773701633,-0.13618709515005456,-0.3472276021671041,9.75246811375261,0.003892816621890786,0.0025013848498229773,0.003621669024677981,0.5991296473862262,-0.20807490610498136,-0.9423627207334366
27480,15.800,0.8880307184913211,-0.004735940849020914,0.008614427849819289,0.45967902444301645,-0.14641982055175107,-0.38649075759863666,9.76025676065093,-0.00025185624889450983,-0.0001387484596766793,-0.0021000217899846433,0.6090682054968424,-0.20232820755733588,-0.9317495606617014
27481,15.808,0.8880240066129866,-0.0047384217013636,0.008604485304228103,0.45969215119626317,-0.11163958818341198,-0.333130248320871,9.744599664271792,0.0012033906419741938,-0.002231222836114108,0.004484301177435121,0.6083896833044259,-0.19699206660260365,-0.9397600327130097
27482,15.817,0.8880224901883396,-0.004726614136830513,0.00860924122017066,0.4596951130957506,-0.16124026734465688,-0.32754750781467235,9.816888871851148,0.005936783583374662,-0.0010773415475566163,0.0018026606518145012,0.6142326388041525,-0.20325825993216606,-0.9373008288437954
27483,15.825,0.8880244058001211,-0.00472218741215886,0.008603855048461981,0.4596915589041115,-0.1215330611244736,-0.3718768891353631,9.75241304166115,0.003192263341360183,-0.0018624424197486468,-6.482065324221895e-06,0.6005681059456446,-0.20134080038560653,-0.9384376789850751
27484,15.833,0.8880264056949633,-0.004726592625524217,0.008600582152787578,0.4596877114925643,-0.1358366895923423,-0.34617850489402163,9.752510295732716,0.0015961345744965943,-0.0009312229472577679,-3.2285867410882e-06,0.6025024850586143,-0.20392993878266513,-0.9356459839606405
27485,15.842,0.8880289533412474,-0.0047372308764021005,0.008603479361823662,0.45968262618261263,-0.11454606817469445,-0.3677785425229687,9.78064325402852,0.000896507296256772,0.0015775054768683862,-0.0002876253258358533,0.6006038861730496,-0.20299420631580206,-0.9437536345801234
27486,15.850,0.8880281523481021,-0.004740428589389758,0.008616439255782553,0.45968389785651337,-0.1573403111880164,-0.32419155378346287,9.72438734533583,0.003641065796010366,0.0023626346166963495,0.0015216137430763806,0.6093509611882312,-0.19202616871998424,-0.937485873581901
27487,15.858,0.8880300801963008,-0.004743691089031253,0.008611439340791789,0.4596802336123275,-0.13608477396199556,-0.34567861693963614,9.752524568538613,0.0015961337989586271,-0.0009312335829734098,-3.16780569126914e-06,0.608370151007647,-0.19615675118669487,-0.9368580717732377
27488,15.867,0.8880277989493208,-0.004739915360712169,0.008609036149925422,0.45968472455822157,-0.1467352558024918,-0.3517701140239577,9.816846614104671,0.0034441726392170323,-0.0017235789375145397,0.002093746993691008,0.6010558353202634,-0.19669640322901194,-0.9383540422901211
27489,15.875,0.8880290941883182,-0.004728112892513411,0.008595752588094191,0.4596825925146562,-0.12131922386339263,-0.3706774060512708,9.75246136924708,0.003891866460319064,-0.004371236310574818,0.0002782722818160424,0.6110280097747972,-0.19479039617927996,-0.9327353443695777
27490,15.883,0.8880280715721846,-0.0047313686612091505,0.008608722742458108,0.4596842918168104,-0.1356566180045517,-0.3448660428382991,9.752559301797179,0.00364115673058358,0.0023626415122954443,0.0015215180703678024,0.6115219791965791,-0.19848467601340586,-0.9335788066908974
27491,15.892,0.8880259827251855,-0.004734083829116681,0.008605007644713239,0.45968836867893764,-0.16027926795717176,-0.3585454412191179,9.760446046422894,0.0018480723850746216,-0.0007922876700482736,0.002096981377769052,0.6132415506429926,-0.2022047931999649,-0.9351460024098166
27492,15.900,0.888023295325624,-0.004722888297668844,0.00859475830106795,0.45969386706252086,-0.13552787472696312,-0.34439492464309857,9.75257774027617,0.004143778149371383,-0.004232313174204909,0.0023786022976736284,0.6081023686005311,-0.19187975705619661,-0.9333463761928307
27493,15.908,0.8880224212534708,-0.004724975953142667,0.0086060643108142,0.45969532258926066,-0.12855663054350677,-0.3402685892615214,9.780806725732687,0.0036412541514832717,0.0023625987417266914,0.0015214749783240326,0.6066490533115819,-0.19194004421187386,-0.935064117423539
27494,15.917,0.888028086675082,-0.004722284022134115,0.008601045934173561,0.45968449975896086,-0.14561017604479032,-0.3832173383047699,9.760397945711372,0.002940267940643109,-0.0020016837408938725,-0.002106136233902782,0.6034913711060239,-0.19349010073233694,-0.9374736369873871
27495,15.925,0.8880219809864328,-0.004724452011812553,0.00859861647357397,0.45969631783696124,-0.1284652784336724,-0.339794151599698,9.78082441949908,0.002100111782924903,-0.0006531386559735187,0.004197169087432646,0.6105876718425425,-0.20066050908429645,-0.9398600431667838
27496,15.933,0.8880210412857731,-0.004720003440764685,0.00861119638371937,0.4596979433259323,-0.1599605009970166,-0.3572037003469513,9.760500472369715,0.005237431394441845,0.0014312539183509324,0.0015184820684433643,0.6015480466255442,-0.20087004794977772,-0.9389362969577242
27497,15.942,0.8880223613574484,-0.004723579664380222,0.00859868566766329,0.45969559072182165,-0.1284637178018028,-0.33924914533597433,9.780843358826788,0.0006995062662479447,-0.0025087438930891733,0.00028488810771857935,0.6000603034587046,-0.2005054849696978,-0.9355390044569608
27498,15.950,0.8880168942537069,-0.00473420953181036,0.008605766365774854,0.45970590986560933,-0.13534448796676643,-0.342971889482681,9.752630434192332,0.001400641528908184,0.0018556801008197915,0.003912382221252819,0.6073998895260685,-0.19741114433356624,-0.937797515886873
27499,15.958,0.8880160200286312,-0.004736296734998812,0.008617072351459407,0.4597073653204155,-0.12862262021976764,-0.33895292144365646,9.78085154088564,0.0036413847152930506,0.002362533790502294,0.0015215036927048882,0.6086400781831184,-0.1914061645743513,-0.9406884208158132
27500,15.967,0.8880091642878876,-0.00473225484506142,0.00860840406722466,0.4597208123244202,-0.16005508802173757,-0.3563982185917257,9.76052836623875,0.0027995267474270253,-0.003161790668476133,0.004482372751685579,0.6108154430735723,-0.20033039590746063,-0.9374271807942103
27501,15.975,0.888011078666695,-0.004727827660897523,0.008603016451228098,0.45971726084492653,-0.14544552736944127,-0.3816583990052877,9.760461483756863,0.0031921701569283495,-0.0018628352380732022,-5.778773628272834e-06,0.5973618538483448,-0.19970461935703315,-0.9336310513502974
27502,15.983,0.8880136240612739,-0.004731881086612844,0.00860716637558912,0.4597122246252849,-0.1604152852868902,-0.3227880288766312,9.817060034646278,0.002492763229994954,0.0006459264058015285,-0.0002907939866220349,0.6066681218746622,-0.19472726897758627,-0.9378971803174366
27503,15.992,0.8880028791719182,-0.004726126726269748,0.008598126662850689,0.45973320798745954,-0.12826206574542645,-0.33797978967680276,9.78088995079818,0.003051626930061622,-0.0030224613679942914,0.0065827570387037605,0.6032282254145752,-0.19045888729789912,-0.9346508295550524
27504,16.000,0.888008580514801,-0.004723406426127946,0.008593080405975367,0.4597223176363732,-0.12055592465228826,-0.3670545865597957,9.752607858405733,0.0029400694533281797,-0.0020021895484314163,-0.0021058634124273205,0.6081094201816662,-0.19680259268476083,-0.9343940467893845
27505,16.008,0.8880064774310149,-0.00471843202157132,0.008588978840031835,0.4597265077002897,-0.1524673660399404,-0.35136994171568214,9.788798989672781,0.003444254037763314,-0.0017236215497766147,0.002094528087063209,0.6134960796520734,-0.20690086506142574,-0.9366886083407717
27506,16.017,0.8880051340258779,-0.004729622228202968,0.008594887225357686,0.4597288771992087,-0.14496604258780715,-0.38050291303882294,9.760513730614242,0.0011488162767399135,0.0017166208236394152,0.0018121672209437261,0.6107655787990282,-0.1956716138952604,-0.9300187239877423
27507,16.025,0.8880036521661449,-0.004732022984716063,0.008598682956173286,0.45973164384179616,-0.13492732738121604,-0.3409385840612983,9.752707507806635,0.002744891388405092,0.0007851364063003776,0.0018093913905042691,0.6051903088881246,-0.20101068720877074,-0.9359752389075828
27508,16.033,0.8880061349339715,-0.004728402097479391,0.00860247212883256,0.4597268145393602,-0.12804647224530796,-0.336843842801184,9.78093196231255,0.004088872632699253,-0.0002857034447512886,-0.0002935525433558796,0.6049532062590477,-0.1990932276622113,-0.9370217127282776
27509,16.042,0.888007454125366,-0.004731978507497606,0.008589960875526811,0.4597244635315247,-0.1593923632417332,-0.35436078354131106,9.760613393296254,0.0006993338434652235,-0.0025087795529109376,0.0002853093344869738,0.6057307040546097,-0.19615391114067837,-0.9437162872760303
27510,16.050,0.8880025466195623,-0.004734643958563342,0.008604184925141208,0.45973364935093974,-0.0958757118782321,-0.3518901111579705,9.74476872926163,0.0038937829910523428,0.0025018260406652793,0.003621559686899053,0.5983659444255591,-0.1944746678580498,-0.9377176784291029
27511,16.058,0.8880044738039454,-0.004737905980088662,0.008599183710136491,0.45972998682990196,-0.15256348197331693,-0.35012799678144096,9.78884199266589,0.0015960597451155703,-0.0009315239935706505,-2.70393454000796e-06,0.6034773832558603,-0.20392132633185409,-0.9353954279950774
27512,16.067,0.887998953111633,-0.004740828380768611,0.008605838630249323,0.4597404956716111,-0.12741071737015097,-0.36918952105656766,9.724456980921238,0.00299705208882088,0.0009245782730999277,0.003909691555512591,0.5993803129833488,-0.19442876555797817,-0.9433313301332238
27513,16.075,0.8880070628572155,-0.0047307486332380305,0.008574958159299033,0.4597255120456526,-0.12022834332388943,-0.36518454096594416,9.752682106257286,0.0015935678695383688,-0.007805276882650834,-0.0033441401542569295,0.6127527784888699,-0.19047611219952118,-0.9350747108122243
27514,16.083,0.8880106342082764,-0.0047496205342680555,0.008594839145329446,0.4597180476964786,-0.15219558650933726,-0.3496436157383348,9.788865033767017,0.0010942102820615774,0.005663292847371023,-0.0008617273406368772,0.6064142496145482,-0.19418761693526915,-0.9364521491812465
27515,16.092,0.8880119392928325,-0.004745507645381889,0.008581940493474674,0.4597158101783502,-0.1516851206607994,-0.3826532483170043,9.732367089078224,0.0022953776590942704,-0.0034403088135521527,0.00028281455559316636,0.6039854176096493,-0.20378068707286107,-0.9383285515461287
27516,16.100,0.888010481482121,-0.004749020356327301,0.008587337833881416,0.45971848909139484,-0.11321493456919014,-0.360914047198044,9.78091446402714,0.0027449835560103154,0.0007852114261457174,0.0018094185821577583,0.6062367484250488,-0.19746859144322707,-0.9463537541504282
27517,16.108,0.888008391206307,-0.004751735544103996,0.008583623984843984,0.4597225680296682,-0.16659394870920816,-0.3236001752837003,9.788956235534677,0.0018482162613272179,-0.0007920318155307014,0.0020976021012625106,0.6078745394027889,-0.1924538589017579,-0.93577062630967
27518,16.117,0.888010831908299,-0.004748152984320987,0.008587348176200769,0.4597178209598461,-0.12008423880753304,-0.3643033327259065,9.752716836853992,0.004088909317764244,-0.0002858907199932787,-0.00029339978536777587,0.6017563823780879,-0.19237634684445856,-0.9336158581751594
27519,16.125,0.8880173978093224,-0.004759336502535338,0.008588956593368103,0.459704992064098,-0.1446835875063699,-0.3780048795249582,9.76061498447122,0.0006446258183415205,0.0014376619774033325,-0.0023884181942754237,0.6098049385490584,-0.19795363642189978,-0.932387617931928
27520,16.133,0.8880163893765811,-0.00477025159637332,0.008602225523793234,0.45970657882428234,-0.12782232688246825,-0.3346725945933408,9.781009428035343,0.0020456967250448927,0.003294032192933691,0.0015238739157614383,0.6112499461043328,-0.20517855952474193,-0.9294355764601996
