packet_counter,timestamp_s,q_w,q_x,q_y,q_z,acc_x,acc_y,acc_z,gyr_x,gyr_y,gyr_z,mag_x,mag_y,mag_z
29783,0.000,0.9979911074947844,0.0067349466701387105,0.0022951081968205873,-0.06295333456656177,-0.019492280495198442,0.03707652846089951,9.736482897302405,0.013363307657910372,0.0007688109134168881,-0.004552643752976662,2.0867017421194576,-0.5806464223831799,-1.1990466204050236
29784,0.008,0.9979912919895482,0.006726313104969822,0.0022972296415572423,-0.06295125543641472,0.0023431869979824342,0.046705343898351355,9.753855550743747,0.00801243214635719,0.0007633782723637409,-0.008118398946894435,2.085028698883203,-0.5777632251113464,-1.203969389358887
29785,0.017,0.9979908838253969,0.00672889957784536,0.0022871611763857214,-0.06295781608051836,-0.019516832232685914,0.038711933857056985,9.736476481580656,0.010986065532135313,-0.001811343665266688,-0.010185225535353302,2.0918659164031452,-0.5824040058282803,-1.2041195020995927
29786,0.025,0.9979908458632781,0.006727789347031692,0.0022860485423439277,-0.0629585769030954,0.06270189736836668,0.027877385813951956,9.787020636850803,0.009931526484104282,0.00022833240895014248,-0.00880782329770978,2.0866355422062153,-0.5830019559543163,-1.189990887284962
29787,0.033,0.9979904921267339,0.006746192924908804,0.0022853235007246598,-0.06296224108270934,0.0244593211467492,0.060265669395338235,9.7205190944792,0.014636624788055701,0.0006638410263821301,-0.009500189719650842,2.0876834798518074,-0.5828505427041231,-1.199750990323374
29788,0.042,0.9979899508978614,0.006746353578353912,0.0022892416298496776,-0.062970659779306,0.021426102311888552,0.034643931966485325,9.787088726006326,0.010041028016180956,0.0011950067419230098,-0.010593013147797493,2.0876750143058618,-0.5762474533784198,-1.1985929567090265
29789,0.050,0.9979898221001055,0.00675689673104209,0.002291252947291497,-0.06297149745002469,-0.000570286740464487,0.026794223786391427,9.769713350699364,0.012715577629910036,0.00119833939167239,-0.008809379752791915,2.088891725885764,-0.5818577988533306,-1.1980424765839135
29790,0.058,0.9979891321108691,0.006752683631989447,0.0022887692512295684,-0.06298297379193274,-0.0006086972733752268,0.02768525071503217,9.76971086180495,0.009174395251570659,-0.00031090324398004376,-0.01127891918107655,2.0915721182892466,-0.5779447711821997,-1.1973275612801084
29791,0.067,0.9979891428910763,0.006767203745981394,0.0022968222662481915,-0.06298095134619965,-0.01702636188960231,0.06874127945574554,9.72056701101792,0.013579939626137433,0.0027036340598682413,-0.008121793959521494,2.088695843959004,-0.580943863918111,-1.2046448563221137
29792,0.075,0.997989453002834,0.0067622833038096354,0.002304976788203315,-0.06297626776515856,-0.03928617873535711,0.0587177851299952,9.753887791037721,0.00887462728637948,0.0022672518200671497,-0.007429182929676859,2.088909944729641,-0.5765101262741275,-1.200534700211158
29793,0.083,0.9979904305082763,0.006775310164764375,0.002305094556169088,-0.06295937043176408,-0.01751987893134772,0.06841142787488924,9.771251835101353,0.013358670904813456,0.0007699888180776953,-0.0045487621483441655,2.093365086044595,-0.5758565463253342,-1.2088097147238268
29794,0.092,0.997990854285504,0.006773160747230528,0.0023001093439566516,-0.0629530662715325,-0.01195504705019676,0.11826220122160208,9.73946128261088,0.009818082541781542,-0.0007400603480300787,-0.007018387230522415,2.0840005613595833,-0.5754988391490826,-1.1969178188780831
29795,0.100,0.9979910364796563,0.006764001859856322,0.002301547263986525,-0.06295111011962373,0.0019008086028664839,0.05868167255588911,9.703104823801622,0.008008220122541286,0.0007609805274266242,-0.008115041698435323,2.0881682635612324,-0.5816252587782831,-1.1992707639874223
29796,0.108,0.9979913323819087,0.0067591111550729804,0.002309763822072915,-0.06294664326286602,0.0043948854636106415,0.08169072089599222,9.737904125025464,0.008873124577210676,0.00226654434641359,-0.00742831235931941,2.0926001033159216,-0.582406323737562,-1.2043582711347685
29797,0.117,0.9979917731397816,0.0067570604964804284,0.002304498811788411,-0.06294006803291811,0.02081916481733822,0.04447178414889375,9.736361024098256,0.009817222959321756,-0.000740267145922244,-0.0070173677831658005,2.0854579225471053,-0.5798839006981535,-1.1958888971048116
29798,0.125,0.9979915022484728,0.0067639984107200676,0.002301145676895813,-0.06294374070478279,0.01807998952403191,0.020902310679363812,9.752256434897912,0.011846096541830688,-0.00030871175298705236,-0.009492119197151875,2.0922844154788036,-0.5847549035808534,-1.1945719534068322
29799,0.133,0.9979915652090822,0.006751702246279212,0.0023153262132114055,-0.06294354258246858,0.03721152679166119,0.00814526265740253,9.734823422128084,0.0070622158092135,0.0037668735964096096,-0.008524901590970165,2.0906333127980847,-0.5743315029552815,-1.2024960528111959
29800,0.142,0.9979911377882104,0.0067546186971023875,0.0023063192528182904,-0.06295033688515345,0.039744835439208384,0.0312183610039128,9.769619386199624,0.010980358588568514,-0.0018147831641066009,-0.01017740963928127,2.0881931463995937,-0.5831224872369571,-1.2026745802831091
29801,0.150,0.9979910957679085,0.006753304177042012,0.0023050186009295776,-0.0629511917274946,-0.0067410395436282595,-0.01000418808404323,9.750791833579354,0.009925430070294292,0.00022551072274386676,-0.008802049946029978,2.083787838537781,-0.5857940056172772,-1.2012164697512104
29802,0.158,0.9979910798838564,0.006752516872866166,0.0023039062117355268,-0.06295156871996231,0.017899547306409982,0.02406536710134832,9.752249474139209,0.009925011671879412,0.00022536405581851114,-0.008801695562277062,2.0874485907247795,-0.5782236694428784,-1.2010174296035845
29803,0.167,0.9979908135193084,0.006759051753293621,0.0022998690021742646,-0.06295523769344845,0.015131501696312787,0.0005070778964767624,9.768156885039307,0.011843806169175993,-0.00030927088961100715,-0.009489891827637166,2.0869063776419488,-0.5840132430793611,-1.1936416776861098
29804,0.175,0.9979909834678387,0.0067503637272516084,0.0023021967956002895,-0.06295339066612106,-0.0013979506140046206,0.039285847519217106,9.769671019231458,0.008004921839504442,0.0007594752543196815,-0.008112484208047551,2.0865114003999223,-0.5770540153397957,-1.2064068657597342
29805,0.183,0.9979909759890357,0.006764006694514528,0.0022914603028210195,-0.0629524365499003,0.02052693934122412,0.04899483712565066,9.787029335280145,0.013652732177736304,-0.0018096626452453765,-0.008391287089468048,2.083797557947502,-0.5743315029552816,-1.2025460240694088
29806,0.192,0.9979913003264617,0.006759492669094929,0.0023175614489836134,-0.06294682391102406,0.0012020227561085645,0.06552132024786603,9.753747512040942,0.008787962208358686,0.006777792054037145,-0.00715207865321191,2.087191439104221,-0.5857754623430248,-1.1992384993336567
29807,0.200,0.9979911542092943,0.0067691548408331005,0.0023007781529951836,-0.06294871787918001,-0.0401083448039689,0.07109226710163695,9.753802103888866,0.012787505043860222,-0.003316209574178172,-0.00907586440564973,2.0854920334161395,-0.5769983855170384,-1.200555050145566
29808,0.208,0.9979906486434053,0.006769812667926159,0.002322720886699302,-0.06295585615682614,-0.04297267638567117,0.0475751043464376,9.769715470723984,0.009950470628557057,0.005702097255254523,-0.010312042803418844,2.0852204016074674,-0.5874611906003967,-1.196795320918999
29809,0.217,0.9979910908976776,0.006767745011020722,0.002317453280225421,-0.06294926152564294,0.003344476998217127,0.09049336169560235,9.788508417968837,0.009813169969207426,-0.0007412289872089594,-0.007012673646428611,2.091552792602217,-0.5735249409939055,-1.1946839284482815
29810,0.225,0.9979915104480455,0.006766186222250804,0.002313375496130622,-0.06294292725516269,-0.040361957660811555,0.07360867216450581,9.753782389667613,0.009812823268214059,-0.0007413505819299463,-0.0070123799274948335,2.087200972128785,-0.5769983855170384,-1.2005425573310124
29811,0.233,0.997991245130526,0.006772706018264412,0.0023093337770740668,-0.0629465811106433,0.0008422521034462927,0.06980336917310298,9.75371784532563,0.011840265889735435,-0.00031069268406065887,-0.009486186998892022,2.085733993196173,-0.5826110489012309,-1.2002558318701817
29812,0.242,0.9979911107108234,0.00678347438151567,0.0023117740701485328,-0.06294746315890312,0.0008009299473276343,0.07080091987793245,9.75371065937097,0.012703898561264224,0.0011956970563117525,-0.008800128300207585,2.090362053759723,-0.5794234563666213,-1.1987873162263145
29813,0.250,0.9979921219684464,0.006768834952060171,0.0022992315807147915,-0.06293346404297229,-0.0018964935646727478,0.04716653129467278,9.769636066524278,0.006920004511717417,-0.0026790064647263176,-0.005222790830203924,2.092604965758944,-0.5894930364876131,-1.2050234228573056
29814,0.258,0.9979922063110163,0.006757056555024538,0.002314010952403525,-0.06293285058294289,0.020097777228162014,0.058637716752463834,9.736287529054875,0.0070552765599855355,0.003763296362297496,-0.008522706503246689,2.082026581580005,-0.5681471355940422,-1.194072154618239
29815,0.267,0.9979909751992,0.006765044209984855,0.0023178872549566875,-0.06295137009200602,-0.007503946611745623,0.0016969796274573714,9.750796262119064,0.012055814134320447,0.0016183692431161615,-0.013056940772939368,2.0874784546148977,-0.5850987033014159,-1.2051026225532533
29816,0.275,0.9979909908352979,0.006751959995288891,0.0023136831837644576,-0.06295268157853214,0.01708524880798517,0.03576606737696404,9.75221504060713,0.007136695323633813,-0.0007496181407936624,-0.008794253000392832,2.087157802670128,-0.5818253481233888,-1.1946372460186838
29817,0.283,0.99799108946824,0.006754593068151996,0.002318422312594955,-0.06295066109629065,-0.024125737727687266,0.041159721943020984,9.7522669053106,0.010782801699405237,0.0017297777540672726,-0.008110772380328026,2.0827886952785972,-0.5772193360456781,-1.198131132878384
29818,0.292,0.997990629609371,0.006742570922518329,0.002318602820035749,-0.06295923308148961,0.008890517994607291,-0.03401959873722973,9.749327396660217,0.007244513553242523,0.00021456113223679808,-0.01057983598519051,2.088120248603657,-0.579121379013127,-1.1927026187999061
29819,0.300,0.9979908487139557,0.006748339904183814,0.0023106005777659856,-0.0629554359583524,-0.004873083922087174,0.029131754018149544,9.734853144133169,0.011728491604356635,-0.0012759229523660307,-0.007696454098665763,2.088691834197559,-0.5872865982573882,-1.204096346093919
29820,0.308,0.9979912118178333,0.006758674472334319,0.0023094759593883345,-0.06294861217328769,-0.007573796130654321,0.005693266455240318,9.75079469400055,0.012591692253564005,0.0002309456193006476,-0.007010876144249452,2.089397857107047,-0.5816368483246908,-1.2004824560412353
29821,0.317,0.9979911369795558,0.006742360701484355,0.002317589969231616,-0.06295124986177436,-0.00235913491626691,0.053283413539987286,9.769604518953567,0.006188374583352675,0.0022547725217225995,-0.009206625651991495,2.0852709636571274,-0.5789815553093418,-1.203711892335791
29822,0.325,0.9979918402601008,0.006747630842888201,0.002305895995407761,-0.06293996421928154,0.00037517052590553063,0.07843074137007784,9.753652316120773,0.011619265286686678,-0.0022404289795269275,-0.00590889616004599,2.079644714180602,-0.5855591476329479,-1.20222561968527
29823,0.333,0.9979908877311109,0.006763545319343571,0.0023218637415844115,-0.06295277125868831,0.00027225268409028557,0.07946292067751363,9.753643967034233,0.013777979236060785,0.004630400516224535,-0.01168357682873114,2.0857538441504615,-0.5794628608244077,-1.202971317969838
29824,0.342,0.9979907308437469,0.006758570325142121,0.0023143316283612265,-0.06295606997135858,0.016694855337177843,0.04244212303079937,9.7521889481914,0.009052692643024725,-0.0012856227909709415,-0.009478375724491592,2.093081131425478,-0.5838618298291681,-1.2033643022808622
29825,0.350,0.997990346947616,0.0067619215629529305,0.002323024656014248,-0.06296147530515313,0.01920261232096087,0.06567098889318483,9.786934331273835,0.010886831875530663,0.0026928343534657895,-0.009894498373370988,2.090149771484653,-0.5833712526769758,-1.203146231130525
29826,0.358,0.9979908119825167,0.00676026830735133,0.0023181943092066247,-0.06295445930222135,-0.0027506835732601562,0.0576246084402533,9.7695797766323,0.009807447196835038,-0.0007424546794900539,-0.007006363908957425,2.0842623382056944,-0.578451573699363,-1.1993294510076569
29827,0.367,0.9979906874868021,0.006770730550540208,0.0023201967202251283,-0.062955234767348,0.01653058661300177,0.04501126709210465,9.75217771076897,0.012696326843322003,0.0011945969177297206,-0.008794223798548346,2.0894034989789025,-0.5774935984877938,-1.2012542287418417
29828,0.375,0.997990507031176,0.006766374951881711,0.0023321016128066375,-0.06295812376282392,0.03821504414926735,0.05479065786370918,9.769521726536896,0.008966950369477648,0.003226133369563018,-0.009206902873497758,2.086748514681038,-0.5753358363524818,-1.205444813609163
29829,0.383,0.9979899848149242,0.006765745179019559,0.0023347403758011394,-0.06296637109328834,0.016164507320839953,0.046665692767164244,9.752170546357458,0.010021705129087202,0.001184435120702163,-0.010577734633675586,2.084739966541588,-0.5774611477578518,-1.1978704144301322
29830,0.392,0.9979911121717775,0.006755053495443815,0.002328455974782699,-0.06294988142313244,-0.003146065936079755,0.06091927514999136,9.769559667594706,0.0077804254205364395,-0.0011723016025521127,-0.004532021480381456,2.087977854065277,-0.5790093702207205,-1.2066217379527355
29831,0.400,0.9979912973457855,0.006745839095544853,0.002329871587922818,-0.0629478814207197,0.038040967532151755,0.05693797969705853,9.769510126283764,0.007995208849596626,0.0007545254955609734,-0.008104487438690923,2.0889040995285244,-0.5835829315684893,-1.1997351133423595
29832,0.408,0.9979912679713224,0.006744748044264725,0.0023287618050720103,-0.06294850510748891,0.016132493466912538,0.04876078077112141,9.752160348881947,0.009913021053907237,0.0002204747793853557,-0.008790515410575338,2.0865041603058656,-0.5785095214314018,-1.2054164662814146
29833,0.417,0.9979913680966249,0.006747350052666064,0.0023334960246889688,-0.06294646350825917,-0.027844356001021687,0.029810236958362882,9.76817131265761,0.010775424462956828,0.0017280882890838823,-0.00810566000033966,2.086487861622186,-0.5819064749482433,-1.2031869085315205
29834,0.425,0.9979919593299463,0.006749369337901561,0.0023341898468471865,-0.06293684679164452,-0.008636719321063647,0.017151518029135157,9.750780386636576,0.010667704920598152,0.0007647336914535358,-0.006318967205896043,2.085220791321884,-0.5818462093069229,-1.1968486314080338
29835,0.433,0.9979919210985189,0.006747997062031236,0.002332869721813177,-0.06293764911879342,-0.008677829590354012,0.017987084952585886,9.750778844127161,0.009911878886553073,0.00021985650456700503,-0.008789397779275511,2.0881762322518065,-0.569672178964095,-1.2003608309017635
29836,0.442,0.997992118835681,0.006754633100439877,0.0023443710180768777,-0.06293337427849342,-0.02813245892065261,0.03239230248892161,9.768162266779882,0.011636714049404749,0.0032355470933392682,-0.007420345793774376,2.086242146242284,-0.578974601581497,-1.2029723842889501
29837,0.450,0.9979928407439013,0.006760467087335262,0.002351203857926415,-0.0629210437699329,-0.025643269584239927,0.05773836802497685,9.752178970894636,0.01152912924456826,0.002272448819675459,-0.00563358978197737,2.0908663495413355,-0.5799325767930662,-1.2009762190430324
29838,0.458,0.9979925718393086,0.0067671301936220105,0.0023475315923661587,-0.06292472962142129,-0.0064113553704418635,0.045154445458122375,9.734791118195552,0.011828714952214011,-0.00031478090283310615,-0.009473914838292685,2.08426245681443,-0.5767426663491751,-1.1993456759391024
29839,0.467,0.9979927577711414,0.006757903940504366,0.002348940369000836,-0.06292271966329799,-0.009144451624582618,0.021555725661328858,9.750771180687769,0.007992500750938315,0.00075277926281506,-0.008102073176742386,2.0873930645674665,-0.5810813697126149,-1.1934217993801592
29840,0.475,0.997992108993834,0.006768613789245211,0.0023370176066666018,-0.06293230173860083,0.015487875719217205,0.05573704344186964,9.752124019376451,0.012883231364181996,-0.0023570202634459036,-0.010842818134950472,2.083817273348949,-0.5731363518501017,-1.2052429673902707
29841,0.483,0.997992071457007,0.006767230741674265,0.0023356933147080723,-0.06293309490071008,-0.00899599813334908,0.02332843312848304,9.75076723972146,0.009909383090179644,0.00021861338444614076,-0.008787105333232969,2.0899123013773306,-0.5902161537148529,-1.2040596084867605
29842,0.492,0.9979921903616888,0.006770047173354589,0.0023403025723789895,-0.06293073511583615,0.015487105772213537,0.05750589322687168,9.752113749062262,0.010771204506654052,0.0017267320582548009,-0.008102750467920401,2.09208220843966,-0.572113475178649,-1.200309097423577
29843,0.500,0.9979927744652701,0.006771900643780476,0.002341081388564379,-0.06292124295272648,0.015382410077023621,0.05837781692552921,9.752108734121203,0.010664081918761078,0.0007641908449119851,-0.006315968177677837,2.0881577931345645,-0.5781935366222181,-1.1978384752589775
29844,0.508,0.9979929488240178,0.006777647361531195,0.0023339956915061546,-0.062918121856084,-0.003921034054803488,0.07282076031424947,9.76947792665326,0.011719232717923871,-0.0012781004444458195,-0.007684865854738014,2.085032030880445,-0.5811856756302849,-1.204425185693108
29845,0.517,0.9979924286237216,0.006776985226151481,0.0023366179240362026,-0.06292634660972876,0.03455339110760845,0.04472608810829495,9.785431600230599,0.010014309577073787,0.0011799335418487514,-0.010572125750386284,2.0933312123930308,-0.5753242468060741,-1.2041760115459634
29846,0.525,0.9979926058541474,0.006767767968815136,0.0023381463020833663,-0.06292447098736142,-0.0013071517628426602,0.098831459680136,9.753466851237167,0.00798978922746475,0.0007513958090161842,-0.008100103982881704,2.0832752805394845,-0.5757522404076643,-1.1978973474883374
29847,0.533,0.9979926709920578,0.006755377425740537,0.0023522864001921627,-0.06292424231300763,0.015297644693438518,0.06342392010871611,9.701382277796831,0.007040285947141248,0.003755599759788561,-0.008517450367822556,2.0923204973403497,-0.5791862804730106,-1.1995077258669848
29848,0.542,0.9979925195323918,0.006765989823762605,0.0023550580888461077,-0.06292540059858327,-0.006929694566963704,0.053362816261574894,9.734749228707463,0.01268612419052881,0.0011924171108651036,-0.008785780123185385,2.0879637127592656,-0.5770377899748249,-1.204687295943083
29849,0.550,0.9979921212624706,0.006768472228352472,0.0023449412321619885,-0.06293182765776399,-0.0069082843465961205,0.05432146972622941,9.734743940581675,0.01096201414997067,-0.001825078502996863,-0.010152602597881592,2.0831183380365714,-0.5795277622842914,-1.2098263962951301
29850,0.558,0.9979923143409037,0.006759125610479914,0.0023457622591939176,-0.06292973968556008,-0.012255137357253688,0.006310845071963894,9.76675290321676,0.007988391263471999,0.0007507756751782433,-0.00809889404695247,2.0884147075376527,-0.5740595584224475,-1.1995849556660143
29851,0.567,0.9979921925901819,0.006769537292706723,0.002347757927966193,-0.06293047692967273,0.012207754633655055,0.040505837870325856,9.768077006768843,0.012684484679889807,0.0011921572530361212,-0.008784650915463658,2.085064187701072,-0.5807391387544422,-1.2088240371618133
29852,0.575,0.9979923682170329,0.006760259923475198,0.0023491097856990625,-0.06292863854828225,-0.03157441194635668,0.023409219569997457,9.733407797238334,0.007987687591980158,0.0007503880486405157,-0.008098286450546777,2.0789413908601437,-0.5780282159163358,-1.2062087965933739
29853,0.583,0.9979923682993505,0.006773820938961955,0.002338369229201625,-0.06292757897367822,0.01216615879347312,0.04222886746589732,9.76806976246448,0.013633268652672236,-0.0018120760369353356,-0.008365391362535073,2.0939581534233658,-0.5776287863730161,-1.1897442161942917
29854,0.592,0.9979928049295532,0.006772755587459495,0.0023526692721604504,-0.06292023551999487,0.014770684232752079,0.06756405816786767,9.752050362464692,0.009709799675422171,0.00376783618448523,-0.006731082155330482,2.0869315146418863,-0.5818485272162043,-1.1970802616920364
29855,0.600,0.997993958361007,0.006762054168166033,0.0023461742687360585,-0.06290333190425551,0.012146333362430336,0.04576373793279862,9.71735380794725,0.007774895444487919,-0.001172966279298726,-0.004524402222501534,2.085748270055025,-0.5826295921754834,-1.202208816658629
29856,0.608,0.9979934481877807,0.006761860457537906,0.002349308204542714,-0.06291132941193264,0.03382095166029808,0.053596961859283684,9.78538959221552,0.01000938536538022,0.0011772340307584425,-0.010568185856737128,2.0867123480989656,-0.5821251075676016,-1.200497451912263
29857,0.617,0.9979942565615066,0.0067558465942298114,0.002352817493136621,-0.06289901952244605,-0.009977398790061548,0.03639713589937141,9.750726259924676,0.00874152683270644,0.0012973076090040615,-0.005627211136940886,2.092862202100028,-0.5807205954801896,-1.2068139423639797
29858,0.625,0.9979940062363098,0.0067625607971909035,0.002349006812722511,-0.06290241215453483,0.031162164141061554,0.03268401041411435,9.750694724240272,0.011819965820341519,-0.00031789955142088114,-0.009465172253000134,2.090135867396112,-0.5779818577307047,-1.201244238983763
29859,0.633,0.9979945915270152,0.0067643881461825145,0.002349785031658794,-0.06289289980704722,0.006616438932569038,0.0002313616006165066,9.749388558508459,0.01065790696007122,0.0007636165989005525,-0.006310918228984891,2.0810779719585955,-0.5772170181363966,-1.1978995025943815
29860,0.642,0.9979936888975999,0.006767734068789115,0.002344100067964671,-0.0629070734576582,0.031143473595322966,0.03448414711072713,9.750688583318789,0.011063476186377562,-0.0008666598943095065,-0.01193387976651606,2.089119629080311,-0.5842782338843505,-1.1958204055356234
29861,0.650,0.9979938925677496,0.006759279945983216,0.0023642870615697108,-0.06290399572979681,0.011794344936165609,0.0506377314367113,9.717330065981821,0.007895025275693171,0.00526156496607879,-0.007832386880316476,2.0864822875267506,-0.5850732062993188,-1.2024244072203116
29862,0.658,0.9979950678481654,0.00674925852731735,0.0023584910971509313,-0.06288664071019145,-0.0077135801631148596,0.06480713950751964,9.734679174826578,0.007773455884612016,-0.0011730688067384826,-0.004522318498236606,2.0913813021347702,-0.5811879935395665,-1.2046229069090377
29863,0.667,0.9979938437796486,0.006757127573578069,0.002362310331269384,-0.0629050752704103,-0.007907577276330046,0.0637707428593449,9.785383832530846,0.012028638434559704,0.0016027474620272449,-0.013036092682151617,2.0878437882401726,-0.5820092121035236,-1.1882823735455015
29864,0.675,0.9979939201627055,0.0067594439125633855,0.002349461078944977,-0.06290409580391051,-0.0051937168544243205,0.08907597948399552,9.769342643422656,0.010851242733458898,-0.00278879653474749,-0.008358681489461502,2.094030780113621,-0.5855359685401322,-1.199679092119905
29865,0.683,0.9979938852042544,0.0067580203417681554,0.002348122568865766,-0.06290485336108598,-0.029605929266151562,0.05654085607713104,9.768047981080626,0.009899940140775962,0.00021451733936739747,-0.008778388864469583,2.0898719331723337,-0.5803976569431615,-1.1985374911139481
29866,0.692,0.9979940757947164,0.006749329769790453,0.002350550807367875,-0.06290267194015654,-0.0076377225524381495,0.06810306691469986,9.734656734592402,0.007982730032843378,0.0007477696051305314,-0.00809440480620285,2.085721416224153,-0.5838154716435369,-1.1985353809435437
29867,0.700,0.997993335077783,0.006756467078965599,0.0023504242246925808,-0.06291366146473862,-0.0103653767055009,0.044540006614283305,9.750692061495073,0.011921000668124949,0.0006412734075218961,-0.011247840616020832,2.089335548346515,-0.5793585549067377,-1.1919590082179226
29868,0.708,0.99799368791561,0.0067667411472961975,0.002349681433151652,-0.06290698762465773,-0.010233227836930182,0.04735099403541766,9.699976571767081,0.012571020048939669,0.00023024148550176196,-0.006991540400301596,2.086190595958206,-0.5759778267548673,-1.195920628599021
29869,0.717,0.9979947043405188,0.006752065146994972,0.00233712591400482,-0.062892905537857,0.011531842439259686,0.05534480254802854,9.768005020077558,0.006911226483872881,-0.002682939900681809,-0.005202830640942253,2.0852543599795568,-0.5867728420123802,-1.2014406133336093
29870,0.725,0.9979957365101312,0.006738638185708593,0.0023439451498999116,-0.06287771134621085,0.009072800715880798,0.03334752971017978,9.733337623215464,0.006820253636228081,0.001830054615408499,-0.004940946625056149,2.083794412335415,-0.5682236266003335,-1.2021157240560305
29871,0.733,0.9979953571561229,0.006741886658772172,0.002352606633231729,-0.06288306052612676,0.006227364512080957,0.009699903465861992,9.749383992514261,0.010862944520194871,0.0026834244614142412,-0.00988063607725958,2.092347113953753,-0.5814182157053326,-1.2031487117191795
29872,0.742,0.9979952004948528,0.006752082876463192,0.002354853517130868,-0.06288436873326349,0.027905779692777428,0.019683986354000944,9.766702931397525,0.012674252526258537,0.0011899809258614153,-0.008776771964845062,2.08767467542376,-0.5811300458075276,-1.19854659976204
29873,0.750,0.9979952512963518,0.0067388434104054375,0.002350177328331682,-0.06288515759658785,0.03054387223497159,0.044854381713637155,9.750648288074702,0.007120047125725844,-0.0007635496312055824,-0.008774807625708522,2.0818224937451992,-0.5826040951733861,-1.1995520175792074
29874,0.758,0.9979950018746663,0.006745712568011727,0.002346550738768263,-0.06288851480807205,-0.03509250901543152,0.01673248097779021,9.749401328427526,0.011812990536521335,-0.0003201671930565833,-0.009458348356967097,2.083786867247468,-0.5740734658781368,-1.201083603325423
29875,0.767,0.9979947077110743,0.006737149317083008,0.0023518757297834353,-0.06289390177368952,-0.015968885824784836,0.0022139807949654445,9.782774371096224,0.008084060437052757,0.0017058207110568803,-0.009878590712978103,2.0850068599922973,-0.5838386507363524,-1.2009819659924827
29876,0.775,0.9979946669722877,0.006735883059349585,0.0023506918393000177,-0.06289472809512958,-0.010744568087332288,0.05166493165676929,9.750656500766116,0.009895665319775556,0.00021286480119349653,-0.008774530229024117,2.0887672621414746,-0.5805483210464626,-1.2144144159590484
29877,0.783,0.9979935824427982,0.00674767684285019,0.0023605599561075346,-0.06291030135762954,-0.010884105081500063,0.05258932189296781,9.75065140640066,0.012880379498610178,0.0031087708650211388,-0.012348097880875127,2.0928496929044274,-0.5809484997366743,-1.2051027628267388
29878,0.792,0.9979929466659064,0.006742964640058,0.002356556983161737,-0.06292104156917563,-0.008527241488846614,0.07606453392678969,9.785295469469151,0.009139135345554019,-0.0003382945769571958,-0.011242304577934906,2.093500138824288,-0.5788888389380794,-1.193886289008582
29879,0.800,0.9979939321000112,0.006755842567855369,0.002356734899123614,-0.06290402120193048,-0.01102341763336863,0.054394664978119865,9.750641345862663,0.0133219788203921,0.000781413388917532,-0.0045185295368196645,2.0913794328068884,-0.582406323737562,-1.204367194573735
29880,0.808,0.9979942456723727,0.006750931380556855,0.002365268587768459,-0.06289925305466917,0.030039260949554055,0.05081147634703003,9.750620633364356,0.008837495094230699,0.002255604533580518,-0.007408355847164857,2.086944091613907,-0.5806441044738984,-1.1988007126186746
29881,0.817,0.9979938670302405,0.006754156609088754,0.002373923537772028,-0.06290458827115751,0.03247822086307017,0.07596713593788423,9.734547359598704,0.01085749951487523,0.00268152596657016,-0.009877205309976832,2.088924035203337,-0.5792140953843893,-1.2024621886787625
29882,0.825,0.9979944476652447,0.006756228032733401,0.002375195439248844,-0.06289510520492418,0.032333350611015325,0.07684163289107003,9.734540977792312,0.010648926906577575,0.0007632227557150131,-0.006303438847169728,2.089634988332269,-0.5796745397159215,-1.1995227217380129
29883,0.833,0.9979948976815156,0.0067540585980583176,0.002369910105608536,-0.06288839654663564,0.00786016551986837,0.04426009088641405,9.733295174224153,0.009788964756080824,-0.0007474407924665783,-0.006984967684628561,2.0908858277253106,-0.5821552403882617,-1.2036407125010034
29884,0.842,0.9979952231204596,0.006749039939463058,0.0023778971948219068,-0.06288346915979487,0.048986285269500336,0.04054346771499611,9.733279450649018,0.008835967115042443,0.002255000364298716,-0.0074073678279741,2.0927748410600837,-0.5793863698181164,-1.1948634997714869
29885,0.850,0.997995673254366,0.006746868158722104,0.0023726113219192297,-0.06287675763848909,0.0024569856862674115,-0.0029256757651765315,9.76544358964316,0.009788390817706513,-0.0007476294001760638,-0.0069842857332489995,2.085529340729576,-0.579488357826505,-1.2056584567417465
29886,0.858,0.9979948834485375,0.006739260130238054,0.0023825005322067683,-0.06288973425489457,0.010112027936040985,0.0691073884295463,9.767918920092962,0.008183372658592827,0.0026615084701132065,-0.011662022320852634,2.0896492313029107,-0.5801813422330847,-1.2014710708317615
29887,0.867,0.9979945053263198,0.006742472683881391,0.002391151851395269,-0.06289506175690555,-0.017028169786242553,0.013854188949521886,9.732051407500743,0.01085456190420523,0.002680420006025465,-0.009875277161137576,2.0898808731532217,-0.5801651168681137,-1.199760424454077
29888,0.875,0.9979945883032796,0.006744483647414685,0.002377698127216291,-0.06289403953725692,-0.033936037409140474,0.05088155841988435,9.784000182277698,0.010844215424491174,-0.002791492586288284,-0.008346547069933045,2.0801799074427416,-0.5780513950091513,-1.2086411041399663
29889,0.883,0.9979937979571561,0.006735820699294302,0.0023681486951270423,-0.06290786779343663,-0.05294444001485459,0.06692296876079673,9.750601946644682,0.008275694523417917,-0.0018526054902303721,-0.011919241685305513,2.0881823201467187,-0.5848174871314555,-1.201193616760328
29890,0.892,0.9979936494413603,0.006730597174882742,0.0023603055828634823,-0.0629110776727011,-0.07219164774840046,0.08115689477382476,9.76791617988089,0.009030922401309758,-0.001300241745768344,-0.009450675180611785,2.0825423699109136,-0.5830761290513261,-1.1978331661312374
29891,0.900,0.9979924287343918,0.006738395799048007,0.00236409471076339,-0.06292946263145585,-0.036095357539070345,0.030593917373898685,9.74936402356962,0.012012193202487888,0.0015943712664590048,-0.01302406166334074,2.086165458958269,-0.578142542618024,-1.1924820445930941
29892,0.908,0.9979919037211713,0.0067381938140536335,0.0023676506044307023,-0.06293767617041852,-0.06065453746209066,-0.0019467785038255441,9.748145411284993,0.009992384583182634,0.0011687394328792724,-0.010555120647914869,2.087017396068365,-0.578786101782799,-1.2088283024382613
29893,0.917,0.9979924781969641,0.0067391799115167775,0.002349637137855358,-0.06292913571409653,-0.019356354366356136,-0.005551006740753865,9.748137413312753,0.010739189299904856,-0.003749794091526268,-0.006557408705670677,2.0896886451616994,-0.5780351696441803,-1.2068626396261355
29894,0.925,0.9979933432759209,0.0067487489277509435,0.0023620958258254907,-0.06291392268941813,0.04627579436935815,0.024380534096778986,9.74933853547032,0.01236176906814711,0.0037856952695843487,-0.004937510993781932,2.0945232275197294,-0.5767519379863014,-1.200247211446006
29895,0.933,0.9979935338309917,0.006739435607834305,0.0023634686884415794,-0.06291184669819176,0.04347148642433021,0.0008718777702472273,9.76543543139877,0.007972226725571642,0.0007426115893467652,-0.008085969058838802,2.0850430943507905,-0.576072861035411,-1.2059385990787796
29896,0.942,0.997993748731542,0.0067458143467526545,0.0023745905409100054,-0.06290733503595883,0.09218146823513952,0.06854579010697093,9.767844627162038,0.011605135331849044,0.0032322723990857094,-0.007404808262677866,2.091363794943307,-0.5762822220176431,-1.2022280328704655
29897,0.950,0.9979938546190044,0.006748291522499123,0.002379303319059786,-0.06290521138939961,0.11396890480677303,0.08025941449850728,9.734428967924362,0.010745979964505964,0.001720773429283845,-0.008085488397978232,2.0882023744302667,-0.5787397435971678,-1.2039369170281766
29898,0.958,0.9979938028577018,0.006746837425239414,0.002378268696216765,-0.06290622767572121,0.09206848595386687,0.0719970141646529,9.717119592833418,0.009886925024959024,0.00020923077929472538,-0.008766144900864305,2.083800805224219,-0.578974601581497,-1.2029902311668834
29899,0.967,0.9979929289656294,0.006749950884052579,0.0023720471366586744,-0.06291999117966561,0.012135907205226936,0.10435180494769229,9.751729732479216,0.011046331256742129,-0.0008775226633533827,-0.011914579355288862,2.0833231599442192,-0.5802091571444634,-1.2044469498970587
29900,0.975,0.9979954244904029,0.006655633423141639,0.00224681740331722,-0.0628950479093056,0.023803299966493212,0.018634179452839857,9.782740949370677,0.008924739666513892,-0.002260040898685944,-0.0076595313365934075,2.0847054659581365,-0.5859616442324411,-1.193150950900343
29901,0.983,0.9979946347157151,0.0066469006452736104,0.0022371882102175146,-0.06290884500108654,-0.039040887436100576,0.01463944163674646,9.765443215464883,0.00827124669589428,-0.0018568639788736963,-0.011913622301323699,2.0930657816116818,-0.5735875245445077,-1.2012645439825314
29902,0.992,0.9979934251423559,0.006655079082292229,0.0022419405419715327,-0.06292699736713854,-0.060845469578213414,0.0063398127854729465,9.748142355479056,0.01200549738750736,0.001590956582039294,-0.013019330809030824,2.085759316581266,-0.5777609072020647,-1.2037199121969513
29903,1.000,0.9979940160568752,0.006656780666998327,0.0022426623721676464,-0.06291741929947468,-0.06094163556800301,0.0072547235332744075,9.74814111590749,0.01064034948229643,0.0007632581354069535,-0.006296931026779516,2.0947940968436733,-0.5772749658684355,-1.203902637541853
29904,1.008,0.997994059780621,0.0066592627943674685,0.002247637688936597,-0.06291628554237538,-0.09720940307605375,0.0595183000152219,9.766624795865463,0.010742386424446703,0.0017203041675802068,-0.008083413708387936,2.0837308327670025,-0.584255054791535,-1.1934184376815178
29905,1.017,0.9979951332418112,0.006660251468096024,0.0022444302288031795,-0.06289926556797071,-0.053476193587263375,0.0802973771025027,9.750498078013084,0.010537271396187979,-0.00019401619704200902,-0.004509446986674689,2.087702941091678,-0.5853173359207741,-1.2024131659339956
29906,1.025,0.9979953370170908,0.006663396662870657,0.0022497876705859805,-0.0628955077290446,-0.05614272696382211,0.056835085314572174,9.766611659725715,0.01074156642325843,0.0017198752683503721,-0.00808283452603592,2.0918804304794683,-0.5790047344021573,-1.2061049367509307
29907,1.033,0.9979950857213172,0.006669686474306282,0.0022456384389770824,-0.06289897667241195,-0.012407521641522071,0.07766899700152807,9.750482065508752,0.01179831207633123,-0.0003247948325506687,-0.009443420707562091,2.0837989020081267,-0.5806811910224033,-1.2027298831368822
29908,1.042,0.997994464846819,0.006680812451377801,0.002251559581141662,-0.06290743485117166,0.004303877814164067,0.040806909435675255,9.749304457125218,0.01275790690993669,0.0021438039991316035,-0.010549370539517338,2.0844985036169263,-0.590404653513551,-1.198237599405522
29909,1.050,0.9979943961299915,0.0066642964389360656,0.0022595147002396096,-0.06290999157071593,0.0015278315654293547,0.017255326806328446,9.765428971057746,0.006153911358064054,0.002229189580974946,-0.009188350286837116,2.085958547449373,-0.5818531630347674,-1.1975756466403213
29910,1.058,0.9979943824117844,0.0066745742494508575,0.0022433060165618444,-0.06290969965932108,0.023555142943085947,0.028806677679232062,9.73200502738109,0.012752290291635483,-0.003326359717286554,-0.009015614586120558,2.091386672900945,-0.5809508176459558,-1.205357594052055
29911,1.067,0.9979945747744272,0.006665183187522718,0.0022446068687913805,-0.06290759726687792,0.06485686017793603,0.025259494482315816,9.732003659870834,0.007966210498657011,0.0007396613985869285,-0.008081299927623454,2.088391422921492,-0.5752500737090642,-1.1963997661480408
29912,1.075,0.997995263431315,0.00667102482024342,0.00225206243496217,-0.0628957853222121,0.0401604759977726,-0.00904358235799729,9.78156039250498,0.011494537721633353,0.00227503770141242,-0.005613856490471779,2.095966464345344,-0.5789212896680214,-1.1972861655104314
29913,1.083,0.9979952344281557,0.00666946731993276,0.002250635884662094,-0.0628964617643481,0.04782597744793718,0.06477632551381003,9.733154113897456,0.009880647840372426,0.0002067517196957366,-0.008760717919463075,2.086440049993871,-0.5764730397256227,-1.1966465775121966
29914,1.092,0.9979956548068477,0.006667528811345765,0.0022465152237524724,-0.06289014402552358,0.028449212333577546,0.07911479724191438,9.750436831101313,0.009778494006182388,-0.000749685358419839,-0.006973491250525158,2.0891589073862598,-0.5840850982670895,-1.2011934315512027
29915,1.100,0.9979958868576188,0.006673096884558947,0.0022384368152998085,-0.06288615900075643,0.047922107337857005,0.06645042544183896,9.73314235672,0.011693071883315033,-0.0012822657009438738,-0.007653051425112413,2.0899522743915875,-0.5800137036179207,-1.2095276662436625
29916,1.108,0.9979960838272999,0.006663979412754108,0.0022397868197400216,-0.06288395183798458,-0.01524036937044499,0.06085376917168198,9.766561157201934,0.007964483733281192,0.0007385973781679837,-0.00808001310273271,2.083581926731084,-0.5751009783681527,-1.2064468247920488
29917,1.117,0.9979959719277918,0.006674199850945285,0.0022417064528308063,-0.0628845754094875,0.006656395979876952,0.07246358561592244,9.73312696122835,0.0126512986927092,0.001186108032069983,-0.00875925641370377,2.0918825370248215,-0.5743685895037864,-1.206393098949124
29918,1.125,0.9979947656441973,0.006684828070260821,0.0022325044984866154,-0.06290291522751218,-0.032137417437818894,0.1005801497343595,9.767685785236727,0.012952247441312646,-0.0014156569890530154,-0.012585032016546937,2.0928243186870197,-0.5865310303002064,-1.2016317289579213
29919,1.133,0.9979949587452399,0.006675423962384435,0.0022337993548415007,-0.06290080424328344,-0.015297047827799849,0.06358199759018127,9.76654368839595,0.007963226616036266,0.0007380253113071446,-0.00807909378592149,2.0872241211921048,-0.5777609072020649,-1.2037092040701913
29920,1.142,0.9979955524668106,0.006676736238610583,0.002216162820211972,-0.06289186809135336,-0.01775458926476293,0.04003500006461947,9.78268962554782,0.010732498690863266,-0.0037510034288603888,-0.006543632721139472,2.0855446397110566,-0.5904950519755318,-1.2077512614980295
29921,1.150,0.9979952633164441,0.006668033707170225,0.0022213795562327655,-0.06289719546441429,-0.03690011302614332,0.05592772470881199,9.749248594372435,0.008063677546826018,0.0016933384094421555,-0.009865678380913262,2.08922180919047,-0.5778188549341038,-1.2097980040317422
29922,1.158,0.9979955252213543,0.006673884150927651,0.0022128019541373355,-0.06289272148671542,-0.02266448876516678,-0.005420653858773863,9.764273863436966,0.01169025295703732,-0.0012826518230113406,-0.0076501506949756114,2.0861941143406026,-0.5767148514377964,-1.1964019212540848
29923,1.167,0.9979956353696009,0.006676255997357411,0.002217444536496188,-0.0628905583439402,-0.020110723087257365,0.019793452680530354,9.748117371205604,0.010733376784338902,0.0017178533206187465,-0.008077914184673882,2.086230077593415,-0.5728551356801415,-1.2013214687827922
29924,1.175,0.9979952257803986,0.006694359479275125,0.00221734223876781,-0.06289513704643702,0.004159942922327402,0.05430865998115163,9.749238658173295,0.014562002336381448,0.0006530856041000561,-0.009435907970088465,2.096536451717046,-0.5843987651669915,-1.2084612660267309
29925,1.183,0.9979962457277257,0.00667959063386567,0.0022047125764543007,-0.06288096552045146,0.0016713012456686601,0.030880331863140573,9.765395367712632,0.006902101868244727,-0.0026867961716561723,-0.005182889360214206,2.090632516425146,-0.5858055951636849,-1.2023871139857771
29926,1.192,0.9979963594597414,0.006667496671880935,0.0022190973369243462,-0.06287993797900154,0.0016267838957122031,0.03144625573007646,9.76539356949495,0.007003940448489078,0.003737166389282162,-0.008505992819158705,2.0894244398322392,-0.5843570427999235,-1.2041188061987311
29927,1.200,0.9979954221712174,0.006683048034824951,0.00223493278002937,-0.0628926010729947,0.0232568338972877,0.04304779673387198,9.731953172366703,0.013704557806809858,0.004608499515749316,-0.011650282263921034,2.082803022969765,-0.5765054904555643,-1.2000910712088793
29928,1.208,0.9979958760516024,0.0066810618713927915,0.002229840458518652,-0.06288579018980024,0.0036885296414684646,0.05754152687521337,9.749220299746998,0.009773693533286562,-0.0007509575361898129,-0.006968383155671885,2.091844738332338,-0.5789583762165261,-1.2012224747798126
29929,1.217,0.997995848700483,0.006679476062624213,0.0022284036828573188,-0.06288644363579729,0.0037069550546419967,0.05833989561763281,9.749215548005898,0.009874051060238706,0.0002039039095398033,-0.00875511044823971,2.089667416258577,-0.5753219288967923,-1.2039586587643074
29930,1.225,0.9979957606930712,0.006677976523047906,0.0022275150460696696,-0.06288803101493891,-0.018108161093205177,0.049937202151803466,9.731931198412632,0.009873643750007552,0.0002037598125453856,-0.00875476427701645,2.0905583762332154,-0.5739900211440007,-1.1922452005191975
29931,1.233,0.9979958715290337,0.006680333099819903,0.002232154744476203,-0.0628858572802928,-0.037601029769881375,0.06431156107083101,9.749194217823442,0.010729781660266403,0.0017168973833815936,-0.008075294620804856,2.0911286347105977,-0.5755614226996847,-1.2034573865930862
29932,1.242,0.9979960271684759,0.006685996296358752,0.002225222830057885,-0.06288303104034541,0.006139337064453672,0.08518266731998872,9.733024295203752,0.011686627761894318,-0.0012834788507108982,-0.0076455165613993434,2.089841560959063,-0.5808465117282857,-1.194382762743799
29933,1.250,0.9979964824104867,0.006683702131932307,0.0022198644630477813,-0.06287623894503387,-0.02068653068539633,0.028257212966675074,9.748095305748343,0.009771980514978702,-0.0007514799532062213,-0.006966651845870493,2.0896368237719405,-0.5789444687608368,-1.1997737983786168
29934,1.258,0.9979966787005534,0.0066747524465377486,0.0022222884849489033,-0.06287398839211544,-0.03754771355004455,0.06680694278874576,9.749177641370213,0.007957845451007086,0.0007350983218016144,-0.008075014766639988,2.0928284978895153,-0.5777469997463754,-1.2022034176596095
29935,1.267,0.9979964307810993,0.006680988987277607,0.00221812468773375,-0.06287740816230074,0.020499792429115947,0.025455261347021484,9.748103420913031,0.011785785269679936,-0.00032926273321590323,-0.00943145773538497,2.09230951859053,-0.5830784469606075,-1.19800590171806
29936,1.275,0.9979967009426214,0.006660185688740779,0.0022170093546878566,-0.0628753664303971,0.0011054345543660001,0.039686870524836326,9.765363628193983,0.00518675842370302,-0.0002466898933786807,-0.008075009247728252,2.0930830854738844,-0.5814228515238957,-1.2036316038529116
29937,1.283,0.9979961921305621,0.006659286331163944,0.0022194869078224727,-0.06288344993974113,0.020482274795878126,0.026763389160811495,9.748099952967834,0.00997101775644565,0.0011570311835194125,-0.010539576525553243,2.085018143736009,-0.5755521510625585,-1.2025255113936957
29938,1.292,0.9979966129960022,0.006657144361278962,0.0022144719813872453,-0.06287717384954077,0.0616708705460707,0.023254722772099633,9.748111491070619,0.00977041155861338,-0.0007516312297707775,-0.0069650266366816345,2.089852285547307,-0.5806162895625195,-1.1958498191824838
29939,1.300,0.9979967245530204,0.006659485552579818,0.0022191101500455414,-0.06287499171976037,0.0180534167262548,0.005628761441763742,9.713563625059939,0.010726150794747646,0.0017161301383197963,-0.008073139759236085,2.087234591618773,-0.5811926293581297,-1.205141492798636
29940,1.308,0.9979966240053081,0.006670066950383732,0.002221642872291817,-0.06287537660987684,0.022670555131685116,0.05212626985366916,9.78262251406347,0.012639659169219731,0.0011839603762870848,-0.008750766470713947,2.0821041046014925,-0.5826527712682988,-1.2046768179610878
29941,1.317,0.9979961156458301,0.006669159433993354,0.0022241164019126043,-0.0628834539009258,0.042168943714797846,0.041011902044297874,9.714640924640518,0.009969139776247738,0.00115590663647633,-0.010538067690440677,2.0872155370374244,-0.5728667252265492,-1.2025349455243983
29942,1.325,0.9979967974870333,0.006674059325648075,0.0022120794739753404,-0.06287253646978845,0.0033655628135501967,0.06896954510960414,9.749146269496112,0.011583143400524422,-0.002237885791216018,-0.005854157601874542,2.09015997080564,-0.5907090487763269,-1.20454143430138
29943,1.333,0.9979969923927576,0.006664617923914158,0.002213358089342593,-0.06287039914703735,0.0034226432964041954,0.06976339493680048,9.749140599156888,0.007954584198420725,0.0007335136914472223,-0.00807256785500253,2.0837810389904563,-0.5809021415510431,-1.2002863343039736
29944,1.342,0.997996198788451,0.006668239103295926,0.0022072828069339854,-0.0628828251088854,-0.05957055461522431,0.0655826137294484,9.731849258514782,0.011025721262510049,-0.0008907841016419607,-0.011893209324903321,2.093560595201044,-0.5821413329325724,-1.2021563423439414
29945,1.350,0.9979963109472522,0.006670567985039291,0.002211918747026427,-0.06288063512632276,0.0008490637221378993,0.047141274173036624,9.765330516177112,0.010723217608927247,0.0017154336002250866,-0.00807130428430323,2.0945127740371654,-0.573076086208781,-1.198817240564911
29946,1.358,0.9979962365396495,0.006669172362163013,0.002211508109516673,-0.06288197853583867,-0.04044177234097097,0.05226738208666068,9.765308612461501,0.009867170993493726,0.00020115960787236693,-0.008749219275437908,2.0878975128460238,-0.5793933235459612,-1.1956315628230212
29947,1.367,0.9979962109640692,0.0066675554641152796,0.0022100620707419653,-0.06288260674573179,-0.06477596813964367,0.0195365378297343,9.764243070762866,0.00986676512290265,0.00020101582265522034,-0.008748874160326105,2.082793811883196,-0.5806441044738984,-1.1988310523111612
29948,1.375,0.9979968181735521,0.006669648816392089,0.002211585942106993,-0.06287269349847559,-0.018546360430865872,0.06463057410874866,9.731843885434493,0.010622500994497045,0.0007617405097399203,-0.0062832124882700804,2.0901144012755193,-0.5786864316836922,-1.1983078082590441
29949,1.383,0.9979972748541583,0.00666733246983094,0.0022062247850976715,-0.0628658781343896,-0.018726451996293237,0.06398744853058591,9.782560464649587,0.009766704596834045,-0.0007526697407614723,-0.006961022458715767,2.088179428696208,-0.5750476664546768,-1.20079808445719
29950,1.392,0.9979964606700874,0.006659458771566498,0.0022161230653584205,-0.06287928830233865,0.0200518956385994,0.03763288784141231,9.748064944791986,0.008150522704780824,0.002638652795604923,-0.011645010681469406,2.0891501368464236,-0.581876342127583,-1.1999936766845671
29951,1.400,0.9979974966182047,0.00664542046828756,0.0022222893847300175,-0.0628641118642967,-0.02134299580176493,0.04251562638595104,9.748042129841552,0.006794349638132823,0.0018253047751037685,-0.004927931082204716,2.085976478243463,-0.580655694020306,-1.200028466862627
29952,1.408,0.9979975289128098,0.006659210810703779,0.002212085406588903,-0.06286249973918301,0.01986547184911821,0.03907044328379217,9.748059673957727,0.01359293395873424,-0.0018163516722807976,-0.008314181686673628,2.0867159003695734,-0.5823738730076201,-1.2009833802620256
29953,1.417,0.9979972833052607,0.006665414237004712,0.0022079137604540753,-0.06286588808880988,0.017427577108069813,0.01583467270721269,9.764273279981401,0.011777952943246218,-0.00033181195314575427,-0.009423856050720549,2.0913920267230144,-0.5809577713738004,-1.2060899633477224
29954,1.425,0.9979977483461315,0.006663432536153795,0.0022028253996614236,-0.0628588937473962,0.039424896462378116,0.027436330806579527,9.730811036400748,0.009765071761023555,-0.0007530833319428267,-0.006959264503877014,2.0854796089410637,-0.5760056416662459,-1.1988554598450718
29955,1.433,0.9979977235583822,0.00666180235395843,0.0022013744664941296,-0.06285951091236933,-0.0017665671659357427,0.0324982668456041,9.730786948106779,0.009863637368410887,0.00019957559088725225,-0.008746198406381776,2.090590295836372,-0.5769612989685334,-1.1966116021250117
29956,1.442,0.9979969533972528,0.006668917947885151,0.0022020589040249085,-0.06287095895395625,0.044267554735846516,0.07620845073565383,9.749080488981104,0.011875356151612013,0.0006203768610422313,-0.011209868648915433,2.0919000103280747,-0.5797626202686206,-1.2087833372929975
29957,1.450,0.9979981274518338,0.006658810622770594,0.0022143076936639193,-0.06285296083050763,0.022326043217816432,0.06771907679718354,9.731814945825407,0.007647328419475326,0.0033395756410140045,-0.004249420250760649,2.0908596347145356,-0.5738200646195551,-1.2000576728325423
29958,1.458,0.9979969804839222,0.006669592615200933,0.002205582451397322,-0.06287033390536632,0.002982804346173784,0.0835285338383715,9.698321535249345,0.0129328913044111,-0.0014265932282067977,-0.012563170845242074,2.0911086990357854,-0.5799302588837846,-1.2007303112566834
29959,1.467,0.9979975758721972,0.006671201057792806,0.0022063035679112893,-0.06286068607827186,-0.021460172222511113,0.04950291026912074,9.748008895410923,0.010618187159043821,0.0007613615817571316,-0.006279861540419201,2.0901339133477053,-0.580420836035977,-1.2009769374117136
29960,1.475,0.9979976674489468,0.006673120248757755,0.002192854119230089,-0.06285949907069509,0.022343677591852,0.07038258453483119,9.731796008311905,0.010821463754506197,-0.002800233037687469,-0.008311022349203247,2.0888861179021183,-0.5855127894473168,-1.1972753395780056
29961,1.483,0.9979976432685241,0.006671479168396078,0.002191399557617544,-0.06286010789170174,0.019935571278244097,0.046965100913576266,9.748024689440232,0.009861108177258942,0.00019847228526644907,-0.00874408613697024,2.082118483124975,-0.5812065368138188,-1.2066437098336311
29962,1.492,0.9979970418156888,0.0066670959777828465,0.0021879784759109076,-0.06287024024565677,-0.023782424643784106,0.02772284135562843,9.764233352010649,0.009104438037821318,-0.00036452873971385395,-0.01120837386855993,2.085308406523404,-0.5795184906471651,-1.2088338417107665
29963,1.500,0.997997279202986,0.006672587577395221,0.002179893092462159,-0.0628661701121134,-0.02371750395045625,0.02856637115754269,9.76423108006678,0.011674962602488419,-0.001285377780936634,-0.007632391048473327,2.0923527388815035,-0.5775190954898908,-1.2039181665724368
29964,1.508,0.9979980588944953,0.006666395874988249,0.0021832655210561607,-0.06285433127893628,-0.06726234703292705,0.010780914987656945,9.729720822671567,0.008703082151409886,0.0012927847953354405,-0.005602352822760044,2.0843101159457986,-0.5843732681648943,-1.2058651463322823
29965,1.517,0.9979980758620327,0.006679712347580012,0.0021724579639476795,-0.0628530225608033,-0.023699794387095654,0.030299617991650353,9.76422589982802,0.013587176851741909,-0.001817258380968235,-0.008307738334550329,2.090371281790397,-0.5750407127268321,-1.2000496529713822
29966,1.525,0.9979978207611471,0.006686128115569917,0.002168537549055989,-0.06285652624606952,-0.023614547558720306,0.03132958450955213,9.764222854541053,0.011771820835868665,-0.0003340741160839812,-0.009418514261632743,2.088428594682089,-0.579693082990174,-1.2014846299654267
29967,1.533,0.9979977283893943,0.006696977439117555,0.0021892456412063556,-0.06285612003864359,-0.006887048683964661,-0.005478438722009772,9.763242819930491,0.012519528449179642,0.00569491419808851,-0.00849829470203186,2.087939168803006,-0.5706579690870429,-1.2013298365943832
29968,1.542,0.9979972401116775,0.006684252917513467,0.002188858091686829,-0.06286523993960721,-0.021579182983147403,0.05736474454705544,9.747965536108145,0.00718910571066477,0.00016483409324569007,-0.010529958030066082,2.090149873149284,-0.5819064749482433,-1.2031601382146206
29969,1.550,0.9979972168013842,0.006682597644533273,0.0021873984765045894,-0.06286583677417976,-0.026411902764545896,0.0109410294974004,9.729740861259634,0.009857817617765736,0.00019707774548203134,-0.008741149237389627,2.090609841796769,-0.5782074440779075,-1.1992853669723798
29970,1.558,0.9979976657364747,0.006680593189899282,0.0021827198597243426,-0.0628590852080508,0.02213024846205591,0.07887826076872659,9.73173134399663,0.009759581639027324,-0.0007545119688717754,-0.006953459901095808,2.0867306516633684,-0.5755567868811216,-1.2030012647762542
29971,1.567,0.9979975597455115,0.006690697449888796,0.002184625928572179,-0.06285962710031726,0.019616039913033578,0.05554207730699194,9.747980242967264,0.012623794116781465,0.0011807702081531495,-0.008739344775417232,2.0949917972660006,-0.5777029594700259,-1.1975490165969074
29972,1.575,0.9979968377649467,0.006713407183063669,0.002194659603083639,-0.06286831828821006,0.04137921059071218,0.06738384837542204,9.714497194928994,0.015487567849210914,0.0031159288958808114,-0.01052499646658058,2.090370519305669,-0.5860265456923247,-1.1999453498406618
29973,1.583,0.9979977380494468,0.006695402583908092,0.002194732157527027,-0.06285594310153975,-0.00015915134647000544,0.07110213492063383,9.765185483452386,0.005933247359756181,0.00030792445486705467,-0.005601218856980212,2.0813513375423094,-0.5674889198266858,-1.201896401377456
29974,1.592,0.9979975829680022,0.006704886903953881,0.002178228933656134,-0.06285796847134022,0.041177419095660216,0.06765365316749986,9.765211065750737,0.012729576701166631,-0.003333618740203252,-0.008979330028857166,2.0852940110558165,-0.5812088547231005,-1.2068646319908738
29975,1.600,0.9979977808122207,0.006695394391994952,0.0021794852214154442,-0.06285579553222212,0.01951517570421351,0.05915698819911527,9.747959175323375,0.007942745958648339,0.0007272349999041442,-0.008063693130981693,2.097721667296419,-0.580934592280985,-1.203602330479537
29976,1.608,0.997997129385658,0.006690741829927848,0.0021760940997063234,-0.062866750561973,0.01718893390111122,0.03696174002433931,9.713496500131598,0.009098597778418939,-0.00036919130743500486,-0.011202650027945224,2.0886943812896432,-0.5763030832011771,-1.204444772323195
29977,1.617,0.9979975887334142,0.006688384595712257,0.0021707256058264087,-0.06285989456032667,-0.007187642407778561,0.0027955903821930135,9.76324373743997,0.009757157131584204,-0.0007551378238397096,-0.006950947167518465,2.080142142638468,-0.5821529224789802,-1.2034751156653536
29978,1.625,0.9979974776515876,0.00669864073689699,0.0021725466327365867,-0.06286050313571846,-0.007205138967720846,0.0037054345726064684,9.763243423457304,0.012620149129535204,0.0011800497944235103,-0.008736782772133944,2.087614490152685,-0.5739714778697482,-1.19031363198427
29979,1.633,0.9979974553675309,0.006696967564646212,0.0021710805103754113,-0.06286108585436104,-0.0023052859323983116,0.05308950917759651,9.730696279152662,0.00985366101933742,0.00019522401085521804,-0.008737649104920182,2.0896203556472104,-0.5847827184922322,-1.1975210621552295
29980,1.642,0.997997296495618,0.006691941008077676,0.0021650199291981054,-0.06286435239219022,-0.024199476974256662,0.04316521705883314,9.76417627152239,0.008999742151903647,-0.0013209646125966082,-0.009413609141351961,2.0799196271542004,-0.5792511819328943,-1.20643419170401
29981,1.650,0.9979969163220768,0.006694156057632596,0.0021547437193848405,-0.06287050473637196,-0.026547868837981804,0.019740389537170167,9.780450291384755,0.010911636716445008,-0.0018524099967573136,-0.01008817326631517,2.090871449201829,-0.5836014748427417,-1.20167382062846
29982,1.658,0.9979968419766851,0.006705274201018566,0.002175419436852714,-0.06286978807604278,-0.024233629628842464,0.044924330474095706,9.764168254723948,0.012509378839208165,0.005693738560741662,-0.00849564109909189,2.0910817435402818,-0.5825809160805705,-1.197042968457502
29983,1.667,0.9979970405507785,0.006695769077536314,0.002176670911216034,-0.06286760558580938,-0.04625530079902112,0.03638914212256925,9.74692389355897,0.00793979028491283,0.0007258482368923564,-0.008061393565907342,2.0893872850157496,-0.5796699038973583,-1.1990362602286946
29984,1.675,0.997997289056813,0.006701766533496189,0.002169660477669635,-0.06286326378732333,-0.024478120808313176,0.04655068156204797,9.764160025215588,0.011667034885874773,-0.0012869518008906946,-0.007622984564805383,2.0874249333383075,-0.5847850364015138,-1.1977812474439256
29985,1.683,0.9979967855386644,0.006700768234956896,0.002172092859408835,-0.06287127939023235,-0.022008231803658705,0.07165609748541525,9.747869999971794,0.009947981111675613,0.0011443570424189062,-0.01052297063938041,2.0835762001387037,-0.5804648763123266,-1.2056634628546958
29986,1.692,0.997997141470586,0.0066949405728800185,0.0021608899186339957,-0.06286663615961033,-0.0049675628232918045,0.03464741492518419,9.746950671219604,0.008900998429332533,-0.002272272119414563,-0.007623570653783906,2.088915518825076,-0.5733433949230522,-1.201297201522367
29987,1.700,0.9979967756451525,0.006697870121970839,0.0021694123399189813,-0.06287183779569275,0.019232878271141698,0.06905027269629006,9.747894678577927,0.010800037413524607,0.0026604170029643458,-0.009846456680453,2.0854845561046123,-0.58187170630902,-1.1995322008043554
29988,1.708,0.9979965886923396,0.006692451590317701,0.0021624266733870725,-0.06287562294759164,0.019172968425042992,0.0698558903861917,9.747889055450177,0.00899701164631285,-0.0013226394996194329,-0.009410251273184045,2.092327737434407,-0.5777307743814045,-1.2004981253453046
29989,1.717,0.9979972000266166,0.006694731526241374,0.002181951039764568,-0.06286500137982726,-0.002745082818876726,0.06126542041102059,9.730648124499604,0.010496318202294304,0.005274600662591718,-0.0060324159792213335,2.092277717596109,-0.578398261785887,-1.1936557250436912
29990,1.725,0.9979974924815269,0.00668880924787029,0.002171849174761238,-0.06286133869551835,0.01642229044424638,0.04721560834817027,9.764173703286119,0.008900078945581988,-0.002272782992245217,-0.00762187306402493,2.0859853843361407,-0.5809114131881692,-1.2012467645080573
29991,1.733,0.9979968521220752,0.006683868365494691,0.002168184425113206,-0.06287215627287493,0.03353987284494665,0.010181957533182042,9.763271775686661,0.009092469021428585,-0.00037365487308785897,-0.011196605852842738,2.0893964452700025,-0.5762636787433906,-1.2002893255843647
29992,1.742,0.9979977775922181,0.006681063515631136,0.0021594596491262175,-0.06285806269141889,0.033623746731029656,0.010946934510677662,9.76327065980873,0.009655922875805455,-0.0017057321901333695,-0.005158034693384687,2.08718708498435,-0.5713648609493119,-1.1986428830316
29993,1.750,0.9979977566776959,0.006679366775551435,0.0021579870054784225,-0.06285862564397285,0.016666229335398804,0.04950726543913544,9.76416193986062,0.009848081137923818,0.0001931043561489548,-0.008732856669313782,2.086459070687011,-0.585287203100114,-1.1992484890917354
29994,1.758,0.9979977208596846,0.0066779757136478735,0.0021572341474767496,-0.06285936795798057,0.036120602949152016,0.03676365649942553,9.746965315625516,0.009847679267722769,0.0001929614510078214,-0.008732514459813637,2.0778956275363245,-0.5725669657823365,-1.1967461271425524
29995,1.767,0.9979975626057376,0.006672345451434754,0.002149667161456413,-0.06286273753408307,0.011963609897615973,0.003914491245835158,9.746036697233055,0.008994688353106609,-0.0013240649263098214,-0.009407638431419448,2.08083683097193,-0.5855220610844432,-1.1983107266694089
29996,1.775,0.9979973390273388,0.006678849089682452,0.0021458243246043622,-0.06286572760381384,0.016752671642756917,0.05192325682929409,9.764149244382995,0.011758556775334605,-0.0003382648895611103,-0.009405714551077499,2.089182480052206,-0.5787443794157311,-1.204418024474115
29997,1.783,0.9979979508736858,0.006681110819624931,0.002165350075670282,-0.06285510376405823,-0.024676226783207994,0.056969126223786096,9.764104298155353,0.010492016560493022,0.005274515391280148,-0.006031743842861564,2.100398981864236,-0.5699371697690845,-1.2024663865517513
29998,1.792,0.9979972237184725,0.006676057632269788,0.002162430794144428,-0.06286728559253223,0.013899327794869765,0.029414566467103734,9.780452133979184,0.009089659662057178,-0.0003757469804163773,-0.011193877936468375,2.0899326437106653,-0.5799882066158235,-1.2068423121595475
29999,1.800,0.9979968589854058,0.006678960598145137,0.002170946615108177,-0.06287247355868346,-0.003054053889984486,0.06923643143440628,9.730594580570592,0.010793803030087742,0.0026583034202857987,-0.009842954774176262,2.0952752096737552,-0.5775098238527646,-1.2029202579246931
30000,1.808,0.9979974115538176,0.00667992041103651,0.0021532460110369484,-0.06286420863097288,-0.005456718212923499,0.045897795570393106,9.746903926283741,0.010713272992921716,-0.003753715315107387,-0.0065037385019580726,2.0903727614038625,-0.5794373638223107,-1.2002520548176498
30001,1.817,0.9979970470620433,0.006682818531673116,0.0021617602174361476,-0.06286939465811316,-0.02489655502053212,0.06031728202456789,9.764083629390692,0.010792673069743925,0.0026578349235438187,-0.009842472338629962,2.085766895557424,-0.5714228086813508,-1.2047566686222577
30002,1.825,0.9979968927903801,0.006692852626334927,0.002164031507546841,-0.0628706980405301,-0.025057315656547917,0.06126737731917487,9.764077303785218,0.012608101195018232,0.001178087583147112,-0.008727786391570564,2.089865099736799,-0.5759940521198381,-1.1976027199720125
30003,1.833,0.9979967356052669,0.006687210378504263,0.0021564577653152535,-0.06287405369857578,-0.0514956746857582,0.005539825236591659,9.728762813527625,0.008992009269279316,-0.0013259225775897909,-0.00940412914125249,2.088154156143431,-0.5791654192894766,-1.1973409576724685
30004,1.842,0.9979965260545716,0.006709334066172753,0.0021627970383068093,-0.06287480519545616,-0.005610202072180516,0.04958654938345748,9.746885774090929,0.015370395459940775,0.0021644494817258803,-0.008725245707053764,2.0857788964298725,-0.578518793068528,-1.206398312739018
30005,1.850,0.9979964645501205,0.006692651714829905,0.0021706471480338755,-0.0628772888207155,-0.027532477700352637,0.04102651035748143,9.72965740816084,0.006115736791200835,0.002201012196899265,-0.009169799458881935,2.0913008931390964,-0.5825484653506288,-1.1936234603899258
30006,1.858,0.997996355338937,0.006702401330205059,0.002154422163300193,-0.06287854174318906,-0.0057489528931569875,0.05122317256829466,9.746877227701132,0.012718469718458194,-0.003336458880242795,-0.00896117320444048,2.080345671317806,-0.5757522404076643,-1.1979187637418576
30007,1.867,0.997996555879264,0.006692858403847114,0.002155659209873618,-0.06287633285175373,-0.0033939293985719913,0.07504663527146203,9.781270786113845,0.00793099410390351,0.0007215233315963247,-0.00805476482725471,2.091390225171553,-0.5811995830859742,-1.2058435224018174
30008,1.875,0.9979961827341655,0.006695956716824737,0.002164435344384788,-0.06288162395582038,0.013523167880778477,0.038062152782345295,9.780422831974228,0.010788829689080237,0.0026564240357952575,-0.009840276351473304,2.083708090362205,-0.5776334221915791,-1.190307419278723
30009,1.883,0.9979963007835597,0.006698158689782665,0.0021690511141771026,-0.0628793567855286,-0.04719712534423989,0.0577958416412848,9.746815952446187,0.010693254797435936,0.0017081955554462292,-0.008052218783966286,2.0917754266952198,-0.5747177741898036,-1.1917410773410708
30010,1.892,0.9979957725410072,0.006697601549073078,0.0021732206275883897,-0.06288765567161826,0.010977620667066413,0.0167858275414765,9.746024188993442,0.009936272897807583,0.0011382551003154863,-0.010514125086269132,2.0806056296683506,-0.5791909162915737,-1.2000816370781764
30011,1.900,0.9979955337152472,0.006703694482176623,0.0021690218083377515,-0.06289094139146241,0.01561090938561807,0.0648617091233265,9.7640737605411,0.011752027933768262,-0.0003404846595767539,-0.00939867786535894,2.089864659190068,-0.5823414222776783,-1.1975424559409298
30012,1.908,0.9979962377568037,0.006693946815179923,0.002166923497875145,-0.06288087898443638,0.030279734265395652,0.0037219481552425333,9.779581048715519,0.00783439407591108,-0.00022709347004833667,-0.006265537147710621,2.0877232495368023,-0.5755776480646556,-1.205191233912084
30013,1.917,0.9979965354748512,0.006715031068286216,0.0021683107599434976,-0.06287385757526663,-0.008390296194025464,0.03413970624756464,9.712458014759862,0.015270188933532521,0.0012166550837961268,-0.006933795539252627,2.0791691076695358,-0.583134076783365,-1.2039612292242414
30014,1.925,0.997995777745735,0.0067069832278801355,0.002177052416746894,-0.06288644067238845,-0.006489751801212783,0.056908443104871885,9.797567875019114,0.008118046426922926,0.002615266929312704,-0.011628007839968823,2.0913739434319787,-0.5843524069813604,-1.2036162824992727
30015,1.933,0.9979963783110656,0.006708497913533606,0.002177775022374311,-0.06287672247893336,0.032361957572140776,0.030576604001894284,9.763233181312728,0.01059583743011509,0.0007599847346186948,-0.006262529668071165,2.088184325027441,-0.581646119961817,-1.2014678718744254
30016,1.942,0.9979971275784126,0.0067137230757481885,0.002166216185773702,-0.06286467032552337,0.015338977442242448,0.06921779407018092,9.764044282771394,0.011560669234179602,-0.0022362789439074136,-0.00582103746255121,2.085480749672429,-0.5852848851908324,-1.199011504744353
30017,1.950,0.997997109302551,0.0067119851470968704,0.00216472939941562,-0.06286519725384355,0.015418048268297506,0.07008932021739575,9.764037939869976,0.009838470384402803,0.00018888171301815568,-0.008723998702650325,2.0912866332243496,-0.5822857924549211,-1.191672793448828
30018,1.958,0.9979966501517908,0.006711723247629011,0.0021683459750618857,-0.06287238927052492,-0.028284966837369863,0.05078428839720492,9.780333495280004,0.0099325458073551,0.0011359838953895205,-0.010511371295472617,2.093549413121963,-0.5889630548776341,-1.2006267040268246
30019,1.967,0.9979971139411757,0.006709307439532314,0.002162968827379514,-0.06286547005008329,-0.011034323405621967,0.015012593603828707,9.728794613696477,0.009743261673868733,-0.0007585080190762797,-0.0069355266043256035,2.0845223473885537,-0.5811578607189063,-1.2014992778860238
30020,1.975,0.9979970045992639,0.006704301629610907,0.0021559211888297182,-0.06286798194935853,-0.030451815763737154,0.029319538157851256,9.745953150210696,0.008986318895485134,-0.001329852152682856,-0.00939702991651043,2.091119050853718,-0.5850708883900372,-1.2021463750536825
30021,1.983,0.997997302995322,0.006725368159867418,0.002157311386411801,-0.0628609468967842,-0.010947242127845081,0.016753438939101892,9.728791873919853,0.015265866753170994,0.0012170033274963412,-0.0069306842154247565,2.0911301821004837,-0.5789815553093417,-1.2036690598287514
30022,1.992,0.9979970732232065,0.006731836135031523,0.002153587292972324,-0.06286403011211654,-0.030486864004887815,0.031397176043503186,9.745946570418862,0.011747084378243188,-0.00034262913697361914,-0.009394004126592071,2.0884216426378175,-0.5769983855170385,-1.2005336338920458
30023,2.000,0.9979972754256765,0.006722268734756693,0.0021548127160323496,-0.06286180182068883,-0.028280089627253174,0.055230279083595006,9.780309412018644,0.007925224582363619,0.0007182601781672922,-0.00805020243957779,2.0842426566924566,-0.5791584655616319,-1.196637143381494
30024,2.008,0.9979979964651114,0.006727974493286987,0.0021623192522358006,-0.0628494851712661,-0.00890035581858387,0.042468210568439246,9.763150363036663,0.011442898540457902,0.0022779970720393163,-0.005586160079097069,2.0903498665021187,-0.5750128978154534,-1.1971201757887113
30025,2.017,0.9979974973522671,0.006726895998700898,0.0021647151289288353,-0.06285744313321892,-0.006459644290232103,0.0686512850081236,9.696046780970319,0.009929295751761685,0.001133940161119396,-0.010508955699896851,2.088873964532724,-0.580613971653238,-1.195612834835101
30026,2.025,0.9979981670920254,0.006717709505756799,0.0021820315235506187,-0.06284719244631709,-0.006865322520688539,0.0682315335306757,9.746772277482417,0.0077148170344622955,0.00428548183528228,-0.006030420608364979,2.0818847008411017,-0.5863471663200716,-1.2080615583184238
30027,2.033,0.9979987683668873,0.006719205509388896,0.0021827531918375363,-0.06283745860553747,-0.004674420535383073,0.09315086637923461,9.730394388816709,0.010591296565950677,0.0007593106068444799,-0.006258840605453353,2.0886474562311172,-0.5838108358249737,-1.1980257184929122
30028,2.042,0.9979986649412981,0.006714080432437445,0.002175168479308392,-0.0628399120099685,0.012454377765344471,0.05621882437333166,9.729612471547114,0.00898394752056657,-0.0013318876359787212,-0.00939363410398882,2.0881652026696718,-0.5742967343160581,-1.1988520532107907
30029,2.050,0.9979991296048385,0.006711651863413462,0.002169788089458103,-0.06283297746324419,-0.009370705045332899,0.04635510923741992,9.763132240613324,0.009740153211853241,-0.0007595432319652147,-0.006931909777724666,2.088837899615282,-0.5859384651396256,-1.1906793802222975
30030,2.058,0.9979987666889991,0.006715038943279912,0.002179552726997997,-0.06283804173538093,0.05129444007616031,0.029594702286126373,9.746041044416037,0.010777579750794741,0.0026516092635748894,-0.009833748896358685,2.0908930000429478,-0.5816762527824773,-1.2046218405899256
30031,2.067,0.9979981315575778,0.006710028959791795,0.0021758413128459314,-0.06284879182231116,-0.014149016306074971,0.0007644653190866952,9.74515381294234,0.009076581442899292,-0.00038635902547820447,-0.011180264958744848,2.0881971731051427,-0.5765356232762247,-1.2032254083586529
30032,2.075,0.9979980971451206,0.006708416006435188,0.0021745742596152406,-0.06284955430385429,-0.011750641792411769,0.025701590798301966,9.728771408612955,0.009832734037046903,0.0001863872963968708,-0.008718631231870886,2.0820866990746594,-0.5762822220176431,-1.2022958510066117
30033,2.083,0.9979978611809321,0.006714469650139214,0.0021703638965159585,-0.06285280022528109,-0.00972315574292129,0.048538167279986486,9.81384727568313,0.011742668213066866,-0.00034409873291266484,-0.009389217043571556,2.0884517437454084,-0.5804556046752004,-1.2046512767046056
30034,2.092,0.9979984056749474,0.006701099309483008,0.0021803961616972804,-0.06284523379610203,-0.012029358173176663,0.026229406622592093,9.779498294836834,0.006861305878315212,0.0027657600201251267,-0.0067029192232766505,2.082093566398404,-0.5801975675980556,-1.2032352578432457
30035,2.100,0.997998389325608,0.0066993326703260634,0.002178899715646195,-0.06284573367615441,-0.009581916910198331,0.05217165573710559,9.712376786089104,0.009831664260471247,0.00018596231722478346,-0.008717570121632384,2.0879454430830737,-0.5831178514183941,-1.2021881187737904
30036,2.108,0.9979985165766401,0.0067011395661735204,0.0021647652068654964,-0.0628440087115715,0.009671976314531643,0.03727309750683128,9.796695943000424,0.01079827919062747,-0.002809357681351161,-0.00827330200044525,2.08545797337942,-0.5791515118337873,-1.1958958506468598
30037,2.117,0.9979980187202688,0.006700038174964272,0.002167151266025104,-0.06285194964567305,0.009920168737250866,0.039206744864934834,9.745960916497204,0.00992394888421401,0.0011312496129328613,-0.010504856015655024,2.0882236372215996,-0.5809647251016451,-1.2068455335847033
30038,2.125,0.9979980556712469,0.006714225545094686,0.0021755224071150275,-0.06284955969612203,0.012141981470472001,0.06431949649955056,9.729562690424121,0.013440084517832176,0.0026938859653426375,-0.008040992047791955,2.0865504584325043,-0.5800345648014545,-1.2117497597597722
30039,2.133,0.9979978204551484,0.0067202680982196335,0.0021713087146429154,-0.06285279454350072,-0.012052418760697141,0.03164508160343377,9.728753523496271,0.011740073853034614,-0.0003450239263683415,-0.00938655409068007,2.085001997549275,-0.5767519379863014,-1.2003168142699459
30040,2.142,0.9979977882395517,0.006718514027771126,0.002169555839459146,-0.06285355412132201,-0.009855247865447626,0.05560667224828961,9.76308345384487,0.009829493835649824,0.00018500518423806374,-0.008715730728923756,2.097734261212545,-0.5794860399172235,-1.2053250992535243
30041,2.150,0.9979977725531539,0.006716736339444579,0.0021680552565162847,-0.06285404496366888,0.009465018594279855,0.041787038664543065,9.796677930399609,0.00982909595418479,0.00018486320933281983,-0.008715391462088924,2.086172495723064,-0.5796165919838826,-1.1934446299032218
30042,2.158,0.9979980139631789,0.0067231617135274846,0.002179745173120037,-0.06284912038450192,-0.009832508302596727,0.05833736691276143,9.712341459644769,0.011527748569265424,0.0032237757043575427,-0.007369358513461225,2.0862694067316783,-0.571929611198514,-1.2067014483404195
30043,2.167,0.9979986167280923,0.006724631601140336,0.0021804669413460556,-0.06283936586696429,0.011530595225670454,0.0677191306039148,9.780265003276753,0.010585042044850907,0.0007589664952779914,-0.006253871258108375,2.0791624775632616,-0.5758009165025769,-1.203054272250498
30044,2.175,0.9979981230275392,0.006738939180178283,0.002192034445308979,-0.06284527123997267,0.03343052133476948,0.08035984335649257,9.695989854963237,0.013529498370205234,0.003638261529846757,-0.009826710925471502,2.0825930505693084,-0.5728875864100831,-1.2047659624794749
30045,2.183,0.997998589621755,0.006736488565821325,0.002186649318769514,-0.06283831155869612,-0.010299644088609249,0.06114760808103795,9.712323687786913,0.009734978308465092,-0.0007609383168929687,-0.006925743320058111,2.087216474439527,-0.5850755242086004,-1.2026631762554876
30046,2.192,0.997997950237008,0.00673160219829465,0.0021828887372485634,-0.0628491197339798,-0.01044383614419088,0.06086288681563464,9.763051489264742,0.009070650431322439,-0.0003912254418773706,-0.011173975142719058,2.090613156849906,-0.5818740242183015,-1.1997388454592517
30047,2.200,0.9979985533659067,0.006733065347694126,0.002183609842326384,-0.06283935994771346,0.006700220697064726,0.02395853284869304,9.762335925464974,0.010583473951257045,0.0007588043385097971,-0.006252546632594957,2.090408538271518,-0.578263073900665,-1.2051461060255146
30048,2.208,0.9979983099381966,0.006739382189561758,0.0021799099931065014,-0.06284267722358984,0.006681864382946548,0.024866853596136117,9.762333667320991,0.011736249122780644,-0.0003466494938098939,-0.009382465378860495,2.0945516456845925,-0.5787420615064496,-1.2041346382441063
30049,2.217,0.9979978134572839,0.006738256487125843,0.002182283064878149,-0.06285059963611309,-0.015060039331665501,0.016183153919961082,9.74513904093375,0.009918419132003406,0.0011277642341977554,-0.010500327100015791,2.089681405067643,-0.5794906757357865,-1.205872240147816
30050,2.225,0.9979977764660345,0.006736606780544725,0.0021811079553567484,-0.06285140464638089,0.02829974781020116,0.03612012484981404,9.779520984384787,0.009825613044347176,0.00018315901431346324,-0.008711955881031245,2.0918648095599917,-0.5726365030607831,-1.2039680928950103
30051,2.233,0.9979977619181537,0.006734812230507472,0.0021796006426117783,-0.06285188025520991,-0.015130726055290774,0.017780465420101747,9.745136147888628,0.00982521601525032,0.00018301725056597747,-0.008711617242600613,2.085013964533514,-0.5843361816163894,-1.2019538226920077
30052,2.242,0.9979973841727777,0.006737765455048588,0.0021884044808338225,-0.06285725564160616,0.0064584557254407276,0.028189763936122936,9.762324787530327,0.010765860022649903,0.0026472310082706597,-0.009826959245085786,2.087976018625606,-0.5797394411758051,-1.2063706613121317
30053,2.250,0.9979971405077597,0.00674310138036516,0.002165375632992554,-0.06286134957569718,0.006546213905684663,0.029110372136096282,9.762322028467578,0.011853918255866455,-0.004861703767463785,-0.009605960991394128,2.08772666625457,-0.5777794504763172,-1.2056586194830519
30054,2.258,0.9979972052867442,0.006730328411592479,0.002179207059943334,-0.06286121201432937,-0.012946021533700695,0.04342728202877368,9.779435876457251,0.006945518648932635,0.003706729249813591,-0.008487870380525921,2.08822380666265,-0.5785234288870911,-1.206868712058197
30055,2.267,0.9979970982034829,0.006739576493923017,0.0021622857922076605,-0.06286250556781596,0.02846357931315951,0.041265004897186736,9.72877152830917,0.012701988584289172,-0.0033416231026343205,-0.008932736029995359,2.0933251130303385,-0.5860589964222667,-1.2033416569669249
30056,2.275,0.9979970116052269,0.006749847640856276,0.00216440946164022,-0.06286270528337908,-0.01287898303064157,0.04525620423884753,9.77942767505838,0.012581083357230943,0.001172663632724348,-0.008707055089626221,2.082815159395055,-0.5816484378710985,-1.2017512581044345
30057,2.283,0.9979974794194876,0.006747378935781632,0.0021590214626556856,-0.06285572826855683,0.011151818555205454,0.07989319370094623,9.780173570773165,0.009730799424622145,-0.0007618263254996784,-0.006921485586504235,2.0886838769747658,-0.573359620288023,-1.2030078479000517
30058,2.292,0.9979970907030312,0.006749599625307811,0.0021489286823072914,-0.0628620072754795,-0.012794814836301623,0.047003575251057694,9.779419542054614,0.010883069869256816,-0.0018685563585015736,-0.010050137487629849,2.085268958776405,-0.5821529224789802,-1.2034376372216937
30059,2.300,0.9979974325271532,0.006743890520132425,0.0021562384993103344,-0.06285694269845792,-0.012628071648291977,0.04879063207666993,9.728681913205184,0.008760815663622985,0.002232013720867872,-0.007368183737409839,2.0896388794849776,-0.5750407127268321,-1.2000550070347622
30060,2.308,0.9979974881059896,0.006730584149019408,0.002151768888779682,-0.06285763964545252,0.011354390384986177,0.08316515444949057,9.72942080144594,0.007063755288734022,-0.0008092102371211786,-0.008711502982400662,2.0837524174963318,-0.5818415734883597,-1.1963710933376819
30061,2.317,0.9979973918020296,0.006740498099072171,0.0021536534485352083,-0.0628580417969476,0.008992280964186609,0.059828249561732626,9.745857043729853,0.012578624140069335,0.001172268786934369,-0.008705373402216473,2.0869743282743376,-0.5821482866604171,-1.2029368982100288
30062,2.325,0.9979973076423037,0.006750249676679887,0.0021372609909229494,-0.06285889104551755,-0.014962534266575246,0.027117833691696867,9.74511489988353,0.012699326881998863,-0.0033424621260444215,-0.008928911571075046,2.094066743366432,-0.5816762527824773,-1.2045986396486124
30063,2.333,0.997998749277848,0.006747123674392889,0.002142929702546039,-0.06283614098799906,-0.012750195399731018,0.05117640453101145,9.779398653029668,0.009424526018897133,0.0018656307129473434,-0.003119620644998239,2.0911514787800263,-0.5807182775709082,-1.206582312079977
30064,2.342,0.9979982500480206,0.00674623593797783,0.0021456302581042783,-0.06284407269229014,-0.015026952663559504,0.028799687084179147,9.745109973470695,0.009911171899739038,0.0011238537454017704,-0.010495438508928673,2.076939523659283,-0.5867542987381279,-1.1995483079301348
30065,2.350,0.9979975361629745,0.00675288948759136,0.002145276109960585,-0.06285470616121878,0.006597633169641242,0.039294603467901326,9.762286312461397,0.011819768890678097,0.0005939007289842331,-0.01116351252155542,2.0906041152043873,-0.5835713420220814,-1.1985020050350268
30066,2.358,0.9979975751155016,0.006751788891244822,0.0021442493029675933,-0.06285424094899479,0.0065628466954933806,0.040175328406178115,9.762282749900985,0.009818950751151937,0.00018040990996114295,-0.008706495927980597,2.0850538358831394,-0.5755985092481896,-1.2074079733648138
30067,2.367,0.9979983991093431,0.006745405789834072,0.0021476820728091725,-0.06284172449601919,0.006500704445750318,0.040927630077557633,9.762279665942039,0.008666365043009897,0.0012880008040407297,-0.005578326212295855,2.0869850528625813,-0.5819180644946511,-1.2044039546487137
30068,2.375,0.9979999126623029,0.006730623618617722,0.0021498125968376905,-0.06281919561359689,0.006411237089398681,0.04155152735308206,9.762277088635212,0.006666038327092339,0.0008747524164279461,-0.003121701223569196,2.089401697427442,-0.5777354101999677,-1.2010077877959364
30069,2.383,0.9979989807133504,0.006745081799180713,0.002146743098377964,-0.06283255414756284,0.006370469901069682,0.04238143613444005,9.762273551727294,0.013727032036855933,6.323336471116721e-05,-0.011830172981276012,2.081849432296598,-0.5801975675980555,-1.203237042531039
30070,2.392,0.9980000148978037,0.00673110599982872,0.0021531770418706142,-0.06281740447224485,0.006290983008306278,0.04321507218653408,9.762269944631534,0.0067565398621155385,0.0018174561735696043,-0.00490954847059922,2.0867013354609356,-0.5865055332981093,-1.1989909920686397
30071,2.400,0.9979989470809144,0.006741648991712932,0.002143993613491667,-0.06283355063693322,0.0062732135303169,0.04401419354317326,9.762266389212533,0.012878296930180127,-0.0014583404739769209,-0.012500332923641793,2.0879815418887255,-0.577305098689096,-1.2071262090812929
30072,2.408,0.9979982478014874,0.006748667526660788,0.002143923694461095,-0.06284390553560906,0.008627766051025738,0.0691393624421912,9.74579576519093,0.011816386863643736,0.0005922621287805355,-0.011160623131526312,2.0782337358402443,-0.581478481346653,-1.2095994241736459
30073,2.417,0.9979983716735242,0.006750745130358692,0.00214851560180586,-0.06284155836616838,-0.01316182267933763,0.060415153950079,9.728615963073345,0.010663847913201326,0.001700518391925868,-0.008033016721439806,2.0823091467825066,-0.5801604810495506,-1.199327503578558
30074,2.425,0.9979977614628441,0.006745895146952455,0.00214439326548116,-0.06285191000551694,0.004017213697113902,0.023542295520500058,9.727989096467239,0.00905909699558555,-0.0003999525677507176,-0.011162828280003064,2.0891377462595577,-0.58039533903388,-1.1982987220787717
30075,2.433,0.9979979682024839,0.006736248156607713,0.002145582622063587,-0.062849621317071,-0.015555037959516302,0.03778369328257769,9.745078452205554,0.007906766819817659,0.0007085809765756957,-0.008035587547567183,2.0805842482682824,-0.5786748421372843,-1.197156795590204
30076,2.442,0.9979969075925612,0.006747868962632556,0.0021559797799313566,-0.06286485863609927,-0.03527034126004788,0.05217442886180186,9.762164487968738,0.012752205332983251,0.003055208398360583,-0.012276082569554002,2.092049577184091,-0.5793956414552427,-1.1958453462290906
30077,2.450,0.9979964139935554,0.006746686444650721,0.0021583273522049534,-0.06287274052451154,-0.013569961480472244,0.06365371053434551,9.728594751204632,0.00990515360745766,0.00112086279960152,-0.010490599255121993,2.0886461291145975,-0.5772170181363966,-1.1978441772727884
30078,2.458,0.9979969956910085,0.006748498182939909,0.00216030026575149,-0.0628632441634879,-0.016152067309161428,0.039464158017688454,9.795802661186695,0.010571183272167231,0.0007582849018750316,-0.006243078518477639,2.084820358593157,-0.5763448055682451,-1.2088675431018947
30079,2.467,0.9979977286253509,0.006753153651190568,0.002148327118077965,-0.06285151760298426,0.005780229005961652,0.0509236156351271,9.762233095672386,0.01154198904600834,-0.0022348425949086613,-0.0057927356163487405,2.0891426764790006,-0.5865055332981092,-1.1989731451907062
30080,2.475,0.9979974652697179,0.006744474032819442,0.0021535405263080083,-0.0628564527191973,0.005800697405989154,0.05171869105289508,9.762228901717567,0.00799522992212318,0.0016494147010340011,-0.00982233728279718,2.0820740543262173,-0.5784631632457707,-1.2005661286905762
30081,2.483,0.9979980715410571,0.0067458809770431765,0.002154261917888107,-0.06284665023503042,0.005699286916670898,0.05247423673057463,9.762224930738745,0.01057007560743578,0.0007580911271319546,-0.006242275557602061,2.089342991769832,-0.5749734933576669,-1.1929772218644343
30082,2.492,0.9979980307316353,0.006744315359434452,0.002153678761587411,-0.06284748629740813,0.005657921725945464,0.05330368523753947,9.762220460631536,0.009812876727773392,0.00017784641229227837,-0.008700765864538527,2.09134560998764,-0.5811416353539354,-1.1997404449379196
30083,2.500,0.9979975378600259,0.0067431214696960185,0.002156020768884002,-0.0628553602536457,0.027283702021245946,0.0637741130475761,9.77938263321964,0.009902515370182972,0.0011192744562966944,-0.010488642180850976,2.086710936261921,-0.5767519379863014,-1.2003043214553926
30084,2.508,0.9979971563902136,0.0067454883595168425,0.0021464389024303575,-0.06286149078631408,-0.01605517546718732,0.045280267694332334,9.745045693432795,0.010873647339951758,-0.001873658940399492,-0.01003751582000429,2.087965107652206,-0.5826550891775804,-1.2048781085526044
30085,2.517,0.997997500064831,0.00673973351618618,0.0021537385036369417,-0.06285640195665611,0.022875652930113056,0.01809241894750907,9.761620668085978,0.008749973437422853,0.0022287908031786703,-0.007362360214827411,2.0920944126413694,-0.5762799041083615,-1.2019785557085294
30086,2.525,0.9979968594204088,0.006734855593706364,0.0021503940823344213,-0.06286721015301573,0.005529846627632942,0.056474897318625386,9.762202703070226,0.00905439619146174,-0.0004033552294382773,-0.011157915570619301,2.095510352962358,-0.5784747527921784,-1.2016885863547229
30087,2.533,0.9979979033001126,0.006720634544811181,0.0021565369890754107,-0.06285194848299525,-0.04018899355798802,0.013656186397271673,9.744367041615034,0.006751137934978453,0.001816725438136747,-0.004906803593968107,2.0898502298342696,-0.5845200455965244,-1.1955686105263383
30088,2.542,0.997998154425059,0.006726479629311927,0.0021496145095556947,-0.0628475726932497,0.005444275813105682,0.05786608940072948,9.762194605455312,0.011629236481585967,-0.0012932883866578803,-0.007577267466488794,2.0835103052193524,-0.5784260766972658,-1.1966494509869219
30089,2.550,0.9979981437309123,0.006724621091728342,0.0021480862138735114,-0.06284799365488404,-0.016192864185326266,0.04905320280156119,9.745027203604131,0.009810193550603948,0.00017692051386717213,-0.008698435115990754,2.086204669487797,-0.5789259254865843,-1.1978457992192761
30090,2.558,0.9979981239776873,0.006723146056697755,0.002147362767722762,-0.06284848985665031,-0.01639979549152485,0.04899207598185243,9.795759230411315,0.00980979974678714,0.00017677945747386249,-0.008698098854720528,2.086461380561625,-0.5777215027442784,-1.1995644654581208
30091,2.567,0.9979974134686109,0.0067297453042835164,0.002146989192815036,-0.06285907790850982,0.0031394389781718296,0.03631942977435453,9.778682996809573,0.011807028016420511,0.0005883149396479409,-0.011152574999439651,2.0857679007359473,-0.5826550891775804,-1.204894170742744
30092,2.575,0.9979977602344754,0.006724280529883807,0.0021545759663949052,-0.06285389741878547,0.005501329428519615,0.062100910476016916,9.711437771837604,0.00874714537637116,0.002228036786721949,-0.007360839249222032,2.0842585995499308,-0.5808882340953536,-1.1988180263370518
30093,2.583,0.9979976675856159,0.006734129064377375,0.0021564540978090863,-0.06285424969832543,-0.036082712576649856,0.06597634140950864,9.7620779965836,0.012563009354122329,0.0011695488024195027,-0.008693369057321687,2.0974274286357892,-0.5828227277927444,-1.19675012562897
30094,2.592,0.9979981527236643,0.006732852641579602,0.002171011737602625,-0.06284618177340669,0.02225615280038755,0.025374432460509064,9.761605888076792,0.00959256938742287,0.0037501566707590743,-0.006690382760095783,2.0877104184032054,-0.5804440151287925,-1.203436015275206
30095,2.600,0.9979973976325796,0.006724479433522823,0.0021799173288490274,-0.06285875957562816,-0.03426405796653197,0.09168352222916287,9.745553337551494,0.008078463377787051,0.002586157398766126,-0.011606415890143995,2.0835355608280253,-0.5745524534839213,-1.2001042599242941
30096,2.608,0.997997285996994,0.006734461864150985,0.002182089902085808,-0.06285938792013582,0.04579750208491632,0.060734256125064355,9.762247119317195,0.012561723195020117,0.0011693553794615236,-0.00869190531156724,2.0867302111166364,-0.5819041570389617,-1.2029410007451715
30097,2.617,0.9979971937317974,0.006744302746599724,0.0021839670889328804,-0.06285973251354947,0.004444693242077059,0.06560316909525833,9.762146184140805,0.012561186089928553,0.0011691629237899194,-0.008691446633319892,2.088380884718404,-0.5727948700388209,-1.1949582060301986
30098,2.625,0.9979970232115984,0.006738769466719559,0.0021770787559753516,-0.0628632720668743,-0.017223359388798008,0.05676544212463504,9.744983563718074,0.008960967855855293,-0.0013472772049485972,-0.009364488515556704,2.0893708168910186,-0.5855081536287536,-1.1967835240053073
30099,2.633,0.9979970137156081,0.00673689480630023,0.002175545294183751,-0.06286367683941933,0.02179495333525827,0.029601609190030225,9.76159502497259,0.009806415034714496,0.0001753162722667394,-0.008694503496827603,2.0899253019519786,-0.582908490436162,-1.2058380055971318
30100,2.642,0.997997778477081,0.006742128885971014,0.0021641784672440417,-0.06285136581219272,0.0022920586688130956,0.044025263808015344,9.778651575279277,0.011536098670751239,-0.002234091250946304,-0.005783358808150091,2.0805987792887106,-0.5750314410897058,-1.1991445480888914
30101,2.650,0.9979982507646907,0.00673960122126377,0.002158781496036499,-0.06284432280205465,0.02218935250795857,0.03214430225406053,9.710852272466107,0.009716747301414221,-0.0007651580082629869,-0.006905612523761208,2.086046044042158,-0.5812343517251976,-1.2095446320116088
30102,2.658,0.9979980147394614,0.006745599921816981,0.0021543575468020654,-0.06284757912083198,0.002646278068605024,0.046567832264993204,9.727906594074232,0.011712917021409707,-0.0003543819897241887,-0.009359375477045283,2.085003223001164,-0.5848105334036109,-1.2004844484059736
30103,2.667,0.997997260547405,0.006737208944255542,0.0021632519184951043,-0.06286014871644949,0.026491252893614325,0.08118029642943139,9.728525908081568,0.008074332391854908,0.00258315489229325,-0.011604408121820784,2.0935339277553267,-0.5806417865646167,-1.1985084029496988
30104,2.675,0.9979974033457178,0.006739802862413061,0.0021686553785110166,-0.06285741727457328,-0.019484893443875783,0.03760277816671767,9.761484440073659,0.010649909997846298,0.0016975036857240164,-0.008023509925099643,2.0957594850600287,-0.5836084285705864,-1.2023704961682615
30105,2.683,0.9979973944609216,0.006737918167807234,0.0021671183296158264,-0.06285781340550856,0.004370611685285232,0.0722472617392496,9.762099305361073,0.009804037625658023,0.0001742930803350072,-0.00869246981580611,2.079839285934947,-0.579635135258135,-1.1954440165742954
30106,2.692,0.9979972594334049,0.006732647362490046,0.0021602405752934517,-0.06286075869382393,-0.01951881749195338,0.039194980496371254,9.761478108057132,0.008958239751773654,-0.0013489687396013765,-0.009361384193229209,2.087945510859494,-0.5821413329325725,-1.202197390163188
30107,2.700,0.9979969870643353,0.006723600583217867,0.002165271060054909,-0.06286587792231349,5.812156292745427e-05,0.026328561590795115,9.744423918408234,0.007984000547413056,0.0016424887992370005,-0.009814896563541085,2.0867032047888174,-0.585287203100114,-1.1992467044039423
30108,2.708,0.997996225136368,0.006742454787303219,0.0021688176386209035,-0.06287583118378577,0.002188163964309018,0.0513196616103218,9.727882802303222,0.014551533452890062,0.0015789730955800187,-0.011141161596280438,2.098416508126826,-0.5821065642933491,-1.1984588021097362
30109,2.717,0.9979970977402591,0.006750976415520256,0.002162974539188865,-0.0628612659799331,-0.04136876932808349,0.03214422443067937,9.744318658559425,0.012378597646703623,-0.0007104040546523796,-0.0051102774184804195,2.0896334409423836,-0.5762544071062645,-1.1993110485023477
30110,2.725,0.9979972850411166,0.006741656899845445,0.002165377879245427,-0.06285920975835901,-0.002373683025840536,0.005086921625598009,9.76095918785069,0.007894520096371156,0.000702268336135583,-0.00802560829935918,2.089953855669683,-0.5829455769846669,-1.2097439751740262
30111,2.733,0.9979974948172335,0.006731956670484983,0.0021665458151186668,-0.06285687851893576,0.021682552691852274,0.0403187041786086,9.710822917377302,0.007894229487697059,0.0007021640831759284,-0.008025360016943497,2.0833104474193576,-0.5833666168584126,-1.2027079561916258
30112,2.742,0.9979973034541124,0.006738835450380022,0.002180895952594823,-0.06285868347282692,0.0016904334363483273,0.05390163829704922,9.77860224528981,0.011579416251103467,0.004159223969171967,-0.009140588573394823,2.091593448857,-0.5791932342008553,-1.2002454492260326
30113,2.750,0.997997295469156,0.006736938155671059,0.00217935477869826,-0.06285906707298416,-0.02014894238882833,0.045014446414345335,9.761451726681438,0.009801043230724721,0.00017304349182166705,-0.008689518024138266,2.085284884689773,-0.5841268206341574,-1.2056162023299024
30114,2.758,0.9979974329536838,0.0067392994945046115,0.0021842623365851016,-0.06285646075167162,0.0016260876805686086,0.056358386947799655,9.72785502284065,0.01064551518843805,0.0016964643846508773,-0.008020353263278402,2.0869637731271435,-0.5799372126116292,-1.2014930202448375
30115,2.767,0.9979974251958418,0.006737399077873473,0.002182719923649763,-0.06285684123363756,0.023203568013703133,0.06695159359393939,9.744994577583533,0.009800309087204273,0.00017270221854517865,-0.008688781622823077,2.0871718592556134,-0.5850175764765615,-1.1965600987915899
30116,2.775,0.9979967343093343,0.0067445008956917366,0.00218302772803425,-0.06286703751181341,0.042572806444794734,0.05353216433981851,9.778687294348947,0.011794970545637731,0.0005825455501764522,-0.011141459718979398,2.0825763960594226,-0.5814112619774879,-1.2024877299352448
30117,2.783,0.9979966807080773,0.006727631884274638,0.0021907555529580495,-0.06286942702933672,0.0209980236080521,0.04523266264782023,9.710802775330045,0.0060726927933967235,0.0021684405128440114,-0.009147385303832418,2.0862061829894722,-0.5828343173391521,-1.1980528367602428
30118,2.792,0.9979968733610292,0.006745064399622456,0.0021864161949527077,-0.06286465184885548,0.020721716932893902,0.0453258897895589,9.761537017391255,0.014370532202992687,-0.00029965644442018444,-0.007559513970590186,2.085716113234398,-0.583076129051326,-1.197809965189924
30119,2.800,0.9979970839258246,0.006735352896240065,0.002187578878570589,-0.06286230981728355,-0.0009514109120421883,0.0364559271348419,9.744391246061662,0.007891554788233923,0.00070074144637354,-0.008022915212933667,2.084490190567926,-0.581604397594749,-1.197100426417319
30120,2.808,0.9979975752207848,0.006733393639557477,0.00218292645263954,-0.06285488123950003,0.022946638141948018,0.07101107892602715,9.74496645023969,0.00971086828264741,-0.0007663863888069775,-0.0068985327289937904,2.086775436288331,-0.5731734383986067,-1.2091275207136454
30121,2.817,0.9979974326355835,0.006727585478999702,0.0021752563518494476,-0.06285803294894889,-0.020474626104370248,0.051483068760451306,9.761419075526916,0.00895358706716382,-0.0013521489673566627,-0.009355150535926834,2.0944976838612703,-0.5847757647643874,-1.1967529991036954
30122,2.825,0.9979960925835253,0.0067310504991216595,0.0021730796323842652,-0.06287900978948416,-0.01838079293940343,0.07563409151771938,9.795586236752138,0.011034979281603168,-4.4536659932859355e-06,-0.013595886819892343,2.0964399981992683,-0.5854942461730643,-1.1952670294679655
30123,2.833,0.9979959962193785,0.0067402036073741034,0.00215614097133537,-0.06288014186953751,-0.022530795240394953,0.02919929971941829,9.777979186954326,0.01267949271056577,-0.0033476323428323273,-0.008894054715445169,2.083320115996763,-0.5726365030607832,-1.2040305569677763
30124,2.842,0.9979968086036216,0.006734061500336249,0.0021604227849903513,-0.06286775808064991,-0.0028386241933051185,0.016512314162153305,9.760946422926093,0.008646552477386504,0.001286093118775196,-0.0055650222675694685,2.086676825392886,-0.5796374531674165,-1.1956381684146384
30125,2.850,0.9979957558775514,0.006745128448319505,0.0021700022352404745,-0.0628829514487858,-0.0030159403741665146,0.017381150794591616,9.760944863970192,0.012721534411625835,0.003042775687729871,-0.01225817634305726,2.083769941631901,-0.5865032153888277,-1.1987682852236037
30126,2.858,0.9979965175596689,0.006750384707508567,0.0021588329946793596,-0.06287068223882697,-0.044311499023315146,0.02212326291582528,9.760835152350639,0.011528528674060873,-0.0022331030075500077,-0.005771772839921163,2.0862368263084248,-0.5784793886107416,-1.2022446506879811
30127,2.867,0.9979954578842919,0.006760814100660321,0.002149598239285945,-0.06288669702272957,0.018943066806205704,0.029855235740411105,9.727336522103535,0.012851891861733898,-0.0014728238229112802,-0.012468795334775068,2.0867355818828104,-0.5816669811453511,-1.2036756878881887
30128,2.875,0.9979955857046806,0.006763024523955793,0.002154360417978973,-0.06288426786128658,-0.041944720311246075,0.04811337250372865,9.744250431351253,0.010638680436778214,0.0016950122463061583,-0.008016319726325234,2.0903845928352602,-0.5889746444240419,-1.2018705204609172
30129,2.883,0.9979953154861405,0.00675393706789391,0.0021593692009455037,-0.06288936099576856,0.0012096814313591617,0.06848309339469875,9.77851106616637,0.007974453933554034,0.0016364264187617987,-0.009808770323413304,2.095474508318283,-0.5806255611996459,-1.196785263757461
30130,2.892,0.9979949900222358,0.006757261301780818,0.002168884973326989,-0.06289384109902862,0.020647080224657322,0.055690441200861675,9.761483544731181,0.0107246248940465,0.0026323717468224954,-0.00980413838584149,2.0889342853566393,-0.5858195026193742,-1.2038643453916658
30131,2.900,0.997994983994257,0.006755333175364038,0.0021673349401986164,-0.06289419730984917,-0.0011158038560815503,0.04671176333651814,9.744347463041823,0.009793711332395316,0.00017025529555295542,-0.008683033966051133,2.083310210201887,-0.5867844315587881,-1.2026755063287353
30132,2.908,0.9979951644289035,0.0067579290559414695,0.0021719894985641574,-0.06289089467497902,-0.023036471534312968,0.03705026259091434,9.77795141042494,0.010636993638616029,0.0016947272787761459,-0.00801492640620629,2.093277182793289,-0.5823344685498336,-1.1967851010161554
30133,2.917,0.9979956405459638,0.006755358442983129,0.002166587252794156,-0.06288380143752689,-0.02065754420613382,0.06259084702146162,9.710618750559128,0.009706415257727533,-0.0007672964848189038,-0.006893767160740778,2.081897616695224,-0.5802601511486575,-1.2098283661920486
30134,2.925,0.9979954238871033,0.0067615269724391365,0.0021625380846629068,-0.06288671626372974,0.0008284568542637063,0.07261472076058122,9.778481299441358,0.011699170601736801,-0.0003586316060984816,-0.009345280885449522,2.080607380387497,-0.5796814934437662,-1.2003211244820335
30135,2.933,0.9979957647583755,0.0067550585977221985,0.002151006775916594,-0.06288239719935156,-0.0010888919180033093,0.05007084748668638,9.744330784210218,0.008862205941491359,-0.002292297095463217,-0.007560707976607595,2.083859714211089,-0.5788069629663332,-1.2110486112665775
30136,2.942,0.9979961084013879,0.006749268617567648,0.0021578316697961506,-0.06287733098103672,0.018533425734085902,0.03722983467836584,9.727311879105379,0.008728650313821576,0.002222520442028894,-0.0073508270780049175,2.0862049405934773,-0.5750198515432982,-1.1978828847768657
30137,2.950,0.9979964559038121,0.006743423317193494,0.0021651118370832247,-0.06287219207351706,-0.0012727948216772604,0.05149370172653633,9.744323346695806,0.0087283426234014,0.0022224098303689575,-0.0073505640169907885,2.0855700647607796,-0.5841801325476333,-1.2112292489088947
30138,2.958,0.9979966629818637,0.006733821247226805,0.0021662284316701238,-0.06286989568034293,0.01803157804641396,0.037963853842301984,9.778046194315474,0.007884715491962622,0.0006973791465799885,-0.00801775646710688,2.087432020935418,-0.5855266969030061,-1.198750786296101
30139,2.967,0.9979965754885416,0.006743576012309098,0.00216809739772133,-0.06287017456143013,-0.0014739607201268235,0.05299731972622507,9.744315258671124,0.012540523149378665,0.001165738523321715,-0.00867591299657307,2.089875722660413,-0.5772286076828044,-1.1990558693266014
30140,2.975,0.9979958833701673,0.006688254778272332,0.0023301146397498116,-0.06288127376243786,0.017872225343315694,0.03973902800892845,9.778039434906805,0.010547495854093933,0.0007571557065623283,-0.006224059261824577,2.0849878562432638,-0.5747803577404058,-1.1983823722602933
30141,2.983,0.9979945610909697,0.006691457127033969,0.002327510334319816,-0.06290201213000939,-0.003798663172866838,0.0307758540222486,9.760911546947648,0.011025419783675218,-1.1726490548987794e-05,-0.01358687888766811,2.0838401174183776,-0.5782932067213252,-1.2083678928771613
30142,2.992,0.9979949289831255,0.006684960889052884,0.0023160551210811204,-0.06289728857871975,-0.023137888225128952,0.045770750716322244,9.727177340089993,0.008860553346921068,-0.002293129009587357,-0.007557858393460032,2.0860301011846842,-0.5795045831914758,-1.2073637490560511
30143,3.000,0.9979945750779678,0.006687508871344645,0.00232456743479588,-0.0629023189261247,-0.003723679894495059,0.03238029783407012,9.760906385225278,0.010718032504331202,0.0026299193447977707,-0.009800482075488334,2.0864841568546324,-0.5838548761013233,-1.202680119555614
30144,3.008,0.9979941679748242,0.0066897178505696975,0.0023141757293139707,-0.06290892586916784,-0.027594198081487144,-0.0006267720218544022,9.760394166975455,0.010852089746414094,-0.0018852144937489379,-0.010008192578488107,2.0774408263257538,-0.5789583762165262,-1.2013277713596184
30145,3.017,0.997993945527852,0.006695533493052844,0.002310004546743743,-0.06291198931832163,-0.025500816686930765,0.023699567776235955,9.794519229224422,0.011694457386517386,-0.00036006400228753686,-0.009340729294820127,2.094311165518025,-0.5775260492177355,-1.204636258365758
30146,3.025,0.9979939451030715,0.006693694072789668,0.0023086875853072174,-0.06291224013577575,-0.0014641395965388415,0.05907548756425464,9.744280304739878,0.009787819563906832,0.00016785354178912754,-0.008677923515536676,2.09869266349642,-0.5836130643891494,-1.2028373261118532
30147,3.033,0.9979942086192323,0.006699490608767057,0.0023194828579467786,-0.06290704560959705,-0.021239956065489528,0.07349393954543923,9.76127653656037,0.011472896679708054,0.0032186054255938824,-0.007343758610470794,2.0913884575083017,-0.5809531355552373,-1.2056017171506106
30148,3.042,0.9979937211028496,0.006702416741123125,0.0023286032551108854,-0.06291413081332882,-0.023478843465790343,0.05097356477531185,9.727150651119706,0.010715333861707204,0.002628861793916184,-0.009798894880623887,2.0862548926553557,-0.5753288826246371,-1.2047160136890818
30149,3.050,0.9979950322295931,0.006695251312703436,0.002328281076137305,-0.06289410435123403,-0.001971708868721199,0.061621521406406816,9.744264446449845,0.008552363024198944,0.0003492621402041771,-0.0037704084181417086,2.089159280156571,-0.5787142465950708,-1.2012444241928881
30150,3.058,0.9979946724976163,0.006697863038060744,0.0023370615885045707,-0.06289920858191475,-0.02173380188838559,0.07595968403020842,9.76125657254916,0.0107145176313524,0.002628396992245165,-0.00979829801108792,2.0901463717109907,-0.5809253206438586,-1.2026811634069066
30151,3.067,0.9979946154987304,0.006680288108839097,0.0023260313494360215,-0.06290239076923984,-0.02374133006737013,0.053216145061063716,9.727138001404644,0.006195284855947856,-0.0023563647127882196,-0.009347434615020602,2.0833066240430687,-0.5870239253616804,-1.202184942284274
30152,3.075,0.9979942886735255,0.006698304036566237,0.0023255208547654435,-0.0629056790028705,-0.004237129877702175,0.03990694767798273,9.760878307858414,0.014440063339823622,0.0006366843684726516,-0.009332932826764196,2.083307471248322,-0.5748174442889107,-1.2023008346517412
30153,3.083,0.9979944182234671,0.006700197597605226,0.0023301824067815924,-0.06290324949402815,-0.004334777774064192,0.04092615015364255,9.760874042175697,0.010627630250640079,0.001692403152302158,-0.008008726407397172,2.0872511783522385,-0.5736454722765466,-1.2074104539534685
30154,3.092,0.9979939396338918,0.006698667186639781,0.0023324740793574787,-0.06291092016984187,0.015190504663139969,0.028203581493543076,9.743878326414512,0.00987011054355189,0.0011018256563506915,-0.010463612463171235,2.075991829019547,-0.582641181721891,-1.2035008196631416
30155,3.100,0.9979939351217159,0.006696666775034448,0.0023310017915330506,-0.06291125928659352,0.017119255648312966,0.05244512350672732,9.777980887106501,0.009784563196602591,0.00016635147682924427,-0.008674526526675413,2.0913594293556557,-0.5877516784074834,-1.2016308478479347
30156,3.108,0.9979942040432822,0.006703028531932818,0.0023418155177077067,-0.06290591390797194,0.03662226576851333,0.039756246338834754,9.760987004404795,0.0114684204747924,0.0032180851359142554,-0.00734130213196383,2.089868228404781,-0.5823460580962414,-1.1980307021380416
30157,3.117,0.9979942821178569,0.006689337388185253,0.0023369119169253144,-0.06290631500941611,0.01687704641274964,0.05406717187775203,9.777972472319114,0.007036063876625033,-0.0008321416692538473,-0.008678625343328413,2.080151692607138,-0.5731317160315385,-1.2047814915100588
30158,3.125,0.9979953650336634,0.006675167521675748,0.002343421335735647,-0.06289039581944199,0.03648036080807291,0.04107318352611977,9.760982080445268,0.006729142313158324,0.0018126305456818803,-0.0048955267438512565,2.085541409378445,-0.5856078237278607,-1.2073093722479042
30159,3.133,0.9979943114718939,0.006685499267029266,0.0023342466964160462,-0.06290635628974073,-0.004806157880178142,0.045529792679008585,9.760853434722339,0.012837638948160309,-0.0014809893471989378,-0.012450978055040514,2.087457157935355,-0.5833619810398495,-1.2021893703020277
30160,3.142,0.9979937765061462,0.006684593505635013,0.002336588803963588,-0.06291485212115018,0.01682670141361563,0.056353987125150974,9.77795964812816,0.00986749274396541,0.0011005498775536716,-0.010461531629852139,2.0920660622529255,-0.5733132621023919,-1.198100400299827
30161,3.150,0.997993155643698,0.006679324852415164,0.00233281976739336,-0.06292539916268297,-0.02862212689720191,0.01330641464163515,9.760382155358837,0.009025214534827021,-0.00042583384757712565,-0.01112730590132067,2.0833088153089467,-0.5811671323560325,-1.2024846937192142
30162,3.158,0.9979931756567592,0.0066775123238541996,0.00233195117941488,-0.06292530631946476,0.014830897979298242,0.034430452801535505,9.743858867005722,0.009781911362436344,0.00016554772321180543,-0.008672086771613184,2.089676779842091,-0.5689861482853601,-1.2052395382881695
30163,3.167,0.997993438309695,0.00668266723234491,0.002323932115086909,-0.06292088992520503,-0.006948179891733546,0.02484727195531411,9.777488013296095,0.011602567096919623,-0.0012969623129722814,-0.007544127169314493,2.090645347558743,-0.5809392280995479,-1.204142332622655
30164,3.175,0.9979929056717114,0.006681204016133182,0.00232658418103358,-0.0629293949428893,-0.006738920385646534,0.026258580742748144,9.726745330717067,0.00986550163044651,0.0010997009511038033,-0.010460196994771284,2.082337615779686,-0.5814182157053326,-1.2032218839187059
30165,3.183,0.9979935168621046,0.006681839064340408,0.002308589567988065,-0.06292029674225308,-0.047904848711563155,0.030728878768891375,9.726616602497987,0.0106758615824383,-0.003758003474956652,-0.006420467857814407,2.0825497116696,-0.5801558452309875,-1.198837472693653
30166,3.192,0.997993087447379,0.006681432521358799,0.002329930970246106,-0.06292636401688419,-0.0027847089663666034,0.07486668449881877,9.794907983690349,0.009726322842667319,0.005614248480972302,-0.010255790114215324,2.0839965515981387,-0.5818415734883597,-1.1963693086498886
30167,3.200,0.9979937010401108,0.0066826716717101045,0.0023307504740037793,-0.06291646990906728,-0.024666155832852338,0.0657708250469869,9.777796426726962,0.010537120017206561,0.0007569909746134683,-0.006215753812964985,2.0923686986830816,-0.5790047344021574,-1.2061013673753438
30168,3.208,0.9979937747853578,0.006669335829603711,0.002326363161142215,-0.06291687757436257,-0.02662589006493552,0.04300464527581741,9.743711615962283,0.007032874150536857,-0.0008344927247180984,-0.008675068113590551,2.0840395177275353,-0.579944166339474,-1.202246805794025
30169,3.217,0.9979942542328755,0.006666685381055397,0.002321046189364186,-0.06290974939374894,-0.004744679296035917,0.05412699916636071,9.71007169523313,0.009695135980128323,-0.0007696911620688479,-0.00688100674229983,2.0842979456322994,-0.579718579992271,-1.2042003237420282
30170,3.225,0.9979943979809236,0.006668797239559634,0.0023257482289380316,-0.06290707144071556,-0.005193197932951412,0.053922988131267405,9.811548410704113,0.010620128303839939,0.0016909610674620099,-0.008003833988972066,2.0930796179238023,-0.5799534379766004,-1.2031572647398956
30171,3.233,0.9979943130879876,0.006678453594309667,0.0023277023655407215,-0.06290732153988403,-0.0027462924852099152,0.07988205246670378,9.693395042641182,0.012524986088208678,0.0011632258614061204,-0.008664001089116398,2.0925699513760168,-0.5796814934437662,-1.2002336747801607
30172,3.242,0.9979934282808516,0.00668190066965243,0.0023408287946983875,-0.062920504068453,-0.005305899396546824,0.05632443639934509,9.760796853742669,0.010787075850180171,0.003558343682826037,-0.011580697947822832,2.0886964878349965,-0.5716669383028061,-1.2047329345213884
30173,3.250,0.9979940720815473,0.006655881694010178,0.0023286401274367347,-0.06291350224017257,0.014319881125242807,0.043378446023875014,9.743823902569972,0.004201423860087932,-0.0027687710401905004,-0.006889700853583031,2.085960586218306,-0.5781935366222181,-1.1978545374491174
30174,3.258,0.9979930379327203,0.006666222608599482,0.0023199410584406137,-0.06292913146896326,-0.003021353720980503,0.08161988623311116,9.744117190318867,0.012830558084079801,-0.0014844451610423167,-0.01244291769104822,2.0801478183985345,-0.5775214133991724,-1.2042515240606586
30175,3.267,0.9979943523779099,0.006659628063552397,0.002338442642470571,-0.06290829565216173,0.01434879213895838,0.04493423545986106,9.743816811579414,0.008405627271064232,0.004865901110568079,-0.0035622438164878093,2.0830145766483184,-0.583055267867792,-1.1956324888686474
30176,3.275,0.9979940162278332,0.006646330451652569,0.002318778820274985,-0.06291576217252746,-0.0033926124430977266,0.08262896437971877,9.794845384054772,0.007254161453330176,-0.004417731632721833,-0.010663350228034517,2.090833650509345,-0.5881912615554815,-1.1965031964591486
30177,3.283,0.9979939321643784,0.006655974780869322,0.002320733095255654,-0.06291600401090382,0.016604088392858915,0.07036544110422573,9.727132105253405,0.01252211102530008,0.0011630574485486504,-0.00866195916028546,2.0908606229489544,-0.5852964747372401,-1.2001928571056792
30178,3.292,0.9979939186882857,0.006654806421323884,0.002320254657115939,-0.06291635900956491,0.014399126396324421,0.04728123803739002,9.743805631341479,0.009775820083156328,0.000163139038771943,-0.008666722148671476,2.0817942789095967,-0.5776844161957735,-1.1956924049492996
30179,3.300,0.9979940506489375,0.006656651511285399,0.002324910256194674,-0.0629138987210601,0.012176012405851856,0.024122273589495105,9.760483727718757,0.010616113290377161,0.001690203331786775,-0.008001215212458598,2.093063234519598,-0.5845710396007187,-1.200916117753255
30180,3.308,0.9979932453339245,0.006659657314464711,0.002319216189560997,-0.06292656409325358,0.014081481946717543,0.048514948321519695,9.794538453110317,0.010922797614381436,-0.0009586302416465177,-0.011779802204155063,2.0787061289628044,-0.5787721943271098,-1.207424243231899
30181,3.317,0.9979937260050008,0.0066569908036973775,0.002313897796789402,-0.06291941834665608,0.012417559607627608,0.02630500635826845,9.709738171170946,0.009691306928079306,-0.0007704053696752385,-0.00687680099420832,2.0772146060739325,-0.5780050368235201,-1.2037800584223683
30182,3.325,0.9979931459637241,0.006651744800475594,0.002309472807575765,-0.06292933525701644,-0.009345633701318527,0.016633321078839733,9.743383772222202,0.009016906784271101,-0.00043182188232832947,-0.011119203467807981,2.084543525459361,-0.5846034903306604,-1.204396305205804
30183,3.333,0.9979934617494257,0.006671835636970089,0.0022922162057130734,-0.06292283098762828,-0.00705932642738393,0.041603313383250316,9.726691578605093,0.015322002757480517,-0.0032853116571308484,-0.00706632828986896,2.084772326691477,-0.5740850554245447,-1.2022970800670292
30184,3.342,0.9979938139799581,0.006666101612974316,0.002299657362402482,-0.06291758039720001,-0.0245559463813558,0.08011324572444727,9.726951639696617,0.0087087665497736,0.0022168687222844366,-0.007340349389814021,2.084071962597949,-0.5753474258988895,-1.2066850606676687
30185,3.350,0.9979934639596996,0.0066685569352793,0.002308143073503812,-0.06292256127712444,-0.026891616233428423,0.05691808849422652,9.743639546078272,0.010696198829900992,0.002622234202131701,-0.009788488675235765,2.085992573597882,-0.5801882959609292,-1.202230210444329
30186,3.358,0.9979934547364736,0.006666602098775555,0.0023066565741021866,-0.06292296921685117,-0.005406951407518849,0.06772639686921408,9.760724342797744,0.009772556674085223,0.00016177951910770585,-0.008663937928807807,2.092129732018189,-0.5816971139660113,-1.206810025037962
30187,3.367,0.9979929707367887,0.006665170805564229,0.002308999816162326,-0.0629307109283017,-0.009518721814341968,0.02100921067902418,9.743375152241656,0.009855023638963236,0.0010942253683787354,-0.010452492803391335,2.0864393213973536,-0.5869706134482044,-1.1965469100761752
30188,3.375,0.9979930819157877,0.006667599875678514,0.00231421691223776,-0.06292849879195636,-0.005581962114041608,0.06935616983602941,9.760712800330257,0.010611871490657652,0.0016892833447790586,-0.007998568880618506,2.0842817994455647,-0.5809183669160138,-1.2019916266182784
30189,3.383,0.9979925981017422,0.006666164912386911,0.002316558568162987,-0.06293623706495159,-0.029426826907950752,0.03622446132287289,9.760321611758009,0.009854161636090982,0.0010937670936868225,-0.010451702089937355,2.0911442047977595,-0.582662042905425,-1.2055872769069587
30190,3.392,0.9979931885461999,0.006667735737684921,0.002317612437681625,-0.06292666833791867,-0.009824794615077868,0.02349629656619372,9.743369168567783,0.01052835183308744,0.0007567905529202161,-0.006208977706276387,2.0918835930356594,-0.5848684811356497,-1.2065375546116583
30191,3.400,0.9979929719164116,0.006673469722199233,0.0023134208189928623,-0.06292965033614882,0.0354773331291609,0.06835860280672615,9.760832828547477,0.011675265832446605,-0.0003661330133976162,-0.009321117125148853,2.0897007646428833,-0.58342224668117,-1.2085205086743414
30192,3.408,0.9979938557525572,0.00667114447872744,0.0023230976034130605,-0.06291552216276299,0.01165406108594219,0.03525208624409695,9.760450512229369,0.009462875536003718,0.002811704737891715,-0.004885007344447155,2.0859961428125953,-0.5801929317794924,-1.2027184566414408
30193,3.417,0.9979936394197652,0.006676875324355364,0.0023189043441805245,-0.06291850042902705,0.03314876060760205,0.046112629097785164,9.777532691199946,0.01167452744044246,-0.0003665715993520854,-0.009320233816528816,2.080307906513534,-0.5798537678774932,-1.1927527752672447
30194,3.425,0.9979948028078,0.006677897112860941,0.002316513768582286,-0.06290002402806548,0.011780231282849225,0.037421236960340595,9.709702487046814,0.010444450273342811,-0.00017551798343267918,-0.004418788262709441,2.0813776830500306,-0.5736269290022941,-1.205500301672061
30195,3.433,0.9979939190137848,0.0066653977720563,0.0023192349449970917,-0.06291527027135897,0.03313036554509909,0.04773637049732456,9.777524958489977,0.007189946480783008,0.0010228464735531674,-0.012244184841835634,2.0926004421980227,-0.577523731308454,-1.2044046280817553
30196,3.442,0.9979935466383149,0.006667778141120877,0.0023278056418214437,-0.06292060810126231,0.009267245889453662,0.014492847396335534,9.77715577898761,0.01069075921471662,0.0026201075260536538,-0.009785106772318716,2.0933505719682715,-0.5792558177514573,-1.2068242800724889
30197,3.450,0.9979930637187983,0.006666328395025537,0.0023301395953442996,-0.0629283345112758,0.009324177547327388,0.015727275256268224,9.726412951966642,0.009850773224265759,0.0010917226920838395,-0.010448852378657936,2.0889704180505015,-0.5795184906471651,-1.2088070713938666
30198,3.458,0.9979933345358578,0.006659859521964058,0.002318703152615951,-0.06292514687180116,0.009162819663197456,0.01609282174925588,9.77715337375708,0.008846596668814325,-0.0022999799437063905,-0.0075346538938991115,2.0801742655708857,-0.5821946448460482,-1.2078693314393598
30199,3.467,0.9979934165056147,0.006646700424861781,0.0023325798781459106,-0.0629247253154587,-0.010374116883716368,0.03067890154209429,9.743348629323991,0.006880627904085261,0.003673641134030945,-0.008467308696092272,2.0887384881504043,-0.5836849195768778,-1.2104783143666127
30200,3.475,0.9979942620633108,0.006655304356764407,0.002326312919649644,-0.0629106356733651,-0.008596278308606436,0.05503476174892068,9.77736338705351,0.012347059870092573,-0.0007018139467672303,-0.0050753253857444445,2.088899508191183,-0.5725901448751518,-1.199107047177412
30201,3.483,0.9979946631634586,0.0066642825106922295,0.0023244334746272,-0.06290339136242866,-0.02995993393837374,0.0464007072528097,9.709536255515935,0.01242863863109842,0.00022943956461471377,-0.00686397036613444,2.0876634594564685,-0.5884400269954999,-1.1970123257502243
30202,3.492,0.9979949513084606,0.0066698700257698485,0.0023173533395829593,-0.06289848861588757,-0.03012908953090163,0.046995341082670526,9.760273552073043,0.011588981563741456,-0.0012991903901808195,-0.0075274698145770605,2.0867300586196906,-0.5841013236320604,-1.2029201401190275
30203,3.500,0.9979948699493625,0.006679461432475404,0.0023192996964939705,-0.06289868995968906,-0.02612448829534953,0.09551655537556311,9.777547305304392,0.012509546961119878,0.0011603741681140201,-0.008652305670960283,2.09016802421674,-0.5775353208548618,-1.205643090452468
30204,3.508,0.9979947907039073,0.006662124263267794,0.0023084726459913552,-0.06290218424035944,-0.00849286513958161,0.05876368511885885,9.777341773896575,0.006183625567284093,-0.0023716519502002017,-0.009326981650620179,2.086764474482616,-0.5768214752647481,-1.2076280144120697
30205,3.517,0.9979949770514167,0.006679466822145635,0.0023227101838036446,-0.06289686415487396,-0.03015948513607562,0.04955762493386043,9.760260786917554,0.014186587618430476,0.004217581256788457,-0.007324294613074187,2.0835242262519986,-0.5835713420220815,-1.1985537609810333
30206,3.525,0.9979939367662481,0.006689989148630986,0.002313679517074293,-0.0629125830823155,-0.008477903710840697,0.061048526192128666,9.726587834091664,0.012815837212869797,-0.0014933962652251063,-0.012425307249465807,2.081820590529108,-0.5843106846142924,-1.199291669549206
30207,3.533,0.997994153078489,0.006680112469362194,0.0023148771454912743,-0.06291015706821602,-0.008450373944152578,0.06188577220280025,9.72658256415255,0.00786062232611537,0.0006849633083898031,-0.00799862596798143,2.082597828291806,-0.5811949472674113,-1.205419524965265
30208,3.542,0.9979948023554043,0.00668173541430028,0.0023157683958311658,-0.06289965103391532,0.011185372195730894,0.04907305595242764,9.709651293102345,0.01052158779316658,0.0007560724342082809,-0.006203567128787838,2.0862331215408707,-0.5804277897638217,-1.2017378617120746
30209,3.550,0.9979949369989571,0.006683523636203201,0.0023204119482438477,-0.0628971535496082,-0.008615182882369947,0.0634858601377572,9.726572108823309,0.010602693829587463,0.0016866088077376864,-0.007992356545565444,2.091134959822981,-0.5872889161666698,-1.2043226223145418
30210,3.558,0.9979949199915222,0.006681942942158489,0.0023193268478760853,-0.06289763137516463,0.03258872996117168,0.06080370917529498,9.72671495236335,0.009763600553374921,0.00015754957352500078,-0.008655425074656567,2.0789109339263474,-0.579697718808737,-1.202042478986478
30211,3.567,0.9979954036488644,0.0066792366889158175,0.0023139989163270644,-0.06289044046601504,0.0087232391306142,0.027259025707210505,9.777129020665521,0.009681897719194251,-0.0007730747378021431,-0.006866002533684737,2.0928687474857774,-0.5892744038682546,-1.2077093101009764
30212,3.575,0.997996307296215,0.006661416323836687,0.002314103166737883,-0.06287798567235887,0.010833493088362752,0.0518385010794539,9.760377456784616,0.005874002121033081,0.0002804277630905559,-0.005550764676667652,2.090324136458505,-0.5857221504295489,-1.1936004671255578
30213,3.583,0.9979956926401247,0.006656636269707386,0.002329090266907939,-0.06288769358038136,0.030355453302620468,0.038880983855402035,9.743453771237638,0.008859791745445551,0.004073691453332147,-0.01091212597675456,2.0828333951830356,-0.5760566356704403,-1.2042457995790283
30214,3.592,0.9979956357252008,0.006666092713835861,0.0023129698654986474,-0.06288819008195637,0.010619299562028102,0.05331407867772196,9.760369747527166,0.012650203912301036,-0.003355775410849305,-0.008842904372928173,2.0845565768663232,-0.5765634381876034,-1.2061816558582237
30215,3.600,0.9979961195188983,0.006663955533337375,0.002326458433303536,-0.06288024103825335,0.010600117884980383,0.05421699751429666,9.760364792737674,0.009534866754844324,0.0037419496118807952,-0.006670308137822873,2.0913495350285594,-0.5760195491219353,-1.2002773659293675
30216,3.608,0.9979952730875375,0.0066664377982722815,0.002320312974217865,-0.06289363759328367,-0.013180623804741791,0.02104118905680964,9.760049856999869,0.010907885992630617,-0.0009692044218705695,-0.011762836321213365,2.0909199555384506,-0.5790255955856913,-1.2083091833891069
30217,3.617,0.9979954899335111,0.006656547456651378,0.0023215043063740002,-0.0628912002277306,0.006536252424293965,0.008245965155454747,9.743132492723559,0.007857415835056027,0.0006832719875855873,-0.007995967055683697,2.085724917662445,-0.5847966259479215,-1.1990143557512583
30218,3.625,0.9979949099538942,0.006667092035802861,0.002327606935960471,-0.06289906069137755,-0.01120365476570081,0.04657148452325359,9.743284711054784,0.012583362286201705,0.0020890912156477717,-0.010435941060791726,2.080323679929956,-0.584024832625769,-1.194910479749309
30219,3.633,0.9979950454810435,0.006668862387861404,0.00233224798601757,-0.06289655069297584,0.010215260250801213,0.05758882744381036,9.760345891086695,0.010598424302199268,0.0016857019784048994,-0.007989351539521341,2.0869406410079296,-0.5789305613051475,-1.198328691353008
30220,3.642,0.9979941372871173,0.006668543011460363,0.0023391773853199374,-0.06291073615693438,-0.011514812662913975,0.04834380980740277,9.743275713938242,0.00992142257712608,0.002015547623026746,-0.012230151221152927,2.087670801215155,-0.5855197431751614,-1.19801663231264
30221,3.650,0.9979953187983985,0.006657993492560985,0.0023515435524342513,-0.0628926468043556,-0.013812466327821453,0.02511800478485479,9.760039341358366,0.007547822997748001,0.003338632120055562,-0.004223046143251067,2.0860517028581187,-0.5768469722668452,-1.2103187225595644
30222,3.658,0.9979942630997234,0.00666850043289394,0.0023424812359705946,-0.0629086218548502,-0.013673118090849406,0.02623473583355811,9.70929468376874,0.012809115239308286,-0.0014972634095784536,-0.012416409628739597,2.083296492498502,-0.5787096107765077,-1.2007990105028163
30223,3.667,0.9979954455854317,0.006657379535379924,0.0023360300510343983,-0.06289127802850505,-0.0334963267360109,0.04033484228953357,9.776942543560022,0.007694387791911702,-0.0011766519031048966,-0.004415773139242815,2.0771966244475264,-0.5799348947023478,-1.2013202846580144
30224,3.675,0.9979945781235056,0.006672295818085816,0.00235186513634862,-0.06290287143670528,-0.011848904683459255,0.05156896094550808,9.743258779980787,0.013498449750105997,0.004547120887419335,-0.011560037297444226,2.0854898421502615,-0.5828551785226863,-1.2002552987106259
30225,3.683,0.9979954115767469,0.00666565658306724,0.002355382983660502,-0.0628902191527174,0.009480926786962442,0.06256078759863318,9.760316028507567,0.008612110112962075,0.0012823051696031482,-0.005541660075291086,2.0818208616347893,-0.5804046106710061,-1.1993287551067953
30226,3.692,0.9979956598044266,0.006656210636811725,0.0023570145794781705,-0.06288721931965387,-0.010102289007264401,0.07706140728833401,9.726472593808351,0.007854614764527429,0.0006816601587810607,-0.007993218569987292,2.0876941027754206,-0.5840850982670894,-1.2012041396779627
30227,3.700,0.9979955812374744,0.00666575581578229,0.002358955854875459,-0.06288738233664658,0.030886923822274124,0.07415974752278098,9.777367594803826,0.012498513638749115,0.0011584072379524732,-0.008643081732155038,2.0844791440416857,-0.5864730825681674,-1.1955893308789967
30228,3.708,0.9979950490275613,0.006676625793308713,0.002365448171650426,-0.06289443090957617,0.00918114060857215,0.0650799119204318,9.760299845609635,0.012578224486315669,0.002087253543117497,-0.010431810510252935,2.0849980725083563,-0.5818740242183015,-1.199779893278498
30229,3.717,0.9979955348595844,0.006673898000791664,0.002360116778852618,-0.06288721121657503,0.007277186192334436,0.04232070286575004,9.726335342668584,0.009676653647929466,-0.0007743191527999347,-0.0068592075196484935,2.089146686240445,-0.5801627989588322,-1.1995216554189008
30230,3.725,0.9979950663444442,0.006672249020667965,0.002344269704534586,-0.06289541354270675,-0.012495222682920958,0.05642137112846494,9.79397244779065,0.009984886126347852,-0.0034320174754905383,-0.010628923798905059,2.089617328643859,-0.5769659347870966,-1.1971069870732967
30231,3.733,0.9979954189653735,0.0066656468333204195,0.002332786207106063,-0.06289094517444252,0.005613124106540663,0.019960259954503862,9.743116112506044,0.008838564943787633,-0.0023044946551907027,-0.007520984300549522,2.0956975829580173,-0.5754710242377039,-1.193902676681333
30232,3.742,0.997994451217557,0.006665052540810042,0.002340404218589176,-0.0629060801647173,0.027188535283238217,0.03083813338046029,9.760170730229019,0.009915306095730169,0.0020115792873757307,-0.012226161955340348,2.0847632172695376,-0.576758891714146,-1.201050968253407
30233,3.750,0.9979945880043603,0.006666797222425697,0.0023450419515096375,-0.06290355241994494,-0.012196388824302119,0.05903102976174339,9.743215996024295,0.010592255205599609,0.0016843544594534543,-0.007985100551877976,2.080885100091081,-0.5843639965277682,-1.2049136395671651
30234,3.758,0.9979955692693318,0.006663733278607368,0.0023359224247482967,-0.0628886463839064,-0.014254420978524565,0.03593240405126974,9.760004883798661,0.009595150377230455,-0.0017030548544689137,-0.005068413912373512,2.085737528522676,-0.5831039439627047,-1.2007394423725948
30235,3.767,0.9979950905507035,0.006662211888116032,0.0023382213569451173,-0.06289631857539321,0.007331400353301698,0.0468463323851359,9.777055932635937,0.009834099200486422,0.0010821609245517385,-0.010435922176205288,2.085470465630916,-0.5791677371987582,-1.1976047123367508
30236,3.775,0.9979952457387519,0.006664398694299338,0.0023434817781595456,-0.06289342863962653,0.026942664879660794,0.034121434646734145,9.760160486255783,0.010590985331097138,0.001683979251981301,-0.007984286722842916,2.0852530159189318,-0.5804231539452586,-1.201256754266136
30237,3.783,0.9979957321520885,0.0066616598376554115,0.0023381495707656707,-0.06288619841435283,-0.014386178856685462,0.03837435432395256,9.759995394686054,0.00967404362976942,-0.0007748147585297357,-0.006856638812937411,2.090422865962686,-0.5775492283105512,-1.20710604435601
30238,3.792,0.9979953658376446,0.00666416508183641,0.002346831238043735,-0.06289142273385179,0.027044905627343283,0.035997500812501,9.70941215667318,0.01066969553104357,0.0026118657567559232,-0.009773003069798824,2.0852317700717045,-0.5779540428193259,-1.1983504555569586
30239,3.800,0.9979946194789283,0.006655456043165755,0.0023556370308969263,-0.06290385814992348,0.004835113040718109,0.026184454893057638,9.793843828768109,0.008009005815474679,0.0025355214824925847,-0.011568238880063907,2.0855077051679314,-0.5826342279940465,-1.2026988475435343
30240,3.808,0.9979952499278489,0.006656935577510415,0.002356917185523074,-0.06289365048673672,-0.014813246551500146,0.040710983197973304,9.75998528945647,0.01050993307674503,0.0007556880902040184,-0.006193670501200536,2.0952584704433446,-0.5872541475274463,-1.2006304361437166
30241,3.817,0.9979951728891576,0.006666452533363324,0.0023588562057101354,-0.0628937922052863,-0.014893585974628977,0.04164546591298419,9.759981225832624,0.01249175607166425,0.0011573007856943748,-0.008637935288115342,2.085048058458443,-0.5816947960567298,-1.2066176578854126
30242,3.825,0.9979954267750395,0.0066725522432772,0.0023700534096567994,-0.06288869556210527,-0.013252257439133929,0.06632085350207959,9.793909421094444,0.011425054057052214,0.0032139494283032243,-0.007320598535862075,2.0837664232495037,-0.5857661907058985,-1.1982869925685398
30243,3.833,0.9979950817662987,0.006674884459739594,0.0023784997365220543,-0.06289360402085034,-0.013271934765957947,0.06742015913982036,9.743160151643673,0.010667353047896823,0.002610808079355574,-0.0097711630489138,2.0849696882317024,-0.5793956414552427,-1.195897102175097
30244,3.842,0.997995120899228,0.006673326026234801,0.002377717540929261,-0.06289317801144016,0.006347831451898359,0.05469001667034793,9.726274307513872,0.009751266924840813,0.00015223704546471627,-0.0086430632035789,2.0874381033540055,-0.5750360769082691,-1.1995828230277903
30245,3.850,0.9979954730338007,0.006667264027051938,0.0023850465034964967,-0.06288795550509607,-0.015528828413851671,0.045092292022944486,9.75996491749025,0.008684574168031287,0.0022090411918133544,-0.007326251046361436,2.088153647820279,-0.5864893079331384,-1.1972714222519882
30246,3.858,0.9979948707586908,0.006662299455410096,0.002381993264031297,-0.06289815429248495,0.005948771939044997,0.05596765357614474,9.777008911862877,0.008993379052088973,-0.0004514345276864614,-0.011093162557875574,2.089162425768658,-0.5848221229500187,-1.2016747242062664
30247,3.867,0.9979949270794242,0.006675671989941378,0.002390087086554471,-0.06289553569957779,0.004042202563128184,0.033158621841114656,9.74308091535304,0.013325258352962084,0.0026877337743489533,-0.00797392741958464,2.0830678776515428,-0.5865426198466142,-1.2029237319624337
30248,3.875,0.9979952901031774,0.00667019327010391,0.002397672964958238,-0.06289006772112234,0.02742634507994353,0.06811563957725908,9.743301936386572,0.008683406629865512,0.0022086655733499945,-0.0073254664249365435,2.0818703900940396,-0.5868168822887299,-1.206103937835278
30249,3.883,0.9979954281718003,0.006671910398930277,0.0024023051353252336,-0.06288751775869524,0.007521052226605917,0.08245778997125261,9.7601699208951,0.010585663979494236,0.001682517991167274,-0.007979828640219098,2.083070255302576,-0.5780004010049571,-1.2032489797182166
30250,3.892,0.997994958828509,0.006670663467759119,0.002404367037383107,-0.06289501904707868,0.02331051911166587,0.022105765564539963,9.726200590510837,0.009828060883932309,0.001078404688280024,-0.010430107550284106,2.0889110685168997,-0.5860334994201694,-1.2006884272630896
30251,3.900,0.9979950970888745,0.00667237700438914,0.0024089985744522326,-0.06289246614300352,0.04474463929745883,0.03310763963635208,9.743243462082912,0.010584801939301983,0.0016823522966156307,-0.007979142746808143,2.0855380943253077,-0.5819412435874667,-1.2068558937610325
30252,3.908,0.9979948818871788,0.006678994865886008,0.002423772663236399,-0.06289461090311767,0.0032124808475515305,0.03738953196420698,9.743065905565764,0.01149894141885315,0.004140338000152271,-0.009106912955299865,2.0769720701943273,-0.580692780568811,-1.2040004698878746
30253,3.917,0.997995506693229,0.006679555458871621,0.0024057751123327613,-0.06288532742306453,0.02271338872650613,0.024575300647645695,9.77693806790655,0.010657606939956054,-0.0037600854616571455,-0.0063762145153660925,2.0852888944512182,-0.5777840862948804,-1.2061647125580968
30254,3.925,0.9979955937727168,0.006666389705412987,0.0024192652935862364,-0.06288482498964132,0.024741536564015197,0.049181923920644154,9.760102041557987,0.006857289524231595,0.003660521652472227,-0.008459148478411936,2.0842751523951857,-0.5738293362566813,-1.2010823517971856
30255,3.933,0.9979944203560409,0.006673218809603711,0.0024226597080178923,-0.0629025898422999,0.0009602785616364562,0.01586783135975467,9.759892609351182,0.011806926745963318,0.001477994046725337,-0.012871721912011391,2.0867769159017966,-0.5775700894940853,-1.2093299225599132
30256,3.942,0.9979944831611699,0.006659317273962599,0.0024176227104359634,-0.06290326043810572,0.0009334871672782177,0.016633093168770745,9.759891335177091,0.007009175350329506,-0.00085509663584081,-0.008645361413215542,2.0772018088285464,-0.5823831446447463,-1.2020294754801888
30257,3.950,0.9979938741668021,0.00665389226307712,0.0024137439998598866,-0.0629136446503636,-0.01853724070594175,0.03098136241059865,9.72601014088981,0.008989545439360007,-0.0004545133896667563,-0.01108846416376139,2.0874702601746336,-0.5745895400324262,-1.2039816744964953
30258,3.958,0.9979931883247264,0.006660254992230227,0.0024133174310058043,-0.0629238663772616,-0.04031520746833094,0.021488628214035285,9.759710690522782,0.011726822172544874,0.0005510583307625126,-0.011081124875806767,2.082376521315323,-0.58659593176009,-1.2085439172925998
30259,3.967,0.9979933273863147,0.006661953524611612,0.0024179474611729437,-0.06292130321046058,0.000887512986616396,0.019033587379391377,9.759886955101575,0.01058123194131431,0.0016818759283633014,-0.00797662251811402,2.094754598264359,-0.5806417865646168,-1.1984994795107322
30260,3.975,0.9979932428049177,0.0066724240698078875,0.0024390199182324824,-0.06292072198088683,-0.036910811707340785,0.07096350260946989,9.776755916214395,0.012329534381432977,0.005671286581743476,-0.008444061976363363,2.0872167455452084,-0.581169450265314,-1.2027002618130769
30261,3.983,0.9979941605060227,0.006654090038566179,0.002439071263685909,-0.06290810450974287,0.025676631041917867,0.07855199138132282,9.79396953693095,0.005862833614853407,0.0002751372455519583,-0.005539784433573027,2.0840572960246804,-0.580943863918111,-1.2046787653901867
30262,3.992,0.9979943784657012,0.0066444146921748465,0.0024403449324148637,-0.06290561994661986,-0.017208389154995667,0.058821722723196794,9.70914632145115,0.007842894998510616,0.0006754670348510726,-0.007982637011525016,2.0904145359695803,-0.5689931020132047,-1.2059665535204573
30263,4.000,0.9979945730936471,0.006661075096812061,0.002435779915980178,-0.06290094697525941,0.004075955523482415,0.06980980891075367,9.776920838093979,0.01430613787345179,-0.0002959734862764706,-0.007492996594379486,2.086258021323337,-0.5816808886010405,-1.2051439958551107
30264,4.008,0.9979938454435853,0.00666717974659598,0.0024354730673117743,-0.0629118561313398,0.025829565206489505,0.08119228822343633,9.743206107126376,0.011724245390346152,0.0005494988092825191,-0.011078397018447095,2.0930988927785177,-0.5851056570292605,-1.2057939440296748
30265,4.017,0.997993501988247,0.006669466036340415,0.002443905343492852,-0.06291673496533126,0.0019181893169976651,0.04790477507311077,9.79376267973805,0.010656605871660809,0.002606878695998152,-0.009764022135213641,2.0852542752590315,-0.5879934901196573,-1.2014290240968624
30266,4.025,0.9979935124322774,0.006667909038980269,0.0024427050533597453,-0.06291678094241847,0.0020366200154201632,0.048838180081176234,9.743015559446494,0.009743485548591916,0.00014900983956715193,-0.008634692192107949,2.09015565057398,-0.5758101881397031,-1.203950453694022
30267,4.033,0.9979933877262871,0.006661870349758465,0.0024350103427286753,-0.06291969693731193,7.933719941102064e-05,0.025720122548973132,9.759871663702318,0.008908270893808376,-0.0013831614906738602,-0.009294770537744681,2.086477509804253,-0.5767658454419907,-1.2017708447345212
30268,4.042,0.997994066540188,0.006651355811857775,0.0024327704668009363,-0.06291012831253297,0.04344352119747219,0.04693949631348482,9.743192529859506,0.0077631271840419794,-0.0002511794984789588,-0.006191550325962678,2.085754233864877,-0.5738478795309339,-1.2030246284588728
30269,4.050,0.997993026749135,0.0066620131688732405,0.0024423110318670103,-0.06292512421490772,3.0029148727984992e-05,0.02722757693555916,9.759867577452697,0.012634086112830798,0.0030061906506169116,-0.012205459983846607,2.091331333128788,-0.5811230920796829,-1.1977874601494725
30270,4.058,0.9979929433144898,0.00667114090074482,0.0024261077030232536,-0.06292610726064565,0.0020402961831835595,0.05212658270675377,9.742998522291872,0.012633584812553852,-0.003360160361712118,-0.008810117089903865,2.086286880034932,-0.5773236419633483,-1.2090916866842931
30271,4.067,0.9979931649836399,0.0066611744726585076,0.0024272650154101663,-0.06292360276659177,0.04520634842648232,0.07342537766167039,9.777054053230508,0.007839575427700706,0.0006737867169121541,-0.007980152646916233,2.090367543134634,-0.5774773731228229,-1.199538228300777
30272,4.075,0.997992664692745,0.00665965440709225,0.0024297733448377986,-0.062931601156695,-0.021453506097295152,0.019569110273067347,9.74283061867211,0.009818402070227295,0.0010733923969805461,-0.010422207116889227,2.0847183987563644,-0.5796304994395718,-1.1949200766213173
30273,4.083,0.9979926727403396,0.006657466992781252,0.002428236939325027,-0.06293176427846632,2.3853032025104086e-05,0.030601169280946243,9.759857580844294,0.009740703592034439,0.00014810029972988568,-0.008632389039765051,2.0835657805443506,-0.5763007652918956,-1.204238127668299
30274,4.092,0.9979922052517946,0.006656126467733672,0.0024309911122895843,-0.0629392128908365,-2.8266427260891645e-05,0.03139652500143635,9.759855054733054,0.00981749322954142,0.0010730042276102302,-0.010421492522288243,2.0843032825102634,-0.579969663341571,-1.2049303751903466
30275,4.100,0.9979921320315464,0.006665576955922733,0.002432923916437771,-0.06293929907609608,-0.021648051674438708,0.022056957480643184,9.742824875376341,0.012475939606105107,0.0011549586847175192,-0.008624363747550505,2.0874596880833343,-0.5726225956050939,-1.2025354786839546
30276,4.108,0.9979921226818596,0.006663407990068644,0.0024315369734861708,-0.06293973059094629,-0.021702551029395663,0.022957237644313094,9.74282267262451,0.009739539107552164,0.0001476237392851938,-0.008631254643158056,2.090640129289514,-0.5789792374000602,-1.2034285061057823
30277,4.117,0.9979930157098088,0.006671665090438917,0.002425867087591378,-0.0629249127789318,-0.0021427367553551835,0.01024122938446254,9.776726370578201,0.012321008489250529,-0.0006948329551235906,-0.00504466926017274,2.0889544074166078,-0.5787652405992649,-1.2066169170489116
30278,4.125,0.9979936124275269,0.0066728784722954486,0.002426949246106621,-0.0629152776685153,0.003574643096632355,0.08270458897436929,9.776820455450048,0.010495978517700486,0.0007550930808210224,-0.006181412765808672,2.0901138929523673,-0.5860103203273539,-1.198238272838564
30279,4.133,0.9979940988267079,0.006670617615140957,0.0024404280561369954,-0.06290728001275407,0.001639233096105887,0.05970440595947035,9.742955106608495,0.009505060128600099,0.0037376430911507256,-0.006658581205363502,2.08500487205568,-0.5867658882845357,-1.2007100287257348
30280,4.142,0.9979934357197323,0.006677552626631659,0.0024406855686942217,-0.06291705337345525,0.0014609016131837639,0.06056602230869003,9.742949817864696,0.011716569377473706,0.0005457853375490773,-0.011071632088571705,2.0884696914836036,-0.5790140060392837,-1.2071064147742605
30281,4.150,0.9979935766366417,0.0066792107452574466,0.0024453076117146506,-0.06291446261797339,0.0013657311509279928,0.06147094201389605,9.742944163660047,0.010571705639936925,0.0016793320589386662,-0.007969872291695847,2.089196689134638,-0.5797394411758051,-1.2063617378731648
30282,4.158,0.9979936418573856,0.006665471939669406,0.002440287643709501,-0.0629150800068686,-0.0006512553078266003,0.03832873951084371,9.759830269485654,0.007002147505627577,-0.0008611979041063585,-0.008636553609196898,2.090921723201702,-0.5792720431164283,-1.2085509886403136
30283,4.167,0.9979925529291084,0.006660596928272489,0.0024401778462586907,-0.06293287120955529,-0.0006384802550123568,0.03898172408612596,9.759827685008304,0.009056511611464944,0.00046189655353668854,-0.012867360764637,2.0849856988655957,-0.5801488915031427,-1.198087256520052
30284,4.175,0.9979926827616947,0.006662491195969632,0.002445122234122355,-0.0629304198495457,-0.0027043758035686376,0.015926261253362686,9.776718622265689,0.01057038344894827,0.0016793250708283685,-0.007969008121667107,2.095047035373527,-0.5789954627650311,-1.2051052434153937
30285,4.183,0.9979922089999639,0.0066608771268380105,0.0024473770686162196,-0.06293801583112031,-0.022600901463597254,0.0303130858370402,9.793544120266896,0.009812794764023523,0.001070227034132827,-0.010417570699917635,2.082571584448715,-0.5735921603630706,-1.2018295317547558
30286,4.192,0.9979925417199682,0.006654262657782008,0.0024362439652566093,-0.06293387144567937,0.020959629184920274,0.05166112169492703,9.72609386065589,0.008825969596826518,-0.002311016176312826,-0.007497499173675419,2.082118872839392,-0.575591555520345,-1.206697020322666
30287,4.200,0.9979923377793528,0.0066598327315982525,0.0024320082393456672,-0.06293668006507466,-0.0006899825494900964,0.042198637011857,9.759814304167604,0.011636799211205624,-0.0003792442832141119,-0.00927923215625572,2.0881705395476358,-0.5745478176653582,-1.199582104659109
30288,4.208,0.997992324339653,0.006658120547746756,0.0024494678561435158,-0.06293639723665999,0.01891899152983432,0.02950465462321868,9.742987039458068,0.00957701461318224,0.004661116663581077,-0.008446560428914755,2.0911371849770695,-0.5809438639181111,-1.2046270094441804
30289,4.217,0.9979924154024371,0.006644272250401405,0.0024444480217610184,-0.06293661191501404,0.020729816600925745,0.05402638087241014,9.726081501325082,0.0070002498958662614,-0.0008625215854578692,-0.008634226321267532,2.0864348995010635,-0.5735365305403133,-1.195942022384721
30290,4.225,0.9979931559307229,0.006649397573782769,0.0024521636804755724,-0.06292402657671066,-0.0010854080917168912,0.04448047373760379,9.75980413538938,0.011325047704906053,0.002288507406391483,-0.005518599042189576,2.087949368123993,-0.577995765186394,-1.2027250397652385
30291,4.233,0.997993165832886,0.006647182242440905,0.002450617330547691,-0.06292416383067244,-0.0011870295835662073,0.04533679842504584,9.759800182180198,0.009734237429400926,0.00014527075860033023,-0.008626010170663202,2.088193095567278,-0.5838548761013233,-1.202667626741061
30292,4.242,0.9979925566770768,0.006642047693171882,0.0024470884954779543,-0.06293450387100216,0.03620000453363248,-0.004850425469877416,9.793811923111837,0.008976658923707205,-0.0004647719050958887,-0.011074255835174875,2.0865098699541416,-0.5733897531086833,-1.2061975103714182
30293,4.250,0.9979930498024716,0.006639239186156219,0.0024417463206234972,-0.06292718747804062,-0.0030914781947293246,0.023012723392421393,9.776704394848645,0.009657492551314772,-0.0007783076606773291,-0.006835809467042677,2.0864560775718703,-0.5769821601520675,-1.198839049704501
30294,4.258,0.9979929518432985,0.006649184329803799,0.002462829020929103,-0.06292686939664152,0.01845998066941662,0.0341918751023663,9.742972600155149,0.012308187411338798,0.0056687762294647635,-0.008437912867544901,2.081583594856727,-0.5843199562514186,-1.200269946631223
30295,4.267,0.9979928871302414,0.006658076467564166,0.002445936324650983,-0.06292761437312949,0.018122142983204206,0.03522787200462172,9.793712267217954,0.012626016378415124,-0.0033621841610708665,-0.008796060431922277,2.0896849234500405,-0.5802277004187159,-1.2063535328028796
30296,4.275,0.9979932527825967,0.00665232689828599,0.002453396846285399,-0.06292213276078279,-0.021180556580976895,0.0631850885604566,9.776592637600777,0.00866423552300305,0.002203040345281151,-0.007314421169226355,2.082093227516303,-0.5850801600271635,-1.203188900896259
30297,4.283,0.997993263311457,0.0066501019567802135,0.0024518469024093614,-0.06292226136814226,-0.0034397478577634514,0.026539032968796044,9.776695342255257,0.009731999697074799,0.00014426844509427906,-0.00862390967784421,2.089889762301794,-0.5806649656574323,-1.2009764042521578
30298,4.292,0.9979937707858827,0.0066477633556642915,0.002446818792605112,-0.06291465483286754,-0.0012204300387420061,0.05112944128003636,9.709028246727364,0.009655988255173354,-0.0007788413393586738,-0.006833984189429244,2.0918571119750977,-0.5806835089316847,-1.2029151115382584
30299,4.300,0.9979932172022131,0.006657755006276822,0.0024525389973967145,-0.06292215642457867,-0.023025837889468635,0.04175024278666692,9.742757229363036,0.012540455163265511,0.002075638710989624,-0.010405169271268158,2.0899113978634385,-0.5775190954898909,-1.20393601345037
30300,4.308,0.9979934238762006,0.006647451752793498,0.00243536611659139,-0.06292063474672759,-0.019299376146407688,0.09029182533571604,9.75964469481142,0.007989938123934883,-0.003846738304221058,-0.008150343950774259,2.0754877873995112,-0.5784701169736153,-1.2013466845566636
30301,4.317,0.9979928135445802,0.006642470027085364,0.0024502589282109134,-0.06293026248552591,0.016388454457117813,0.016196069391698802,9.759878356628063,0.008813047170881565,0.004047893948120352,-0.010892733514589723,2.0908909612740154,-0.5853358791950266,-1.2043429497811298
30302,4.325,0.9979922289068057,0.00663735622833043,0.002446385069992153,-0.0629402235777202,-0.023118105804543498,0.04398208833293309,9.7427471889054,0.008972882513734608,-0.0004676805761081092,-0.011070294237048105,2.0852974955500043,-0.5824341386489407,-1.207341288951239
30303,4.333,0.9979928549092323,0.006638387385555243,0.0024472106280634376,-0.0629301559125815,-0.0016292885331454631,0.05509919356462642,9.759749887339176,0.010486915751878509,0.0007550753685953758,-0.006173877546229198,2.08618369474625,-0.5725507404173655,-1.1949765860676882
30304,4.342,0.9979921631748736,0.006644707681349468,0.002447196446057296,-0.06294045861702403,-0.0016859857974096625,0.056001532782857334,9.75974474254613,0.011705264495952689,0.0005410083832459238,-0.011061700811722718,2.0788730844015495,-0.5850198943858429,-1.1968649012751187
30305,4.350,0.9979921744932727,0.00664246958758479,0.0024456430440480755,-0.06294057576848672,0.01808577630181384,0.04331686793511555,9.742937003139355,0.009728904116263556,0.0001432235669297315,-0.008621161188249411,2.0842689513678625,-0.5860288636016062,-1.2002340901340511
30306,4.358,0.9979925803650256,0.0066370562598143485,0.0024533673707746793,-0.06293441037386663,0.017987668332949278,0.04406458294871023,9.742933831331248,0.008660189834134906,0.002202035047008791,-0.007312252376888231,2.079951767030723,-0.5790487746785069,-1.2108307253253656
30307,4.367,0.9979925107629486,0.006646444248391583,0.002455293741307416,-0.06293444821847066,0.03934870490618424,0.05526405360442418,9.759933599679732,0.012461114046421033,0.0011524276684240073,-0.008612551894558243,2.0828262906418202,-0.5755591047904031,-1.2032739428795034
30308,4.375,0.9979925678447494,0.0066596317691858566,0.0024628609999147724,-0.0629318531988202,0.05705973248123848,0.018934667453479152,9.760072161652511,0.013292753571749614,0.002686523123972213,-0.007953973752522983,2.0916201501909275,-0.5802045213259002,-1.203898024314974
30309,4.383,0.9979932012881172,0.00666014342549816,0.0024448637608791425,-0.0629224547632925,0.015795269376523962,0.023121674396848497,9.759865385656997,0.010646152227536905,-0.003760696610462539,-0.006348366736048111,2.082102641932132,-0.5780119905513649,-1.2044767339621694
30310,4.392,0.9979928513215321,0.006662512271421891,0.002453433219700116,-0.06292742094499118,0.03565013198108797,0.0104307324966039,9.743067370662292,0.010633907802989704,0.0025984287029484055,-0.009751137448499179,2.0848165352168673,-0.5800021140715129,-1.2083445291945427
30311,4.400,0.9979916841384853,0.006669209766908502,0.002456763938123142,-0.06294508989959106,0.01567357255312209,0.024900950067656764,9.759861204849845,0.011776645519876476,0.0014609060976086485,-0.01284829319192269,2.084269984958272,-0.5711369566928273,-1.2003754788223606
30312,4.408,0.9979915448289349,0.0066630628990814985,0.002449039681536534,-0.0629482505507341,-0.02563933760608275,0.02894256444292424,9.759653075153908,0.008894363406313817,-0.0013926255689705677,-0.009276366983494993,2.0901414923238626,-0.5740827375152631,-1.20201369383702
30313,4.417,0.9979919588583296,0.00667185386788823,0.0024471751180105156,-0.06294082740179519,-0.027521653747987745,0.005990432807854384,9.776603605503803,0.012383427846126373,0.00023013658658078889,-0.0068205145384158524,2.084543610179886,-0.5833828422233834,-1.2044078944425507
30314,4.425,0.9979919595444191,0.006669802691711549,0.0024459381835806046,-0.06294108199854011,-0.04542481404410453,0.044260668977886386,9.776438458489135,0.009725426951895245,0.00014151085452361007,-0.00861789342370148,2.08403933134238,-0.5826295921754833,-1.2022213094731824
30315,4.433,0.9979921035261452,0.006671397489540396,0.002450550220546387,-0.0629384505577749,-0.025687153086325534,0.03152653639213665,9.75964494544184,0.010556754185025205,0.0016760635442090838,-0.007959877698317758,2.082877434267377,-0.5844149905319624,-1.2102700702330487
30316,4.442,0.9979930461827229,0.006653375698397014,0.0024502776534628817,-0.06292542015883869,-0.023844641800001024,0.05600415554362336,9.742683747312617,0.005849764372164738,0.0002689971322061475,-0.005528296678822685,2.085028648050887,-0.5784956139757125,-1.203962435816839
30317,4.450,0.9979924130581025,0.006674950315483913,0.002459471309134836,-0.06293281749318969,-0.02206238568672154,0.08067014090312993,9.725717577783328,0.015262499463153466,0.003082796548731651,-0.010390498802015657,2.085268636838409,-0.5867913852866328,-1.2033935981220565
30318,4.458,0.9979922276257728,0.006680877471195696,0.0024553390270899297,-0.06293529045793492,-0.004528045842846801,0.04451522759996648,9.776629576756232,0.011624267568679153,-0.00038378035704631077,-0.009265796692387647,2.0969837247837737,-0.5836130643891494,-1.2028498189264065
30319,4.467,0.9979924534223532,0.00667084145107146,0.0024564641726220393,-0.06293273051548945,-0.0007055165430044611,0.09292222046609935,9.742695030236199,0.00782346572786823,0.0006651351833052352,-0.007966731351093097,2.084002108749469,-0.5789189717587396,-1.1971294921137483
30320,4.475,0.9979926740098095,0.006661281162426279,0.0024584988489914604,-0.06293016557609787,0.015220152207076412,0.03238684162055357,9.759839950108752,0.007823187556766784,0.0006650338314249608,-0.007966492403131263,2.088437975209707,-0.5731131727572861,-1.2027678273366385
30321,4.483,0.9979926870867766,0.0066590178500523746,0.002456934993152133,-0.06293025880311923,-0.002472438286838849,0.07032924823945262,9.708907914347098,0.009723020188779425,0.0001404388224799133,-0.008615459186828942,2.0854992735101963,-0.5755428794254323,-1.2015454496238855
30322,4.492,0.9979925284811475,0.006653372341330745,0.0024684647564739374,-0.06293291995482268,0.015050046721882598,0.03385286712783183,9.759835239657411,0.008727852294982758,0.0031206929073857624,-0.009098437121363377,2.084253177951441,-0.5818577988533306,-1.1980763856519867
30323,4.500,0.997992410361724,0.006647258734487849,0.002460725824762617,-0.06293574215125193,0.016889554790656215,0.058373706040163516,9.742860572709692,0.008891206701319848,-0.0013948828835930202,-0.009271992655408763,2.0852476790409673,-0.5801720705959584,-1.2005267028178175
30324,4.508,0.9979924378440393,0.006645462707906795,0.0024597518332293423,-0.06293553409981295,0.015025667935339104,0.03532854990408451,9.759830047357331,0.009721963296875509,0.0001401467466895349,-0.008614447675732414,2.0875002765616975,-0.5792674072978652,-1.2080877280723084
30325,4.517,0.9979925092386962,0.006658161987284233,0.0024490260998532316,-0.06293347800308614,0.033008435613286986,-0.0010855248492310059,9.760025562080884,0.013447708212709956,-0.001829403043736823,-0.008122190164191082,2.0898913944122053,-0.5828644501598125,-1.2011996667245697
30326,4.525,0.9979920417168578,0.006656268187720137,0.0024326683030696183,-0.06294172613266132,-0.00642844908356092,0.026982752959648883,9.7935778310712,0.00995896232344618,-0.0034552597686877437,-0.01057683411303428,2.082578282331409,-0.5799488021580371,-1.2027457601178966
30327,4.533,0.9979922678763907,0.00664622009318954,0.002433789742783122,-0.06293915859701014,0.015414513573835375,0.03794906653720875,9.759819602502112,0.007820643004592023,0.0006639635451248556,-0.00796480333007043,2.092553771301072,-0.5813695396104198,-1.1980203419617121
30328,4.542,0.9979928973579526,0.006647636153463018,0.0024352929276989285,-0.06292896872670686,0.03518224264232617,0.025137349045376588,9.7430422271205,0.010477528644685832,0.0007545629788638815,-0.006166539786101463,2.088455448512961,-0.5785072035221204,-1.2051580656805119
30329,4.550,0.9979930425643565,0.006649205654183759,0.0024399012207439435,-0.06292632151445146,0.015253482287356259,0.0395501191368337,9.75981350030024,0.010550746316969879,0.001674724519389774,-0.007956084477965173,2.0882183172877404,-0.5804695121308897,-1.2061177999837345
30330,4.558,0.997993174236112,0.006650935675979545,0.002444631690360633,-0.06292386676502221,-0.008267875814710265,0.006205825683562616,9.759812137392627,0.010550352359341058,0.001674580853477132,-0.007955745972430879,2.076289806335941,-0.5783163858141407,-1.2108644491843132
30331,4.567,0.9979934587119115,0.006655851371360713,0.0024365926740419646,-0.0629191467432573,0.015096995177973546,0.04130873868443029,9.759806459225608,0.011545565023118149,-0.00130550294014015,-0.00747087597822459,2.0891828019902023,-0.5741059166080786,-1.2044620635737524
30332,4.575,0.9979927536554244,0.006662282286662785,0.0024544613886178512,-0.06292895410928848,-0.04785086369767725,0.034974435883718645,9.742605512398317,0.011526825259628618,0.005049837499180005,-0.010878165335649465,2.087967163365243,-0.5787513331435757,-1.2051593172087494
30333,4.583,0.9979933901203794,0.006662772132477714,0.002436463064680071,-0.06291950723962494,-0.0030510971069421886,0.08049798796572355,9.759573106078548,0.010641020684557708,-0.003761229759444994,-0.006336636312311468,2.0955268380311933,-0.5723923734393278,-1.2039436404254595
30334,4.592,0.9979932705313562,0.006672577107242232,0.0024577144819796014,-0.06291953852660172,-0.026506636020556678,0.047220202769100675,9.759579442892596,0.012282808663752278,0.005665185507802681,-0.008431214138964267,2.0901412381622873,-0.5777446818370939,-1.20197892612678
30335,4.600,0.9979925313612835,0.006663672719435688,0.002466390896129452,-0.06293186576714008,0.016363268389368107,0.06869524325760583,9.742794162199678,0.007964582207870063,0.0025016553712864345,-0.01154221391852953,2.090384508114735,-0.5901952925313189,-1.2018589312241703
30336,4.608,0.9979927440833288,0.006680783576857291,0.0024625071289955166,-0.06292683010025389,-0.025044904523450345,0.07272893236637809,9.742570245093198,0.014273874209323467,-0.0002941742243810956,-0.007459910569379311,2.0879884092124708,-0.5812204442695084,-1.208065615917927
30337,4.617,0.9979927588559568,0.006678494461815458,0.002460933394076643,-0.06292690036566191,-0.0035679706062542024,0.08413246537460076,9.75954227554089,0.009717035251726187,0.00013765712168875812,-0.008609815788160727,2.0901570793551296,-0.5809392280995481,-1.2041459019982417
30338,4.625,0.9979927667625615,0.006676451101835325,0.0024594639911345454,-0.06292704924886464,0.014365471277155773,0.04758178761840214,9.759778995299774,0.009716661362839125,0.00013752071013330166,-0.008609494447355521,2.0913759822009106,-0.580692780568811,-1.2038951733080687
30339,4.633,0.9979924381242263,0.0066780877419562465,0.0024490241447472864,-0.06293249456132828,-0.024993255337672132,0.07531857190441185,9.742550699337224,0.010785591454682194,-0.0019227596437442743,-0.009913371183570744,2.0814201916885904,-0.5783210216327038,-1.2113152169377652
30340,4.642,0.9979926577831603,0.00666811092654616,0.0024498984007130403,-0.06293003500239268,0.01448202450434234,0.049174177463126315,9.75977092884166,0.007816365919608029,0.0006613673589576201,-0.007961097166061245,2.0875002257293827,-0.5799997961622314,-1.2080807745302602
30341,4.650,0.9979931558764673,0.006665239679707491,0.0024445439255229066,-0.06292264782046296,-0.0034747785882047436,0.08722185430987313,9.759515187945313,0.009642712714165268,-0.0007820288827748121,-0.006818671748669585,2.089435503302585,-0.5792442282050495,-1.2056322195844025
30342,4.658,0.9979925439318842,0.0066598135917834405,0.00244057520799856,-0.06293308137969278,-0.0053109396773020606,0.06420017735801994,9.776519733044307,0.008957834303783493,-0.0004800579377435008,-0.01105444285854212,2.0881901532844527,-0.5748174442889108,-1.2022651408958747
30343,4.667,0.9979926091764002,0.006672971240490054,0.002448670997986496,-0.06293033842629836,0.014437743949337086,0.05154775528720124,9.759758750094555,0.013273849156015576,0.002685328268418263,-0.007943398093865081,2.0876980617045504,-0.5784747527921784,-1.2017456963641093
30344,4.675,0.9979931568472992,0.006659102661491887,0.0024592041075697426,-0.06292271094655504,0.010711361212810865,0.004578121468795768,9.743043116910705,0.0067455961203506535,0.0027209852225433913,-0.006656458261874876,2.083050455180603,-0.5804162002174139,-1.2005404471606083
30345,4.683,0.9979931723301643,0.006656801166827811,0.0024576263486187247,-0.06292277054716598,-0.009250846307640257,0.01880469452048167,9.759795111663674,0.009714168157180169,0.00013656911944655376,-0.008607203271366033,2.085825075947776,-0.5817527437887686,-1.2127153812859301
30346,4.692,0.9979931975679509,0.006654723265335684,0.002455795376555791,-0.06292266154119541,0.03392712226364032,0.040266406456962535,9.74299589829207,0.009713794863122294,0.00013643283727426833,-0.00860688237874917,2.083567277101921,-0.5804532867659188,-1.2044428473619162
30347,4.700,0.9979936961906518,0.006651844825893775,0.002450439674199829,-0.06291526579087653,0.008735770159864726,-0.016948666923145245,9.760062811599864,0.009641016592817858,-0.0007824057969813405,-0.00681660006396166,2.0798664447597117,-0.5740549226038844,-1.199159173541669
30348,4.708,0.9979938431715901,0.006653532300230425,0.0024551951290301714,-0.0629125704164766,0.03391204605374818,0.041875773220490124,9.742989167129746,0.010542662327413133,0.0016725642155182455,-0.007950450030169183,2.0884371449485593,-0.5850755242086004,-1.202654252816521
30349,4.717,0.9979943419012407,0.0066506514012139575,0.0024498386056001987,-0.0629051719642818,0.033873316384459444,0.0426972052134666,9.74298573609755,0.009640437549853493,-0.0007826241032344587,-0.006815937577036349,2.088638600970755,-0.5828227277927444,-1.1968143743895299
30350,4.725,0.9979940235182354,0.006653426632890295,0.0024590601025757477,-0.06290956969600389,0.01233143831228216,0.03305346284408462,9.726013168841705,0.010614077368590222,0.002590725858163158,-0.009739909493019162,2.0850426707481637,-0.5821761015717958,-1.205880652895046
30351,4.733,0.9979942515273478,0.00664334519393044,0.0024601643336755177,-0.06290697476794628,-0.00604182280908264,0.0713882256965623,9.776469463290727,0.007812957633138105,0.000659489713024678,-0.007958195383989803,2.08935868046573,-0.5803652062132195,-1.195123337109752
30352,4.742,0.9979946751977387,0.0066525374734323255,0.0024589672080605088,-0.06289932831433963,-0.007693575772111992,0.04817783791837301,9.742751736680418,0.012368018527222607,0.00022998719915122518,-0.006806210508218601,2.0869032998062833,-0.5769288482385916,-1.1932206490621287
30353,4.750,0.9979944795223099,0.00665799457739017,0.002454699032668399,-0.06290202225573291,0.011907945573354539,0.035864284474448865,9.776746726673467,0.01161033633269906,-0.00038870023280226186,-0.009251442064141873,2.088863511050161,-0.5769381198757177,-1.1941828639540055
30354,4.758,0.9979943465390303,0.006652280479223613,0.0024484642816276084,-0.06290497963771724,-0.0290839545423949,0.0395017999282181,9.725776947805084,0.008881658217511896,-0.0014017876028511764,-0.00925974493963695,2.0881864824051095,-0.5762775861990799,-1.2017629876146667
30355,4.767,0.9979943629546048,0.006649963372310562,0.002446881032072041,-0.06290502580235749,-0.007573851427172287,0.05073617423858138,9.742738841974154,0.009710473850169469,0.00013491554905841456,-0.008603976149137483,2.0862223291762065,-0.5816345304154094,-1.2002615338839926
30356,4.775,0.9979942310376176,0.006644583099329436,0.002458539923032671,-0.06290723259306283,-0.02942556313669984,0.04128162686987971,9.776512737781415,0.008712148509315391,0.0031134158914283903,-0.009091611581175657,2.0803706388766927,-0.5760288207590616,-1.2013341692742907
30357,4.783,0.9979943068226157,0.006657232536880668,0.0024478125289018517,-0.0629051112265175,-0.06708276527226181,0.09276760772994477,9.742201280375708,0.013435794507873059,-0.0018307300372564848,-0.008106357672312365,2.0903838587624177,-0.573836289984526,-1.2017701038980202
30358,4.792,0.997992857157354,0.0066561635718024635,0.0024391454700035185,-0.06292855567056584,-0.04734723037978923,0.080452332190302,9.776198495332599,0.010093529333671256,-0.0016279247291681792,-0.014140086090912456,2.089372923436371,-0.5808720087303827,-1.1970716862035005
30359,4.800,0.997994313591584,0.006652606003237656,0.002445066632513668,-0.062905600079741,-0.007644546605931398,0.054124188726080096,9.742720554168764,0.009324633974040375,0.0018969844422846223,-0.0030655874179472387,2.0840098232784676,-0.5706278362663826,-1.1981847913178494
30360,4.808,0.9979943069542604,0.006650510591368435,0.002444465260466414,-0.06290595031752205,-0.02733471127780753,0.0681528320734666,9.708708461092622,0.009708589569678391,0.000134115557365109,-0.008602285042372112,2.0828422165551888,-0.5775330029455803,-1.2054525079877119
30361,4.817,0.9979939719681292,0.006652591329792556,0.002452834754842179,-0.06291071884458313,-0.011290452783898602,0.007908268346508153,9.726067383110681,0.010608502875358994,0.0025886382843799544,-0.009736927784841424,2.085228183912886,-0.5781935366222182,-1.1978598915124974
30362,4.825,0.9979940654561775,0.006638857962054689,0.0024480480774464386,-0.06291087298569077,-0.009767427551335391,0.03268203775017732,9.75975800280749,0.0069804800224957915,-0.0008796968586327262,-0.008610340835512032,2.0759848939193826,-0.5797023546273001,-1.20255214143711
30363,4.833,0.9979944251374196,0.006632596453902625,0.0024553300624276944,-0.062905543580802,0.010040799247672755,0.019758900789729514,9.74302487183714,0.008637544475957475,0.002194748976461925,-0.007300084949552267,2.0855381959899377,-0.5804764658587344,-1.2068698008451286
30364,4.842,0.9979940275989501,0.006646497553805685,0.0024668951676504254,-0.06290993065745588,0.011392661132825081,0.044718913059573595,9.776710850831844,0.013334412411226532,0.003601946999395523,-0.009727126847713603,2.088143736549078,-0.5750013082690456,-1.1959156224860719
30365,4.850,0.9979949510309617,0.00662805879848819,0.0024669047774952893,-0.06289722517004404,0.011491152901388508,0.045178878911904835,9.725965429289127,0.005838463326134485,0.0002635091644313761,-0.005518282050628965,2.0872363084497096,-0.5821714657532328,-1.2053763445077945
30366,4.858,0.9979963951764884,0.006624793884438885,0.002473507521385837,-0.06287439129935828,0.011401951502909907,0.04579368972554777,9.725962660517103,0.009322618026837776,0.0018975726762860616,-0.00306423194724483,2.095048752204463,-0.5799742991601342,-1.2053400951245523
30367,4.867,0.9979951149894619,0.006627056091555809,0.002451764312868647,-0.06289532126068069,-0.008359147068525764,0.06017986945962629,9.742684445285168,0.011089495319512307,-0.0046094916430259175,-0.013646240450796123,2.0896109751195913,-0.5913626287251201,-1.196237864784018
30368,4.875,0.9979946669091421,0.006626048047136127,0.0024549054832243285,-0.06290241447875333,0.0346813977609994,0.08206754744262758,9.776589381202674,0.009776915001763345,0.0010499640308147915,-0.01038975009563887,2.085519909369641,-0.586800656923759,-1.2043683058284869
30369,4.883,0.9979943326062508,0.006628112861899712,0.002463270759010347,-0.06290717369952654,0.011496751282840254,0.04829538897071814,9.725950448994126,0.010604747211139711,0.0025873812488358765,-0.009734660242960295,2.0898877404769665,-0.5840804624485263,-1.2006998312907111
30370,4.892,0.9979941685976917,0.0066342044841420185,0.002459413112190323,-0.06290928439434476,0.011144564456594027,0.04953890358879486,9.776687900265767,0.011603592939959327,-0.00039068645712822027,-0.009244452896391222,2.0930368551236658,-0.5789212896680214,-1.1973075817639514
30371,4.900,0.9979943173478224,0.006635698319586396,0.0024640084626014603,-0.06290658718736761,0.009253723629067,0.026700915287828544,9.793751619588525,0.010532850008920644,0.0016703214410094436,-0.007943871616267728,2.09473986391467,-0.5872147430696599,-1.196483912843853
30373,4.917,0.9979951072602673,0.006638385886807291,0.002452142346417385,-0.06289423435656663,-0.031006296891974667,0.04271085206642729,9.759608954506815,0.010582597317090398,-0.0010459416784075254,-0.007130525291327603,2.08356304706711,-0.5899697061841159,-1.20386420511818
30374,4.925,0.9979952623821005,0.006625770922396126,0.0024658004008516585,-0.06289256912346033,-0.010412472357378041,0.042335662729252745,9.759720235200012,0.006805643090050829,0.0036331255701332406,-0.008442543246344499,2.090048404691538,-0.5781124097973637,-1.1892798893071743
30375,4.933,0.9979948081215122,0.006623522914497431,0.0024491500747948237,-0.06290066430983127,0.00945366926743698,0.029458503523979315,9.743000961046478,0.009945860211213499,-0.003467259381238537,-0.010551172859561895,2.08597850006829,-0.5772401972292122,-1.2003050398240738
30376,4.942,0.9979950791920956,0.006628808426447943,0.0024424946800169767,-0.0628960652739657,-0.008404886739879136,0.06762281656747252,9.742635587978643,0.011530562115431235,-0.0013077454472923398,-0.007452009244629545,2.0864236835337713,-0.5808465117282856,-1.1944077483729054
30377,4.950,0.9979946149871086,0.006627022398226407,0.0024446675520489922,-0.06290353433176007,-0.031668368586725684,0.03420651652177071,9.74276237497236,0.009772868104044928,0.0010477786228584576,-0.010386832672379174,2.090338650534828,-0.5823228790034258,-1.1955859017768955
30378,4.958,0.9979942356702295,0.00661430456711859,0.002444690206152829,-0.0629108896287779,0.009606934915791732,0.03188025482581999,9.74299318612208,0.007046538398171103,3.287048033929959e-05,-0.010395493617586795,2.08864414117798,-0.5801442556845797,-1.1975722400060405
30379,4.967,0.9979947371636981,0.006611386355648107,0.0024393310857159112,-0.06290344845771445,-0.02986597513871186,0.05929204283799393,9.725674063589702,0.009631398772892623,-0.0007844080950154468,-0.00680579019259696,2.090382124987377,-0.5731015832108782,-1.2015329343415122
30380,4.975,0.9979939758058608,0.006773837672731079,0.0023790563790223682,-0.06290055221649829,-0.010446261908370554,0.04700407293920662,9.759698835400902,0.012254356600273837,0.005661859717289771,-0.00842369123288181,2.0842609941450703,-0.5721018856322411,-1.1991455919401839
30381,4.983,0.9979944777843631,0.006771012349099184,0.002373645469810807,-0.06289309589191575,-0.008828655148024063,0.0716212118359487,9.742606638975857,0.009630901631267307,-0.0007846683891883871,-0.0068049333272933304,2.087436166249704,-0.577230925592086,-1.1993178393030905
30382,4.992,0.9979951110768197,0.006775422440423399,0.0023624332251077074,-0.06288299314422749,0.00935522393708393,0.0351927344347053,9.742982031565042,0.01145846804132336,-0.0022237824678797346,-0.005659268681023794,2.0881668347800826,-0.5764962188184382,-1.1990753156832024
30383,5.000,0.9979943782595734,0.006766518782600982,0.002371000158415054,-0.06289525851843676,0.01115788096218202,0.05970618613045762,9.725887486596216,0.007942468486185319,0.00248519090344924,-0.01153036253695096,2.089618774369114,-0.581850845125486,-1.1973047532248657
30384,5.008,0.997994018329276,0.006783952696702615,0.002371116075412689,-0.06289908722192196,0.03246474908728152,0.0711776095487095,9.742824095532647,0.014323235411805534,0.000622631307695996,-0.00922973794844784,2.0901104762346,-0.5838085179156922,-1.197770887267596
30385,5.017,0.9979935556383013,0.006782248064608202,0.002373233833663102,-0.06290653206768292,0.00914195748453263,0.03786450824379913,9.742972215813866,0.009769459498697959,0.001045813176431294,-0.010384045303195559,2.08985053482816,-0.5801257124103272,-1.1956103317786266
30386,5.025,0.9979932814325447,0.00678828412286965,0.0023700373539993587,-0.06291035158946068,0.07032394653609837,0.022192788527400902,9.726503570043516,0.011597032978342126,-0.00039288786611774883,-0.009237929325519645,2.0913228675828415,-0.5745200027539795,-1.196629426535125
30387,5.033,0.9979936445816039,0.006782078016172134,0.0023772608605949663,-0.06290498726898447,0.04828956226758723,0.013270880922169048,9.811045264031447,0.008627997740853393,0.0021918214604429312,-0.0072949889720477805,2.085752567866256,-0.5721366542714644,-1.2027967302917624
30388,5.042,0.9979937047849553,0.006783130504394301,0.002363704854672398,-0.06290442949045742,0.028688050981083454,0.02720178762106356,9.777003196103669,0.010699473646543872,-0.0028469952080350516,-0.008100432571847395,2.0848073749626144,-0.5834083392254806,-1.2070914638388726
30389,5.050,0.9979939040156318,0.006800114000289643,0.002377944506146525,-0.06289889805987772,0.0071963870308281224,0.017629314582506748,9.76006286579163,0.014076763941659298,0.004222668270516708,-0.007276180730273491,2.084021993591967,-0.5752825244390058,-1.1998496139081034
30390,5.058,0.9979933275436293,0.006794725029327742,0.002373929170811798,-0.06290877800802527,0.02873951746742184,0.02872296717146655,9.726257019402171,0.008940365549391796,-0.0004943597306608238,-0.011035737670664606,2.089374216664681,-0.5879540856618707,-1.1972485917289257
30391,5.067,0.9979943859045249,0.006780185142042236,0.0023800692323139847,-0.06289332288041112,-0.012903828088391397,0.03275851063936833,9.776756360179796,0.006659173559358732,0.0017994168542111483,-0.004859662746871647,2.0867054638311155,-0.5784538916086445,-1.1995557272282797
30392,5.075,0.9979934604420695,0.0067945387934484885,0.002377620733642673,-0.06290655035125524,-0.030807940414308038,0.07041457518918195,9.72559695965658,0.0135619253657904,-2.066346908828814e-06,-0.011669787852774026,2.088847432639848,-0.5771613883136392,-1.1919834382196532
30393,5.083,0.997993481169637,0.006792258405208992,0.00237596929132713,-0.0629065301744849,-0.011188111414713481,0.05823899154455528,9.7596374349754,0.009696573433014794,0.00012904205964053706,-0.0085909484330484,2.0891695811421886,-0.5845872649656895,-1.2026535344478395
30394,5.092,0.9979934265696281,0.006790419849042911,0.002375285844317975,-0.06290762067702342,-0.05406169893193094,0.037829453280161324,9.725765080087603,0.009696203826267385,0.00012890661356611022,-0.008590630271447037,2.0891559312152244,-0.5755359256975876,-1.2007863100113176
30395,5.100,0.9979927524247221,0.00679646151470527,0.002374714103611122,-0.06291768393332027,-0.032662596995762044,0.04929251286320413,9.742694447180902,0.011662662552983498,0.0005203347648037818,-0.011024458397334921,2.083827506558146,-0.579985888706542,-1.2066428062558245
30396,5.108,0.9979936318123713,0.006789289527349775,0.002359507585957003,-0.0629050803482461,-0.03255567393192661,0.05011809113063545,9.742690591728485,0.008730455997374015,-0.0032393862718125208,-0.005662386562759575,2.0874254077732495,-0.5779494070007628,-1.1978461471697068
30397,5.117,0.9979943961962923,0.006794100090360958,0.002366477374287991,-0.06289217081320816,-0.00929932289546378,0.08524207935527171,9.742496548477462,0.011278850596586048,0.002292278532469353,-0.005493300940770231,2.085954774905399,-0.5847780826736689,-1.1970595862750175
30398,5.125,0.9979939842657943,0.0067966579924853155,0.002375589183965469,-0.06289808729562207,-0.01129413695534075,0.062424716667901406,9.75961143832932,0.010590243853079457,0.002581595678332603,-0.009726730463417238,2.0884535961291846,-0.5794814040986602,-1.2049046711925586
30399,5.133,0.9979943577133095,0.0067899810691217435,0.002363981661130061,-0.06289332015552972,-0.00951920048906835,0.08691562552147146,9.742481548244992,0.008798985154147362,-0.0023254389261723497,-0.007451561394875123,2.085202996080634,-0.5810906413497411,-1.1944143539645227
30400,5.142,0.9979935870922088,0.00678136906467808,0.002373115421997446,-0.06290613228953866,0.03179441003573541,0.0846522935262821,9.742718542498114,0.007934491521614163,0.002479054818063994,-0.011525984520208447,2.0847785501392293,-0.5872773266202619,-1.2031484087043887
30401,5.150,0.997993738915197,0.006782904065295103,0.0023776533149764494,-0.06290338673887479,-0.0148010556355078,0.016763976506732253,9.74311251167362,0.01051990199744999,0.001667229067182176,-0.00793546525742759,2.0879560998948974,-0.5838641477384496,-1.203645903823078
30402,5.158,0.9979938415302618,0.006781104715452806,0.0023761611197642327,-0.06290200906840973,0.006547803978151305,0.028205421756371227,9.760038485479024,0.009693349094953473,0.00012770754888461133,-0.008587953670784878,2.0881575389729887,-0.581855480944049,-1.1978037075487373
30403,5.167,0.9979938632173361,0.006778809150701191,0.0023745048231817853,-0.06290197496009421,0.04964594797993034,0.0497600847731069,9.74314890383484,0.009692980162698192,0.00012757225462874236,-0.008587636012554105,2.0884105113910523,-0.5830877185977338,-1.199010949116977
30404,5.175,0.9979944123882027,0.006764846787581871,0.002366372164084091,-0.06289507113158757,0.02828918235344786,0.0398095794543139,9.726219279836949,0.006900585835762415,-0.0018030543183575301,-0.006806428878997056,2.0950128567280717,-0.5828574964319677,-1.2004298189852423
30405,5.183,0.9979935275616465,0.006778632977126258,0.0023631132833476,-0.06290774813671662,-0.014748054105493487,0.019871466715424863,9.743106751722923,0.013555348630941821,-4.477171770802033e-06,-0.01166385874428666,2.087749713653259,-0.5800067498900758,-1.2088113591381346
30406,5.192,0.9979938567508922,0.006768809493872262,0.002364495537564357,-0.06290353143002825,0.026552128518529207,0.01781361159511515,9.743349988063947,0.007794557059647903,0.0006499230212281399,-0.007943643033975505,2.085226365417319,-0.5786794779558474,-1.1976111327192427
30407,5.200,0.9979947521518769,0.006777429363610859,0.0023776636701171106,-0.06288789902681852,0.006460072996989178,0.03218008631767796,9.76002625017678,0.01210055137731399,0.0038324671947787764,-0.004838425020193712,2.0852553427376503,-0.5726133239679675,-1.2015750484798708
30408,5.208,0.9979943441173984,0.006779128282928063,0.002367636053267457,-0.06289456915288165,0.027799227763075467,0.043749390184397316,9.776945720944912,0.010762565765545296,-0.0019357202896629082,-0.00988138280587443,2.0852101345100604,-0.5810999129868673,-1.1953908463587462
30409,5.217,0.9979948487665945,0.006776267046723387,0.0023622197424624674,-0.06288707306070349,-0.013154832859166452,0.04698811262772932,9.72595475052291,0.009622373923530759,-0.0007867925054381384,-0.006795284787978041,2.0953028653538905,-0.5904857803384054,-1.206703381592073
30410,5.225,0.9979951351782043,0.0067667785997407885,0.0023638764950195596,-0.06288348714835412,-0.013418846301432258,0.04820608427977773,9.776691703770545,0.007793328671758577,0.0006491037715463504,-0.007942655535280995,2.0874236909423134,-0.5769705706056597,-1.1976112954605482
30411,5.233,0.9979944632735234,0.006772789294252296,0.0023632925598846702,-0.06289352469725923,-0.0331160176566925,0.06203772770488752,9.742620096145577,0.011655360372042706,0.0005168562351630563,-0.011018330635257563,2.0823856646254706,-0.5834338362275777,-1.2097946648009206
30412,5.242,0.9979939479311809,0.006782800319001465,0.0023689647319342535,-0.06290040952702429,0.0063347756440314375,0.036421838091922294,9.760011424912273,0.012480350170537067,0.0020565635141916176,-0.010365597824134657,2.094296888659173,-0.5775075059434831,-1.2026832735773108
30413,5.250,0.9979939119062553,0.006765518621114127,0.002376416829168617,-0.06290256114731457,-0.05508166649575559,0.05363228893344975,9.776429692095824,0.005963423450044791,0.0020842525848547614,-0.009089597166213822,2.0869047794197484,-0.5813254993340704,-1.1934230509083965
30414,5.258,0.9979938108463823,0.006774683202357552,0.002360421841473362,-0.06290378039954132,-0.035116708320358965,0.04082702865977322,9.759756986819239,0.012589443206499908,-0.0033721440993525974,-0.008730641457045359,2.090604538807014,-0.5774681014856966,-1.1985599512187601
30415,5.267,0.997994045523915,0.006764606163933449,0.0023614387285289255,-0.06290110340358396,-0.013328457741515256,0.051779299248652585,9.72593018587218,0.007791575761762991,0.0006483439784641992,-0.007941274068356862,2.0828133917318032,-0.5814019903403618,-1.201509452853228
30416,5.275,0.9979944328496725,0.006773581701931439,0.0023600789332945443,-0.06289404279752316,0.006550874943709081,0.039037276443223905,9.709259067593043,0.012342428402623104,0.0002304873707350348,-0.006783317162065924,2.091580329673617,-0.588209804829734,-1.1984508271842158
30417,5.283,0.9979942439871676,0.006779026101085156,0.00235573648687246,-0.06289661580091238,-0.01539210583632569,0.03042675596869429,9.793820668001095,0.011584594920349977,-0.00039716840830725345,-0.009225376371298895,2.088649511944155,-0.5799070797909691,-1.1983069271490576
30418,5.292,0.9979943852827815,0.00678109422110758,0.0023611654047206807,-0.06289394726950616,0.006232545148104428,0.04144828252646889,9.759991437677694,0.01051252007228295,0.0016654379938371607,-0.007930859686602398,2.092347215618383,-0.5799534379766002,-1.2031626188032754
30419,5.300,0.9979940664430507,0.006782711954121571,0.00235062456681907,-0.06289922676120577,-0.015169092736320238,0.03164160005088303,9.743074988331474,0.010758650014767055,-0.001937825948477223,-0.009876323268480548,2.087286311343902,-0.5817481079702057,-1.2122164269620583
30420,5.308,0.9979942938255703,0.00676890265527902,0.002345387597836797,-0.0628973020523212,0.006352347706589932,0.04303500548415519,9.759984491221367,0.006964777063321811,-0.0008930208517516499,-0.008591751351308852,2.093553405939302,-0.5828644501598124,-1.2011728964076698
30421,5.317,0.9979943758616967,0.006781548583207024,0.0023346127120238186,-0.06289503899928146,0.02638285189496091,0.030306803402568933,9.743319600635127,0.013411965818968065,-0.0018324308860268536,-0.00807540650062617,2.0879992015771345,-0.5800137036179207,-1.209541943746009
30422,5.325,0.9979935713547327,0.006795943333949728,0.002350423583076189,-0.06290566109507423,0.006347760699852169,0.04495364451739603,9.759975849947939,0.013367106808394091,0.004507496449981092,-0.011501320513096772,2.0940399064796633,-0.5826180026290754,-1.2009275217808764
30423,5.333,0.9979938069216807,0.006785854139671106,0.0023514346465338836,-0.06290297516548551,0.006134475005107736,0.045814482146763584,9.759971979513987,0.007788748569181781,0.0006467509719367862,-0.007939113699573924,2.088173735992038,-0.5799233051559399,-1.2000193582145353
30424,5.342,0.9979938375805683,0.006783876264795936,0.0023505238775090582,-0.06290273612122262,0.006099944297922197,0.04652550140344721,9.759968638571175,0.00968504281211318,0.00012425550196118462,-0.008580663427993093,2.085725425985597,-0.5774727373042596,-1.1990838911717383
30425,5.350,0.9979936495776351,0.006789306293165674,0.0023461779548285566,-0.06290529526021672,0.027781247800210337,0.05750249397147814,9.72613223595417,0.011581199461827141,-0.0003982556068323245,-0.009222056158043002,2.0904191611951317,-0.5794976294636311,-1.2065992553801035
30426,5.358,0.9979938107620966,0.006790915873942566,0.0023510495178610067,-0.06290238237385389,0.00605268730321509,0.04828954130348164,9.759960099991575,0.01050889151059649,0.001664628094648481,-0.007928609409087118,2.0933502839184848,-0.583406021316199,-1.2067848766675502
30427,5.367,0.9979943172104354,0.00678803091233416,0.002345629806259419,-0.06289486046429255,0.006014053780935356,0.049108348971498655,9.759956037722276,0.009616761255331315,-0.0007880580561291243,-0.006789059448131403,2.085524156348557,-0.5770401078841064,-1.204949265919572
30428,5.375,0.9979947581730235,0.006781881174690488,0.002352955235311728,-0.06288825286619341,0.04728680344805592,0.0469913736580872,9.760205524155408,0.008611674742143813,0.002186671301139231,-0.007286586202321603,2.092065858923666,-0.5762428175598566,-1.198072586131635
30429,5.383,0.9979937359030494,0.006792225871362173,0.0023623063736594755,-0.06290300688030848,0.007481111791786881,0.07437413098783381,9.74276333770564,0.012538252510223847,0.0029651996455146187,-0.012150321682792753,2.084037987281755,-0.5762799041083615,-1.202037450405709
30430,5.392,0.9979944576750129,0.006796639662089109,0.0023510840100820878,-0.06289149817931386,-0.015693529005662493,0.040980811573847524,9.74303935206112,0.011445317830225605,-0.002222058963809278,-0.005638622643722245,2.0911319497637355,-0.5792280028400786,-1.2039108650799581
30431,5.400,0.9979939889165106,0.006795278742350576,0.0023719881509554766,-0.06289829843118026,-0.016103372586782648,0.04243843046149276,9.793774840990137,0.00956864629043341,0.005550023560040927,-0.01021596214011058,2.0803913425125584,-0.5863100797715667,-1.2041662968682894
30432,5.408,0.9979944104462568,0.006788875753726915,0.0023604331244471317,-0.06289273598352925,-0.01770109706282678,0.018917606850136305,9.7602229315726,0.008791169567844676,-0.002329483545178211,-0.007438198836079376,2.0948225658408517,-0.5785327005242173,-1.2077970178820006
30433,5.417,0.9979942234663625,0.0067942925779161225,0.0023560829641278754,-0.06289528113622393,0.0038062473218296615,0.03045892358015213,9.777122727296744,0.011578125256017468,-0.0003994788141217386,-0.009218634902859547,2.0903868179893488,-0.5826295921754834,-1.202174907590556
30434,5.425,0.9979950776706706,0.0067987928576020325,0.0023446336840475973,-0.06288166707141299,0.0024504143044152683,0.007121944435525419,9.743575723110016,0.01144419651205194,-0.0022220087666425447,-0.005636973036499743,2.08623983636767,-0.5865403019373326,-1.2026564079225648
30435,5.433,0.9979951025096842,0.00679644615027335,0.0023429589671543796,-0.06288158895647054,-0.03879869558867981,0.010818138924285757,9.743319197101831,0.009681000368963688,0.00012224403804472983,-0.008576985086961685,2.0820614434659865,-0.5801558452309875,-1.1988410420692395
30436,5.442,0.9979952432757885,0.006798347515436007,0.0023478005535966613,-0.06287896868206497,-0.03568496262541389,0.059569801635880694,9.759658521816126,0.010504669332404768,0.0016633400916895437,-0.007925846483594253,2.0874730499605136,-0.5858241384379375,-1.2043632997155376
30437,5.450,0.9979958911247488,0.006798842533421038,0.0023297518663180443,-0.0628693032772469,-0.03560311622210625,0.060426699499211985,9.75965355326805,0.010619348302886465,-0.003763373300032659,-0.006286545808729786,2.0894343117389065,-0.5706973735448293,-1.2054692211430735
30438,5.458,0.9979955953260172,0.006800900220324022,0.0023382030089198836,-0.06287346238875804,0.005775656851842018,0.058455725584316866,9.759904673772493,0.010570240304169311,0.002573822701613866,-0.009716140882395136,2.0857611520209383,-0.5770308362469801,-1.2039709888375552
30439,5.467,0.9979950084080471,0.006795276454080739,0.002334069827477635,-0.06288353940877862,-0.035376529134975236,0.061435312484821133,9.70890412974171,0.008922056814714014,-0.0005091305132054754,-0.011017018245520462,2.083060993383692,-0.5828714038876569,-1.2019820072784504
30440,5.475,0.9979951568904268,0.006796925088395284,0.0023387270191697466,-0.06288083164626342,-0.017480224800790752,0.02565610250364225,9.760207943563946,0.01050288581430231,0.001662961763007369,-0.007924801794181865,2.0884536808497103,-0.5782607559913833,-1.2049162604293056
30441,5.483,0.9979951823082945,0.006794568885416713,0.0023370489305171984,-0.06288074526746834,0.026950156394028462,0.07159798233218717,9.77678381883365,0.009678781918612028,0.00012131709087190126,-0.008575001617800629,2.0788787432175098,-0.5806325149274906,-1.1976389918230743
30442,5.492,0.997995299875361,0.006796239157288825,0.0023418362322843896,-0.06287852068128813,0.005481502084191455,0.06168143944208925,9.759884990170024,0.010502073922822023,0.001662739117245298,-0.007924211383833393,2.094016401590138,-0.5869822029946122,-1.1977122002473617
30443,5.500,0.9979949023765728,0.006809396773783422,0.002334804210598099,-0.06288366747615055,0.0040019743837673115,0.03835456116568966,9.726353692798291,0.013469876053208733,-0.0009231190817018767,-0.009855099561233977,2.0835822317249755,-0.5707066451819556,-1.2064885460443369
30444,5.508,0.9979945827889289,0.006811146029031293,0.0023247363565105537,-0.06288892282903576,0.0451783246943067,0.03718826585317146,9.777346953919002,0.010749904970675244,-0.0019429812198346853,-0.009864596842990705,2.0838166294729565,-0.5824132774654067,-1.2051548891909958
30445,5.517,0.9979943860422451,0.006816961425079438,0.00233920733991796,-0.06289087830609945,0.023698402632129984,0.02734331521384133,9.760454061396606,0.011389993422903193,0.004114257709865744,-0.009063865648697253,2.088184579189017,-0.5779841756399862,-1.2015026395846655
30446,5.525,0.9979938090836027,0.006811521584827339,0.002335261632862537,-0.06290076913367128,0.04349840323633059,0.01461313721305605,9.743822933965332,0.008919374185597437,-0.0005113035517556809,-0.011014106658200835,2.080872743392426,-0.5823947341911542,-1.2032233206560683
30447,5.533,0.9979936235314047,0.006816912961494964,0.0023309043235653854,-0.06290329064020996,0.003634336232489017,0.04256442583295846,9.777077585829948,0.011572158985061639,-0.0004015629517652461,-0.009212933110553174,2.0828387151168952,-0.5765518486411956,-1.2049735331799976
30448,5.542,0.9979937736951123,0.006818483437553902,0.0023352999268072623,-0.06290057490717736,0.00528843724746323,0.0671008953971051,9.759849341584305,0.010499221916271893,0.00166210257888918,-0.007922409438214206,2.0845484556788043,-0.59071368459489,-1.2050707283177382
30449,5.550,0.9979939297769614,0.006819929367256165,0.0023398216776620447,-0.06289777361943026,0.002009011615988655,0.019998484693361303,9.743557903072823,0.010498837692293643,0.001661961132441154,-0.00792207812331358,2.091870643293327,-0.5914437555499744,-1.2047661110433348
30450,5.558,0.9979942072158049,0.006822107307504514,0.0023444883025618424,-0.06289296137233098,-0.03775839281603229,0.047277770814701144,9.726065447854017,0.010498453547938371,0.0016618197095209749,-0.007921746868060414,2.092826696338053,-0.5779888114585492,-1.2019569767137042
30451,5.567,0.997994233796623,0.006819735095361363,0.0023428039452181547,-0.06289285962329144,-0.018155355154731545,0.035228440452688047,9.76017685417436,0.009675034327983596,0.0001196104692736537,-0.00857135782884053,2.0874682214057008,-0.5782491664449756,-1.2037027836876995
30452,5.575,0.9979943127679849,0.0068328528689254485,0.002351367423814817,-0.0628898630597029,-0.016568768812442625,0.05978954189997184,9.742940636251069,0.013216181760276911,0.002681857641986872,-0.007910971408682237,2.0935819935452167,-0.5824132774654066,-1.2050835016792627
30453,5.583,0.9979942575288885,0.00684204891571177,0.002353211578848574,-0.06288967086305927,-0.03810898667408298,0.050052976713099204,9.726050195596326,0.012392761555968477,0.0011394877326238262,-0.008560346137421983,2.0873949508394536,-0.5796189098931641,-1.1936798295628113
30454,5.592,0.997995303965645,0.006827794494499691,0.0023602027773235,-0.06287435031641339,-0.0385086885088772,0.051530365876422325,9.77678369837114,0.0066403235337742774,0.0017954690137872618,-0.004850539783730291,2.093566609843211,-0.5726272314236568,-1.2029791076862333
30455,5.600,0.9979942962059586,0.006837658882512003,0.0023506998758810516,-0.06288962848891466,-0.018563514073065713,0.03875678807711345,9.760162715371234,0.012707328578141537,-0.0015578621302310982,-0.01228934331054001,2.0845063875869756,-0.5796722218066399,-1.1993160770831166
30456,5.608,0.9979939338361142,0.0068396791757259524,0.002359564737850317,-0.0628948270475326,0.0027700144471849374,0.050485407486010214,9.777040175844185,0.01056120152825802,0.0025701657024058077,-0.009710704150823528,2.089114732749079,-0.5776797803772102,-1.195150618118388
30457,5.617,0.997993525862105,0.006853222792574377,0.0023713547432663257,-0.06289938275818885,0.002514918996422302,0.05145680593251634,9.777035182564722,0.013278745772091895,0.003590620789734273,-0.009699980468787424,2.0896454248707266,-0.583594521114897,-1.200950374771759
30458,5.625,0.9979939978131978,0.006850680700007354,0.002366836132285417,-0.06289234126267561,0.04401618626035777,0.04889381506441491,9.726560626562602,0.009607384724053607,-0.0007907234541850443,-0.00677771918384595,2.086727048560445,-0.5760404103054693,-1.202508382884444
30459,5.633,0.9979938137848327,0.006856052274604064,0.0023624717103603553,-0.06289484018447981,0.02240577192428446,0.03969292645519448,9.76041470438877,0.011567529347934778,-0.00040367707044646265,-0.009207424787567963,2.0932736644108907,-0.5815974438669044,-1.1963038083610917
30460,5.642,0.9979931158310829,0.006862204518201343,0.002362651371085656,-0.06290523651824804,0.044052973484986484,0.050698839317555394,9.726551220187849,0.011632083181759552,0.0005049445057498653,-0.010997863867080978,2.0820437329452623,-0.578179629166529,-1.1964183538624753
30461,5.650,0.9979940261299546,0.006870302731855731,0.0023570160977140426,-0.06289012024485002,0.022682821849287847,0.04087003188399009,9.709669235492411,0.012258987107840093,-0.000678728430097359,-0.004975439951740633,2.086992564062319,-0.5765564844597587,-1.2054314396846226
30462,5.658,0.9979940781318412,0.0068568541158577885,0.002370940600205765,-0.06289023935461795,0.04393482145152128,0.052443571318907506,9.726542501670595,0.006767714361155298,0.003612040515227529,-0.008431100022041834,2.087464703023303,-0.5775121417620463,-1.2032214910326355
30463,5.667,0.9979930712573504,0.006866702747222768,0.002361429729362228,-0.06290549868919494,0.022193827008790697,0.04318022737828725,9.760400384573549,0.012703785644987491,-0.0015601771584148,-0.01228464451298314,2.084780775293317,-0.5809322743717033,-1.2034527958340273
30464,5.675,0.9979932316413177,0.006868252641048391,0.002366113424983348,-0.06290260893666288,0.000815103551990454,0.03331629248208762,9.743521639850876,0.010492349554373476,0.0016600067544130345,-0.007917357866397379,2.0854933435885545,-0.5838363328270709,-1.2007342735183402
30465,5.683,0.9979931306332083,0.006862046899509745,0.0023582118330567597,-0.06290518546374343,0.02245495289684172,0.044155138658506864,9.709655379722724,0.008847818185669187,-0.0014258343252838014,-0.00921526949827928,2.0847221882444433,-0.5764614501792148,-1.1954384548339705
30466,5.692,0.9979931878442782,0.006848426688004606,0.0023536193534659283,-0.06290593409411474,0.0025752983086650538,0.05835470550821323,9.726254740074081,0.006952367990253231,-0.0009043853695014671,-0.008576344670597187,2.0825835853211636,-0.580688144750248,-1.2034711758715164
30467,5.700,0.9979931339719706,0.006857594966157886,0.0023554609006917037,-0.06290572104371943,-0.019088376887683972,0.04908679342809943,9.760115216479182,0.012386160024706706,0.0011383269217281498,-0.008555229680703373,2.0781154942638773,-0.5879169991133659,-1.193424717790524
30468,5.708,0.9979930464752099,0.006867298612534745,0.002357605691955677,-0.06290597024367006,-0.04027056592166756,0.03850091894272545,9.692501881878718,0.01238566309448202,0.0011381437328105938,-0.008554800929152452,2.084260316380867,-0.5818670704904567,-1.1990528780462104
30469,5.717,0.9979932738695606,0.006857547754481839,0.0023774131040282193,-0.06290268083988274,-0.02111951718946022,0.027296315809456493,9.777373356318652,0.007586465154260405,0.0051535959683624375,-0.007781238427802285,2.0850253160536454,-0.575073163456774,-1.2035066394826182
30470,5.725,0.9979940285328285,0.00686196955083067,0.002365863461298516,-0.06289065969428465,-0.01789130590245183,0.07528229040207521,9.742830903146348,0.011434399624372498,-0.002221005567795426,-0.0056208496213360475,2.0908952421411406,-0.5750870709124634,-1.2049285455669136
30471,5.733,0.997994410545066,0.0068552185565671706,0.0023542216645300843,-0.06288577056618232,-0.020773582430407004,0.02810896585384578,9.72663206749248,0.008781757640776865,-0.0023349555727622145,-0.007422037468112029,2.0903922056996285,-0.5821482866604171,-1.2029119125809222
30472,5.742,0.9979937648173519,0.006861196186584868,0.0023539804821753694,-0.06289537461902557,0.002334450124165293,0.06336983791589826,9.72622342093562,0.01162654904223423,0.0005021752490768261,-0.010993168249810937,2.0933451164815717,-0.5807136417523452,-1.2060780036927252
30473,5.750,0.9979936518805959,0.0068553819610947375,0.002364901463569026,-0.06289739092575478,-0.017794157513608213,0.07775109452694623,9.742811690515506,0.008657890691626804,0.003088156284462966,-0.009067800876816362,2.082808376791835,-0.5765124441834092,-1.200823440504547
30474,5.758,0.997993204710924,0.006853613777234574,0.0023672263595985094,-0.06290459099600394,0.00034404140291269806,0.04133654122515746,9.743490942602316,0.009730851699209389,0.0010232759438069522,-0.01035414777588439,2.084241465128778,-0.5706116109014117,-1.1964741449401648
30475,5.767,0.997994056710272,0.006846722530380801,0.0023706786393788413,-0.06289169296779473,0.02327609150482348,0.07651844080956893,9.743074180627207,0.008528918929543217,0.001272888968800195,-0.005485320686326075,2.086443534488059,-0.5776983236514627,-1.1971232344725617
30476,5.775,0.9979936913789976,0.006863695108125438,0.0023706487723377163,-0.06289564119701728,0.001833814533034854,0.06660193059721975,9.726201934855656,0.014277023776174753,0.0006160793785675538,-0.009189761865540094,2.091399266817071,-0.5795022652821944,-1.2070803628260423
30477,5.783,0.9979938030095945,0.006849720682111022,0.0023654108991285573,-0.06289559056326818,-0.01980477770199486,0.05742448119626298,9.76006829176355,0.006949619349974955,-0.000906998862231043,-0.008572744112577104,2.084031769310327,-0.5887235610747419,-1.2011868708952251
30478,5.792,0.9979935295552166,0.0068520292647324494,0.002373826805183626,-0.06289936094409339,-0.019876636326955254,0.0581346481100351,9.760063943448303,0.010550450354527141,0.0025658790599460907,-0.009704450582742778,2.086940776560771,-0.5769775243335045,-1.1983472341318027
30479,5.800,0.9979934900910168,0.006860777154952068,0.002356836381236931,-0.06289967245585566,0.00013619808905842,0.04551461544760872,9.743472328594079,0.012569330540303014,-0.0033784082188161014,-0.008694100301946936,2.088466427262781,-0.5746150370345234,-1.2066598898294367
30480,5.808,0.9979930136364229,0.006858881000984549,0.0023592345504498515,-0.06290734851065947,-0.019756973637135203,0.059978533481134355,9.760053028716772,0.009728179921572672,0.001021760512851723,-0.010352207154126662,2.088200827040381,-0.5753196109875108,-1.2037252437925114
30481,5.817,0.9979936079330991,0.006844366331053227,0.0023502618657937476,-0.06289983659251393,-0.0013988580246342103,0.02350278116354408,9.760756538622038,0.006884771774090597,-0.0018147859459341175,-0.0067804780019434996,2.0916017449618955,-0.5882376197411127,-1.2013803043668867
30482,5.825,0.9979935783343095,0.006853823406958534,0.002352583299169847,-0.06289918966097782,-0.00108783851332971,0.023456357076819135,9.710018537148054,0.012379313961195041,0.0011370737472822458,-0.008549997257267163,2.0764479742907436,-0.582599459354823,-1.1991030345135485
30483,5.833,0.9979942196728705,0.006854673477985906,0.0023533624447520524,-0.06288889119910437,0.019904397831045098,0.03607788220172835,9.777610798575562,0.010420770571981892,0.0007513220678191512,-0.006121138618113996,2.0823448050414264,-0.5806950984780926,-1.2042053298549775
30484,5.842,0.9979941079022897,0.006848743243360656,0.0023453882318960947,-0.06289160883887167,0.03991841174408307,0.023305072527208308,9.761027221021122,0.008842157232899215,-0.0014298002125966596,-0.009207981247287517,2.086250289850233,-0.5902161537148529,-1.2040863788036602
30485,5.850,0.9979946202453884,0.006845783929766547,0.002339954000286892,-0.06288400288568727,0.04330680145978767,0.07123020253125517,9.726425881642976,0.009599228715757243,-0.0007926556377383416,-0.006768650577411316,2.088863511050161,-0.5769381198757177,-1.1941828639540055
30486,5.858,0.9979934706321192,0.0068526842964716905,0.0023437328599420285,-0.06290135300509725,0.019989695853971107,0.038485242451695344,9.777601446249903,0.011683369224746401,0.0014057152278152902,-0.012778781666172127,2.0867533601799555,-0.5826666787239883,-1.2061076474843504
30487,5.867,0.997993147572144,0.006854594711806236,0.002351971848114904,-0.06290596282394728,0.01982431439818518,0.03939272504557821,9.777598168353252,0.010545793597921021,0.002564203813322521,-0.00970219178297857,2.0930455917752933,-0.5816183050504384,-1.1985027009358882
30488,5.875,0.9979934706762097,0.0068597201900682005,0.002344375056015877,-0.06290056146143974,0.020056907793914,0.039435651471027976,9.72685897150902,0.01149267307792427,-0.0013139025005370374,-0.007404516085516741,2.0908430479810693,-0.5813672217011383,-1.1977887116777097
30489,5.883,0.9979931609913807,0.006861234794044834,0.0023337829716598836,-0.06290570346617987,-0.021158222094056624,0.043013516277820824,9.726576747188613,0.010734827264909626,-0.0019519318285837603,-0.009842968655313304,2.092375803224298,-0.5795022652821943,-1.2070732240748687
30490,5.892,0.9979922407795362,0.006860110646110774,0.0023401417812757945,-0.0629201872391295,-0.0014517591563537973,0.03115050281746781,9.760735121360183,0.009786686339323468,0.001925542238300112,-0.012140169115729956,2.095030923075003,-0.5797069904458633,-1.2029011819863427
30491,5.900,0.9979919180207855,0.006862012040489337,0.002348378695887898,-0.06292479220030028,-0.04134381912231968,0.058222933189231316,9.743140773869127,0.010543618317300196,0.002563533459349245,-0.009701032428361416,2.088129137752229,-0.5796212278024455,-1.193918598597987
30492,5.908,0.9979926626329351,0.006866985231100251,0.0023563807600287747,-0.06291213964232328,-0.021834791805599475,0.04642082693819201,9.777299690946554,0.011237688377622356,0.002295697851437907,-0.005470909966343514,2.091354990515259,-0.5745617251210475,-1.2010236423091312
30493,5.917,0.9979923535812623,0.006868494229992929,0.0023457863266690324,-0.06291727319945893,-0.041562520404496296,0.05999385500559898,9.743129099802138,0.010733566216945762,-0.001952655408633056,-0.00984088760083551,2.0867217455706903,-0.5753010677132584,-1.2017829671308242
30494,5.925,0.9979929594129573,0.006869301279062832,0.0023471198271558073,-0.0629075249125452,-0.021518131567659058,0.047291438790514166,9.726556098459431,0.010416621261216352,0.0007512146593766912,-0.006117919844287642,2.0850227181292453,-0.5867890673773513,-1.2031512597112939
30495,5.933,0.9979933440237291,0.006862525045344088,0.0023354681621683623,-0.06290259631208153,-0.001743804248552974,0.0353968704524554,9.760720597475029,0.008775971661792758,-0.0023378665375110587,-0.007412393456983974,2.0893518639742994,-0.5757174717684408,-1.1941908838151658
30496,5.942,0.9979929524010699,0.0068494521182363615,0.0023346427009257025,-0.06291026471836668,-0.0016511397591985732,0.0360386330757203,9.76071826422571,0.007006941359496264,-5.704026940028608e-06,-0.010357929408440785,2.090619086771547,-0.5735805708166628,-1.2005500215647968
30497,5.950,0.9979926436043025,0.0068509549471268685,0.002324046280093298,-0.06291539189177538,0.04140038925843085,0.05767892086267692,9.743672315642172,0.01073209802514487,-0.001953251505584893,-0.009839366300326903,2.092343205856938,-0.5862961723158773,-1.202614108575081
30498,5.958,0.9979928059082825,0.006852562109832344,0.0023292258924626887,-0.06291245071197457,-0.0015652197410577716,0.037622415978121,9.760712304020378,0.010477648102729213,0.0016567655055731718,-0.007908227924836215,2.0921457765402924,-0.5819621047710007,-1.209004815077616
30499,5.967,0.9979927082632664,0.006846311215239185,0.002321299152583978,-0.06291497314900585,0.03976953378051132,0.03576292598752561,9.76099013485635,0.008837395012624143,-0.0014327751519588449,-0.009202167218352347,2.0894262413837006,-0.5841152310877498,-1.2043652471446364
30500,5.975,0.9979928020486427,0.006844116303692264,0.002319691199109909,-0.06291378357610343,0.018478820576582698,0.02560256826024311,9.74414408316221,0.009656923991827994,0.0001118500159963649,-0.00855479108985821,2.079652157603919,-0.5811740860838771,-1.2032438333317819
30501,5.983,0.9979931521846864,0.006864241298505835,0.002321348052616623,-0.06290597528921968,0.019756695172748417,0.05108202471216002,9.777544226043698,0.015021667133861789,0.0012544287905130356,-0.0067416025102215475,2.093348651808075,-0.5812065368138188,-1.2065616141951383
30502,5.992,0.997993985100941,0.006842153085888517,0.002315073073304751,-0.06289539792510788,0.038428657194424606,0.013860991319004427,9.727579702290226,0.00498643477440393,-0.0012970504843180337,-0.0061376447444143716,2.094804753655497,-0.5780212621884911,-1.20536042259114
30503,6.000,0.9979932418807803,0.006859529660814936,0.0023179611406122123,-0.06290519111547266,0.018410951776301688,0.028204426534557524,9.74413703115375,0.01432543355536541,0.0015196342318930082,-0.010970262577303509,2.087163461486089,-0.5774379686650365,-1.1954113365666397
30504,6.008,0.9979927671232899,0.00685776788077785,0.002320756245327741,-0.06291281172974895,0.019922666397458693,0.052742350282199674,9.726796194676753,0.00971755634986687,0.0010159848075931668,-0.010344628034887324,2.0874610151998545,-0.5792164132936709,-1.2027170199040784
30505,6.017,0.9979930705652565,0.006862531902810584,0.0023126486510596993,-0.06290777706954338,-0.0016946422471426647,0.043602292729530596,9.760687401907873,0.011486778292013859,-0.0013146860905561117,-0.007397707053119096,2.0801206765178746,-0.5828574964319676,-1.2005386849406348
30506,6.025,0.9979934961653851,0.006871377156241936,0.0023109648785500907,-0.06290012105631594,-0.022990227400890323,0.033636256864908565,9.74384580715934,0.012305872611944718,0.0002302459259165288,-0.006750652496647548,2.0861778156569235,-0.5801118049546379,-1.194172363504191
30507,6.033,0.9979936572907435,0.006872716957999639,0.0023154676850167147,-0.06289725255098118,0.019891818306827326,0.05549308513558352,9.726780953803166,0.010473717258781432,0.0016555203312616175,-0.007905816186408766,2.079411694381456,-0.5797139441737079,-1.203747771300783
30508,6.042,0.9979936532780205,0.00687055120661916,0.002314175883090602,-0.06289760037465418,-0.021531763427336332,0.05892947922993806,9.726492519790622,0.009653960375554601,0.00011019505360840259,-0.008552072247428906,2.0861795833201753,-0.580358252485375,-1.1944141687553975
30509,6.050,0.9979930608213826,0.00686519231033066,0.0023287924800220235,-0.06290704580963967,-0.044646359372809204,0.025176312390232537,9.727001026092989,0.008702913553249468,0.003985023709015239,-0.0108521612331901,2.083044559147172,-0.5882213943761416,-1.1997339067497617
30510,6.058,0.9979926073707948,0.006863469719690568,0.002312674499163639,-0.06291502168251367,-0.022017146316046007,0.061375564166692535,9.77721684177923,0.009908468833098042,-0.003501213281424818,-0.010479719553935424,2.0842646989126226,-0.570153484479161,-1.1996523809160904
30511,6.067,0.9979914642642387,0.006869803952560071,0.0023157306786504533,-0.06293234812716503,-0.021648128760529496,0.06129641128089853,9.726477634320602,0.01166962745421621,0.0013980211470803008,-0.012768984160558087,2.085516797645765,-0.5802045213259003,-1.2039426415098071
30512,6.075,0.9979913296406082,0.0068634971258599835,0.002308069317413878,-0.06293545253194333,-0.044875923919017006,0.028584140598526264,9.777728419027483,0.008833297481232225,-0.0014355485769624898,-0.009196947089481744,2.088154156143431,-0.5791654192894766,-1.1973409576724685
30513,6.083,0.9979910089053469,0.00686535139733751,0.002316292810714654,-0.06294003401567386,-0.021702725823286733,0.06290848128778564,9.726467219190425,0.010532469506247824,0.0025594614098531014,-0.009695322661549688,2.092307954256539,-0.5799024439724059,-1.1977919106350456
30514,6.092,0.9979910082239846,0.006863231750357757,0.0023155893536134925,-0.06294030187377202,0.01793423726437743,0.03758042334658632,9.7441062672054,0.009651660576186941,0.00010967596265124162,-0.008549915634086145,2.07843515797423,-0.5797139441737079,-1.2037549100519562
30515,6.100,0.9979909593267079,0.0068723053072990885,0.0023174223360858115,-0.06294001966664504,0.03920950948578546,0.049437200090818326,9.760932723570846,0.012363593639723985,0.0011346380252479685,-0.008538552442563204,2.086500353873682,-0.5819227003132141,-1.204895770221412
30516,6.108,0.9979899607735009,0.006882607711539315,0.0023265390383429125,-0.06295438922345574,0.019308381759479475,0.06302926805686403,9.726736216059908,0.012485650772000681,0.002942222527660204,-0.012120656646487258,2.0840069881365966,-0.5857615548873354,-1.1977969616836344
30517,6.117,0.9979908984908802,0.006864110295252348,0.0023264387146774055,-0.06294154591465989,0.019174503817212314,0.06377186522747333,9.726731636810271,0.005802607077231578,0.0002462647019229897,-0.005487497083799091,2.0830594290497015,-0.5796954008994554,-1.2017680161954358
30518,6.125,0.9979907175869515,0.0068698101150613256,0.00232241439466584,-0.06294394101614924,0.03760865813504974,0.02737869308167079,9.727554256236568,0.011543639289681622,-0.00041134882019228623,-0.009183365239869597,2.0943019374873506,-0.5819087928575248,-1.2033739216206905
30519,6.133,0.9979898324581215,0.006883721509406092,0.0023379050783140917,-0.06295588048973101,0.038739271954428514,0.0529195639426757,9.760916343722993,0.013302531221792948,0.004487357382688281,-0.01147359361598077,2.0837955361226745,-0.5777469997463756,-1.2022694511079624
30520,6.142,0.9979895320500363,0.006885384344548375,0.002327688525478935,-0.06296083915504024,-0.0043087285979441095,0.03294097386897905,9.777992304881076,0.010724298301481527,-0.0019575725529520725,-0.009828137290350099,2.083050624621654,-0.5779749040028599,-1.2005636256341017
30521,6.150,0.99798948367265,0.006894445869984596,0.0023295199410011875,-0.06296054662872864,0.01733855701705562,0.04386098909724673,9.74408110050932,0.012360719104131777,0.0011341494254932828,-0.00853608308950225,2.0857143794593567,-0.5823414222776784,-1.1975727956334163
30522,6.158,0.9979898340819159,0.006888324986353568,0.0023371799338779485,-0.06295537814983831,-0.047057724472703566,0.012766007432109414,9.744337499488019,0.008573880531425328,0.0021746532296770408,-0.0072665493642078945,2.085481071610425,-0.5806464223831799,-1.1990555438439903
30523,6.167,0.9979885630110908,0.006890834538466731,0.002334000398665371,-0.06297536772866845,0.015530668586032637,0.021968500138912765,9.7614513098452,0.010844938143243716,-0.0001517154265125027,-0.013409332979355986,2.083546268472164,-0.5745663609396107,-1.2015689985156295
30524,6.175,0.9979886287295654,0.00690345516959156,0.0023236007766446096,-0.0629733285815052,-0.025742023993431683,0.025520162791413472,9.761157295850143,0.013373452655445225,-0.001835537416132389,-0.00802360203033325,2.0874665045747647,-0.5772703300498725,-1.2034679319785406
30525,6.183,0.9979890026178537,0.00689701462363951,0.0023307682050858437,-0.06296784387826419,-0.04579033609908743,0.03996727817942571,9.777684275883667,0.008572565561829126,0.002174292776096378,-0.007265923182930475,2.086478887753088,-0.5826272742662016,-1.2019593394966932
30526,6.192,0.9979896522426271,0.006897994465504472,0.0023318302532902044,-0.0629574003328008,-0.024298132450062928,0.050710573936118546,9.743768730686227,0.010404712462799656,0.0007509761918767222,-0.00610859897183154,2.0847557060698008,-0.5821204717490384,-1.2000234832174979
30527,6.200,0.9979889319560585,0.006888798269031566,0.0023402049144009515,-0.06296951319943411,-0.00469250841504248,0.038922011477281436,9.777970148074482,0.007875032918764601,0.002433461732403675,-0.011493669961207657,2.0915792736627785,-0.5777099131978706,-1.1983063715216815
30528,6.208,0.9979895738019583,0.006889522398564612,0.0023228689871290335,-0.06295990266331485,-0.0014882465228035647,0.08672768114082544,9.743192530564986,0.010600648024539108,-0.0037646275541767782,-0.00624159225216213,2.0833195907295066,-0.5802045213259003,-1.2039587036999468
30529,6.217,0.9979892542860807,0.006891342924063071,0.002331082019233682,-0.06296446441315648,-0.00429861668218793,0.03949918984859905,9.727231398688694,0.010524504177806072,0.002556354287516409,-0.009690612425987432,2.08863735857476,-0.5750082619968904,-1.196644422406153
30530,6.225,0.9979889897671872,0.006881763658630642,0.002336211611636145,-0.06296951443136378,-0.004764399823896996,0.04128148773684929,9.77796043640741,0.007813280961751923,0.0015299128342172587,-0.009701544779866922,2.0820577725866434,-0.5816159871411569,-1.1983388887880317
30531,6.233,0.9979891680934475,0.006882696310793905,0.0023218783789195783,-0.06296711634207079,-0.004416463351066319,0.040990473314088074,9.727225176069558,0.01066035904970867,-0.002862061619739419,-0.008031624522752237,2.0847644935537426,-0.5840850982670894,-1.2012255559314826
30532,6.242,0.9979885788794373,0.006877721294307859,0.0023368237923298094,-0.06297644504545227,-0.002895366168451219,0.06529593597143399,9.70982695001496,0.00869037417825906,0.003978498531195547,-0.010847295524874087,2.085460554359715,-0.5676797375346653,-1.1962489125708344
30533,6.250,0.997989096758153,0.006874700335081146,0.002331382902147838,-0.06296876925041962,0.016714656178156376,0.053531240409929876,9.744033861691861,0.009584668906122824,-0.0007954867553719801,-0.006751755904075821,2.0820453311674627,-0.5808673729118197,-1.1966369806401884
30534,6.258,0.9979894137920053,0.006867964179495614,0.002320458500936255,-0.06296488306559948,0.03658366574828185,0.041777240573798766,9.77824216922352,0.008766767877816288,-0.002342246763525491,-0.007396590227391829,2.092309789696211,-0.5791723730173212,-1.1980429872756495
30535,6.267,0.997989238365949,0.006873205181647365,0.0023160628295835315,-0.06296725346760614,-0.02284182096149814,0.08115374151753943,9.726329491703169,0.011536823710933128,-0.0004134616274291101,-0.009176374537618735,2.084731026560701,-0.5776936878328996,-1.1966474810900032
30536,6.275,0.9979900426852064,0.006866885582555126,0.00233927616260181,-0.06295433559820855,-0.0033184697062339967,0.06946492734379336,9.760537187279445,0.008310636780540155,0.005786675890658559,-0.0053402503158122335,2.086936868463956,-0.581855480944049,-1.197812630987704
30537,6.283,0.9979902065293992,0.00686817220184224,0.0023437725476454976,-0.0629514305815095,0.014857427578340833,0.03315758114371504,9.761420763378771,0.010460984057900387,0.0016529885962966756,-0.00789695480692833,2.0935072603096088,-0.5791422401966609,-1.194860463555456
30538,6.292,0.9979896007252769,0.006862829704351741,0.0023406399744402583,-0.06296173295869623,0.01637058542594995,0.057459435398800995,9.744012073125619,0.00888579357460914,-0.0005388545277035713,-0.010977833669508745,2.0854922028571905,-0.5745570893024845,-1.2005782286190592
30539,6.300,0.997989153487909,0.006860837941968967,0.0023426219469349896,-0.0629689649401565,-0.0065192473505313545,0.023669683773807106,9.744604721941771,0.009702647680863225,0.0010078867159295573,-0.010332626152354243,2.088389113046879,-0.5828157740648997,-1.1960837897816556
30540,6.308,0.99798951574738,0.006854284308095729,0.0023316551960956386,-0.06296434410823856,0.014839053784915214,0.035455223456881034,9.761412715435869,0.008765542856415119,-0.0023428545624831977,-0.007394211476000815,2.087015730069744,-0.5770748765233298,-1.2086004042711507
30541,6.317,0.9979890686578116,0.0068522887396165215,0.002333635942073005,-0.06297157391897588,0.014890718202473854,0.036207436108678416,9.761409875974953,0.009701736146064219,0.0010075191108229011,-0.010332083629803436,2.0845129838050394,-0.5874936413303387,-1.2002183983621617
30542,6.325,0.9979893454047394,0.006842297439717954,0.0023345624543642486,-0.06296823995089673,-0.004928955648075866,0.04938546074372571,9.72718592904447,0.007749158140533001,0.0006255686749173403,-0.007907111547785069,2.0842654668736755,-0.5848035796757661,-1.199757433173686
30543,6.333,0.997989027005698,0.006844090430048681,0.0023427691928639633,-0.0629727864630052,-0.005061482348631138,0.05012546241595574,9.727182077410381,0.010517985083780736,0.002554329404385697,-0.00968679715972615,2.0842714815158425,-0.5752894781668506,-1.2005801985159779
30544,6.342,0.9979892463497172,0.006860615334983317,0.0023385715575625823,-0.06296766797824979,0.037447533249970515,0.07322217176311331,9.760790197425582,0.014183603810993664,-0.00028843912206047147,-0.007369606230521096,2.08890831261923,-0.5743106417717475,-1.200311437738746
30545,6.350,0.9979892825041576,0.006858096380533484,0.0023368388232070125,-0.06296743368747644,-0.006702063586754153,0.02858702459996212,9.744591412909509,0.009640676517194907,0.0001051350210795057,-0.008539206950121666,2.090602788087868,-0.5769775243335044,-1.1983204638149028
30546,6.358,0.9979891492152635,0.006851864276194078,0.002329668022155482,-0.06297049032238759,0.016198191126250375,0.06389338113440811,9.743972296694015,0.008823483517702046,-0.0014422800849816758,-0.009183328307362206,2.0917983893733836,-0.5781657217108394,-1.1948822277594071
30547,6.367,0.9979887026803571,0.0068498576583234305,0.002331643768216001,-0.0629777120081134,-0.02669035239326555,0.04364154520412534,9.761090547552506,0.009699166882076865,0.0010061411274144443,-0.010330109839725599,2.081641159782973,-0.5778026295691329,-1.208144467663444
30548,6.375,0.9979882437648991,0.006847982367791954,0.002333984684350626,-0.06298510109570628,-0.006718940005482276,0.030874775315038714,9.744584421383136,0.009698731508898637,0.0010059795448736206,-0.010329733356925755,2.094002904160119,-0.5757336971334117,-1.1958658364369839
30549,6.383,0.9979889072473792,0.0068483803083979325,0.0023159396170671907,-0.06297521037697013,-0.02388473245051269,0.09336759447835698,9.77695928735451,0.010596650627474159,-0.003764462464192764,-0.00623190881781937,2.089880957873747,-0.5789444687608368,-1.1997720136908236
30550,6.392,0.9979885501466719,0.006850397699794881,0.0023252237162729827,-0.06298030773319582,-0.047918238089384904,0.0350427078893916,9.744278658606893,0.010514351081299358,0.002552986367622211,-0.009685065454685553,2.0857531494421533,-0.5894721753040789,-1.2028762862285152
30551,6.400,0.997989198087452,0.006851144452887349,0.0023260104620690756,-0.06296992929788395,-0.026758077334765297,0.0469573049590241,9.761074974676795,0.010395935539672966,0.000751081900291542,-0.0061017072895997865,2.0898614288574553,-0.5774541940300073,-1.1971005666908048
30552,6.408,0.9979891025364284,0.006845665807579085,0.0023374457449726166,-0.06297161603115138,-0.048212240170717575,0.036657614580963525,9.744271266058483,0.00862126991654466,0.0030721817908849302,-0.009051956838354545,2.099179689304038,-0.5757985985932953,-1.2026638047528895
30553,6.417,0.9979896221804998,0.00684262094473481,0.00233200290818381,-0.0629639128474924,-0.027012279140746,0.048467509610412386,9.761066892134417,0.009578972957508973,-0.0007966330234524376,-0.006745101777709924,2.0925748985395645,-0.5855475580865401,-1.2009104157394446
30554,6.425,0.9979901419014542,0.006839876015365526,0.002327447500980198,-0.0629561414934278,-0.026950220884423823,0.049245155770374534,9.7610631713794,0.009578675692112975,-0.0007967433983616734,-0.0067448446735905694,2.086744776025274,-0.5777724967484725,-1.2049333889385576
30555,6.433,0.9979896962004912,0.0068378554462485515,0.0023294165796801875,-0.06296335306308097,-0.005668720296920696,0.061106684837376586,9.77785615627702,0.009695919194747587,0.001004237508204058,-0.010327631766204003,2.083293109668945,-0.5760195491219354,-1.200336260626547
30556,6.442,0.9979902855946177,0.006823301831855783,0.002320543217310284,-0.06295591703773515,-0.005336650906982679,0.060635905810675864,9.727122088165931,0.0068697599883219464,-0.0018250891570719444,-0.006755869674843595,2.0842001988862124,-0.5737319840668559,-1.1908291816578376
30557,6.450,0.997989677283954,0.006844340204262197,0.0023296415614735893,-0.06296293998879818,0.013144675050002972,0.02448405830973914,9.728066955273826,0.015111559741177274,0.003060539925313723,-0.010303778929787972,2.088678201214699,-0.5779911293678309,-1.2022314395047466
30558,6.458,0.9979889081854123,0.006835260970393268,0.002338854916789767,-0.06297577394549601,0.034210596453115,0.03650520084419294,9.744859536560453,0.007861146869341156,0.002423305409938312,-0.011486048816425188,2.088446339091023,-0.5811810398117218,-1.2039119538668899
30559,6.467,0.9979891553451804,0.006824978444406598,0.002339781729050682,-0.06297293787102314,0.014320903420790128,0.049536283458155556,9.710617143264823,0.007743740387612901,0.0006227527997363576,-0.007902634300115105,2.0864574046883897,-0.5835759778406445,-1.199020590924625
30560,6.475,0.9979894803441206,0.006830052240863473,0.0023320522283403074,-0.06296752370281265,0.034109720237594815,0.037923847864322,9.744854474362972,0.011469030266426993,-0.0013163790446777612,-0.007374710808722161,2.087467865579494,-0.5833758884955388,-1.2036541088933632
30561,6.483,0.9979898559287718,0.00682355437130043,0.0023392092211023657,-0.06296200972993142,0.012784728198817668,0.027642133509191945,9.728058969465142,0.008558985210335148,0.0021704711075710547,-0.007258608396266196,2.0884497558087904,-0.5833828422233835,-1.2043793394378575
30562,6.492,0.9979904084432016,0.006820853514134152,0.002333906166141461,-0.06295374091123322,0.012727429146388488,0.02837797074875424,9.728056926300631,0.009576484275197014,-0.0007971378242735833,-0.0067421550038387,2.0877126435572935,-0.5740989628802339,-1.2037404024048448
30563,6.500,0.9979902365920769,0.006826050199744206,0.00232950063526995,-0.06295606509584228,0.03375559985887259,0.041511108015089455,9.79557411578265,0.011526352903828682,-0.00041678082653956103,-0.00916518621285178,2.0840570926954194,-0.5838734193755758,-1.2046509512219945
30564,6.508,0.9979898805920376,0.006812578678321068,0.002327909729834363,-0.06296322612392587,0.01400313759860365,0.054643717219055365,9.761325393067674,0.006984656536085966,-2.6602722183788642e-05,-0.010336478198323883,2.086730753327999,-0.5740920091523893,-1.2030151718603503
30565,6.517,0.997988871792212,0.006822579136663762,0.0023371419642534024,-0.06297778942032935,-0.007404590771694569,0.044326997211902266,9.744532018961515,0.012457386031093498,0.0029308463889689404,-0.012104177740921306,2.0816138823494725,-0.5850917495735712,-1.2044130857646254
30566,6.525,0.9979878893838658,0.006832380063241663,0.002327502608308619,-0.06299265002694474,0.01230517336699024,0.032981903976807454,9.778775358522507,0.012659384232156519,-0.0015850172455736948,-0.012230172421964166,2.0833517475501337,-0.5797579844500577,-1.2083575551686518
30567,6.533,0.9979893595415088,0.006828637962273298,0.00233348662864534,-0.06296953855368403,-0.05035227368247284,0.025196593876297222,9.761677709821699,0.009256049481802529,0.0019193103018243951,-0.0030309005752836497,2.0886942457368027,-0.5782561201728202,-1.2044262295444004
30568,6.542,0.9979884501895039,0.006827134830828813,0.0023389491149624626,-0.06298390933715875,-0.029227722235944654,0.03708464240691912,9.778461398811325,0.00974841648236823,0.0019007597179518346,-0.012114856746716873,2.085472402735218,-0.5769728885149412,-1.197869696061451
30569,6.550,0.9979889545697401,0.006824409116780324,0.0023523366370146177,-0.06297571364701267,-0.04922966753598685,0.05021287035704809,9.744205756487068,0.009371184274238126,0.003718155961330671,-0.00661366733059142,2.088500148417399,-0.5773445031468823,-1.2112727323811563
30570,6.558,0.9979892634035342,0.006829078251004112,0.002344293888916707,-0.06297061304827727,-0.007970456527281998,0.04862778011686778,9.744511058696196,0.011465903855530674,-0.001316781118238581,-0.007370404102704378,2.086927945427173,-0.5818438913976413,-1.1965920154949246
30571,6.567,0.9979894301803264,0.006830305243820686,0.0023487824890048446,-0.06296766947762843,-0.007987109511174212,0.04951697886280348,9.744506566548907,0.01044682979532248,0.001650065093280021,-0.007887512880585925,2.0914008311510615,-0.582678268270396,-1.2072943539090566
30572,6.575,0.9979893546659441,0.006824334903419801,0.002341273080341946,-0.06296979328965632,-0.028080938406933598,0.06385081198625184,9.76097536945388,0.00881615213231543,-0.0014473946217902506,-0.009173171895264298,2.0862206123452696,-0.580655694020306,-1.200026682174834
30573,6.583,0.9979884916865756,0.006837763683233319,0.0023378993083927923,-0.0629821377518269,0.010636418681881933,0.014183641210536389,9.745500285655487,0.01347164222067334,-3.816788597999023e-05,-0.011583510133125505,2.086017541156769,-0.5804648763123265,-1.2056456159767623
30574,6.592,0.9979873642327514,0.006844194463135732,0.0023410802523778835,-0.06299918394050437,0.011771721746922755,0.039893053968857214,9.778750262308112,0.011636958833896314,0.001379608627143021,-0.012743664448928636,2.089225395349288,-0.5775793611312114,-1.2102885680762034
30575,6.600,0.9979888349665059,0.006840441906353136,0.002347068007225097,-0.06297606615605675,-0.008140100691733756,0.05306908607302926,9.744487741749849,0.009253415442102293,0.0019201602002892732,-0.0030293987279258203,2.089116517356435,-0.5776820982864919,-1.1953947412169437
30576,6.608,0.9979889917256598,0.006841743374103733,0.0023519487251316583,-0.0629732584451391,0.011487308686099856,0.041548117391965365,9.778743707820162,0.010444668276943308,0.0016495034846398084,-0.007886026032440076,2.080076366327853,-0.5784052155137317,-1.1944773287290251
30577,6.617,0.9979886761315631,0.006843466592240901,0.0023601336650203716,-0.06297776629298599,-0.008461870481141753,0.05471834452232024,9.744478346884943,0.010501658043432406,0.0025479793808573627,-0.009677358190366653,2.0789056987130126,-0.5779818577307047,-1.2013263346222558
30578,6.625,0.9979879986505216,0.006849387309728247,0.002359720109396381,-0.06298787315041914,0.05136459688008218,0.016198847375835882,9.745807942176329,0.011577890281177476,0.0004797473518312245,-0.010950177869991256,2.0928855206043986,-0.5790418209506623,-1.2100037675766517
30579,6.633,0.9979881661571762,0.006850599920222505,0.0023642060385683345,-0.06298491899476415,0.032366817726511225,0.05535293064463904,9.795510364487408,0.010443396217400302,0.0016492182339630421,-0.007884981714151132,2.090424226967415,-0.5836547867562176,-1.2072922212708324
30580,6.642,0.9979882430577618,0.006848135297107932,0.002362358063886981,-0.06298403786526564,0.011021664841217563,0.045019698461052776,9.778728876831515,0.00962844426025602,9.997072904288924e-05,-0.008527191480055275,2.093074162437102,-0.5814112619774879,-1.2024109883601322
30581,6.650,0.9979877998539259,0.006846068032385633,0.002364304061993758,-0.0629912117800503,0.011288200195105718,0.04455359634393538,9.727998068105276,0.009685193278464744,0.000998089502714586,-0.010318561045680482,2.092862252932343,-0.5799882066158235,-1.2068208959060276
30582,6.658,0.9979872431721328,0.006840428447099721,0.002360442844360201,-0.0630007882008263,-0.010001867384552741,0.03414584153596347,9.711219179454693,0.008870311922005528,-0.0005512937758279649,-0.010960603135533292,2.0860015474669797,-0.5794674966429708,-1.2034577794791563
30583,6.667,0.9979883126545779,0.006825649976454422,0.00236655743046633,-0.06298521821186744,0.01089755245674613,0.04719564312147103,9.778718754832187,0.0066022045268519,0.0017887634735258172,-0.004831736944942263,2.0908825635044894,-0.5777562713835017,-1.2031941875561798
30584,6.675,0.9979879320199333,0.0068386756558709285,0.002359769425912645,-0.06299009085648294,-0.008920055345178764,0.06029756555371233,9.744445013671466,0.013409629052021092,-0.0009382015320147565,-0.009786221666848505,2.0788860510879865,-0.5782004903500629,-1.1986386626907914
30585,6.683,0.9979872798200853,0.006844340248496115,0.002359049882353558,-0.06299983498012009,-0.010075277581001464,0.03659046624660677,9.71121020182147,0.011574687603097772,0.00047839082048944595,-0.010947346101961323,2.082795884540339,-0.5764962188184382,-1.1991145788146556
30586,6.692,0.9979870844302862,0.006849673083406278,0.002354926017011426,-0.06300250481085763,-0.010396538891632083,0.038799361172731736,9.761933297421484,0.011517391302227656,-0.00041962871442639425,-0.009155175378808892,2.086245630736471,-0.5801998855073371,-1.2034490412493153
30587,6.700,0.9979870432820954,0.006858609859152376,0.002356747475062045,-0.06300211625969816,-0.030527340732942526,0.05331979275371101,9.778382380021304,0.012331042875375441,0.0011297010496789197,-0.008512659223224719,2.0950215086591735,-0.5867751599216618,-1.2016133489204321
30588,6.708,0.9979875902126492,0.006855959640344392,0.002351801380165191,-0.06299392533591924,-0.010128149037609922,0.03937374698303522,9.711199259779724,0.00956881148856872,-0.0007988307202170595,-0.006732734412517327,2.087999133800715,-0.5809902221037423,-1.2095326723566115
30589,6.717,0.9979875492202442,0.006864892556906081,0.002353621910266915,-0.06299353391782661,-0.009298975508031113,0.06628243265530014,9.795141070670166,0.012330124067017542,0.0011293878371293723,-0.008512001846590492,2.0866980373519035,-0.58259482353626,-1.1985398314291171
30590,6.725,0.9979872548754648,0.006866861722958447,0.0023619345947395233,-0.06299767123618104,-0.011454858334364524,0.016445141278303686,9.677974763018028,0.010495144652721597,0.002545446865856481,-0.009673660981907587,2.0864301272548893,-0.590865097845083,-1.1952892090258063
30591,6.733,0.9979870863384391,0.0068720112150886786,0.002357515639956566,-0.06299994510775642,-0.009228293254540654,0.06681184224816505,9.744402238122609,0.011515379445537294,-0.0004205581825160339,-0.00915298025413041,2.0907663945852657,-0.5800469034947544,-1.1873030076765523
30592,6.742,0.997987599844931,0.006869829867156175,0.002353649763107771,-0.06299219258084847,-0.009183218693835322,0.06766723676515769,9.744396377060538,0.009567604565966883,-0.0007992213459955083,-0.006731287595135327,2.08918774915375,-0.5799719812508528,-1.205138804533036
30593,6.750,0.9979877685962179,0.006871017185161422,0.002358131026902613,-0.06298922188154724,0.030670308285485132,0.04268287396101996,9.762226135984989,0.010437366391702691,0.0016476622589125345,-0.007881075552882784,2.0893965808228434,-0.5743106417717475,-1.2003078683631596
30594,6.758,0.9979877942686344,0.006868467748189163,0.002356774585338291,-0.06298914394697497,0.007868521746686778,0.008867277148685973,9.762975845971884,0.00962332677147249,9.764818227348584e-05,-0.008522448474385809,2.0855312270015625,-0.5780258980070542,-1.2059164869243983
30595,6.767,0.997987963164807,0.00686965167159456,0.002361255183272302,-0.06298617100626741,-0.010841585316888237,0.0466711432259923,9.7618983519905,0.010436578791289949,0.0016474441179403477,-0.007880503278803784,2.0867179899708215,-0.5779818577307047,-1.2012692246128696
30596,6.775,0.997987999367237,0.006867109976751929,0.0023595957413743247,-0.06298593674372707,0.009192345613052667,0.03393444798814866,9.745452992645552,0.009622668141722423,9.732763120097319e-05,-0.008521768461173317,2.087476991945538,-0.5804579225844818,-1.2049025385543348
30597,6.783,0.9979885237424936,0.006864011249802083,0.002354143793880783,-0.0629781695100721,0.009218682997087052,0.03471421735917896,9.7454502213365,0.009566226563219765,-0.000799629189794293,-0.0067296422496305785,2.090592097387834,-0.5767194872563595,-1.196858043070917
30598,6.792,0.9979881958078287,0.006865882381474978,0.002362901608587552,-0.06298283403711548,-0.010964518925005001,0.0490811969988028,9.761886394972612,0.010491415875788251,0.002543825670649813,-0.00967157581415857,2.089653308840776,-0.572862089407986,-1.2020288524493534
30599,6.800,0.9979872083546586,0.006875479225212856,0.002353268095819392,-0.06299779262139656,0.010565632409233276,0.05989950832986705,9.727916493921605,0.012645674179469768,-0.0015938757415549492,-0.01221206312413563,2.0839820714100252,-0.584752585671572,-1.1943885096932492
30600,6.808,0.9979874190258097,0.006865744748926664,0.002373729156052339,-0.06299474918705221,-0.011155742706890731,0.050840681844828664,9.761877172398554,0.007522159746795035,0.005130869644856381,-0.0077716741569806135,2.090652570708694,-0.5797278516293973,-1.2051304142536257
30601,6.817,0.9979871242119971,0.006867101344852238,0.002363065151751684,-0.06299967261245443,-0.01128796737963723,0.051580967457503436,9.761873137838492,0.010698453799941408,-0.0019721457164367058,-0.009790148439509358,2.081352139391572,-0.5816507557803802,-1.2020060893297502
30602,6.825,0.9979866951899995,0.006865208198091203,0.0023650692653731267,-0.06300659955520994,-0.011252494081839969,0.05240875742811802,9.761868769056429,0.009676260563401044,0.00099291483043995,-0.010311547083299906,2.090139046896409,-0.5836014748427417,-1.20167917469184
30603,6.833,0.9979872203621568,0.006862102102765121,0.002359617121564512,-0.06299882344605359,0.008851804515985126,0.039639841863396884,9.745431771143894,0.009564486472467536,-0.0007998403829904983,-0.006727494446883096,2.0906474541040954,-0.5763030832011771,-1.2044304948208484
30604,6.842,0.9979876016354955,0.006855740232549837,0.002367183183600605,-0.06299319210415856,0.03004275414904503,0.05160182068197211,9.762185016269603,0.0085422630869585,0.0021651728218494426,-0.007249287458208453,2.081553510693242,-0.5806186074718013,-1.1961546216660128
30605,6.850,0.9979877087369302,0.0068681050433211255,0.002356409248473416,-0.06299055229620154,-0.011339545881876575,0.05481592070640899,9.761855450580489,0.013345061027917396,-0.0018369509066706415,-0.007984082623568419,2.0827850582874645,-0.5781912187129365,-1.197633615291875
30606,6.858,0.9979887602243831,0.006853649138902067,0.002363089241552534,-0.06297521550988931,0.008777908667568786,0.042075085731943386,9.74542162700377,0.006595495332304881,0.0017872413164244953,-0.004828488630701429,2.086201083328978,-0.5791654192894766,-1.1973552351748151
30607,6.867,0.997987627732484,0.006859769830190429,0.002366039858905286,-0.0629923829216887,0.008646634149441262,0.042815391582625505,9.745418522582503,0.011620311415794159,0.001369196493815467,-0.01273042703826361,2.0801247371116345,-0.5757823732283244,-1.2010941487108773
30608,6.875,0.9979875202636306,0.006853543168758471,0.0023584168175460195,-0.06299504912450236,-0.03416754192697262,0.02254050968393358,9.762633485227859,0.008805735143441414,-0.0014549925187369874,-0.009158647314693864,2.087473253289774,-0.5828945829804726,-1.2043911138837295
30609,6.883,0.9979874813777176,0.006862438641515985,0.0023602338647872134,-0.06299462870241468,0.007210399570848474,0.021087638123545683,9.762957608548378,0.012321193167557823,0.0011278449487568463,-0.008504981530882364,2.0876499450823442,-0.5774356507557548,-1.1951636440924973
30610,6.892,0.9979873086461075,0.006867873806548088,0.002356408184431911,-0.06299691604471196,-0.012942698883618113,0.035608272588945535,9.779379712056947,0.011508080896918729,-0.00042306578921285444,-0.009145350713197388,2.093083187138515,-0.5799580737951633,-1.2036455109370077
30611,6.900,0.9979873514790003,0.006865254825766012,0.0023546409672067525,-0.06299658903483281,-0.03273243214697046,0.048634409391859534,9.745075860053477,0.009617300465765885,9.511292799903118e-05,-0.008516777711062308,2.0886245443852682,-0.5796304994395719,-1.194891521616624
30612,6.908,0.9979867346328005,0.006886472954506991,0.0023645958247508177,-0.06300367190722253,-0.013063260706615216,0.03747336364749462,9.779372585755361,0.015077609336169957,0.0030555164535037804,-0.010283265598762912,2.085979008391443,-0.5699163085855504,-1.200374575244554
30613,6.917,0.9979878255091327,0.006871348389248006,0.0023518708911800055,-0.06298851808209403,-0.05556099838893772,0.015857383830567957,9.74587355025765,0.006803774326456434,-0.0027287147735411297,-0.004944620430196761,2.092331391369645,-0.5765147620926906,-1.200997960779163
30614,6.925,0.9979869012504248,0.006884887237201817,0.0023679229324307153,-0.06300108095336043,-0.011714671591348223,0.062588855922091,9.761808265792512,0.013241161693666,0.0044687841731023805,-0.011446603285432889,2.090249826825523,-0.5763478726244186,-1.1834353751854847
30615,6.933,0.9979881196200573,0.0068735352264054726,0.0023614420586475183,-0.06298326128518428,-0.0115271096081419,0.06203358352146914,9.711079387836948,0.007615831466980392,-0.001177817231884541,-0.004303474303846737,2.0847486184726898,-0.581378811247546,-1.1990539443653223
30616,6.942,0.9979871537831309,0.006872426679083907,0.002368555076810964,-0.06299841729944458,0.009678360195138841,0.07399620885812608,9.727820400884186,0.00972537574746501,0.001884471120284711,-0.012099011114596082,2.0859643757063844,-0.5750244873618612,-1.1983729156617706
30617,6.950,0.9979868609826267,0.006873760704030377,0.0023578806688232053,-0.06300331037793976,-0.011887962491811375,0.06497037068023527,9.761792494253045,0.010693221902741776,-0.0019751869624322314,-0.009782754850174893,2.092824979507118,-0.5770099750634461,-1.2017221250045456
30618,6.958,0.9979866649429623,0.00687893938013809,0.0023541191357780125,-0.06300599108119284,0.029572301258006826,0.06359018856982906,9.762115723758996,0.011504877233757536,-0.00042418289967752296,-0.009142059483688054,2.0853013867027137,-0.5778003116598512,-1.2078735742479882
30619,6.967,0.9979862254688228,0.006876802546071383,0.00235603213447747,-0.0630131135067645,0.006879510521803009,0.029780406139776384,9.762935199624783,0.009669009837757928,0.00098869901056355,-0.010306044988141387,2.084009230234789,-0.5791723730173212,-1.1981036666606224
30620,6.975,0.9979947495313686,0.006810258873987452,0.00238431887729972,-0.06288414192292127,-0.011810236057868689,0.06748293203181445,9.761775541598084,0.008802039224848126,-0.0014575449824446452,-0.009153871651376672,2.090916233826793,-0.5812181263602266,-1.207800076565851
30621,6.983,0.9979937511260969,0.006820077931687762,0.0023935236524294974,-0.06289857148452314,-0.012974487263866307,0.043517790855018654,9.728618250167116,0.012424475763836464,0.002916332637397057,-0.012084757195193852,2.0855255342973917,-0.5829015367083175,-1.205137760681744
30622,6.992,0.9979949913532913,0.00680891298229431,0.002386954268456422,-0.06288034976894095,0.029744221202742574,0.0654582416149847,9.7113717296652,0.007614413756215441,-0.0011776147796160811,-0.004301580221104879,2.095711944537395,-0.5742689194046795,-1.1958672507065267
30623,7.000,0.9979940135118996,0.00681842698541023,0.002377322772356051,-0.0628952015998939,0.028104072021421938,0.04431986398183438,9.779663358109191,0.012635377273847184,-0.0015996997730480615,-0.012199415627078136,2.095510607123935,-0.5748128084703475,-1.201723354064963
30624,7.008,0.9979941399333417,0.00681206988327217,0.002370528147007402,-0.06289414089499804,0.008412828422301373,0.05730392091669427,9.745344301539648,0.008800696333463143,-0.001458311003717879,-0.009152349250014652,2.0877011225961115,-0.5858032772544034,-1.2021644071407411
30625,7.017,0.997993705292341,0.00680988163810289,0.002372458713139131,-0.06290120148768044,-0.012803236342610103,0.04676446344167544,9.728603410432612,0.009666204173381156,0.0009874981608096133,-0.010304203100138616,2.0815481399270674,-0.580855783365412,-1.1954199345229957
30626,7.025,0.9979938574889337,0.006811505613844566,0.0023774087480016863,-0.06289842393315967,0.006899952346380709,0.03547839085259602,9.7629161420184,0.010423239151650969,0.0016447006843833007,-0.00787202114237004,2.082583263383168,-0.5853266075579004,-1.203427136771879
30627,7.033,0.9979943876720004,0.006808330815574106,0.002371976054894295,-0.0628905599934563,-0.014365260117895759,0.02499589611199082,9.746178319317558,0.009557279527263969,-0.0008013108133746381,-0.006719430908680746,2.0837666943551842,-0.5818601167626123,-1.1983240781261293
30628,7.042,0.9979948417973049,0.00680562663248007,0.002366684950530599,-0.06288384525819658,-0.012888372911166842,0.04916106021217496,9.728591482533288,0.0095569867970169,-0.0008014201692923155,-0.006719177189943314,2.094027126178382,-0.5867519808288463,-1.1991792566860464
30629,7.050,0.9979944076051576,0.006803431665813186,0.002368611823466113,-0.06289090064890067,0.006916417096133493,0.03785192639870885,9.762907215943956,0.00966461184837678,0.0009865255440417602,-0.010303017186311715,2.092826425232373,-0.5818948854018355,-1.2019198911561146
30630,7.058,0.9979943395377722,0.0068055543273562655,0.0023776248662717254,-0.06289141102614451,0.00817974411712187,0.062058861010676515,9.745315381275944,0.010475529938710164,0.002538202217146335,-0.009663067306192154,2.0894388691880375,-0.5821784194810774,-1.2060926516133224
30631,7.067,0.99799459560697,0.006795132268996085,0.002378528261693738,-0.06288844027351716,-0.0559562608923424,0.030346742454566256,9.745836942723928,0.007720324475027084,0.0006101571690055915,-0.007883388996541327,2.087710198129839,-0.5836177002077126,-1.2034058832596646
30632,7.075,0.9979938749132928,0.006797218603443299,0.002371634590817187,-0.0628999110029257,0.006654968984822507,0.04016400439652552,9.762898160309762,0.010741907202462033,-0.0010837755712658592,-0.011568123188012043,2.0862399380323007,-0.5850755242086003,-1.2026703150066609
30633,7.083,0.9979937155437297,0.0068022596042903935,0.002367223318804215,-0.06290206080293492,0.006712869115641082,0.04106930740412119,9.76289435477929,0.011498846892892297,-0.00042565279804116787,-0.009136207021441316,2.082257308448642,-0.5813139097876625,-1.19223634448369
30634,7.092,0.997994425153079,0.006791893778852162,0.0023650204856565144,-0.06289200442325817,-0.01340871941491028,0.05539716289543726,9.779287005450206,0.007665642121974184,-0.0002838641472002489,-0.006090582933282722,2.0788798670047686,-0.5901558880735324,-1.1977927188750062
30635,7.100,0.9979946007498532,0.00679296685633856,0.0023695150456651457,-0.06288893284098748,0.028231576429650733,0.05241803850987986,9.728894949965127,0.010419571478728615,0.0016439304169991564,-0.007869719987085017,2.0869175597210305,-0.5771915211342994,-1.1951713160032267
30636,7.108,0.9979944690451328,0.006787096661649577,0.0023620941309814435,-0.06289193577515578,0.006670808636295953,0.04336758239728064,9.76288444349714,0.008797272617444047,-0.001460518897312969,-0.009147882897130423,2.082786436236299,-0.5840526475371477,-1.1978221100540467
30637,7.117,0.9979940355610711,0.006784887675831006,0.0023640153684126998,-0.06289898023889302,0.028235332963014274,0.05394957547581705,9.728886566311502,0.009661258934638154,0.0009849227827501345,-0.01030048648359317,2.0801405105280577,-0.5799534379766002,-1.2032518531929417
30638,7.125,0.9979938505268746,0.0067943481862413994,0.0023847726919362195,-0.06290011130733034,0.0064135893060251,0.04500445676103905,9.762877210299793,0.012093305759409574,0.005641557063364438,-0.00838271395956116,2.0854719960766968,-0.5828319994298706,-1.1978140677250668
30639,7.133,0.9979941071734306,0.006783915773260516,0.0023856717185660637,-0.06289713112964751,0.026309838194624176,0.032263447372386574,9.746484303974198,0.007717846248975194,0.0006089106758563227,-0.007881254153491902,2.0837976257239226,-0.57335498446946,-1.2025552954588064
30640,7.142,0.9979940710183759,0.0067813927591955335,0.0023842427994588996,-0.06289803105573287,0.006456250941694593,0.04500967567522202,9.712150077717693,0.009606999513604633,9.11754038703039e-05,-0.008507185939048107,2.091867768786922,-0.5814298052517403,-1.204372896587546
30641,7.150,0.9979941202396494,0.006778689913326796,0.00238248475703913,-0.06289760803504463,-0.015102213468086472,0.03596200300540303,9.746142911177724,0.00960664857619167,9.10441695468299e-05,-0.008506881684069436,2.084550850273944,-0.5819273361317773,-1.2053982939208703
30642,7.158,0.9979939190522363,0.006768978714794279,0.002387123455630697,-0.06290167011713514,-0.015169635775384986,0.036666507913294906,9.746140180641717,0.007770074753381468,0.001501441284820422,-0.009672649179542093,2.093086993570699,-0.576544894913351,-1.2041662069970103
30643,7.167,0.9979939684410882,0.006766273175748726,0.0023853649210353474,-0.06290124431768858,0.005977053987338074,0.04871256874071853,9.762859687178935,0.009606012631448852,9.089955202879396e-05,-0.008506230209324495,2.083086232048259,-0.579241910295768,-1.2054344983684733
30644,7.175,0.9979943522220631,0.006759357830893163,0.002373767972949538,-0.06289633725575905,-0.034973912648741105,0.0501398759580791,9.711798991798585,0.008742224754172313,-0.002354591959295751,-0.007352649928426116,2.087236664275916,-0.5770447437026697,-1.2054250193021305
30645,7.183,0.9979936104165568,0.006776649861569118,0.0023954587333848082,-0.0629054239460845,-0.014246655966059502,0.06393248884108199,9.779233750186535,0.014031490061426549,0.00601638832166518,-0.010799478942280737,2.0835052733352795,-0.5737806601617687,-1.1959611207908916
30646,7.192,0.9979937757393085,0.006766244563357351,0.002396708873053212,-0.06290387354277797,-0.01662114355105444,0.015023847375052583,9.713026007062085,0.007715750804566718,0.0006078767869746719,-0.00787937558613395,2.0867086433314124,-0.5840735087206816,-1.1999906629363566
30647,7.200,0.9979940327177432,0.006755801953694145,0.002397603820741655,-0.06290088469693973,-0.014240331433745583,0.06391126602060314,9.728503877757502,0.007715491033934783,0.0006077796028805184,-0.007879150346361814,2.086669517522409,-0.5820694777448442,-1.1946384975469213
30648,7.208,0.9979940672763183,0.00676484954377079,0.0023813496364547353,-0.06289998144539348,-0.014131971754278095,0.06473053645457462,9.728498622117941,0.01251985464713739,-0.003389857834279603,-0.008602240451111002,2.089592310252658,-0.5774217433000656,-1.1936846279988151
30649,7.217,0.9979939099785827,0.00676986596547026,0.0023769325856853817,-0.06290210451132727,-0.016740511558623907,0.01897902822860055,9.763741445191968,0.01149301994516939,-0.00042743039126125865,-0.009129862400899766,2.084998055564251,-0.582118153839757,-1.1997775754311486
30650,7.225,0.9979938571952212,0.006763774739794273,0.0023697714214343433,-0.062903867411188,-0.015287769658749019,0.04316359062334456,9.746113387860527,0.008793417679084637,-0.0014630948165980523,-0.009142458564746825,2.0815605813462477,-0.581604397594749,-1.197121842670839
30651,7.233,0.9979942413296274,0.006757089814478744,0.002376917966056878,-0.0628982215259181,0.004512749215298652,0.031871311849772856,9.780453271939788,0.008524001875182298,0.0021600530707015448,-0.007239917665363465,2.084988912254102,-0.5852802493722692,-1.1985268279228278
30652,7.242,0.9979949480396942,0.006746688254052418,0.0023746168174392248,-0.06288821097647398,0.02701595921261134,0.06725657345892722,9.779535577976608,0.007661301278783684,-0.0002851501640135445,-0.006085882448172053,2.0867682131383805,-0.5743848148687575,-1.208139439082675
30653,7.250,0.9979941019267702,0.0067599135276285695,0.0023712154460061117,-0.06290034519609328,0.003407446116696705,0.008475217479149455,9.747361467355708,0.013433002028256445,-5.3178787488545766e-05,-0.011545949387659165,2.0867338989400843,-0.5801998855073371,-1.2034454718737286
30654,7.258,0.9979953715254244,0.006752511562258169,0.0023897679421232654,-0.06288029111426767,0.005953898493298113,0.05606467015981009,9.71209287380935,0.008201156055862193,0.0048912790394480135,-0.0035453972023902253,2.0927835607676064,-0.5823275148219889,-1.1960563010960743
30655,7.267,0.9979948130290323,0.006746509705272844,0.002385419398185505,-0.06288996381171408,0.0030343894818182704,0.010046560327387183,9.74736009483284,0.00884460788960984,-0.0005722346995600421,-0.010932791878788163,2.0791246958148832,-0.5801465735938613,-1.197885965928536
30656,7.275,0.9979952744744363,0.006755242353636803,0.002384323161180513,-0.06288174481121028,0.00681760140180568,0.0825331130313991,9.745164540169622,0.01224793988258518,0.0002331656764780716,-0.006696795803097308,2.090358518433221,-0.5789305613051475,-1.1983037057239014
30657,7.283,0.9979954518432469,0.006756278902521157,0.002388812226082006,-0.06287864797953052,-0.03703584335271046,0.03733966868985503,9.729376073711057,0.010410861915551704,0.0016419624169938631,-0.007863653953070954,2.084964317465528,-0.5796328173488534,-1.1951624150320799
30658,7.292,0.9979950448686399,0.00675438793197722,0.0023915840811201184,-0.06288520483300665,-0.03611665466005715,0.0630805893876735,9.762448693688118,0.009653102116630423,0.0009801193164617427,-0.010293597695594762,2.0904100517731936,-0.5821714657532328,-1.2053531435664813
30659,7.300,0.9979953710665249,0.006758906650145078,0.0023834931285440916,-0.06287984948447566,-0.014569253111256479,0.07373819995339985,9.728433871434774,0.011437322777877958,-0.0013202641123557252,-0.007333639571928998,2.091103514654766,-0.577482008941386,-1.2000211204345088
30660,7.308,0.9979964519715956,0.006755422500434743,0.0023748365083905132,-0.06286339372405934,-0.01581374574115089,0.05123919565963504,9.746073437969919,0.009496106055182408,-0.00169460829268575,-0.004916272355504498,2.0842624737585345,-0.5764985367277197,-1.1993479937864515
30661,7.317,0.9979956071205445,0.006768631812229846,0.0023714286046400057,-0.06287551286358972,0.024267195758468037,0.026670422896427792,9.764059285501611,0.013429273062378132,-5.514861778251907e-05,-0.011542282626711984,2.0874517024486554,-0.5848198050407372,-1.2014430939222642
30662,7.325,0.997996664269508,0.006754024513927884,0.00237793963444347,-0.06286005617954887,0.005378480404246768,0.06437639528801047,9.76276931190642,0.006579343498483865,0.0017844375183553424,-0.004820818818072963,2.0888810012975196,-0.5820880210190966,-1.1965754201452286
30663,7.333,0.9979966571347308,0.006762506162879184,0.0023609368906551656,-0.06285989846712992,0.02425881556658487,0.028264291586316572,9.764054822243025,0.01251539466015274,-0.003391422309327918,-0.008594545782061284,2.0813127424768876,-0.583552798747829,-1.1966168383827256
30664,7.342,0.997996567058776,0.006756811150289888,0.002372459008692697,-0.06286150714252906,0.025627185277585573,0.05246500179908134,9.746398314707596,0.008571014090058676,0.0030492254387822514,-0.00902979442325562,2.091393794386266,-0.5812042189045374,-1.206331768598929
30665,7.350,0.9979966184402705,0.0067540733376305045,0.002370688198136888,-0.06286105242996322,0.04533700571783668,0.041269126403245725,9.780752877080957,0.009598415873533475,8.7326443511294e-05,-0.008499282722330453,2.08381491264202,-0.5814344410703035,-1.2049200374818372
30666,7.358,0.9979965935460577,0.006763003623470151,0.002372479861899186,-0.06286041991396246,0.004247727486579483,0.0426884117830986,9.729688289401667,0.012295724558436942,0.001123787934466552,-0.008485797688061535,2.085272680488064,-0.5799603917044448,-1.2039467440449496
30667,7.367,0.9979961631448995,0.006760743057360949,0.002374374596789578,-0.06286742436784101,-0.0173740002768215,0.03378794898255281,9.76370032079998,0.00964929814939328,0.0009777409257089751,-0.010290895779886164,2.100126039883149,-0.5735620275424104,-1.1985274339524101
30668,7.375,0.9979967702509954,0.006757614142840989,0.0023696688454375534,-0.06285830008234115,-0.0173834937262394,0.03456761355755959,9.763697574625759,0.009545813387680648,-0.0008038357383105162,-0.006705907584036106,2.085479490332329,-0.5777145490164337,-1.1988392349136265
30669,7.383,0.9979968904357983,0.006769847488853576,0.0023589226663439595,-0.06285547970789193,-0.018626745360398978,0.012163010085137756,9.781358476728325,0.013322470159943473,-0.001838057039870724,-0.007953987058379478,2.088880713247734,-0.5862382245838383,-1.1965360167402899
30670,7.392,0.9979958037145418,0.006776245344901203,0.0023625609667878114,-0.0628719060699661,-0.0384533434692684,0.025089094936149196,9.74699343524129,0.0115877267555717,0.0013503602435007732,-0.012706478851556577,2.0830841255029067,-0.5838780551941389,-1.2051463361702799
30671,7.400,0.997996464264897,0.0067767772434361604,0.00236337949732082,-0.06286133185281062,-0.017349747813774918,0.037400059044150114,9.763687196198587,0.01035352329391745,0.0007498799280598072,-0.006067662968793651,2.084720386692982,-0.5767032618913885,-1.1951920138880652
30672,7.408,0.9979974233086639,0.0067733482640669525,0.0023545577430385185,-0.06284680485431932,-0.05734554368062673,0.06365752826917635,9.745668215568463,0.009493241768382767,-0.0016946139945575968,-0.004912203657897628,2.086534396966296,-0.5800137036179207,-1.2095526518727688
30673,7.417,0.9979974754453425,0.0067705977738112605,0.0023527815114217743,-0.06284633982713352,-0.037436210433746286,0.05252929514438514,9.780030251474225,0.009595457225577666,8.581139434442553e-05,-0.00849677020113961,2.0847362109417196,-0.5801419377752982,-1.1973566719121778
30674,7.425,0.9979982260742889,0.006775053551514003,0.0023599314603414295,-0.0628336703165577,-0.014666968162995432,0.0864786213338091,9.72832881347143,0.011161136239612627,0.002303771279580198,-0.005429948076174989,2.0845098381929525,-0.5813857649753907,-1.1997880983487832
30675,7.433,0.997998278417943,0.006772300477330983,0.002358153485441835,-0.06283320247454185,0.00407953597413632,0.05044658310985291,9.7296512280305,0.009594862774686568,8.538059757928757e-05,-0.008496097000733002,2.086251255664222,-0.5763007652918957,-1.2042184961025724
30676,7.442,0.9979982844010636,0.006769693512013926,0.0023565871881785433,-0.06283344713694972,0.005067115185425583,0.07620812727197307,9.762684290533272,0.009594514343573775,8.524993273361246e-05,-0.008495794555742309,2.08820448097562,-0.5741035986987971,-1.2042250792263698
30677,7.450,0.9979981079069544,0.006774929662945577,0.0023709916554856495,-0.06283514415334307,0.0038962471511527264,0.05207063381198916,9.7296427486434,0.011261988136962019,0.004083589227876895,-0.009014106576021669,2.097423859421076,-0.5828180919741812,-1.1962618794318582
30678,7.458,0.9979977863803419,0.0067725942460534665,0.0023548850410193317,-0.06284110807074897,0.02372024050927582,0.04104874891079678,9.7640107665976,0.009865410822733138,-0.003540655917735757,-0.010392197101615916,2.080412910297782,-0.5841407280898469,-1.2071166346771043
30679,7.467,0.9979980456500266,0.006762107631821866,0.002355757788815701,-0.06283808705191309,0.02516974629794744,0.06508501180969165,9.746323401685641,0.007705263125367987,0.0006017357880292949,-0.007871326931689474,2.0864578960674365,-0.5764962188184382,-1.1990878084977556
30680,7.475,0.9979976163701828,0.00677499273816727,0.0023486466070566803,-0.06284378292199397,0.022516331190775462,0.019306369673373937,9.781689796686623,0.013369319014276139,-0.0009489339470746961,-0.00974133286873865,2.0886608465201815,-0.5708881912528089,-1.1998574260923183
30681,7.483,0.9979975204555531,0.006768735915291677,0.0023594410014382084,-0.06284557595279419,0.001246523044896406,0.008750900627173517,9.765000864841126,0.008563440760366503,0.0030454317012877795,-0.009026641233859387,2.0859692889817225,-0.581378811247546,-1.1990450209263555
30682,7.492,0.9979976944188873,0.006769563454788908,0.002345686408094412,-0.06284323909930294,0.02409080310350933,0.04261569256822586,9.71328194880274,0.01062168953622406,-0.0028763805890485135,-0.00796116957676721,2.079410931896728,-0.5906997771392006,-1.2036434681700625
30683,7.500,0.9979975409010161,0.006774524502535244,0.0023412527541224032,-0.06284530777099719,-0.018823522589960194,0.023977541154215378,9.781336272216603,0.011479932364532536,-0.00043252238055398385,-0.009116772495195668,2.0862506965087553,-0.5843570427999236,-1.2041420071400444
30684,7.508,0.9979968973898938,0.006780505490776058,0.002340319048576299,-0.06285491589515237,0.001371031050471444,0.011367264629113355,9.764998154422578,0.011529989928594976,0.00045659746749533746,-0.010908848249848713,2.090891723758743,-0.574350046229534,-1.2044472529118497
30685,7.517,0.9979974324680424,0.006777260999954643,0.0023348753098232193,-0.06284697190653889,0.023886447806866138,0.046998834792656694,9.763983533219072,0.009540661542746577,-0.000805247287614787,-0.006700374082839161,2.093120816389948,-0.5778095832969775,-1.2087929566328255
30686,7.525,0.9979973033820237,0.0067821038368114815,0.0023306194312013064,-0.06284865728735166,-0.019745061884161596,0.0016137276878088287,9.7483141757036,0.011478642263710554,-0.0004329716457392545,-0.009115614951478716,2.0882024083184776,-0.5782514843542571,-1.2039415527228752
30687,7.533,0.9979977120390737,0.006775101623488453,0.0023189126432143353,-0.06284335610801615,-0.03621549243745688,0.08761126084413333,9.762258999257195,0.008732240083146837,-0.0023602927786718847,-0.0073360415586315245,2.089902135944554,-0.582390098372591,-1.2026690410106038
30688,7.542,0.9979976433912325,0.006769039815292588,0.0023300328683873747,-0.06284468817933853,-0.017365732718001455,0.05145914741124996,9.76362319106255,0.00856011561165643,0.0030439587729803375,-0.009025562268267692,2.0778685025997707,-0.5776589191936764,-1.193035605869878
30689,7.550,0.9979978234006356,0.006770019006614008,0.0023345106262262463,-0.06284155782904324,0.003958677374005837,0.06198833843541276,9.729584590545956,0.010397379743886565,0.0016383050933927372,-0.007855556356375616,2.0908808466735533,-0.5767774349883984,-1.202959335847021
30690,7.558,0.9979974637127569,0.0067716657970435514,0.0023432386644242106,-0.06284676760024582,-0.016418339783338787,0.07637980208143948,9.745907836856325,0.010447148939098864,0.002526943889682285,-0.009647758333688384,2.0874264468399835,-0.5886934282540817,-1.197988284984892
30691,7.567,0.9979976438686103,0.006772641858779949,0.0023477158218255475,-0.06284363440616454,0.0032676616838310654,0.06540306735001346,9.780287016736565,0.010396632204275159,0.001638094072138698,-0.007854854390084775,2.090397542577593,-0.5823993700097172,-1.2036419640292404
30692,7.575,0.9979979006078539,0.006774177007542299,0.0023527345082384127,-0.06283920391380808,0.0021626622557705437,0.04122104022155685,9.747278344529477,0.010396267121875273,0.0016379569722071604,-0.007854537338142776,2.088699735111713,-0.5763100369290218,-1.2051771416188628
30693,7.583,0.9979986887520883,0.006778430177292076,0.0023598164105582083,-0.06282596119402331,0.0020002436849116245,0.042096362404526584,9.74727463872355,0.011153290599945697,0.002304447828236154,-0.00542570984230632,2.0900926640492448,-0.5832970795799659,-1.1953342919767358
30694,7.592,0.9979991302850969,0.006771690609336507,0.002348746615999928,-0.06282008871225882,0.020898114111340866,0.0060590827428241055,9.748662201760425,0.008731002319405008,-0.0023612212083716287,-0.007333151296527006,2.0915116280242816,-0.5751805364306174,-1.1890528722500504
30695,7.600,0.9979989782156685,0.006776632868163522,0.0023443068605073112,-0.06282213744211403,0.0030734642572612663,0.06876305872880328,9.780264034048972,0.011475495761083922,-0.0004343225555172984,-0.009111990347928266,2.0903302019329875,-0.575475660056267,-1.1944301860098976
30696,7.608,0.997998840264191,0.006782123021948636,0.0023603090639528947,-0.06282313729644996,0.0006528206490050295,0.021352864230503546,9.764981499468835,0.011251695029456835,0.004080875999282862,-0.009010340871552428,2.089859085094632,-0.5855081536287536,-1.1967799546297206
30697,7.617,0.9979990207903374,0.006783089414827324,0.002364783726385668,-0.06281999679597039,0.023240477838737478,0.055274076109060655,9.713220234927016,0.01039434609667344,0.001637213594646972,-0.007853085080551783,2.0866752441147907,-0.5767055798006703,-1.1954218594842747
30698,7.625,0.9979991106429721,0.006780754775822288,0.002363940999430423,-0.06281885308933029,0.0003471546779770403,0.023046632055163746,9.764977663044998,0.00958692477085569,8.168672166565081e-05,-0.00848845031261188,2.081843993754003,-0.5814112619774878,-1.2024930839986248
30699,7.633,0.9979990850704138,0.006789442631678249,0.0023657648166975323,-0.06281825231730771,-0.02087035709784633,0.012432972769243057,9.748304037126996,0.012281061519917506,0.001120508420468908,-0.008474558173924633,2.089438886132143,-0.581934289859622,-1.2060949694606717
30700,7.642,0.9979997268900677,0.006790148982419479,0.002366536476874663,-0.0628079494112899,0.02268625326261022,0.05965240717767767,9.763917288817623,0.010343545943373353,0.0007489326756022743,-0.00605957958481931,2.0862245373861894,-0.575533607788306,-1.2005636031662819
30701,7.650,0.9979997014469094,0.006798833156964598,0.002368358938398919,-0.06280734555386815,-0.01877375612993486,0.06261257575638791,9.763555432280162,0.012280207357308425,0.0011201330304628071,-0.00847382771751492,2.0847331331060532,-0.5730575429345286,-1.1969356432881966
30702,7.658,0.9979997418062689,0.006784811415859843,0.0023823192719622435,-0.0628076925508241,-0.01991630247257979,0.03832270577569415,9.730569117430928,0.006667059246319111,0.0035570150260251137,-0.008400667233208727,2.0857929699594635,-0.5814668918002454,-1.2083234833592733
30703,7.667,0.9979997404375229,0.006793245198009595,0.002365304925963857,-0.06280744572838433,-0.020276445858884364,0.04087567493792514,9.781277349218497,0.012503950429653587,-0.0033953059197376883,-0.00857288775218877,2.0852548005262888,-0.5804254718545402,-1.201500877364692
30704,7.675,0.997999768873008,0.006790610875460009,0.0023634035910879096,-0.06280735034075988,0.0013687268973031539,0.05151053293468156,9.747229542702543,0.009584862256023747,8.055950900855019e-05,-0.008486465846302473,2.090408775488989,-0.5748452592002894,-1.2051785558884054
30705,7.683,0.997999824166291,0.006787813438033096,0.00236160831896701,-0.06280684165702927,-0.01980339442751435,0.040768524378481524,9.730559408885025,0.009584515927217622,8.042934021940483e-05,-0.00848616494059109,2.0859408030404385,-0.5803652062132195,-1.1951483227388584
30706,7.692,0.997999997840655,0.006788909007269841,0.0023666348129550065,-0.06280377428313219,-0.018934810415472684,0.0666477124685728,9.76352840935976,0.010390728681553994,0.0016361041531138877,-0.00785065155672681,2.0864865175615614,-0.5755567868811214,-1.2030030494640476
30707,7.700,0.997999847225583,0.006793832440979886,0.002362188890330875,-0.06280580261507347,0.0015840100734877793,0.05219391493892008,9.69650543563375,0.011471100353821685,-0.00043623881908607385,-0.009106953204038839,2.090838117761627,-0.5752570274369088,-1.1971142885657753
30708,7.708,0.9980006965834362,0.006786625070516958,0.0023662545789063694,-0.06279293095880047,-9.325103972422507e-05,0.03152001063518616,9.764953993613213,0.008453577023136746,0.001264992756040755,-0.005435993452856735,2.0837769953408016,-0.587733135133231,-1.1997331883810805
30709,7.717,0.9980006719363862,0.006795294540601567,0.0023680749855545837,-0.06279231646858649,0.02131860580599687,0.04209215282731096,9.730903396553616,0.012276773473567515,0.001119362889790648,-0.008471164812619648,2.0903495615082277,-0.5794072310016504,-1.1970784545364233
30710,7.725,0.9979997394581847,0.006805161225941964,0.002358994668107907,-0.06280640863988898,0.00017776300537728206,0.031567257478509456,9.714237608642552,0.012599808669643315,-0.001622150936374396,-0.012154662036628683,2.083967980936329,-0.5820486165613101,-1.1924610212256446
30711,7.733,0.9980004025758218,0.00680563490414327,0.002359811846712525,-0.06279578871307652,0.021367444773047566,0.04403432606623084,9.730894693257369,0.010339649616070723,0.0007485467187287296,-0.00605653444880559,2.0945354994978578,-0.5799418484301924,-1.2019259411203562
30712,7.742,0.998000496836516,0.00680323750638458,0.0023589007039892854,-0.06279458464682469,-0.000177285784946683,0.03511948917523768,9.76494171091295,0.009582043116852571,7.91125574625939e-05,-0.00848386057859897,2.0896152051544017,-0.5818462093069228,-1.1968165070277539
30713,7.750,0.9980004271874773,0.006796679945659096,0.002350832156671326,-0.0627967042407483,-0.020349771875970694,0.049413879150707274,9.78123778689306,0.008775571463016508,-0.0014771948114533496,-0.009118340669924351,2.0882290418759846,-0.5802392899651235,-1.2075848564224192
30714,7.758,0.9980008380414817,0.006790151324361169,0.0023583161262687,-0.06279060008107186,-0.020380636051138757,0.0501165793677401,9.781234147360319,0.00850037673082572,0.002151353402808353,-0.007227616766982072,2.0874259330405067,-0.5703813887356456,-1.1979180004375363
30715,7.767,0.9980010199305185,0.006791086772193669,0.002362784216494665,-0.06278743989719852,-0.020184618816162854,0.04905624995382644,9.730520373169343,0.010387074822141972,0.0016350544303374436,-0.007848295160495733,2.087434330810032,-0.5779609965471705,-1.1990667626624865
30716,7.775,0.9980004716983971,0.006800219847179814,0.002368923823454191,-0.06279493371066096,-0.0004602442571559716,0.03826171658040246,9.764929896938147,0.012322276474637916,0.002005212041294823,-0.010261568436068881,2.0860120178936485,-0.5828992187990357,-1.2048900682076011
