packet_counter,timestamp_s,q_w,q_x,q_y,q_z,acc_x,acc_y,acc_z,gyr_x,gyr_y,gyr_z,mag_x,mag_y,mag_z
3675,0.000,0.9989822685277604,0.0067706054590563084,0.0020138500338581396,-0.04454806928351639,-0.017834556268550066,0.046776574414664096,9.760436719002826,0.012163585525068655,0.0019366188331462332,-0.007969553297998087,2.1627106423663403,-0.5703288964376677,-1.243269879508195
3676,0.008,0.9989817814094499,0.006771139307661859,0.0020108186439765294,-0.04455904726158169,0.020013181878468407,0.055198903888946736,9.74551567984693,0.010262432304788646,-0.00033099205162837817,-0.011254677281660935,2.1622277449289022,-0.570091720544057,-1.244008136026799
3677,0.017,0.9989819325472645,0.006752842036545379,0.0019876180465549127,-0.04455947646756883,0.01276467747851627,0.02088314279957395,9.766424376260606,0.0059656251798122575,-0.005425682134256271,-0.0086798505731307,2.158772238252178,-0.5722402110422427,-1.2388856759600873
3678,0.025,0.9989822538897711,0.006765714359301328,0.002003081735315613,-0.04454962610486467,-0.006643263098787572,0.055527216884902184,9.734031942399664,0.013047442736121767,0.004161344622705973,-0.006224431813714262,2.16051017122926,-0.5659299274329075,-1.2428394167535113
3679,0.033,0.9989819684028416,0.006760055952231738,0.001990418412820101,-0.044557453742879956,-0.017685609432093418,0.0500080894085439,9.760420966276246,0.008874256151306242,-0.002758859926896959,-0.010465436815084696,2.163884930028209,-0.5700245011748918,-1.2369160733541242
3680,0.042,0.9989822265279158,0.006762390585602775,0.0019962183869600835,-0.04455105236745875,0.04720160413008682,0.059429830893018225,9.75697177065259,0.010642563857116425,0.0016927593204146749,-0.0069742486744075564,2.1634858583042114,-0.5706286558818804,-1.2491211619628073
3681,0.050,0.9989822191200697,0.006760790385466705,0.0019926744628470435,-0.044551619990642534,0.02372989352116085,0.030581654264278137,9.740021559896803,0.009758428794204268,-0.0005338652714523289,-0.008719882646365681,2.1517029213910885,-0.5742071554695752,-1.2403836277186342
3682,0.058,0.998982242755051,0.006758982497149549,0.0019979805719814894,-0.04455112668975303,0.020167845461887816,0.05993668852612422,9.745487374086464,0.009625766935443883,0.001649837764587981,-0.008513517291471016,2.1624436133627905,-0.5659044304308105,-1.2401397851670497
3683,0.067,0.9989822251888887,0.006746629908623216,0.0020028344877198057,-0.044553174921073156,0.023557681904801706,0.03205009680747555,9.74001725541463,0.0070887586069935124,0.0013655126626081445,-0.00905624437877352,2.1526581102864575,-0.573202822072375,-1.2374562831741875
3684,0.075,0.9989818000225639,0.0067574729181391225,0.0020190680110632477,-0.044560331549555916,0.026843605193209254,0.004281390836947853,9.734551407577143,0.01253354757249872,0.0043164170702429975,-0.010300149849110641,2.159985583946629,-0.5749163652411258,-1.2378747638060543
3685,0.083,0.9989814948958793,0.006751967438654655,0.001997270821576643,-0.04456898810347596,0.015889051397372147,-0.0012423766482597535,9.760947791908492,0.00900776848263311,-0.004946568544405577,-0.010671287000607954,2.163615641982361,-0.572433346659504,-1.2334769561886416
3686,0.092,0.9989812722151944,0.006767697559114814,0.001986489811994497,-0.044572075240981314,0.023634109292313923,0.03465818989962583,9.740008143143992,0.01394858561807576,-0.002194797797769868,-0.00938012185281,2.168026117281086,-0.5724542078430378,-1.2356419396953648
3687,0.100,0.9989815029974429,0.006770456338076391,0.0019738224831475017,-0.044567046287020476,0.016377746740721767,0.0007046836375388563,9.760947038374288,0.0109079906263759,-0.002678395815614861,-0.007387303658102784,2.1546262055003833,-0.5624796620025903,-1.2394969757436591
3688,0.108,0.9989812931041656,0.006774850342755404,0.0019895512771835383,-0.044570383849350935,0.04717520132101822,0.06626343085223747,9.756927882278271,0.011012179162749377,0.004072444910206314,-0.00930523466327085,2.159510129932508,-0.5702941277984444,-1.2396312339711697
3689,0.117,0.9989815438444064,0.006777457006341434,0.001985999558599827,-0.04456452558400468,-0.010757021437271459,0.001346006275123629,9.749472815754931,0.010774932429797282,-0.0004950315796837813,-0.0071813896426523695,2.160730512391755,-0.5744443313631861,-1.2395829071272642
3690,0.125,0.9989815898532651,0.006786353200855339,0.0019924235525358193,-0.04456185356180447,-0.01434704452088524,0.03084555594753771,9.754920235679698,0.012161851505210711,0.0019299964302145044,-0.007972331108053754,2.1544100151284993,-0.5713054149234893,-1.2433212875037707
3691,0.133,0.9989815824065383,0.006784751499289561,0.00198885766544855,-0.044562423686428924,0.008992678540777036,0.06144848654480511,9.771836692579459,0.009758309675446403,-0.000539163605942268,-0.008720475882539842,2.1663046863169453,-0.5724379824780669,-1.2339455708200269
3692,0.142,0.9989813379074145,0.006778835694597572,0.0019946186334963796,-0.04456854715878957,0.02699251583287096,0.011447602003265672,9.734545203462675,0.008608225939993185,0.001601395727030833,-0.010054084711241178,2.153859370387933,-0.5700036399913577,-1.2347921376666475
3693,0.150,0.9989816379836307,0.006791889194815857,0.002000898851222918,-0.04455955134979618,-0.0036228532841164943,0.03975210832893986,9.728510005401395,0.01317821309163124,0.0019720628059537617,-0.006433709178572134,2.165541877910044,-0.573375096506102,-1.229791560818559
3694,0.158,0.9989813021019576,0.006775952705872773,0.001978946687073732,-0.04457048671055236,0.02487955684982085,0.05865311252000988,9.80969760417058,0.006472125024750068,-0.005237330716167181,-0.011212593122685995,2.156131717198321,-0.567415566345174,-1.2450547419366982
3695,0.167,0.9989815726037155,0.006778403867066721,0.0019845051178149884,-0.044563803458190374,0.04696898251354954,0.07212305234503669,9.756887321760628,0.010641114721258869,0.0016869562514530507,-0.00697658282123413,2.161673446253098,-0.5700059579006392,-1.234979150755817
3696,0.175,0.9989816290856219,0.006786988049051035,0.0019999636745452504,-0.04456053958335981,0.019797302091437388,0.07188884764501005,9.745407298008685,0.012027490632624744,0.004111720329744925,-0.007768197820001204,2.167354323849368,-0.5735095352444325,-1.2439382077202483
3697,0.183,0.9989816216495541,0.006785385891677143,0.00199638548506166,-0.0445611107326027,0.01221877755650486,0.0378240474213265,9.766374158291235,0.009758325120118844,-0.0005421560029773872,-0.008720726714891722,2.1594781594970365,-0.5680552388382778,-1.2352578788233073
3698,0.192,0.9989815883673954,0.006783929052746187,0.0019839439536988453,-0.04456263430220911,0.019774750880547434,0.07357420178971963,9.74539476410903,0.00989217694466145,-0.002726992351848955,-0.00892576279114871,2.158723901356607,-0.5743747940847393,-1.2322734916729337
3699,0.200,0.9989813424004831,0.006777962001627633,0.001989468082601021,-0.04456880953741512,0.026915256160000352,0.01718639792995433,9.734536977097024,0.00860759251586797,0.0015972376453757787,-0.010055148750335974,2.163177563058096,-0.5693245630404674,-1.240346104339335
3700,0.208,0.9989808870653966,0.0067783272154459655,0.002005191293602145,-0.0445782544080677,0.012159768501176206,0.040136402202573834,9.766365003298633,0.009993595639751919,0.0040217907781135796,-0.010847209428570892,2.1575716559149045,-0.5656742082650443,-1.241642535361601
3701,0.217,0.9989815555041661,0.006768461449501047,0.0019819675750391225,-0.04456581084885116,-0.0001924537055635855,0.017501570594095243,9.723060502287153,0.008003027272798717,-0.005349742676070374,-0.0055977585599607535,2.164629638199968,-0.5727261523758719,-1.238594084659793
3702,0.225,0.9989818685332454,0.0067812708016051024,0.0019974944501518752,-0.044556152482715175,0.026785999278495013,0.019529948007308885,9.734532917087616,0.013042996352315537,0.00415369374366063,-0.006230695862869247,2.1624985973087414,-0.5708588780476463,-1.247661244275296
3703,0.233,0.9989811261986136,0.006788400765783728,0.0019861805216669455,-0.044572213327686724,-0.014752040611451507,0.04156417796245072,9.754879849808415,0.01191610198180119,-0.002292945520348327,-0.012458202240306984,2.163891610966798,-0.5766252725913135,-1.2378299838699158
3704,0.242,0.9989816296951467,0.006784495608420556,0.0019910588974845368,-0.044561304238486706,0.026741827278555085,0.02139968395874476,9.73452910492213,0.009120313871339675,0.0014429275518964657,-0.005980994468805158,2.1651518308874604,-0.5725260630307661,-1.2432311720041178
3705,0.250,0.9989818506539297,0.006776500176187279,0.0019867588175378954,-0.044557759131412036,-0.014749841006422359,0.04312277805173472,9.75487308543084,0.00823814175508864,-0.0007865064041516257,-0.00772439644293373,2.1623917750289263,-0.567057859168922,-1.2330486260721818
3706,0.258,0.9989818527334355,0.006774721467715062,0.001992650796106474,-0.04455771988233819,0.02311369785770915,0.0514032663804257,9.739935410146245,0.009623640773066157,0.001637943012595025,-0.008517094439410143,2.162950766706702,-0.5766716307769447,-1.2427195845922072
3707,0.267,0.9989816362567275,0.006779351382271915,0.0019988782105562833,-0.044561589991454396,-0.003963043828544974,0.051057624175081875,9.728457106160585,0.011143626339497495,0.0018777770425278137,-0.00951406646091067,2.15947228040771,-0.5756163033755503,-1.23445365625981
3708,0.275,0.9989809267516052,0.006786536732036616,0.0019968942586738084,-0.04457648841047239,-0.01500947742721623,0.04562119896109707,9.75486132679858,0.011781702494772629,-0.00011204806960836116,-0.012254168028844003,2.1585409352839693,-0.5673738439781059,-1.240642679284759
3709,0.283,0.9989812263951474,0.006799582516950627,0.0020031532408773963,-0.04456750346089223,0.02281123648480746,0.054194916178199985,9.739920992303752,0.013176542529520361,0.0019668562715243042,-0.006436327611271385,2.165098546828341,-0.5687945814304884,-1.2359422467576808
3710,0.292,0.9989809191378433,0.0067830768864162215,0.0019990842921115207,-0.04457708748288353,0.026336581254697292,0.026410564440992036,9.734517903199844,0.0062051715480281626,-0.0008793975628828436,-0.010802557893570302,2.1612149572190793,-0.5781016398664538,-1.2390563238443257
3711,0.300,0.9989816953135489,0.006783178917951737,0.00201305307080604,-0.044559045429293176,0.015252236010390536,0.0207085546419178,9.760926919671117,0.010001465656992403,0.003670556332720839,-0.00423892560556105,2.1644087378820065,-0.5722680259536214,-1.2417741053235116
3712,0.308,0.9989817263081177,0.006792315417216393,0.0020103282663250636,-0.04455708174901359,0.038465006807248285,0.05139393422320971,9.777794127796696,0.012294833637843948,-0.00026411889885361007,-0.00817930869829262,2.1650930235652206,-0.5712289239171978,-1.2351866989885196
3713,0.317,0.9989817381549492,0.006790551468453731,0.002015837413106385,-0.04455683609947167,0.011476500939479311,0.05108186388611471,9.766314713846358,0.009623242414744482,0.0016342869994038715,-0.008517921847509111,2.1548413114495433,-0.5692782048548363,-1.2355243217531897
3714,0.325,0.9989814979794943,0.0067953826719628265,0.002013315570841252,-0.04456159814683337,0.014999766083938786,0.02335982604828963,9.76092132635633,0.011278296262192676,-0.0003107800867566591,-0.009718482192863694,2.1663677914504156,-0.5632421836876166,-1.2425779574687583
3715,0.333,0.9989812425552651,0.006800331115254788,0.0020012824924475533,-0.04456711105566163,0.022496708209739473,0.05921201776439576,9.7398925143024,0.011413467583981294,-0.0024959123665697397,-0.00992197275579688,2.1636814013488705,-0.5764251832462078,-1.2424724252776207
3716,0.342,0.9989809864116724,0.006794242969433561,0.002006874792764059,-0.04457352918494654,0.03849010738315599,0.054890478966488916,9.777775023209678,0.008606359295764468,0.0015868455712094091,-0.01005751969004823,2.1636351879427567,-0.5736794917688781,-1.2361507210360099
3717,0.350,0.9989807207217507,0.006788430173543112,0.002003233405371006,-0.04458053272398939,-0.0008572361167661809,0.030938043899244788,9.723026996109278,0.008741720404638482,-0.0005981825915774089,-0.010260808101359912,2.1587619203224557,-0.5666113222930794,-1.2374742478577867
3718,0.358,0.998980985585781,0.00679088978887358,0.0020090956231199556,-0.044573958638590254,0.03839713467021949,0.056392862523273024,9.777766840357137,0.0106392362178893,0.001678133567046987,-0.006979672396703863,2.165148736107689,-0.565685797811452,-1.2428078255327875
3719,0.367,0.9989812554549238,0.006793331556850308,0.002014616020141089,-0.0445672886583374,0.01851258458857268,-0.0011124999826511728,9.75553381969347,0.010639200719784792,0.001677677695992386,-0.006979757353052503,2.163871980285877,-0.5765997755892165,-1.2351446297858009
3720,0.375,0.9989810323623303,0.006797970137964714,0.0020211297898416283,-0.04457128690838283,-0.012153684512591849,0.027120057140358002,9.749433548010195,0.011142544518804996,0.001870463029280972,-0.009516033505275587,2.1648876763903155,-0.5781155473221431,-1.2404942921187614
3721,0.383,0.9989810249250117,0.006796365817726908,0.002017501920578634,-0.04457186262033148,-0.01220924848174649,0.027968177869187438,9.749431081564705,0.009758337313920739,-0.0005542041302122068,-0.008721826181384274,2.1634999657220133,-0.5730884953706868,-1.2510509682777613
3722,0.392,0.99898154423815,0.006803222868923772,0.002013760101990994,-0.04455934470354257,0.0111604017807157,0.05865227412580917,9.76627255083054,0.011791276056503718,-0.0004615774202016318,-0.005643778247940678,2.1672813074446964,-0.57121733437079,-1.2339500213056003
3723,0.400,0.9989810691130472,0.0068036369844375905,0.0020199254202747734,-0.04456965311548491,0.02566629201540239,0.03731223905608976,9.734484013863367,0.010125775030249182,0.001821979450947521,-0.011055619239251647,2.1573022153721104,-0.5702802203427549,-1.2381825575699743
3724,0.408,0.9989815621060141,0.006799739463292845,0.0020251656607441076,-0.04455895891407378,0.045095584822951215,0.004418019363492419,9.767009041868343,0.009119014770773324,0.0014362369768955434,-0.00598318267000837,2.1655957550128413,-0.5685620413554411,-1.237161610722223
3725,0.417,0.9989813552054982,0.006815124835685633,0.0020229565604795107,-0.0445613472868016,-0.012420526168013755,0.03144406533028524,9.749420226483583,0.013814470046701775,-3.086489084306169e-05,-0.009177342342177994,2.165385392897968,-0.5705591186034337,-1.2417831915037838
3726,0.425,0.9989805904562525,0.006811427744831688,0.002020287346489912,-0.044579174317076704,0.010915412852394696,0.062202098864032274,9.766250862232138,0.00924520255624929,-0.0004117994649443349,-0.01279746432625539,2.1702694698270384,-0.5761764178061892,-1.2419383103574384
3727,0.433,0.9989808118175523,0.006803432033664368,0.002015945929556859,-0.044575631178004484,0.005959676541956881,0.07433870325744721,9.701934304542908,0.008238500517777367,-0.0007965353393997462,-0.007724897638089121,2.1607396895901134,-0.5707939765877628,-1.2408382903302837
3728,0.442,0.9989810529097828,0.006795328520325412,0.0020209075967913825,-0.0445712392698295,0.041468973471905035,0.036256107399080285,9.772361859381334,0.008102210412021409,0.0013877494438857853,-0.007522789676129454,2.163646302245417,-0.5678342883096379,-1.2376710879637294
3729,0.450,0.9989808356527192,0.006799948378744932,0.002027084906634215,-0.04457512341456117,0.002056280119493238,0.01229086956603826,9.717637822624988,0.011141726907702022,0.0018655723764731012,-0.00951745944827324,2.162642132578485,-0.5802501303646395,-1.2338981700217477
3730,0.458,0.9989805845105029,0.006805096145489479,0.0020154840910260917,-0.04458049193744303,0.025392878266911348,0.04303908752693217,9.73446109618846,0.011414521386049536,-0.0025043300496691433,-0.009921567423757008,2.1583463465855184,-0.5735419859743741,-1.2474219645483837
3731,0.467,0.9989803481524631,0.006809880852885668,0.002012534991999704,-0.04458519071238235,-0.0014229801324579475,0.042700082989210957,9.722982390715368,0.011277965344246866,-0.0003202955700889979,-0.009719787605023573,2.1669335996196213,-0.5775036897404179,-1.25318136928337
3732,0.475,0.9989800778362311,0.006804168883852988,0.0019991845269193304,-0.04459271951053661,0.04521184703804009,0.011139131878742069,9.76700315164087,0.008878325476762339,-0.0027922084062929607,-0.010463393023610646,2.1597827499755984,-0.5713077328327708,-1.2435261474708734
3733,0.483,0.9989803181870498,0.0067960054894094105,0.0020039543622450617,-0.04458836564849247,0.014719560929938282,0.03914297922038466,9.76087121841636,0.008101702012979968,0.001385636042356021,-0.0075235569654492525,2.1563560850663657,-0.5693431063147198,-1.242349060385995
3734,0.492,0.9989800938349725,0.006811435899841745,0.0019924091224678294,-0.04459155489934347,0.00016695482040927825,0.06229084273425041,9.79263021232743,0.013950721769425235,-0.0022197796480223,-0.009380152040238048,2.1605400520634848,-0.5725608316699895,-1.2469269275505295
3735,0.500,0.9989798954968654,0.0068158843860592405,0.0020076940218003636,-0.04459463283651234,0.014673230198262128,0.04105696035090896,9.760863427067797,0.011004003241488862,0.004046898342280842,-0.009317295721279956,2.163444592061646,-0.5737490290473247,-1.24347619868048
3736,0.508,0.9989798748142257,0.006814402044521581,0.0019947179225583487,-0.04459590498397474,-0.023268629170626425,0.03430726961085758,9.77581002906525,0.00989506955565432,-0.002746609442166858,-0.00892420372047218,2.163890402459014,-0.5683225475525487,-1.2376646675812373
3737,0.517,0.9989801444636672,0.006816835515237066,0.0020002090540686876,-0.04458924628931406,0.014658148056250871,0.0427440757541181,9.76085620681921,0.0106374991755162,0.0016706805755894603,-0.0069825571777671624,2.161452800096712,-0.565885887156558,-1.2381939391297756
3738,0.525,0.99897990973275,0.006821319545919089,0.0020067239154500554,-0.04459352653834675,0.002176286466384784,0.020090891822585787,9.71762480060383,0.011140637703517513,0.001860432901858587,-0.009519236129109886,2.160508013851592,-0.5712984611956445,-1.24254430101327
3739,0.533,0.9989794149468395,0.006821893763460377,0.002003723205421232,-0.04460465638547752,0.018081941964346166,0.015924168298424593,9.755521693846914,0.010261299207367127,-0.0003734288024704743,-0.011259562518116717,2.163920571343024,-0.570803248224889,-1.2417915817831944
3740,0.542,0.998979176399889,0.006826616241109414,0.002000781761683546,-0.04460940822784684,0.0035140287809095282,0.03906181173535777,9.787270307813792,0.011277701556365592,-0.0003254499722672408,-0.00972060669379628,2.1587755702494205,-0.5756626615611813,-1.2393414722943084
3741,0.550,0.9989794269871863,0.006829217322755056,0.001997143920466776,-0.044603561105281374,0.014502753331531445,0.046277619521361626,9.760840325491882,0.010774513615109048,-0.0005157299406063658,-0.007184055261407104,2.1593461676089043,-0.5723514706877574,-1.250600015315184
3742,0.558,0.998979699659543,0.006820878474794237,0.0020107211835116174,-0.044598119750547165,0.025333022718117246,0.05335544172724697,9.734410171977984,0.007963626528865224,0.003566240953533077,-0.007323892002858065,2.1658700241104483,-0.571531001270692,-1.2412821045416877
3743,0.567,0.9989794250211431,0.006826000492348466,0.0019894984137754433,-0.04460443921592428,0.014418397629646001,0.0478353485279649,9.760832941831097,0.011552682385337031,-0.004696759917308299,-0.010122288926034896,2.159048122516091,-0.5776527850813294,-1.2432271144046148
3744,0.575,0.9989794745807882,0.006834910555451365,0.0019957147790271076,-0.04460168703661803,0.045098992249503894,0.021522160481209467,9.766986314565045,0.012156393285478274,0.0019061551373362926,-0.007981316781265489,2.1536359738102027,-0.579796639760952,-1.237630685643138
3745,0.583,0.9989792087636442,0.006829093779441606,0.001992000269644356,-0.04460869725783583,0.04139751712542338,0.050955538253537436,9.772296571207118,0.008741558073885877,-0.000615790683230399,-0.010262447729187501,2.17291789179505,-0.5700245011748918,-1.2368500399057714
3746,0.592,0.9989789981309213,0.0068339218823031895,0.0019985683639239912,-0.04461238089973081,-0.005208520639708519,-0.008004771062948285,9.738727824078325,0.011139760175821179,0.001855987886521308,-0.009520692409013076,2.1661567685154455,-0.5747603161723697,-1.247109142203695
3747,0.600,0.9989789904903625,0.006832313679140754,0.0019948847625240215,-0.044612963176979194,-0.00891210139970564,0.021422639224788577,9.744035488288931,0.00975801888842067,-0.00056754715117437,-0.0087234694029357,2.1634053306998027,-0.5736980350431305,-1.2381054905122502
3748,0.608,0.9989792356109931,0.006824209147556082,0.001999734009451443,-0.04460849752545274,-0.008946515550153427,0.02214709834409568,9.744033836282442,0.008100584009321406,0.0013788327219403102,-0.007525511692081185,2.16046492911346,-0.574904775694718,-1.2366505789376883
3749,0.617,0.9989790177287621,0.006828818279642365,0.0020058649025071883,-0.04461239608645808,-0.0469584784539779,0.015307130161098883,9.758989062247784,0.011139547919388522,0.0018544464426663249,-0.009521089081384028,2.1653906789436173,-0.5715425908170999,-1.2425062894100543
3750,0.625,0.9989783150403616,0.006835693357595992,0.002012902192162573,-0.04462675879118578,0.0030720511265927134,0.04744769142483661,9.787233395493821,0.011642574605091785,0.0020420105857259668,-0.012058061022054596,2.1566144282506037,-0.5703381680747939,-1.244290989097252
3751,0.633,0.9989790906101158,0.00683576860328197,0.0020268359466496127,-0.044608751691058934,-0.009472922649308643,0.02472960370657956,9.744027128059251,0.009995113641941025,0.0036621309041971507,-0.004247556911838455,2.1638687668973695,-0.57146841772009,-1.234705058383025
3752,0.642,0.9989854440385749,0.00668892976326748,0.0021105042057059363,-0.04448467814508103,-0.016825608412419625,0.08263653868030349,9.75461501811769,0.00837697052405219,-0.0029927333014936252,-0.007925593380271358,2.161465461789259,-0.5634608163069748,-1.2399259792931605
3753,0.650,0.9989854399496451,0.006687232240701071,0.0021068735703443304,-0.04448519728327763,0.040825682698672254,0.057445354545651,9.77226298265366,0.00975812437983989,-0.0005704523998791172,-0.008723632432194414,2.1563414015489917,-0.5751836739553967,-1.2403404472611639
3754,0.658,0.9989854161116548,0.006685299244389343,0.0021123883823485805,-0.044485761604801735,0.013855078003957461,0.05690755486590215,9.760785079239184,0.009619732465535645,0.0016139907771043445,-0.008523957791498414,2.169012836065195,-0.5800361335638445,-1.2370276862676974
3755,0.667,0.998985201767723,0.006689815197256294,0.0021185710895105384,-0.04448960191176798,0.028331021993418592,0.03546786488296387,9.729059442033233,0.011139135542004169,0.0018511723182418618,-0.009521901050956794,2.158269930407185,-0.5688038530676146,-1.2369687104101172
3756,0.675,0.998985479846334,0.006681953175226757,0.0021146602292025237,-0.04448472513200764,0.051539363821398905,0.06617247839642174,9.745816003044789,0.008238753503817193,-0.0008095348731213843,-0.007725848060138925,2.1629082919563523,-0.571489278903624,-1.2369093050212017
3757,0.683,0.9989857337187394,0.006684464768567271,0.002111063378268394,-0.04447881707738393,0.024665769290430975,0.0656095480402553,9.734337007237103,0.010774518333163821,-0.0005218619334879928,-0.007184704322056307,2.162170451108338,-0.5727029732830564,-1.2361707005521672
3758,0.692,0.998986031512364,0.006676162152280512,0.002125384310278777,-0.04447269323561188,0.020934514680677505,0.0029152817458014397,9.750204210822488,0.00796139033408588,0.0035595025542356578,-0.007327165303171005,2.163957573662569,-0.5776875537205527,-1.2468532671270869
3759,0.700,0.998985847195349,0.006691274260390304,0.002132294503241711,-0.0444742315539576,0.027978987334223646,0.03866815410599045,9.729048269390935,0.013674659242782227,0.002137192185388562,-0.00898119040196743,2.1582037643821526,-0.5706711273958401,-1.2279176129847542
3760,0.708,0.998985544089797,0.006675316579450413,0.0021098949087738606,-0.044484505073689416,0.028103211057398717,0.039487682538977616,9.729044616165995,0.006483824481845727,-0.00528289575944038,-0.011202507812394872,2.163633691385187,-0.5695269702948547,-1.2359460013423926
3761,0.717,0.9989855399398774,0.006673618302872161,0.002106248759067198,-0.04448502586202152,0.01738724892584993,0.03386016036673403,9.755477190915371,0.009758082782436329,-0.0005742273883000403,-0.008724070272883617,2.156076055488168,-0.5722263035865535,-1.2374405689344785
3762,0.725,0.9989855442860799,0.0066719932639844725,0.0021028852214533176,-0.04448533114494257,0.01743145987460102,0.03465471413047219,9.75547432185388,0.009758047850723827,-0.0005747026613210156,-0.00872415906891839,2.160222867668796,-0.5707568900392578,-1.236935890128976
3763,0.733,0.9989857980926771,0.006674503944848764,0.0020992795261478023,-0.044479424813037426,-0.005764752258116686,0.005552397904471239,9.73872921735296,0.010774389456741078,-0.0005240510866528607,-0.007185153120107871,2.162174664199044,-0.5634306834863145,-1.2367470249485537
3764,0.742,0.9989860729566814,0.006676752851744292,0.002105139672897657,-0.044472636495970955,0.017425482662202594,0.03636175530274796,9.755468119772365,0.010635229039633275,0.0016605131601030642,-0.006986356302075198,2.1624133089259403,-0.5653767667301131,-1.235994328186298
3765,0.750,0.9989867820489993,0.006666487729559207,0.0021001458404457827,-0.044458481982476615,0.006448256386798537,0.03082716721828717,9.781903422840479,0.00773576314838598,-0.000999230954230891,-0.005189092309965914,2.1621758218745124,-0.5724657973894456,-1.236905387695184
3766,0.758,0.9989861037148982,0.006673178324760665,0.0021073607679380083,-0.044472376889110966,-0.009570578312499967,0.036535030020662655,9.743989920558523,0.01164095932388625,0.002031065494547927,-0.01206096656715692,2.1602620273660094,-0.5722726617721846,-1.24229269121311
3767,0.767,0.9989868778313413,0.006673153143770809,0.002121350126537375,-0.04445432286684824,0.020810046833528717,0.010195362111129001,9.750199583725765,0.009992757505689464,0.003658891760677947,-0.004250889689516366,2.161208428777435,-0.5693037018569334,-1.2381632739546784
3768,0.775,0.9989860951076243,0.006669593811165003,0.0021092247582288615,-0.04447301958418082,-0.0061547203583132495,0.009615109452913873,9.738725814381237,0.009384167578510714,-0.0026291616091465016,-0.012999151494418855,2.1641109977830846,-0.5731750071609961,-1.2344429256652307
3769,0.783,0.9989863662574398,0.006671924788019511,0.002114733185319321,-0.04446631708310201,0.00616228615632627,0.03410621113927673,9.781892725396558,0.010634884480540029,0.0016586398247435139,-0.006986957830688133,2.168471537964038,-0.572642707641736,-1.2297770981070872
3770,0.792,0.9989869483444914,0.006668321508533709,0.0021112959482410855,-0.044453941951625664,0.03171603528272084,0.01888325965217929,9.723756506749098,0.009255159694729512,-0.0007637400891794951,-0.006187226224441114,2.166824857179609,-0.5756533899240551,-1.238306085202905
3771,0.800,0.998987477072259,0.006674861245168496,0.0021168490402171053,-0.04444081266473396,0.03892444114181478,0.05458927047649672,9.70256429701535,0.011651097080817746,0.0017097295189208957,-0.005448113440195102,2.1643697645699493,-0.5680668283846855,-1.2364428005602204
3772,0.808,0.9989872772298308,0.006668874996932793,0.002122711601422628,-0.04444592371255227,0.02414090253661116,0.07772329608891573,9.734249137338777,0.008602082873320647,0.0015531822339062507,-0.010065514604128408,2.170274925313738,-0.5747185938053017,-1.2426845867372023
3773,0.817,0.9989875308554516,0.0066713854773685416,0.002119089630689841,-0.04444001879250906,0.04006864357688167,0.07362302648213631,9.772157626261919,0.010774449772515455,-0.0005281019579977929,-0.007185447894644667,2.1660304341634435,-0.5692248929413605,-1.2298273948479113
3774,0.825,0.998987335656352,0.006676572413744054,0.002098496337176414,-0.044444604758620034,0.04989689504678336,0.06337096275843028,9.676107216832879,0.011556986689686414,-0.004714449191646637,-0.010118827186036728,2.1656026562247965,-0.5719891276929427,-1.238105653253556
3775,0.833,0.9989881091112174,0.006676541569741094,0.0021124787152802353,-0.044426558281495186,0.0171006307045967,0.04544186263571679,9.755430624254469,0.009991574211753887,0.0036570662159873344,-0.004252701824284033,2.153887534391221,-0.5756557078333367,-1.2386447967545071
3776,0.842,0.9989873595599773,0.006672959904856142,0.0021095023478355313,-0.04444408898085024,0.03162095343471611,0.023905376871470634,9.723745766683342,0.009244577542607872,-0.0004503740850429253,-0.012801294494977283,2.1650737317664,-0.5663208344859929,-1.2325477018513913
3777,0.850,0.9989870975622526,0.006667050567886966,0.002105772521694544,-0.044451041190940156,-0.0024911602555114966,-0.011607166766088344,9.733479920214357,0.008741677260326462,-0.000634911991589823,-0.010264011330912318,2.1614164640735893,-0.5751164545862316,-1.2332233989593828
3778,0.858,0.9989873872313255,0.00666989076671786,0.002093689019704104,-0.044444675453639344,0.024566852101196038,-0.009412874045724403,9.744952451478726,0.010914464206408622,-0.0027151748166675876,-0.007383530191855745,2.16364421264417,-0.5722263035865535,-1.2373852436128854
3779,0.867,0.9989874003080038,0.006668007640687354,0.0020991305072495525,-0.04444440742178797,-0.020682711189820874,0.04093180231392166,9.770389204264577,0.009617620736201092,0.0016019171448954169,-0.008527646743641051,2.158807998175729,-0.5713100507420522,-1.2437774093206027
3780,0.875,0.9989878649324707,0.006664141987547479,0.0020948249041156464,-0.04443474583987893,0.00860065728828413,-0.002951977601734052,9.707036817945433,0.009255101294448481,-0.0007671394074625998,-0.006187700346176668,2.168304158922666,-0.5724982481193875,-1.2402784938801337
3781,0.883,0.9989876503767157,0.0066686449559386326,0.0021009512050021374,-0.04443860453811825,0.03307647055620682,0.04533833108132785,9.793324849051565,0.011136606283607412,0.0018372282922868223,-0.009526307507835799,2.157296895438251,-0.5697850073719994,-1.237454823969005
3782,0.892,0.9989878790352497,0.006660583736241786,0.002096788074656244,-0.044434869693932635,0.01333141283876798,0.0795667570514965,9.760627397142592,0.00823880092201241,-0.0008209694770494148,-0.007726835848772624,2.1564130230607232,-0.5718585756262836,-1.2501378210662908
3783,0.900,0.9989876945258594,0.006675682097482105,0.002103651742557991,-0.04443642766681294,0.03166118159463704,0.029541904523526494,9.72373014795555,0.01367185739454166,0.0021255524126554725,-0.008985963055216912,2.1651092205842697,-0.5692967481290887,-1.2374023496543174
3784,0.908,0.9989873388034525,0.006659245004293006,0.0020898026231759605,-0.044447543142058725,0.006090980160546433,0.04643298443050983,9.781842021817187,0.006346823074815383,-0.0031139129691399488,-0.011002136393837065,2.1553872801322433,-0.5608078412009073,-1.243413816188619
3785,0.917,0.9989875922192795,0.006661753213363852,0.0020861620268825395,-0.0444416422294362,0.020904019064882328,0.024798184592896965,9.750173177936096,0.010774139093698018,-0.0005326530568010808,-0.007186441507889589,2.1567260269730864,-0.5770022721887095,-1.22615919539054
3786,0.925,0.9989875699436196,0.00666006899977408,0.00208270051628843,-0.044442557730403905,0.028157707485828395,0.06047242698248122,9.728936655887592,0.00975777426216451,-0.0005866763306335839,-0.00872561159595029,2.164130425134745,-0.5761300596205581,-1.2371004655811535
3787,0.933,0.9989878406434406,0.006662391668748954,0.002088181490492211,-0.04443586706559279,0.017171250063316518,0.05505043921528051,9.75538101039043,0.010633229078857947,0.0016518028277734478,-0.00698979430882732,2.1612101456083717,-0.5702825382520365,-1.2383981256638368
3788,0.942,0.9989878401099952,0.006661024684924459,0.0020756498362101707,-0.0444366711205011,0.03909065911330173,0.06838392326127082,9.702476208658537,0.009898695219014462,-0.0027730119325352198,-0.008922422662030298,2.1614718716221666,-0.573967661666683,-1.2408028042513626
3789,0.950,0.9989880933613651,0.006663532044108592,0.002072002448358298,-0.044430771642816405,0.02107911313910522,0.02814022923038516,9.750163728174229,0.010774010505849384,-0.0005343160571444145,-0.007186799114350127,2.171750759506713,-0.5700940384533386,-1.2441826563014151
3790,0.958,0.9989883730993422,0.006665847549258161,0.002077602777525024,-0.04442387258534564,-0.005888317530053737,0.027580275918148937,9.738691672202897,0.010632925443350974,0.0016505528803876753,-0.006990337731430269,2.1665629956129737,-0.5739213034810517,-1.2358828638365846
3791,0.967,0.9989881283258315,0.0066597492253876005,0.002082962889894627,-0.04443004017448845,0.009962651314860597,0.02354970633107773,9.776610736883566,0.008600236190136534,0.0015419411904516787,-0.01006856992823105,2.161188526990833,-0.5731842787981225,-1.235440834312974
3792,0.975,0.9989884403713138,0.006662281508702486,0.002088935266820015,-0.044422363276171814,0.027964792846786313,0.06540769533784097,9.728905284773832,0.010632836777174803,0.0016498371825595481,-0.006990499009629435,2.161466839738093,-0.5693222451311859,-1.240114474055332
3793,0.983,0.9989884186775744,0.006660766457769071,0.002076098012093825,-0.044423680119042276,-0.0010618559501339197,0.018929510280933818,9.80305926522954,0.009899049256919151,-0.0027756006337726893,-0.008922217792311952,2.1645939291087326,-0.5729239238116961,-1.2337093048413255
3794,0.992,0.9989884316684376,0.006659134717116706,0.0020727524147357975,-0.04442378883979156,0.020946574589876026,0.03221243312870826,9.750151409924191,0.009757661557672373,-0.0005907313134417082,-0.00872612210909759,2.160976498877338,-0.5734701307866459,-1.2398345169274245
3795,1.000,0.9989881996373703,0.006663817903637251,0.0020697222512367683,-0.044428445460493134,-0.016872908547375432,0.025384708792339287,9.765133086440066,0.011276557211908244,-0.00035571733088264395,-0.00972493768774976,2.157279049364686,-0.5697618282791839,-1.2350135929834463
3796,1.008,0.9989879607044969,0.006668574269395991,0.002066847038697314,-0.04443323787440156,0.028194127767657742,0.0688120898305162,9.72888113968452,0.011276514097341357,-0.0003563318583249246,-0.009725052665608781,2.157531987894539,-0.5714823251757795,-1.2362161988569869
3797,1.017,0.998988213823705,0.006671080605018776,0.0020631863325955885,-0.04442734053533463,0.02104261604541595,0.03488379994867353,9.75014201212089,0.0107739001345475,-0.0005375616990566848,-0.007187320793945081,2.162644696614675,-0.5690224856869732,-1.2342489140983732
3798,1.025,0.9989879884127528,0.006675829845526191,0.0020605144553320753,-0.04443181948891028,0.0173228939172042,0.06437012884716012,9.755323698921291,0.011276422841393604,-0.00035757595182279653,-0.009725276180103428,2.1646101091836765,-0.5712358776450424,-1.2359226376597738
3799,1.033,0.9989882114533611,0.006667740310653973,0.0020561047532456317,-0.04442822357025175,-0.005797531331423923,0.03511809002183934,9.738667460825921,0.008238646023005967,-0.0008286935914257993,-0.007727724384320292,2.160204547160289,-0.5775693403471933,-1.2344297594176354
3800,1.042,0.9989880446154511,0.0066832715547690364,0.0020542658417120933,-0.044429726406705616,0.017398243717927076,0.06606212358857351,9.755312255321952,0.013811508964750842,-6.83571486063757e-05,-0.009185309421922087,2.1673117474343884,-0.5697919610998441,-1.2381140210651467
3801,1.050,0.9989880574341505,0.006681377846301301,0.002059662240870989,-0.04442947316220937,0.021091229083080427,0.03842602417509046,9.750128589755159,0.009615543576583714,0.0015909194478748805,-0.008531216502465144,2.1604523351973337,-0.5763533280584795,-1.2349278101637007
3802,1.058,0.9989883395628095,0.006684045816209409,0.002056412731900881,-0.04442287829198248,0.03197820646991193,0.04548305693156668,9.723667609977548,0.010773818501828715,-0.0005397156501946641,-0.007187667165334438,2.16118512721717,-0.5707383467650053,-1.2349757665893555
3803,1.067,0.9989883349742373,0.006682341629429725,0.002052678992191699,-0.04442341054786504,0.01732591584423963,0.06868123350742598,9.755294293364317,0.009757465000776908,-0.0005955895519453968,-0.008726807794488412,2.1572681214471814,-0.5729216059024147,-1.2335187223765691
3804,1.075,0.9989885686766743,0.006674400682111908,0.002048641094105451,-0.044419535100357066,0.024910138216699573,0.012233628441149528,9.744948445499277,0.008238630303693612,-0.0008310321663099168,-0.007727947893926359,2.16610057606171,-0.5615031435167686,-1.2394223668067703
3805,1.083,0.9989883189246376,0.00667927240500614,0.0020364609731750327,-0.04442497944818414,0.02504637590607308,0.013033615918781744,9.744947061100358,0.011418376918370334,-0.002547082243053943,-0.00992113172315793,2.166078330512283,-0.5734376800567041,-1.236379315103982
3806,1.092,0.998988131667102,0.006683454724960262,0.002052084972499294,-0.04442784226674296,-0.0057028872937529,0.041058264712437176,9.738644286440234,0.01099147496921208,0.004008924053272816,-0.009336043613535345,2.163861475970998,-0.5736563126760624,-1.2337077053626575
3807,1.100,0.9989878993065376,0.00668813527365761,0.0020490260988523454,-0.04443250361750396,0.013906902179706443,0.008631677978869488,9.771405474377229,0.011276182914643771,-0.0003627656605653077,-0.00972608685001804,2.1587307347921416,-0.5787783989080625,-1.2332082628148693
3808,1.108,0.9989884807796429,0.006705811434568359,0.0020466681817012727,-0.04441687192880335,0.021084522637204457,0.04448370011464029,9.750102851762183,0.014325086824893253,-0.00019546717190251913,-0.005109059713683831,2.157749030948002,-0.5760860193442086,-1.2325085285912176
3809,1.117,0.9989886864618213,0.006697913315568519,0.0020331119243148996,-0.0444140600981926,0.021212672127734044,0.045407296398471374,9.750098312693947,0.008381134322291279,-0.003019175487655846,-0.0079228968537591,2.163875956159111,-0.57074530049285,-1.2356885043192967
3810,1.125,0.9989887520112966,0.006706826902832906,0.0020396821907100976,-0.044410939242142795,-0.005662619537747517,0.04475361948035324,9.738628029545708,0.012149713926558364,0.0018770233207946443,-0.007992822692764998,2.161436281139667,-0.5724565257523194,-1.2359342493643404
3811,1.133,0.9989885073365966,0.006700718886018424,0.0020449912046858255,-0.044417120424250923,-0.0020247217108076768,0.017003493802249393,9.733472097398819,0.008598327288055692,0.0015293292200157106,-0.010071880424071736,2.1565356174771315,-0.574386383631147,-1.2335101693558534
3812,1.142,0.9989887698857759,0.0067034176041137076,0.0020416152275100894,-0.04441096308111965,0.013924558669053162,0.013072441823488488,9.771400517035831,0.010773654124497234,-0.0005439586188079179,-0.0071883624003270825,2.1716809734346523,-0.5726890658273671,-1.234636359136892
3813,1.150,0.9989885199992163,0.006708290475854743,0.002029414564683297,-0.044416407162126886,-0.016652193600067443,0.041070912864048355,9.765080090000763,0.011418804252929472,-0.002552140687438715,-0.009921028052986372,2.1765656603515056,-0.5695176986577285,-1.2348749204951228
3814,1.158,0.9989884089759623,0.0067234879271038505,0.0020372050071354353,-0.04441624970130891,0.021207128142763387,0.04979969785074282,9.750076882617952,0.013667956135562313,0.002109499493366968,-0.00899276216222248,2.1612192719744145,-0.5673645723409796,-1.2396465553248084
3815,1.167,0.9989881642982352,0.006717378103106826,0.0020425035616413105,-0.04442243355179508,0.013917253510584695,0.015907133333910032,9.771396322811064,0.008597978172898705,0.001526688532345482,-0.010072531758624171,2.1619243799022296,-0.5748978219668733,-1.2359075015152605
3816,1.175,0.99898843071513,0.006719706843338866,0.002048117340625809,-0.044415831103576095,0.020923133428504527,0.05148859352463439,9.750068721534436,0.010630541660562851,0.0016399407711575804,-0.006994544557636621,2.151653121826157,-0.5717009577951377,-1.2335713594325624
3817,1.183,0.9989879407757005,0.006720176042882423,0.0020449648214704384,-0.044426923566206845,0.03179575318106053,0.05854247531111804,9.723598351757238,0.010259716043956904,-0.0004259373803416189,-0.011265935824783411,2.1543531449105613,-0.5678134271261038,-1.2355417982128725
3818,1.192,0.9989876724368836,0.006724873045618607,0.002041917972087373,-0.044432386528899,0.02089756087891575,0.05321557283446025,9.750059503846481,0.011275960380040138,-0.0003694733072191026,-0.00972701195969384,2.1699984480061487,-0.5778505565171537,-1.238262023635448
3819,1.200,0.998987685020416,0.006722971441729462,0.0020472763745818484,-0.044432144805204674,-0.0060729410355533945,0.05254897004133366,9.73858883739654,0.009613985651845089,0.001581528322219145,-0.008534046695476184,2.165545260739602,-0.5760651581606745,-1.230254310694828
3820,1.208,0.9989879547129018,0.006715454168600724,0.0020344013690515765,-0.04442780913924471,0.024698205089936243,0.026205268273556525,9.744921429676708,0.00838215898895081,-0.0030243546394299104,-0.007922229155033388,2.1644104716570483,-0.5730027327272692,-1.2420112748800196
3821,1.217,0.9989877393149336,0.006719936060749488,0.0020404361193301357,-0.04443169789937787,0.04073872684527347,0.02232374539732238,9.782852833923144,0.011132345440435277,0.0018146641357232038,-0.009533727390576053,2.1653214859152348,-0.5655930814401898,-1.2330411169027582
3822,1.225,0.9989880142020551,0.006722189212467339,0.0020461979938305066,-0.044424911103982716,0.055323325553350525,0.0008166889230729825,9.751258476535444,0.010630015005266374,0.0016376881290046557,-0.006995444332733856,2.1602617562603275,-0.5761787357154708,-1.2422556056555205
3823,1.233,0.9989877348494907,0.006716469769064588,0.0020332226845189687,-0.04443265307902148,-0.0022663015385399566,0.027150697142105065,9.733449028913281,0.00888469548103301,-0.002849521001861636,-0.010460478265773605,2.160914240949121,-0.5704594485043267,-1.2313180226461597
3824,1.242,0.9989877682887226,0.006714502933662809,0.002047883612245566,-0.044431525211075344,0.024611022557378598,0.029426126872706074,9.744912457393394,0.009469795465486456,0.0037649536581849568,-0.008341484374918183,2.1606429310784447,-0.5762837907800329,-1.2276023325192302
3825,1.250,0.9989879915127324,0.006706412281247716,0.002043424732295682,-0.0444279333644368,-0.017158188360659014,0.05101397491800382,9.765032330359642,0.008238813579678803,-0.0008407601516130393,-0.007728693016716626,2.1641628530610535,-0.5717774488014291,-1.2415364026074478
3826,1.258,0.9989880393359636,0.006715518644862904,0.0020408190673912446,-0.044425602196840226,0.03164599251576444,0.06576722648372696,9.72355265968674,0.01229211271973382,-0.0003156903335192512,-0.00818856923958582,2.1662835251902433,-0.5687482232448573,-1.231050861347596
3827,1.267,0.9989875663468468,0.006715788153143031,0.002046767154977444,-0.044435922608852374,0.05139045042802339,0.033433731233879244,9.75637055061655,0.010115602352434173,0.0017533028733538831,-0.011073686782472628,2.159536966819276,-0.5693523779518462,-1.2433023518389057
3828,1.275,0.9989876030394941,0.0067244121234562885,0.0020531187097208485,-0.04443350040863524,-0.017328848360133025,0.05366302030729512,9.76501783300368,0.012148065280408571,0.0018690988144668109,-0.007995704062066898,2.1556006014740468,-0.5676040661438719,-1.2391970390995939
3829,1.283,0.998987843396398,0.006716122881283216,0.002057779526951878,-0.04442913439485762,0.02801003413680061,0.005028814120775063,9.739792535002886,0.008094784534886155,0.0013431125242593304,-0.007535905888543536,2.1621601501227206,-0.5668299549124377,-1.234761590297216
3830,1.292,0.9989875361780681,0.0067102587544856235,0.002044879966628514,-0.04443752304352307,0.0062289292462000745,-0.006650866686434584,9.792736437932632,0.008885399235252393,-0.002853713606796214,-0.010460126164442862,2.1616967986456785,-0.567838924128201,-1.2381736116631878
3831,1.300,0.9989877593536803,0.00670216776173133,0.00204041043763546,-0.04443393223712459,0.020576236471526278,0.0636063664198363,9.74999793589756,0.00823886334181011,-0.0008433633480038879,-0.0077289184522421495,2.161222349810081,-0.5744489671817491,-1.2400675839487896
3832,1.308,0.998987809067405,0.0067106443222358,0.00205567099859155,-0.044430831685141586,0.013345667140872116,0.029652363426978266,9.771365078709877,0.012003306351232508,0.004053356630036394,-0.007803743908491978,2.161730723129557,-0.5676388347830952,-1.2428142683830994
3833,1.317,0.9989878043600965,0.006708937432403242,0.002051874587470863,-0.04443137077560994,-0.006617694243914146,0.06375840082441772,9.738521545461046,0.0097574284642394,-0.0006109228361975955,-0.008728438364782511,2.1614668736263036,-0.568833985888275,-1.240119109750031
3834,1.325,0.9989875314358749,0.006702628648851302,0.0020570148503950567,-0.04443822110254837,0.009335821732780908,0.05988265439288544,9.776456323932054,0.008596672662286654,0.001515560274560641,-0.010075133278911257,2.166135353227167,-0.574732501260991,-1.2441796650210242
3835,1.333,0.9989880121262166,0.00669874779199001,0.0020526152776718025,-0.04442820249180374,-0.0028631099893643348,0.03663133526887461,9.733417808892042,0.009255223308114267,-0.0007860688711193243,-0.006189878090489219,2.16320205618204,-0.5764367727926155,-1.2436966101459868
3836,1.342,0.9989880272508335,0.006696924661882162,0.0020577694056775186,-0.04442789883209332,0.024017305209175596,0.038961646441701324,9.744880479298878,0.00961275963361395,0.0015735712958297593,-0.008536324602709058,2.1695300646450324,-0.5742141091974199,-1.2409857148053893
3837,1.350,0.998988279981857,0.006699427394065984,0.0020540431804695293,-0.04442201073899843,0.0008928163090209796,0.009627388801395976,9.728322410457166,0.010773660668746578,-0.0005535694632652938,-0.007189549832327629,2.1587651675991726,-0.5712544209192948,-1.237918454955261
3838,1.358,0.9989885552839574,0.006701789457924601,0.0020595938430390207,-0.04441520576261946,-0.02098844587339414,-0.0018533035551722182,9.78127332944461,0.010628839173138688,0.001631814208713255,-0.006997529786642443,2.165157574423947,-0.5669180354651369,-1.2440168517888204
3839,1.367,0.9989883561885173,0.006706061946199819,0.0020747166060327846,-0.04441833499742452,0.01661512997440414,0.0067721845985250625,9.766262797358525,0.010986156427145153,0.003990855858977776,-0.009344339017532396,2.1621674410490925,-0.5646420599564654,-1.2357589433175835
3840,1.375,0.9989883114921119,0.006704300445814695,0.0020618906038278825,-0.04442020334048026,-0.010347645213617,0.006046919012194351,9.754796215131659,0.009902549715823819,-0.002800239869664446,-0.008920501973150499,2.161732253575338,-0.5713030970142076,-1.2430236237714152
3841,1.383,0.9989885513938338,0.00669600718250195,0.0020665303829527394,-0.044415843164775884,0.03461870754602317,0.04929278832627352,9.718386508235438,0.008094094307463922,0.0013380852630529422,-0.00753725153284408,2.1595014271690918,-0.5671088531731164,-1.2384407504939314
3842,1.392,0.9989887819453366,0.006698384505519002,0.0020627087955394354,-0.04441047652091075,0.03074031421950054,0.07865536009236383,9.723459850838958,0.010773710270892497,-0.0005555791746663295,-0.007189701930256237,2.1612614247867685,-0.5771853870219525,-1.2454127957961767
3843,1.400,0.9989887939223451,0.006696473779149538,0.0020680198504531284,-0.04441024825872938,0.05053586546034633,0.04630438162696957,9.756322418732964,0.009612347385271511,0.0015700621073214411,-0.00853720732002363,2.1587599493299434,-0.5692944302198072,-1.237204628438388
3844,1.408,0.9989885346138222,0.006701392210812753,0.0020555860700977174,-0.04441591627416918,0.030728374755183956,0.08033781991735413,9.723446133772745,0.01142113949918157,-0.002569444420038393,-0.009920172523014185,2.1602443846217043,-0.5693199272219043,-1.239879274395743
3845,1.417,0.99898784997458,0.006707832911721342,0.0020712882710447653,-0.0444296111359723,0.04665353279801903,0.07669605505434159,9.761383345648303,0.011487276860440815,0.004160308355103746,-0.011884763465587258,2.158748885859598,-0.574407244814681,-1.2356912150527164
3846,1.425,0.9989885700338123,0.006697428474649061,0.0020754111001568373,-0.044414795534727596,0.043220205667300934,0.014118768709155082,9.777723574236528,0.00759165131564213,0.0011633858806392255,-0.004998928982331372,2.163243457977446,-0.5713633626555281,-1.2493601162071086
3847,1.433,0.9989888061172444,0.006700135360511329,0.002062539770225336,-0.04440967651638912,0.02343298153904591,0.04803714534683915,9.74484139132323,0.010919248302206051,-0.0027434732398371737,-0.007381143750329047,2.1582984332925736,-0.5695733284804858,-1.2408677264449637
3848,1.442,0.9989885161997157,0.006694049481261102,0.0020582347838955487,-0.04441731500448521,0.020365258783517304,-0.0145171805289439,9.761192557009933,0.008741356114812927,-0.0006786885127226191,-0.010268185218614076,2.162903005910703,-0.5705058066899579,-1.2361862071149312
3849,1.450,0.9989887392271525,0.006685958308194497,0.002053731786890194,-0.044413725858046704,-0.010342312292355627,0.013170417862144687,9.754789202945789,0.008239199431278765,-0.0008512342050204312,-0.007729343972969033,2.1597543487548405,-0.5690734796911673,-1.239641038520123
3850,1.458,0.9989887442063116,0.006684021972753721,0.002059209153878621,-0.04441365169658661,0.016540326649980057,0.015499920993937814,9.766252971279938,0.00961174107500412,0.0015668258800074673,-0.008538259156183886,2.163202632281612,-0.5681363656631322,-1.2437754169558641
3851,1.467,0.9989894688479287,0.006673552279951927,0.0020632426854809744,-0.0443987371500771,0.01256668189887922,0.04479856770045301,9.771308406835438,0.007591334473879181,0.0011621942057087782,-0.0049994745595248954,2.1602496198350387,-0.5710357882999367,-1.2405954187599653
3852,1.475,0.9989899307700466,0.006669540987635237,0.0020587013182564104,-0.044389156242872894,-0.010499795181898787,0.015278143201100325,9.754785961753512,0.009255412986897488,-0.0007916394505476286,-0.00619030999275864,2.1633838645792096,-0.5744026089961181,-1.2351690597875313
3853,1.483,0.9989897016349666,0.0066632098136084955,0.0020730366433404372,-0.044394596307835266,-0.0144836930074944,0.044595023283094976,9.759836896101683,0.00844956938208609,0.003690652355481604,-0.009886845537301832,2.166835734264799,-0.5732260011651905,-1.239794002267734
3854,1.492,0.9989889984838997,0.006681237290511617,0.0020533308920649713,-0.04440862313392812,-0.021508620919504194,0.010781134833514661,9.78126643667509,0.014604326738123695,-0.004296097044848912,-0.012110544835344223,2.159077116780527,-0.5713425014719942,-1.2471933480125923
3855,1.500,0.9989892544636385,0.0066727318542666725,0.0020670749668136768,-0.04440350568217619,-0.014435296635880054,0.046447107089480535,9.759828329186536,0.007947067007172827,0.003518235257317553,-0.007348378024301681,2.159673753374011,-0.5731193773382389,-1.2286160956801686
3856,1.508,0.9989885213087648,0.006668860891311215,0.0020729518205618775,-0.04442030457448385,-0.010777913703415356,0.01854072974588897,9.75478000287451,0.009097386796682221,0.0016738157443119898,-0.01261709973208721,2.1636404739884063,-0.5746629639825442,-1.23687381894228
3857,1.517,0.9989887904333923,0.006671154893373622,0.002078323223666245,-0.044413656158829744,0.026910047682333602,0.027114384600672715,9.739759194246844,0.010627472935051504,0.0016249688228440735,-0.006999955385388438,2.1570546306643266,-0.568566677174004,-1.237712320992101
3858,1.525,0.9989890588560032,0.006673520235137901,0.002083869898178066,-0.04440700282518661,-0.004010935142982785,0.05494982844192628,9.733331225201129,0.010627443761469579,0.001624512671939814,-0.007000041009691109,2.161468505736715,-0.5710334703906551,-1.2403423722224427
3859,1.533,0.9989893115453311,0.00667602212153491,0.0020801086532302505,-0.04440111817071368,0.03376563754633206,0.06359212673072755,9.718306462922792,0.010773816593342317,-0.0005619454917858804,-0.007190365572633007,2.1579721564200525,-0.5701990935179004,-1.2296328950571374
3860,1.542,0.998989049239328,0.0066701810753094955,0.002076490841206257,-0.04440806649824881,0.0459303490644662,0.08847327388470792,9.761287133358087,0.008741607663343982,-0.0006856150151117026,-0.01026863852697835,2.1583247279679796,-0.5764437265204602,-1.2444646731975209
3861,1.550,0.9989888330399047,0.006674645843338832,0.002082437719795881,-0.04441198056357241,0.04587795632056728,0.08928525437209309,9.761279987865237,0.011129279403816061,0.001793507584600055,-0.009539650737853256,2.160951683815397,-0.5709963838421502,-1.236439972021135
3862,1.558,0.9989885985429797,0.006679408147117837,0.0020791487817645917,-0.04441669312635869,0.0766091837113111,0.0632401946952051,9.767707415835009,0.011275887775956273,-0.00039313055135265683,-0.009729728184871481,2.1671121437959684,-0.5710705569391602,-1.2442072939800908
3863,1.567,0.9989887754259428,0.006660934882991743,0.0020647313202452216,-0.04441616151848013,0.038935809530554935,0.056161653702484333,9.782724435924862,0.005852058620057641,-0.003337058533314884,-0.008458460901941871,2.160737701653496,-0.573721214135946,-1.2405663530635358
3864,1.575,0.998989041701648,0.0066632194071119715,0.0020700419965543446,-0.04440958222375655,0.023001058305362716,0.061329530185520474,9.744767829356613,0.010626871840272074,0.0016223943403017738,-0.007001016873974181,2.1639079265945833,-0.5729841894530167,-1.2400618594671589
3865,1.583,0.9989890531673824,0.006661300170618782,0.002075310239099685,-0.0444093663452414,0.030649553189134458,0.004953638923276029,9.734716188241102,0.00961075521727463,0.0015597879143180017,-0.008540188632818089,2.1680599231562296,-0.5739630258481199,-1.2402663714838311
3866,1.592,0.9989888145032249,0.006666283927645699,0.002063199238593372,-0.044414551274776656,0.05760061691287109,0.007459514521012833,9.746179993122642,0.01142273977284749,-0.002581231081209435,-0.009919716118645441,2.157562410940126,-0.5703010815262889,-1.2403778807691839
3867,1.600,0.9989888096247316,0.0066645744863203515,0.0020593339519862875,-0.04441509692832648,-0.03270876099053281,0.015215731563495856,9.807738076014243,0.009757574213428658,-0.0006273218380865071,-0.00873008581264694,2.1624178324868613,-0.577346071909272,-1.236613122961848
3868,1.608,0.9989895219425334,0.006654455647013449,0.002054292185751276,-0.044400823783870884,0.034783786115798826,-0.021217920092403853,9.729697548774725,0.007737491408272233,-0.001028349378811154,-0.0051906179045926246,2.1626746282812137,-0.574921001059689,-1.2383433784374396
3869,1.617,0.9989893191707303,0.006669719409631635,0.0020518539703415165,-0.04440320845482429,-0.021689879700487188,0.02293809357374699,9.78124508073063,0.013809716941824002,-0.00010272417379656475,-0.009191722381562495,2.1584688732255053,-0.5770463124650591,-1.2307850414485488
3870,1.625,0.9989896100652202,0.006672343488791624,0.0020576053674683566,-0.04439600290857981,-0.010846661111699138,0.030061290813021727,9.754751227573793,0.010626333945446303,0.0016199160052863437,-0.007002017879843574,2.1599880971505034,-0.5644211094278254,-1.2382185543406319
3871,1.633,0.9989898328170378,0.00666425203085365,0.0020530624251067745,-0.04439241610607474,-0.04169130325976501,0.05776395118265846,9.748294127717054,0.008239489052508295,-0.0008608097275896167,-0.007730025924044772,2.156808491681798,-0.5717380443436426,-1.237439850565797
3872,1.642,0.9989894155718819,0.006685353933870157,0.002069613770799115,-0.04439786387844564,-0.00012325091707394365,0.037898105842866646,9.728253399003531,0.015032902401032475,0.004499119739136506,-0.009814186883734014,2.1675771951598417,-0.5712845537399551,-1.2410278064759281
3873,1.650,0.9989894563954751,0.006694023125653685,0.0020756266348634597,-0.044395358306241965,-0.0112899942270967,0.03287630343498568,9.754741644311967,0.012144258216468543,0.0018496944278009312,-0.008002630159264064,2.169503498863946,-0.5712497851007319,-1.2373516824952429
3874,1.658,0.998989201048483,0.006688117437985116,0.002072060066383708,-0.044402160316037775,0.03738169837155573,0.0476416452989209,9.71321653930017,0.008741656085985632,-0.0006944458128655745,-0.010269397620472664,2.163451442441286,-0.5779085042491925,-1.244413287669765
3875,1.667,0.9989889683757451,0.006692789131244675,0.002068844392928548,-0.04440684091542184,0.02260522770138283,0.07093557315102755,9.744703564634085,0.011275680092631312,-0.00040062019521412034,-0.00973078014352462,2.162922314653628,-0.5751697664997073,-1.2388275220994087
3876,1.675,0.9989887647077327,0.006697437284486071,0.0020747117829802717,-0.04441044801121662,0.011638052583793648,0.06572802250184373,9.771191188141998,0.011127914687561493,0.0017849556972586258,-0.00954224208736788,2.158980680206855,-0.5721938528566116,-1.2340014293011758
3877,1.683,0.9989890038944857,0.006689132162086423,0.0020792865087435977,-0.04440610517075369,0.02241197320582349,0.0726290195684388,9.744691534902234,0.008091903045072967,0.0013224450786080157,-0.007541528220150467,2.1633965771040704,-0.5712451492821687,-1.2369080534929642
3878,1.692,0.9989892305872224,0.006681155403259295,0.0020750902919123397,-0.04440240233937415,0.04929681511114023,0.07497878345520496,9.756150526672664,0.008239767062636912,-0.0008640932932889704,-0.007730069247327496,2.161938910922657,-0.5712544209192949,-1.2378952540139478
3879,1.700,0.998989968113351,0.0066814845812560196,0.0020707261871363712,-0.04438596023220489,0.03727315991259309,0.05155958062879834,9.713196950233622,0.010271799425318723,-0.0007370874441125141,-0.0046519595483026435,2.1579929956087582,-0.5785273155587624,-1.2324835654299309
3880,1.708,0.998989251173242,0.006677787400832578,0.00207675031624976,-0.044402368223766274,0.026328281093505736,0.04623236498067364,9.739688797704817,0.009095572273567597,0.0016553198212013245,-0.012620987580027845,2.161229759345188,-0.570552164875589,-1.2410811619006026
3881,1.717,0.9989892463446167,0.006676077575278168,0.0020728552693154313,-0.04440291597470352,0.053190430168784164,0.048693464219966676,9.751148800382095,0.00975773375924593,-0.0006345167382152031,-0.008730670881657703,2.1648293265589125,-0.5702269084292791,-1.2325124009815953
3882,1.725,0.9989892717707207,0.006673955583856867,0.0020875585989685013,-0.04440197408862059,0.0261534125873431,0.04778162674444176,9.739681792085893,0.009461323763163446,0.0037374716058677622,-0.008354476557813942,2.1664170488039853,-0.5735605292486267,-1.2493160546396513
3883,1.733,0.9989892669845766,0.006672245996070419,0.0020836597214717676,-0.044402521833250004,-0.007858681579001495,0.012151945213853238,9.749732207176846,0.009757834744336355,-0.0006354492024763623,-0.008730668295603077,2.1565766126140162,-0.5751720844089889,-1.2391180470805911
3884,1.742,0.9989897607523621,0.006668165187050829,0.0020879787537772137,-0.04439182165333044,0.019017185645647607,0.014619724237948668,9.76119512364926,0.009107534167852873,0.0013839196132991918,-0.006003159913827523,2.1670529467593123,-0.5753883991190659,-1.2361095104754578
3885,1.750,0.998988997540192,0.00666463276542081,0.002075411449706307,-0.04441011293680194,-0.01873903662456359,0.007561419221736351,9.776228222855078,0.009392192284937383,-0.002720749921825393,-0.012997391038074197,2.1594993545119494,-0.5712567388285765,-1.2381572239904368
3886,1.758,0.9989897761236877,0.006664679737204358,0.0020896262095641666,-0.04439192163727393,0.00812999575032267,0.01005672887177942,9.787691120184737,0.009974825876488576,0.003634098131135613,-0.004276570979947238,2.163938400472485,-0.5710705569391601,-1.244230494921404
3887,1.767,0.9989895118110248,0.006669785355726763,0.002068123621445033,-0.04439810941432353,-0.0008630151270448643,0.05003687280892078,9.728198496841152,0.011572885369962142,-0.004779448919633382,-0.010106842367487746,2.161938860090342,-0.5719868097836611,-1.2378883004718997
3888,1.775,0.9989892896922252,0.0066741984822651585,0.0020740041043473757,-0.044402169562056386,0.03403686915081298,-0.004535261350881067,9.729722270542823,0.011126902126873619,0.001778776271105193,-0.00954413464180534,2.1612087168272214,-0.5651534982921916,-1.238202677359617
3889,1.783,0.9989900271802008,0.006674527634613879,0.0020696310049018772,-0.04438572859445149,0.037016439247693454,0.05964148032286211,9.71315166925137,0.010271874475170317,-0.0007392728387509208,-0.004652278891278263,2.161698362979669,-0.5710149271164027,-1.2383876027462024
3890,1.792,0.9989900062789576,0.006672678874692518,0.0020658793394073434,-0.04438665175431656,0.015268807467250387,0.04825553684767916,9.766148124826108,0.009757707454654476,-0.0006390429863470135,-0.008731182835349426,2.1567974790437674,-0.5761184700741502,-1.2359333907221735
3891,1.800,0.9989900172822187,0.00667074934620593,0.002071094064780744,-0.04438645111977614,0.053034470486962554,0.05686428185604493,9.751105424540574,0.009608823429438626,0.0015468141998295824,-0.008543940531969278,2.164888388042728,-0.5678621032210166,-1.2405916417074336
3892,1.808,0.9989902819959785,0.006684112410617966,0.0020590409760833403,-0.04437904313002932,0.026161802563067816,0.05608037266159121,9.739637523723434,0.013456458350717522,-0.0024660423114573767,-0.006841062128366941,2.1592745799853827,-0.5751883097739597,-1.2408072772047558
3893,1.817,0.998990051691682,0.006677752474410481,0.002073278271163339,-0.04438452162806601,0.022162118205233224,0.08557480463946479,9.744587019709883,0.00844363850852183,0.003666803850510925,-0.009896255638450879,2.163663995822037,-0.5700546339955521,-1.2400914583231444
3894,1.825,0.9989897263656384,0.006661708090115754,0.0020501968644893852,-0.04439532581305118,0.008326508297841316,0.01678857466984514,9.787681721872984,0.006506173556311702,-0.005374499358393219,-0.011182874738732059,2.1604582142866606,-0.5687922635212069,-1.235732032727198
3895,1.833,0.9989899946691979,0.0066639866314808375,0.002055508612185273,-0.04438870033417644,0.026321760318485446,0.058277106698652,9.7396241942991,0.010624389960385106,0.001610461914799479,-0.00700557467533046,2.159698280386165,-0.5797433278474763,-1.2319712371815192
3896,1.842,0.998989564746912,0.006675103549229232,0.0020625001911222674,-0.044396380622121465,0.007172399742594773,0.00027878957286605824,9.718261415536697,0.012643894187965068,0.002004419553943095,-0.0105463640190857,2.154857559300908,-0.566613640202361,-1.2377469259610356
3897,1.850,0.9989900742952105,0.0066818124534004505,0.002058782177502225,-0.04438407662589574,-0.011696530229830733,0.05238829074668237,9.754655889076485,0.011789639882104345,-0.0005112472073330212,-0.00565347296683427,2.1692678811404007,-0.577120485562069,-1.2385184543394319
3898,1.858,0.998989825318402,0.006686753697474048,0.0020465809306832046,-0.04438950035529639,-0.007616023639925633,0.024726547865919924,9.749708619090054,0.011424789447901323,-0.0025997819987568418,-0.00991923795576466,2.1629333103475537,-0.5710334703906552,-1.240331664095683
3899,1.867,0.9989895630099515,0.006680831330722434,0.0020425414670260313,-0.04439648087712657,-0.01837909975930757,0.019459352575980415,9.776212463113552,0.008741551277836376,-0.0007096044032740462,-0.010270940283109297,2.166128655344472,-0.5683758594660245,-1.2432634366578834
3900,1.875,0.9989902748845813,0.006670198792182058,0.0020465455117949817,-0.044381874516183514,-0.01839824965880973,0.020123377104133953,9.776211082312242,0.007588534817353065,0.0011488336395608456,-0.005004575869318732,2.16609770703163,-0.5771251213806322,-1.2390299014778567
3901,1.883,0.9989901033493677,0.006685013057802984,0.0020623022090092173,-0.044382777290696784,0.015217596544286505,0.05742009898443111,9.766098624559884,0.013509705640311094,0.004253754578251409,-0.008821917236780396,2.1669965509763163,-0.5650607819209295,-1.228394920910341
3902,1.892,0.9989898192832591,0.006668644997329359,0.002058293711808872,-0.04439181872031777,0.019046575463590447,0.029618713565177535,9.761161076757503,0.006208072064384089,-0.0010071889229746464,-0.010809088485379505,2.1693021783945916,-0.5715495445449446,-1.2432101037010286
3903,1.900,0.9989905426959144,0.006658161007624054,0.002062269547227313,-0.04437692576592434,0.01392364746396763,0.0405868136249354,9.696683871345524,0.007588453139385297,0.0011481127135751976,-0.005004742593673078,2.1651343406401016,-0.5673761618873874,-1.2408386158128948
3904,1.908,0.9989900718119543,0.006669046237496756,0.0020597774098973323,-0.044386006358426565,0.045902405203523663,0.03277008900817881,9.772617841553775,0.01279307320447292,-0.0001867922429080007,-0.010733902591332436,2.1638542867092565,-0.5743794299033024,-1.2327242594263859
3905,1.917,0.9989903102384184,0.006660731232752656,0.0020643031185651004,-0.044381678222309456,0.03381563482706665,0.009334678131013794,9.72971961942685,0.008090073918984848,0.0013105262064281942,-0.0075449964445891676,2.1641058472902754,-0.5702384979756868,-1.233738370537755
3906,1.925,0.9989900879941807,0.0066656165439806,0.0020617274357905193,-0.04438606679408511,0.060683004517478066,0.011886903853643209,9.74117988360878,0.011275398097831976,-0.00041744577231387324,-0.009733061243842852,2.1644090259317923,-0.5681178223888796,-1.2418135087284503
3907,1.933,0.9989903243883206,0.006668338289384105,0.00204875720158516,-0.044380937765058005,0.025955357245872,0.06823570270750234,9.739560499161172,0.010923762067376297,-0.0027672180120190304,-0.00737896363542768,2.1550799053441247,-0.5719566769630009,-1.234764671448886
3908,1.942,0.9989908100867618,0.006664182642126942,0.002053447652316231,-0.04437041113903739,0.056889684057815415,0.04221437211365994,9.74609559851078,0.009105772118223984,0.0013760231908257973,-0.006006388402611369,2.1653870588965893,-0.5722703438629031,-1.2420110896708945
3909,1.950,0.9989900469801408,0.006660653432472269,0.0020408020619476484,-0.04438870191177994,0.02312525350707083,0.00651907267648517,9.756225688457224,0.009393587766312312,-0.0027395794029474716,-0.012997243235762571,2.1602278995528694,-0.5754023065747551,-1.2376242203250063
3910,1.958,0.9989893511501214,0.00666737733055242,0.002047265188779386,-0.04440305252388522,0.026083375023453145,0.07065852579671791,9.739542881770898,0.011626432659205238,0.0019290492084611643,-0.012088173978287124,2.1587328921698097,-0.5734098651453254,-1.2335033785551106
3911,1.967,0.9989900428995194,0.006657340706718497,0.002032968863475461,-0.04438965014428562,0.01808688910854951,0.01853014371395392,9.691741849938643,0.007888843212919319,-0.003227111224725429,-0.005376705240671822,2.1629133577286357,-0.5756464361962105,-1.2376022709119305
3912,1.975,0.9989898394448401,0.006662048553691041,0.0020391510817128465,-0.044393238876059254,-0.0076218324392667075,0.035768980272551536,9.749674355858483,0.01112456386741722,0.0017658691996651613,-0.009548395371329276,2.1588131825567487,-0.5737583006844509,-1.244486600142777
3913,1.983,0.9989896223505254,0.006666488893296283,0.00204498181035613,-0.04439718922618456,-0.0037793679749171445,0.008065985160381673,9.744763698303132,0.011124528495398528,0.001765264483064824,-0.009548509201716108,2.1653246823596364,-0.5709685689307716,-1.2334783704581844
3914,1.992,0.998989633787738,0.006664606604472119,0.0020502669500280374,-0.04439697071741065,-0.034808390451966716,0.03572513816656194,9.73820815893629,0.009606940342744162,0.001535672912494521,-0.008547421488222273,2.157779640378744,-0.5722193498587088,-1.2366957068242574
3915,2.000,0.9989891730068086,0.006675651923328835,0.002047619752463931,-0.04440580074630558,0.0069202462542251935,0.015880070168175546,9.718248627978374,0.012792757599431319,-0.00019350959212872774,-0.010735106544838433,2.1617374549004613,-0.5735072173351506,-1.243735132440939
3916,2.008,0.9989893952612152,0.006667601666710474,0.002042876453423366,-0.04440222854139395,-0.03882053769860754,0.06608857282488412,9.743100974545138,0.008240118362928938,-0.0008808839153981609,-0.007731525044257332,2.161033707977377,-0.5720795261549234,-1.2476603631653094
3917,2.017,0.9989891187449441,0.006650861605406048,0.0020471523067510313,-0.04441076262055472,0.018966153292070267,0.04165485862586397,9.761117290745064,0.006057308004357366,0.001169670491138092,-0.010624731265249373,2.1536489913289545,-0.5722448468608059,-1.2394114006008587
3918,2.025,0.9989889224068947,0.006665798895055433,0.0020532158305814037,-0.04441265966090575,-0.008071202710589667,0.040657383713559626,9.749654836226092,0.013657592344634222,0.0020595568507554393,-0.009011429567367304,2.170697518871367,-0.5695061091113207,-1.2336971375093833
3919,2.033,0.9989896458809411,0.0066553103690262985,0.002057174360448742,-0.04439777359524668,0.018698589546060095,0.04332339946687042,9.761110544558885,0.00758753243692398,0.0011438723129515973,-0.0050064111403875095,2.158572787110705,-0.5713216402884602,-1.2449998095011756
3920,2.042,0.9989894521776901,0.0066702900311489816,0.0020639986291074285,-0.04439956732084918,0.02945417019910196,0.050245041334650395,9.734591472670191,0.013657524484066898,0.00205838348295666,-0.009011650546924564,2.165155433990383,-0.5720424396064185,-1.2437240538959282
3921,2.050,0.9989896904023214,0.00666196990291862,0.0020684956119361893,-0.04439524696170164,0.0602217291906609,0.024330817244604095,9.74115961124038,0.008089105471883542,0.0013035691496378664,-0.007546925072225682,2.1590339981541846,-0.5754370752139785,-1.2412949902423116
3922,2.058,0.9989894601165527,0.006666666882699158,0.0020649726243016126,-0.04439988757616133,0.04528863840174269,0.04767497236305023,9.772559357842793,0.011275366718238956,-0.00042626995961974517,-0.00973416940418202,2.164877087354912,-0.5763927325162661,-1.2390457784588713
3923,2.067,0.9989894704946549,0.006664724911977499,0.0020701231082524175,-0.04439970577575827,0.06013754656427543,0.025973258893376858,9.741155891246382,0.009606469761429903,0.0015312486625265955,-0.008548502396315726,2.164173272655406,-0.57594155982186,-1.2429617377938447
3924,2.075,0.9989890411348756,0.006675751611095975,0.002076643794558706,-0.04440740460103564,0.022203952644097344,0.019012594855128913,9.756211483103673,0.012641383572694778,0.0019876638821948464,-0.010551321114953481,2.1668095243099184,-0.5651349550179392,-1.2362086447519234
3925,2.083,0.9989897939354563,0.006675851250947847,0.0020813692146604704,-0.04439023006319042,0.02893686054870813,0.05459565700356657,9.734569593813882,0.010120647909732876,0.0014392174315942955,-0.004469141120374625,2.1601607114052093,-0.5662814300282065,-1.2284333029318073
3926,2.092,0.9989895271633691,0.006669587285856525,0.0020872139115066814,-0.0443969003583842,0.021944305294789305,0.02070123844470528,9.756208631174598,0.008590573712151656,0.0014607878454001432,-0.010087878059108692,2.1561630098695908,-0.5794196401635561,-1.249335383190587
3927,2.100,0.9989892495295721,0.006663894565404555,0.0020739723505246144,-0.04440462219468486,-0.0048989602642863376,0.019587411242495596,9.744746851064837,0.008893939469659115,-0.0029129928669079466,-0.01045607782101662,2.162890395050472,-0.5721984886751746,-1.2344611204935945
3928,2.108,0.9989895283640724,0.006666314521878785,0.0020789256442640164,-0.04439775374711344,0.022053412786963975,0.022208822812738706,9.7562050709116,0.010622021574142656,0.0015978869533542167,-0.007010039642589603,2.156086763132307,-0.5722402110422428,-1.2389053075258138
3929,2.117,0.9989895527657437,0.006675190350868052,0.0020757068200505393,-0.04439602166722515,-0.035821035848189686,0.04808562066363499,9.73815129856156,0.012291275569488544,-0.0003610666925924739,-0.008195458763267143,2.159710840414081,-0.5787830347266255,-1.2336893702608078
3930,2.125,0.998989335021455,0.006680149394191609,0.0020724946740488482,-0.04440032526107293,-0.03176817702503591,0.020430738941140694,9.73328160303073,0.011275408653829458,-0.0004309218927413498,-0.009734662024140073,2.1641754978094947,-0.5695965075733014,-1.243266124923483
3931,2.133,0.9989893452521058,0.006678204705510041,0.0020776281386131936,-0.04440014770244262,-0.019825941696340183,0.04568236147788254,9.776122270379144,0.009605961204426377,0.0015271242301747095,-0.008549599137917037,2.165864992226375,-0.566885584735195,-1.2405937743456577
3932,2.142,0.9989885936783417,0.006673960769103503,0.0020831920458535304,-0.044417431928491465,-0.009073089599733663,0.052480824372236036,9.749597477682029,0.009091682426728852,0.0016156551706227955,-0.012629395165885089,2.161206695002394,-0.5685689950832855,-1.2379261043981704
3933,2.150,0.9989893464789825,0.006674058046277608,0.002087910744332047,-0.04440026125390113,-0.005169639282348574,0.02465193974218165,9.744735215690595,0.010120115528246902,0.0014375610666788983,-0.00447005242329798,2.1636141962571056,-0.5675484363211145,-1.2332791900370723
3934,2.158,0.9989885541007694,0.0066706868120656685,0.002066510757530057,-0.044419593046303704,-0.005029035761595213,0.025450162040820474,9.74473323755729,0.009548422049476216,-0.0049459472417860886,-0.013179836313729112,2.1655884471423645,-0.5709940659328687,-1.2361619398545058
3935,2.167,0.998988351470432,0.00667488560360324,0.002081424198970918,-0.04442282298405191,0.02190866122548617,0.02813369382487833,9.756190111298084,0.010970567590800588,0.0039399453756791564,-0.009368496732413596,2.1506956908325945,-0.5792944730623519,-1.2361919990000212
3936,2.175,0.9989881040296898,0.006669250356645797,0.0020774473381051503,-0.04442941952585457,0.01773756216590738,0.05754570627845982,9.761038853414362,0.00874229831540889,-0.000731872659964885,-0.01027255959685891,2.1592696497659403,-0.5690781155097305,-1.2401328540928214
3937,2.183,0.9989881291912707,0.006667070081967952,0.0020917028317545437,-0.044428512137043324,0.036576215032384556,0.0071013952433701,9.724814353614097,0.009452975765292453,0.0037111762521545946,-0.008367266419121172,2.160976837759439,-0.5685875383575381,-1.2398808738744111
3938,2.192,0.9989886234648276,0.0066736065143682965,0.0020878598611218024,-0.04441659605531346,0.05930262480726751,0.038432959915107284,9.741119820784657,0.011789759173222562,-0.000522390665663928,-0.005655242618932238,2.1600269687979297,-0.5700870847254937,-1.2435359520198268
3939,2.200,0.9989888758056148,0.006676103579753156,0.0020839691024924062,-0.04441072765004744,0.06618454988578572,0.07398987463907804,9.71943502482001,0.010773955112558192,-0.0005931295136183904,-0.0071944347616960565,2.16413995815931,-0.5673529827945718,-1.2384045235785093
3940,2.208,0.9989891115944127,0.006678398239206121,0.0020800167437345506,-0.044405263686993456,0.0485094813618908,0.03420327521779702,9.767636799569694,0.010773929100324186,-0.0005935960474990323,-0.007194522722589697,2.1597042950283325,-0.5702292263385607,-1.232794002523811
3941,2.217,0.9989884231783096,0.006684760329509624,0.0020954433919608364,-0.04441906631215689,0.05924630401238343,0.04113771220983734,9.74110911685049,0.011471317869397047,0.004093496627700906,-0.011910685703309202,2.1629064226284704,-0.5727076091016196,-1.236653592685899
3942,2.225,0.9989881025102416,0.006668854726269929,0.002072722621841945,-0.04442973374397601,0.014685784128039548,-0.0006561508883670374,9.77786212988519,0.0065153022434438915,-0.005407334045548106,-0.011175450695261956,2.1642303970349204,-0.5757716032974144,-1.2507759947949828
3943,2.233,0.9989888258681954,0.006658360313844593,0.0020766544321891376,-0.0444148571402067,0.032568133362596036,0.0405759668594448,9.729643745225253,0.0075863239550971896,0.0011373572681801075,-0.005008714837960626,2.153879153565801,-0.5678319704003564,-1.2374983523769065
3944,2.242,0.9989888747884486,0.006666636813706758,0.002091145930287277,-0.044411835260460324,-0.012247410515562855,-0.0011586976888743352,9.766403357607464,0.011985028746549319,0.004006075978788277,-0.007831506983667361,2.163902420275568,-0.5751744023182706,-1.239308629545347
3945,2.250,0.9989883992449928,0.006666854455862828,0.0020967764678922586,-0.0444222326547751,-0.00565428485158334,0.03436958337787727,9.744705517782188,0.010106634525711094,0.0016768515246366321,-0.011092251893160118,2.160472355592672,-0.5707638437671025,-1.2376664747368504
3946,2.258,0.9989884284887032,0.00667584186759459,0.002093696841246107,-0.04442037049110997,-0.043487674133723064,0.027377230042976115,9.759770272424344,0.012291311595444929,-0.00036847771390180863,-0.00819646295353426,2.1636870940530417,-0.5715495445449447,-1.243251151520275
3947,2.267,0.9989884527591678,0.006684716094517087,0.0020904442855000896,-0.04441864323984918,-0.016562689294768455,0.030259559837616506,9.771226534117446,0.012291278246189936,-0.0003690835377430016,-0.0081965772303174,2.15679948392449,-0.5729471029045119,-1.2362076458362707
3948,2.275,0.9989891907697516,0.006685073278076929,0.0020859650376851653,-0.044402198935705996,-0.020580927951339603,0.059787878005018884,9.776044621057059,0.010272518902971454,-0.0007526554512687762,-0.004653931329788887,2.1617482472651264,-0.5723004766835632,-1.245211460269021
3949,2.283,0.9989884579196413,0.006681078605157666,0.0020914544189173396,-0.044419026896402314,-0.009740681524727261,0.06658857689852675,9.749510685939327,0.009090555124501621,0.0016025105499567148,-0.012632082453733592,2.1689958033086727,-0.56829473264117,-1.2346977119549067
3950,2.292,0.9989887308614597,0.0066940857284591695,0.002088549633331126,-0.044411066059032014,-0.016611209443191027,0.03287501662276715,9.771218002892324,0.013306968779728878,-0.0002990396653611338,-0.0066577124830960125,2.156400174983021,-0.5769690723118759,-1.2483802845820633
3951,2.300,0.9989889539106824,0.00668599438833126,0.002083857286407186,-0.044407487907902,-0.009754517009622429,0.06837240154113082,9.749498325020573,0.008241085873998539,-0.0008966780259419604,-0.0077322352906721735,2.166315410905189,-0.5722077603123009,-1.2354126272587116
3952,2.308,0.9989884872480476,0.006686306009705332,0.0020892731409078206,-0.0444176833653624,0.025246051832364117,0.013794798132584826,9.751328998707251,0.010106032848547573,0.0016719057758282135,-0.011093498179261896,2.1646565767513666,-0.5703196248005414,-1.2422791096116248
3953,2.317,0.9989889675845106,0.006682425133777794,0.0020847083573533004,-0.04440767760005596,0.03201559726603189,0.04920203436717801,9.729605782242011,0.009256853165171124,-0.0008256260008870638,-0.006193192835976762,2.158519452219271,-0.5683225475525487,-1.2377039307126905
3954,2.325,0.998988949577625,0.006680569419171401,0.002080681894302932,-0.04440855071812842,0.06304362561321848,0.02326897942254338,9.736252935520024,0.009758279630827581,-0.0006710896983277392,-0.008734309447377986,2.1709806432293353,-0.5734631770588012,-1.2390289754322303
3955,2.333,0.9989892165894226,0.006682826065155073,0.0020858979214626945,-0.044401959457847105,0.03203273925133335,0.0508031448601873,9.729597498179725,0.010620066678715514,0.0015873458207377013,-0.007013830303875828,2.1626784177692926,-0.571751951799332,-1.2388617566500928
3956,2.342,0.9989892575047652,0.00669155082058208,0.002092167055199156,-0.044399429891694424,0.025093043747786786,0.017113359349472942,9.75132413561322,0.012137188799484128,0.0018135506957032911,-0.0080159115019675,2.164884310504863,-0.5751813560461153,-1.2400338600898415
3957,2.350,0.9989889807164102,0.0066747989585106285,0.002096332169655711,-0.04440798191188715,0.04778631387135014,0.04837989064313561,9.767580431877997,0.006055780903241441,0.001143078235997822,-0.010629311159669783,2.170215541891926,-0.5817218618212167,-1.2345613069117265
3958,2.358,0.998989776204823,0.00667512061029522,0.0021107353231581897,-0.04438935232093186,0.004676510752860389,0.05120295277660006,9.718128051300873,0.009964359692801105,0.0036189010003283115,-0.004291747077923948,2.166344100175734,-0.5702918098891627,-1.2393371396144008
3959,2.367,0.9989890724862405,0.006681709815021989,0.0021169758606622248,-0.04440389870534929,0.013674626275963367,0.013386847011047353,9.77785445626738,0.011622972384510018,0.0018939522035297909,-0.01209632811184411,2.1612095864529044,-0.5783388157600644,-1.2383216367013088
3960,2.375,0.9989885915056304,0.006682333054868468,0.002113644194513249,-0.044414783290705744,-0.0024003508413114423,0.018354494155156015,9.739860581875018,0.010260096934592115,-0.0005201687973611018,-0.011275453587891806,2.161968842589197,-0.5771529362920108,-1.241989718353014
3961,2.383,0.9989885865382976,0.0066806195067288686,0.0021095825826987252,-0.04441534589022445,0.020451125351475887,0.049704589991450714,9.756107223929822,0.009758593143105888,-0.0006745227792014357,-0.008734392044596567,2.1758973683580805,-0.5715541803635077,-1.2436501633277208
3962,2.392,0.9989886319713746,0.006689316747007216,0.002115554754385642,-0.04441273084940237,-0.01736820945621952,0.042672651916629376,9.771178809871856,0.012136839938250458,0.0018110627910958128,-0.008016613185744707,2.158797443028536,-0.5690989766932645,-1.2423335313554111
3963,2.400,0.9989883843150019,0.006694221535167196,0.0021030021663161224,-0.04441815826471458,-0.013244099448475514,0.015018591746247553,9.766390577311077,0.011430282581374032,-0.0026362951376478175,-0.009917290837689541,2.164383888931856,-0.5702825382520366,-1.2383749247225235
3964,2.408,0.9989888527166272,0.0066901949999212465,0.0020983818179230924,-0.04440844776083767,0.013789789862502348,0.017794340279338832,9.777847265378256,0.009257105941373214,-0.0008293988354331522,-0.006193403691547583,2.1692465166844377,-0.5763602817863241,-1.235595930698809
3965,2.417,0.9989881194164989,0.006686193828802042,0.002103820235791455,-0.04442528578621121,-0.022379973896942462,0.05525982737750056,9.706636926527676,0.009089551560710648,0.001590178833365157,-0.012634574962009494,2.1631289042245276,-0.5760976088906162,-1.2336898809525438
3966,2.425,0.9989889642710955,0.006707632643900169,0.0021199671200918917,-0.04440228224188951,0.013519572780943756,0.019526385800629324,9.7778443416917,0.015028548435129904,0.004215949940394566,-0.0032195664935719555,2.1614610623133967,-0.575418531939726,-1.239324158575931
3967,2.433,0.9989887310893838,0.00671229540977367,0.0021165382216975824,-0.04440698720597344,0.031012259422193218,0.06118324449942771,9.729541067772647,0.01127576218284964,-0.00045193730445848,-0.009736802295387769,2.1604184276575595,-0.57630928778213,-1.2302894712911385
3968,2.442,0.9989890013300161,0.0067151576065951285,0.0021130218096080643,-0.044400642099058765,0.004157831974150745,0.0601329720347493,9.718077133560573,0.010774292939727457,-0.0006050461227161999,-0.007195595068965187,2.1673420857594485,-0.5698313655576306,-1.2422641137405972
3969,2.450,0.998988753638524,0.006708989557736064,0.0021179379145042977,-0.04440691277102514,-0.0026479838706385725,0.026321372578490834,9.739842245168541,0.008588039624167548,0.001434345806540277,-0.010093793979252974,2.163430179649953,-0.5756835227447153,-1.2415046711132383
3970,2.458,0.9989887625885553,0.006707006200565762,0.0021229895165513534,-0.044406769811886786,0.034996296004595875,0.03499318157414929,9.72475980132106,0.00960361697278432,0.0015075376846809066,-0.008554765076238764,2.1641931405537997,-0.5725492421235817,-1.2456795417408502
3971,2.467,0.9989890148240296,0.006709503033468264,0.0021190445367267386,-0.04440090629943176,0.04686701788512555,0.060409442240463615,9.767517896786018,0.010774355560857554,-0.0006061322732847353,-0.007195677274508511,2.1607203639030836,-0.5663741463994687,-1.238194657498457
3972,2.475,0.9989890095595358,0.006718397607757112,0.0021064468122871517,-0.04440027921836808,0.0200999321328212,0.05939975458838981,9.75605374409559,0.012446578444245803,-0.002567879823624907,-0.008377902116036185,2.1624577546688024,-0.567876010676706,-1.2420742271767022
3973,2.483,0.9989887761229889,0.006711982723879073,0.002120487187808062,-0.04440583297602081,0.03503827860008971,0.03761305695903789,9.724749869705128,0.008432412997437643,0.003618903965078807,-0.00991467183623073,2.1571098009954333,-0.5708356989548309,-1.2452592764211903
3974,2.492,0.9989885126433994,0.006705528244967399,0.0021249184305345784,-0.044412523224298325,0.023958504816889513,0.03232991182065435,9.7512884098142,0.008587790523692174,0.0014313914711444966,-0.010094430677529078,2.165656601104014,-0.5661995540564599,-1.2454849745466172
3975,2.500,0.9989882362250684,0.006699849501447005,0.0021115505683512166,-0.044420234744795874,0.013145836463727367,0.027067738070980365,9.777826878567279,0.008898756814908383,-0.0029431539836293286,-0.010453699485209238,2.159062941586306,-0.5698591804690093,-1.2452542703082408
3976,2.508,0.9989879808269944,0.00670411334617045,0.0021076226212069647,-0.0444255214300708,-0.017730534874234663,0.0545342349959308,9.771119156820967,0.011275687278883784,-0.00045672934861682455,-0.009737539019615347,2.1611796039540505,-0.5731726892517147,-1.2342202188201945
3977,2.517,0.9989880046772752,0.006712984885750974,0.0021043123664250835,-0.044423802339563535,-0.009454279718561729,-0.0017353192329156008,9.761615544325878,0.012291242390294811,-0.0003828709661547642,-0.00819854218176036,2.1631685044684725,-0.5712660104657028,-1.2391069460677606
3978,2.525,0.9989880012752864,0.006711394295434703,0.0021005751705497015,-0.04442429603913515,-0.0026665716648474236,0.03374478630493434,9.739819350321042,0.0097586928544743,-0.000683483266637537,-0.008735339253660664,2.1616643876634742,-0.5719474053258746,-1.2337399924842427
3979,2.533,0.998988253422534,0.0067138896435589065,0.0020966166736251473,-0.04441843545391818,-0.009358209236507518,-4.617321239141392e-06,9.761615790160711,0.010774257419579414,-0.000609262201197986,-0.007196325517744813,2.1592250176379215,-0.5692642973991469,-1.2340274587815745
3980,2.542,0.9989885017123569,0.006716494789908817,0.0020931976532474615,-0.044412618340088764,-0.002569004674115103,0.035452228433374415,9.739813311825483,0.010774233284522157,-0.0006097290600939343,-0.007196413719942098,2.171709747425723,-0.569552467296952,-1.2385724607293278
3981,2.550,0.9989882248877796,0.0066997351394490305,0.0020972963795367464,-0.044421182250370256,0.009299740689464979,0.06076827290952907,9.782550624006042,0.006054581011465181,0.0011269555619332179,-0.01063225622027348,2.1604541536929007,-0.5758673867248503,-1.2351765689569554
3982,2.558,0.9989885079981058,0.006712969304943857,0.002094682592043979,-0.04441293995750448,0.00150443379579146,0.008306114823707385,9.73507062827385,0.013306716031057856,-0.00031006677643791283,-0.006659924039790775,2.1560762079851137,-0.570029136993455,-1.2374614295606223
3983,2.567,0.9989878031743071,0.006719546186352409,0.0021008502449363364,-0.04442750540228671,0.046951334790916954,0.07052790839366165,9.76744967128916,0.01162069203009762,0.001876237009275004,-0.012101011982853382,2.159734345303607,-0.5744188343610888,-1.2369046917943227
3984,2.575,0.9989882718976172,0.006704922843723591,0.002104642856541395,-0.04441899480086193,0.05096413317649562,0.0426571941908382,9.762712870858504,0.00656876341961097,0.0010503747997143219,-0.006551837687395909,2.161235011502627,-0.572023896332166,-1.241799624112174
3985,2.583,0.9989882956473259,0.006713793592592048,0.0021013179210016947,-0.04441727814985961,0.024044237361370523,0.04143131146022324,9.751253778211511,0.012291178488246514,-0.0003864947098242628,-0.008199149373838041,2.1621439531036715,-0.5687621307005467,-1.232545939631418
3986,2.592,0.9989880263527127,0.006707861412790719,0.0020973346769949347,-0.04442441880804147,0.03495398189902543,0.04824604301527465,9.724703233813175,0.00874318083611864,-0.0007629887716752275,-0.01027487281407783,2.1702300220800392,-0.5788108496380042,-1.2365421058683659
3987,2.600,0.998987792793974,0.0067125211645631825,0.002093859681134088,-0.04442913075760038,0.02413396813319345,0.043103170074989636,9.75124630912373,0.01127554844133126,-0.0004629774102540105,-0.009738487082080501,2.1592388370059377,-0.5758743404526949,-1.2359178616915896
3988,2.608,0.9989885109907561,0.006702958146173712,0.0020799919786532524,-0.04441507507514882,0.024282078544372712,0.04388368232923873,9.751242458567859,0.0078971714249265,-0.003249753244288358,-0.005369978557207387,2.159045078568635,-0.5700801309976491,-1.2428107214753326
3989,2.617,0.9989883348556039,0.006717702687997307,0.002095572829267373,-0.04441607667884232,-0.040404056592531684,0.03478511392936174,9.754877853242226,0.013494578869016338,0.0042109344747373574,-0.008845761196817072,2.1641540655771117,-0.569812822283378,-1.240334329893463
3990,2.625,0.9989875756054664,0.006713764660036439,0.0020916357898730846,-0.04443393083810532,0.028240104875002354,0.01706508660944771,9.74651736359907,0.009244424391702848,-0.0006166592291479495,-0.012816903742165101,2.1590393689203595,-0.5751998993203677,-1.2420296773853285
3991,2.633,0.9989878133493816,0.0067165100392284,0.002078522434190678,-0.04442878590289007,-0.047128868639849414,0.001956088301662695,9.776705970942814,0.010931055324614192,-0.0028011599878851683,-0.007375170356132926,2.1681189168636252,-0.5725747391256788,-1.248336340820272
3992,2.642,0.9989847229087165,0.00670360798776911,0.0021434864969875587,-0.04449708418064009,0.0056937411915890124,-0.011910082636402546,9.730347282677853,0.009601761209270337,0.0014966882014564005,-0.008558281233805797,2.16638682908766,-0.5718122174406525,-1.2451821868956463
3993,2.650,0.9989847299468084,0.00670163329163646,0.002148533779032005,-0.044496980200090824,0.0014170797772065406,0.017484397385615344,9.735058481320412,0.009601737759964485,0.0014962228357731514,-0.008558369220246463,2.1661262099170187,-0.5778945967935032,-1.2429289175127034
3994,2.658,0.998984933931023,0.0067041744263212424,0.0021444550154061507,-0.04449221433889982,-0.013640529218091892,0.04098014185313597,9.766315601351495,0.010774268179359787,-0.0006151316781459025,-0.007197222991611315,2.1702737168059545,-0.5664158687665367,-1.2425192704485237
3995,2.667,0.9989852274352162,0.0067169956002004465,0.0021504372615165517,-0.04448340090303979,0.02405726002927755,0.04992279179470378,9.751213970732392,0.013149455476406523,0.001872581891213033,-0.006483277607008113,2.160739333763907,-0.5759206986383262,-1.240789615535948
3996,2.675,0.9989854292511797,0.006708559421030191,0.0021548983509623075,-0.044479925667977385,0.023926623353544643,0.05078694716943578,9.75120982659584,0.00808488997513659,0.0012700780979859004,-0.007555925502275604,2.1634533117691674,-0.576690174051197,-1.2446690000050677
3997,2.683,0.9989857224971103,0.006721380100643274,0.002160877178784239,-0.04447111316672542,0.03465843953172644,0.05759212514575701,9.724653435543855,0.013149378606624164,0.0018717335793166955,-0.006483468460002423,2.1599913105390103,-0.5695524672969519,-1.2386581257434073
3998,2.692,0.9989854026384745,0.00670537570371726,0.002137409482336248,-0.04448184722583357,0.05082571988032637,0.05448576613587271,9.762654743491037,0.006525647626073798,-0.005446254693753779,-0.011166586338064843,2.169032856460533,-0.5744466492724675,-1.2397663508408472
3999,2.700,0.9989857096196134,0.006717942272450205,0.0021525219308642105,-0.04447232708953976,0.03901821985253506,0.03056889822126522,9.719948054236864,0.012991733396188124,0.004058437866843617,-0.006306622344177785,2.1629276854198025,-0.5749325906060967,-1.2395622092424259
4000,2.708,0.9989858852367417,0.006710270494905575,0.0021389069046664857,-0.044470197266286496,0.02811702304848952,0.025500981861875983,9.746499298171601,0.00839954062610252,-0.003106320056876507,-0.00791091664354651,2.157121801867882,-0.5779316833420081,-1.2469009205379507
4001,2.717,0.9989863933737336,0.006716967927395256,0.00213510509794067,-0.04445795229453848,0.06601189705057968,0.03429893152124128,9.731394954198803,0.011789769472903987,-0.0005411294674715123,-0.005658588889196146,2.160194144510041,-0.5731610997053069,-1.2330067420785882
4002,2.725,0.9989864027442409,0.006704593627520187,0.002139184141096496,-0.04445941348716126,0.03240796650434548,-0.0015267410544156058,9.741806710084337,0.007068945416902014,0.0011902071682767178,-0.009095807699379899,2.1594981121159544,-0.5634422730327223,-1.23798727200706
4003,2.733,0.998986653407176,0.006707080153618,0.002135226886102769,-0.04445359598827554,0.03907004408559932,0.033748892275307314,9.71993732296019,0.0107742548282083,-0.0006189461503595869,-0.0071977377942044505,2.1644567189513717,-0.5752601649616882,-1.248337614816329
4004,2.742,0.9989868983646242,0.006709313248010464,0.0021310180356606786,-0.044447955787640755,-0.009487482619150221,0.020713451384548488,9.761593689117404,0.010774231786076794,-0.0006194132319660223,-0.007197826122376799,2.1643875089788835,-0.5695547852062334,-1.2388701244616835
4005,2.750,0.998986618943068,0.006692537735173795,0.0021350932095879423,-0.044456568562445016,0.0173785372361662,0.023449363030678582,9.773044386398471,0.006053244196219633,0.0011111833590706703,-0.01063522549800341,2.1566100965511636,-0.5813193652217232,-1.24369843976942
4006,2.758,0.9989873947773741,0.0066924999160015335,0.0021487550797570647,-0.0444384785112733,0.005336277184014396,-0.0006409262962603336,9.730354753725084,0.009957436858683968,0.003608410224675158,-0.00430228098477778,2.1561557867196393,-0.5806310166337069,-1.2483473015596165
4007,2.767,0.9989866600477312,0.006699568245762314,0.0021366198361826697,-0.044454512568189046,-0.013930350535449335,0.05155477449184139,9.766265096206382,0.01193453098529151,-0.002515518278561777,-0.012458687882763563,2.1584639599501676,-0.5706919885793742,-1.230112936183964
4008,2.775,0.9989864379642494,0.00669384439284304,0.00213219818768711,-0.0444605773875532,-0.020474186870812386,0.017852161161252506,9.78814426551179,0.00874326965397797,-0.0007764601847367415,-0.010276126419131773,2.165644125796623,-0.5659391990700338,-1.2437784307040751
4009,2.783,0.998986688598422,0.006696330494010893,0.002128231580417121,-0.044454761178257106,-0.007078057816935596,0.08772956340868089,9.744370287428398,0.010774258457995024,-0.0006211369174489109,-0.0071981050036738796,2.162412919211524,-0.5709917480235871,-1.2359410176972634
4010,2.792,0.998986677249689,0.006694153983894422,0.002133441009497278,-0.044455094303408105,0.023956271987811605,0.062005598824527185,9.751144871117804,0.009600566982065803,0.001487793169492198,-0.008560835191804896,2.1651730089582677,-0.5759716926425202,-1.246128199323898
4011,2.800,0.9989864264801642,0.006687961547728554,0.002138294009521591,-0.044461427973659054,0.023833715983460065,0.06274633370149298,9.751140432590713,0.008585047570845957,0.0014092016062744535,-0.01009998154276653,2.1663721455702865,-0.5776527850813294,-1.243173573770815
4012,2.808,0.9989863847585174,0.0066863783841255384,0.0021339771732089012,-0.044462810894453295,0.02379996764774817,0.06349350833555466,9.751135679054613,0.009758841676167699,-0.0007004574012708613,-0.008737252073803327,2.162419667926533,-0.5766160009541873,-1.236864199602452
4013,2.817,0.9989856476692399,0.0066823481244000175,0.0021393038238521384,-0.04447971845192867,0.023759624330966296,0.0642612894403836,9.751130747593898,0.009085986460198814,0.0015532838525842243,-0.012642477668453781,2.163239820986313,-0.5723352453227866,-1.2488625986205997
4014,2.825,0.9989864027105803,0.006682215681513926,0.0021529611689691964,-0.04446211815878368,0.02774319372240678,0.03641906454695271,9.746465688693169,0.009956231624069152,0.0036069956173113947,-0.0043039017559758095,2.1622292414864726,-0.5742442420180802,-1.2442128557204162
4015,2.833,0.9989861516950345,0.006676022561500158,0.0021578047562974905,-0.04446845312059016,0.012481763812002791,0.05987500815975159,9.777681889134406,0.008584991749613299,0.0014069910848125981,-0.010100353809072846,2.1644464010216495,-0.5696312762125247,-1.2469261867140284
4016,2.842,0.9989863576031409,0.006678859133395473,0.0021351728614291124,-0.044464493703834054,0.058767376470614065,0.011441197327146166,9.753255909826708,0.01109183192882012,-0.004998420992170135,-0.007549975214052715,2.1599646769815033,-0.5675646616860853,-1.2350148220438635
4017,2.850,0.998985864571067,0.006679296677347817,0.0021315097031704626,-0.044475679303180915,0.042960953441674846,0.016139704581927403,9.715240709437351,0.010259934264200571,-0.0005583020983341154,-0.011279827830203407,2.1645996557011142,-0.5675600258675222,-1.2344926667786786
4018,2.858,0.9989858755699664,0.006677231516560135,0.0021371071489990354,-0.04447547373571158,0.02786225053329341,0.0396529014735376,9.746452728386936,0.009600043817595402,0.0014841755795422745,-0.008561903320762301,2.1543938181094506,-0.5732375907115984,-1.241105636837973
4019,2.867,0.9989856401004957,0.006681879841782232,0.0021335994786636494,-0.04448023277870436,0.0428801562151771,0.01779550428600895,9.715238175155404,0.011275424039589258,-0.00048054710690459884,-0.009740901579578623,2.1551782112456794,-0.569886995380388,-1.2482123024956047
4020,2.875,0.9989854092837344,0.006676033652895387,0.00211941511202198,-0.04448697216554612,0.039776929361727095,0.06612991882849632,9.789105336214389,0.008902451462530183,-0.00297095830880637,-0.010452299584430056,2.1563272094106654,-0.5739444825738673,-1.2383990517094632
4021,2.883,0.9989852297737603,0.00669074596931887,0.0021349730908618828,-0.04448804898108227,0.016082506094599054,0.01742582835927238,9.703784201191269,0.013489021281340436,0.004195765679752236,-0.008854646765616888,2.167833584295673,-0.5747185938053015,-1.2427024336151353
4022,2.892,0.9989839640196919,0.0066786844447051085,0.0021308496553595017,-0.04451847128258065,0.00183989562796103,0.05988460790232375,9.804207772027922,0.007213646592915981,-0.0008000183164159438,-0.01589740766763431,2.1612203449293585,-0.5776203343513875,-1.239793328834692
4023,2.900,0.9989837282738534,0.0066833321158817054,0.002127332992220598,-0.04452323180364518,-0.025961160080111706,0.03961857695195202,9.723534659160139,0.011275393218692028,-0.0004825900307097077,-0.00974129472960666,2.1561045922617676,-0.5725075197565137,-1.2413442206640235
4024,2.908,0.9989840190837308,0.006685728977938632,0.002132336162428935,-0.04451610703825316,-0.026007649642724683,0.040503646284544385,9.723530888089355,0.010614982622052524,0.0015610171269918166,-0.007023784341678963,2.1632164177614177,-0.575234667959591,-1.2456611841711807
4025,2.917,0.9989842833903637,0.006687953338179125,0.00213748208004848,-0.04450959435386342,0.004970029500784686,0.014856976530467546,9.730343626546977,0.010614961069499418,0.0015605605680012653,-0.007023870829901408,2.1577974356199943,-0.5729749178158906,-1.2391299842677685
4026,2.925,0.9989845566579787,0.006690239773669794,0.0021424202140568646,-0.04450287952773009,0.007244311042885156,0.07885544108072101,9.713038335672373,0.010614939561307492,0.0015601040117627875,-0.007023957317600938,2.1609764649891283,-0.5739583900295567,-1.2398298812327255
4027,2.933,0.9989847784919255,0.006682141437458068,0.0021376276139456088,-0.04449934691018478,0.01662249082617041,0.041320296997789364,9.772986483546262,0.008242692333743995,-0.0009306189615038075,-0.007734541155855441,2.157029663105441,-0.5682900968226069,-1.234296915459668
4028,2.942,0.9989850361956637,0.006673829928302799,0.0021421901956743617,-0.04449458924861041,0.0005736412896871915,0.04576360438315932,9.734966702324563,0.008083007753302385,0.001256564671652719,-0.007559812319387538,2.159504928607384,-0.568090007477501,-1.238919725301646
4029,2.950,0.9989853134445169,0.00667579091999575,0.002156467482379567,-0.04448738007289939,0.0003679335964361885,0.04651558215610354,9.7349631498118,0.01045505331154425,0.003746592117034346,-0.006849564224701655,2.1658150062762873,-0.5670648128967667,-1.233756009738743
4030,2.958,0.9989850560363187,0.006669474867374201,0.002161760792178383,-0.04449385026477673,0.027038301466504395,0.04941379700063756,9.746410449028787,0.008584082625641762,0.0013981061691661718,-0.0101024355278559,2.1585350392505376,-0.5751790381368336,-1.2398361388739123
4031,2.967,0.9989847357062681,0.006653481263415375,0.002138354157611133,-0.04450456666963576,0.004551364853506042,0.01928236761910357,9.730336066834385,0.006531984541835227,-0.005467992322993678,-0.011161770722427706,2.1651358202535667,-0.5717728129828661,-1.2410410176591626
4032,2.975,0.9989845283084565,0.006657694251081001,0.0021531355159142064,-0.04450787924671983,0.03573299943779203,-0.0064946974946897525,9.737166393705728,0.010955509373149121,0.0038879049586976453,-0.00939282347730604,2.1638636164045613,-0.5685319085347806,-1.2340005032555494
4033,2.983,0.9989842634171724,0.006651758172539852,0.002148798194866405,-0.04451492136780419,-0.006362248991070905,0.014898488705142968,9.75690161420206,0.0087439090000192,-0.0007909314961288342,-0.010277263588643462,2.1631879318201332,-0.5742210629252645,-1.2417644859836836
4034,2.992,0.9989842482477532,0.006650090739143093,0.002144999857268627,-0.04451569410494712,0.01633780487593221,0.04640721587161266,9.772964132907687,0.009759258219563825,-0.0007107107342459733,-0.008738278326683373,2.1627340117030256,-0.5679177330437739,-1.2464666582629154
4035,3.000,0.9989845123818126,0.006652312064667233,0.002150132310285636,-0.04450918665304094,0.027148099239966528,0.0531275064045619,9.74639060906265,0.01061435791649639,0.0015572214256972087,-0.007025067462254219,2.1621633635112274,-0.571961312781564,-1.2352011616999916
4036,3.008,0.9989840833806164,0.006673541184079748,0.002157204409800261,-0.04451529478042799,0.01520288022339733,0.029300578041850787,9.703757030018505,0.015163331895644476,0.0022238100259722978,-0.01003596081230291,2.165607908382235,-0.5734608591495196,-1.2388241154651276
4037,3.017,0.9989843182058336,0.006665178536210307,0.0021615325153012243,-0.04451106773704453,0.026845543831999653,0.05512225163782414,9.746380368283518,0.008082634233330596,0.0012527745184662334,-0.0075607435490795275,2.1583533833503146,-0.5750160353402327,-1.2483845498585113
4038,3.025,0.9989840552912104,0.0066703994764476925,0.0021394566484054696,-0.04451725249836131,0.022738359617244783,0.08454259091712935,9.750978435353133,0.011596706358521683,-0.004865916645334697,-0.010089812347663586,2.1678568858559384,-0.5732839488972294,-1.2458899409804582
4039,3.033,0.9989842607871104,0.006651452106433866,0.0021429811359896063,-0.044515306540086785,0.011108043991804973,0.06035203329479883,9.708350174888828,0.005550737415118774,0.0009484713612224393,-0.008096505320418678,2.1633359682303697,-0.5701898218807742,-1.2286171395314607
4040,3.042,0.998984048481049,0.006666523930660703,0.002149912955069225,-0.04451748210963439,0.02042726767869097,0.022902168324896978,9.768340080573104,0.013646574410174752,0.001999559839327122,-0.009033178471010164,2.1590021124392376,-0.571977538146535,-1.2369332243311961
4041,3.050,0.9989837835254227,0.006660587387068454,0.0021455549246609668,-0.04452452608345452,-0.010760476947926591,0.05027536578657392,9.761484876224921,0.008744026578017079,-0.0007959483326852824,-0.010277695391624708,2.162950427824601,-0.5815542232060525,-1.2426732276452204
4042,3.058,0.9989842770669759,0.006656997035781478,0.0021409502452597604,-0.04451421004000149,0.016183658140922787,0.05316866074485488,9.772929943173912,0.009258420576627001,-0.00085524138954179,-0.006195916045663347,2.165615267085028,-0.5702964457077258,-1.2398307398748925
4043,3.067,0.9989845410326756,0.006659215440553724,0.0021460695143461716,-0.04450770734480954,0.020412125145089444,0.025359215076990235,9.76833404046134,0.01061378501086968,0.0015540480774099462,-0.007026254279981686,2.159713048624064,-0.5726821120995224,-1.2339914395430973
4044,3.075,0.9989845455416269,0.0066573118799446215,0.0021514333619118134,-0.04450763195241348,0.046238616822725516,0.009315403632040767,9.710595304112047,0.009598432176655375,0.001471788939178899,-0.00856540819253829,2.15877393813901,-0.5734631770588012,-1.2391182098218965
4045,3.083,0.9989843390891094,0.0066725418040990934,0.00214866860089825,-0.044510118667689884,0.01596924725063488,0.05575713046486562,9.77291587371764,0.013807240102408207,-0.00019072906429049458,-0.009207286926055899,2.16245022652496,-0.5734817203330537,-1.241044424293444
4046,3.092,0.9989845545715874,0.006653689309978678,0.0021521824277337238,-0.04450793476192562,0.015009157690919052,0.0374993180454604,9.70372910609458,0.005550536300845175,0.0009449977898658502,-0.008097149976634811,2.160482944628076,-0.5724866585729796,-1.2391149883967405
4047,3.100,0.9989842928996937,0.006658872219926765,0.002130334869017005,-0.04451408354447879,-0.00652147810769152,0.026450408561032677,9.756877033311616,0.01159804199289122,-0.004870919100272754,-0.0100889557847654,2.1621509051479415,-0.5714568281736823,-1.233496935704799
4048,3.108,0.9989848056280295,0.006654576835741281,0.0021443565150455076,-0.04450254449581823,0.04729081551606615,0.031641861149545966,9.77977028055463,0.008935911861438465,0.003518109091634823,-0.005850179590519724,2.164805991110437,-0.572149812580262,-1.229320257921574
4049,3.117,0.9989847985900631,0.006652851066374191,0.0021401532887457306,-0.044503162837723466,-0.0065837696282970756,0.028044397695518915,9.756872538289034,0.00975942149910458,-0.0007183264563986933,-0.00873905686480843,2.153900806071549,-0.5644419706113596,-1.240460279422468
4050,3.125,0.9989845883221573,0.006657187020079566,0.0021461473222337806,-0.04450694560921413,0.031095925744278302,0.036943856313283494,9.741741056923779,0.011114189450372838,0.0016904991361393607,-0.009570190660170109,2.1578654370846975,-0.5703775725325804,-1.2484321583337354
4051,3.133,0.9989848391686078,0.00665967226210667,0.0021421153566651774,-0.044501137271211216,-0.00010431176356219894,0.06426771732526444,9.734862146361227,0.0107747689874858,-0.000636783085204845,-0.007200083873750963,2.1649039411857847,-0.5752068530482124,-1.2427192141739565
4052,3.142,0.9989846436802583,0.006674528691586269,0.002148014361526748,-0.044503015539127395,0.020151098879299383,0.032964231303551174,9.768311881024568,0.013645536071100368,0.0019933939051011394,-0.009035393625151687,2.161153021228858,-0.570452494776482,-1.2305838686626986
4053,3.150,0.9989848782349876,0.006666160973201943,0.00215231319666174,-0.0444987966535165,-0.011141391088955475,0.060277568340641165,9.761427808865893,0.008081717371074095,0.0012457181514135295,-0.007562734740725095,2.165330222566862,-0.568290096822607,-1.234236236074695
4054,3.158,0.9989846114997961,0.00667145073147579,0.0021313126424418183,-0.04450500239478261,0.020162155667778906,0.03465245467042051,9.768306014314417,0.011599136297219204,-0.0048751974662452026,-0.010088102253474738,2.1588272560863397,-0.5767063994161681,-1.2464117707630322
4055,3.167,0.9989853486345275,0.006671774657219221,0.0021268237941142456,-0.0444886194101828,0.020390047668144715,0.035543962387571314,9.768302336554878,0.010273878781642851,-0.0007768664826439534,-0.004657391111639156,2.1558642307039344,-0.569582600117612,-1.2418620657171209
4056,3.175,0.9989850889608499,0.006654932699018966,0.0021302216047435736,-0.04449680955495042,0.008622256126778591,0.011245586378156055,9.72571382726413,0.006050793461750355,0.0010781911463229976,-0.010641322883501359,2.1653463856977004,-0.5668461802774085,-1.236447251045794
4057,3.183,0.9989850818086498,0.006653206126379134,0.0021260014099918774,-0.044497430150636244,0.02464589738548476,0.008234090293493049,9.76373966349973,0.009759416897377665,-0.0007223857489127292,-0.008739582769872734,2.1660678431415104,-0.5702500875220946,-1.2349447085281877
4058,3.192,0.9989850804900513,0.006662032026737276,0.0021232948419318415,-0.04449626845675393,0.020401863879973673,0.03775374577519052,9.768294022463552,0.012290794503089765,-0.0004184093899898289,-0.008204717138322331,2.153889471495523,-0.5734608591495196,-1.238909780479207
4059,3.200,0.9989845997636155,0.006662193482551929,0.0021286559011678974,-0.044506779676641614,0.008603239029521245,0.013689116683624599,9.725710713635161,0.010098081554943676,0.0016019431778613875,-0.011110875232895102,2.1639045607091303,-0.5700499981769889,-1.2396014274382392
4060,3.208,0.9989846203862603,0.006660220633189944,0.002133567863275375,-0.044506376857811746,0.020222628991805856,0.03946993010060829,9.768287609868896,0.009597265144846837,0.0014638541397883353,-0.00856783561634591,2.1689653633189816,-0.5697201059121159,-1.2305337121953601
4061,3.217,0.9989843973864745,0.006664592707340678,0.0021391036457186637,-0.044510461894042584,0.02438826583154724,0.011693368936518792,9.763736781154119,0.011113317640684371,0.001684358626967712,-0.009572057153620125,2.1617124365092604,-0.5739630258481198,-1.2403127733664576
4062,3.225,0.998984121647413,0.006669944421486193,0.0021179105113786597,-0.044516861893299356,0.03535446697806584,0.018468554805069783,9.737152427374927,0.011600347526060959,-0.004879754341926173,-0.01008738418342539,2.1597504406580263,-0.5739514363017121,-1.2391064353760244
4063,3.233,0.9989838694378439,0.006663732782620419,0.002122635926557727,-0.044523226355674635,0.02035719676551053,0.042063661711974204,9.76827650518863,0.008581673460141876,0.0013783813493978728,-0.010107417222733128,2.1690060365178696,-0.5751442694976103,-1.2360975508204606
4064,3.242,0.9989843986126433,0.006670125877864905,0.00213746963872262,-0.04450968403452182,0.04701969676371964,0.04510636925421829,9.779718756817426,0.01146495686920714,0.003817823534438942,-0.005318862083033814,2.1638527732075814,-0.5704710380507345,-1.2325172218854192
4065,3.250,0.9989846364628685,0.006672884349189298,0.00212427482408876,-0.044504563609650875,0.02663193241558572,0.07825956800122467,9.746222634565168,0.010937437152600253,-0.0028303201113273673,-0.007372344423162737,2.1665489051392766,-0.5712173343707899,-1.23395537536898
4066,3.258,0.9989846288601048,0.006671046213293402,0.002130047680092647,-0.04450473391157235,-0.006723168667198117,0.04240012183495578,9.756820618961571,0.009596850752604406,0.0014607308519940965,-0.00856874725186672,2.1631399507507685,-0.5712289239171979,-1.2352009764908662
4067,3.267,0.9989844056949683,0.006675415836762994,0.0021355696532976516,-0.0445088232144332,0.02654873437870939,0.07993824091636634,9.74620923766478,0.011112841511439632,0.0016808835809585456,-0.009573100767428592,2.156320291254605,-0.570761525857821,-1.237452691330781
4068,3.275,0.9989841934868707,0.006679849368903852,0.002141369689539574,-0.04451264215533443,0.015570233176096227,0.07500315497601007,9.772787760323727,0.011112815513317616,0.0016802781781749805,-0.009573215715309037,2.159560200603121,-0.5688942515295955,-1.246480587814831
4069,3.283,0.9989844278697191,0.006671476655937972,0.002145640150545895,-0.04450843180099667,-0.0028026702963259457,0.016302579951595158,9.752281563553108,0.008080787411109677,0.001238668882109023,-0.007564747226068308,2.153175508307347,-0.5649395014913967,-1.2414374901853729
4070,3.292,0.9989842034098919,0.006675721792575945,0.0021414181457596326,-0.04451303634192484,0.030561434202558482,0.0537904013267114,9.74166429401079,0.011275741055378118,-0.0005086389321694577,-0.009744406123861899,2.165093040509326,-0.5709847942957424,-1.235189016835869
4071,3.300,0.9989839510394575,0.006669508141082591,0.002146123256454384,-0.04451940455261795,-0.0028701283687424636,0.017895571099665372,9.752278751121569,0.008581450700714225,0.001373453317194765,-0.01010834435676153,2.170744138936002,-0.5663926896737211,-1.240074470087378
4072,3.308,0.9989839352329208,0.006667155900093445,0.0021607637217167792,-0.0445194033977432,0.03895425844024608,-0.0019110884922933545,9.732615357307028,0.009433481104324971,0.003645752340894542,-0.00839858278651452,2.1582451831216645,-0.5653535876372974,-1.2335834368932252
4073,3.317,0.9989836993198176,0.006671800583776481,0.002157132791396322,-0.04452417712190435,0.007630446498714249,0.025301756115717836,9.72568824828565,0.011275912837180553,-0.0005101764973184884,-0.009744450328281397,2.1638739512783887,-0.5739166676624887,-1.2354142492051994
4074,3.325,0.9989834373949082,0.006665920354002116,0.0021532049158051398,-0.04453112422877376,-0.0031521046974891938,0.020281909126988348,9.752273993172654,0.008744738164495816,-0.0008161781898282882,-0.010279256774113633,2.1678338554013545,-0.5708125198620153,-1.2427395191727248
4075,3.333,0.9989831847264264,0.006659705655689263,0.0021579011172878537,-0.04453749450961929,0.023697602106039807,0.023243759598224452,9.763717815323174,0.00858130099166401,0.0013712264932002674,-0.010108810243363171,2.161405908926396,-0.5729053805374438,-1.2317795209941913
4076,3.342,0.9989831675882432,0.006658090527267665,0.0021540796459196803,-0.04453830538727891,0.018462592374943958,0.03338994396906652,9.699093364561437,0.009759961634894081,-0.0007318060647144634,-0.008740307551174427,2.1650661866784526,-0.5721706737637959,-1.2315155811207839
4077,3.350,0.9989829440066595,0.006662456862640531,0.00215958040304677,-0.044542400752810705,0.03879414238757266,0.002048937651301621,9.732615969484158,0.01111228507763513,0.001675762653443208,-0.009574451610401824,2.1599574877197614,-0.5682877789133253,-1.2340313761075918
4078,3.358,0.998982748560804,0.006677553109944264,0.002166624288079925,-0.044544181455723086,0.019144783235123055,0.054473689813468874,9.768217637146481,0.01364334584618946,0.0019808024028171653,-0.00903995449626201,2.1678499338116684,-0.570589251424094,-1.2449389449070771
4079,3.367,0.9989829536775188,0.006658596574736345,0.0021700683772657658,-0.04454225136467863,0.05672822690929529,0.06335129931025861,9.753068942903683,0.005549333618952563,0.0009286724485487951,-0.008100384963813219,2.1585084226371354,-0.5729471029045118,-1.2361951530217177
4080,3.375,0.9989830115462908,0.006677754781235626,0.0021765882193209114,-0.04453776708266495,0.0028571127506942903,0.05963033401615125,9.730173104260595,0.01465840095262163,0.002065677965372811,-0.007501104765849001,2.1668215082382623,-0.5724750690265719,-1.2378479710213346
4081,3.383,0.99898323351536,0.006669658701156074,0.0021716978388684163,-0.044534240046317605,0.02968068894440416,0.06283476263559461,9.741612876865933,0.008244287348591988,-0.0009544368576217741,-0.007735894340017731,2.1646442369968164,-0.5681062328424719,-1.2405911085478774
4082,3.392,0.9989829492763381,0.006663683894972675,0.002167529691574137,-0.04454171288953746,-0.00795627596697364,0.05542762048215126,9.756754379861219,0.008745050696236953,-0.0008209946564175683,-0.010279535834052425,2.165356330857111,-0.5778459206985905,-1.2378076865064092
4083,3.400,0.9989832124598387,0.00666588917570912,0.0021725867668413263,-0.04453523337380522,0.02971427014748927,0.0643144095794481,9.74160311949524,0.010611216353470895,0.0015387405448844772,-0.007031693817431314,2.1624023640643304,-0.5687806739747993,-1.2344971397320719
4084,3.408,0.9989827169173651,0.006666545704445835,0.0021692082203227966,-0.04454641404723213,-0.014516891686698676,0.022621836143721062,9.778845664138334,0.01026098465004466,-0.0006024380191468937,-0.011284173610422187,2.1619260628449553,-0.5763649176048874,-1.2361377175297203
4085,3.417,0.998983401057766,0.006656851249743532,0.002145602311362982,-0.04453366292165444,0.027779078492672367,0.002848841257344103,9.759206014543972,0.008072047295621868,-0.005465362508004261,-0.005531712207269064,2.1611814732819314,-0.5719543590537194,-1.234475931155497
4086,3.425,0.9989832007437187,0.006661221560574061,0.0021606426985218835,-0.04453677561618392,-0.003377665115288468,0.029956739181059205,9.752248999410613,0.010947288914148886,0.0038588271468205887,-0.009406427032487666,2.1656299844906113,-0.563967618824138,-1.2418439886944224
4087,3.433,0.9989834638471248,0.006663425363575627,0.002165693731041421,-0.044530298596442544,-0.0035990107844972833,0.030832502115975977,9.752246190202609,0.010610908517340758,0.0015372194079668966,-0.007032325612887518,2.161963590431758,-0.5756812048354338,-1.2412712561414423
4088,3.442,0.9989836603633363,0.006655467245215448,0.002151618710569596,-0.04452776234825982,0.011647348182909762,0.008794164419001875,9.721167197027293,0.008408806655922463,-0.0031454258040964,-0.007905551894748399,2.153652831649349,-0.5683434087360827,-1.23993673235556
4089,3.450,0.998983407400474,0.006649247740139437,0.0021562809881321586,-0.04453414078356043,0.034234512758503706,0.040404005158138044,9.73709011403498,0.008580480502681896,0.001362947235984343,-0.010110757311284474,2.1636510460797047,-0.5766299084098768,-1.2383200147548208
4090,3.458,0.9989836749576969,0.006651803703357085,0.0021521034625210603,-0.044527958926882154,0.03420272182597556,0.04119175822811032,9.737086926263446,0.010775282174462431,-0.0006518112958655154,-0.007201972125879827,2.1697760850188264,-0.5727516493779691,-1.241241960300248
4091,3.467,0.9989836799855984,0.006649794697181765,0.002156954692421531,-0.04452791146429485,0.023339636229293012,0.036212666583484536,9.763679190777134,0.00959548893224212,0.001448786596195221,-0.00857198293200365,2.160199159450009,-0.5780506458622595,-1.2336927544272691
4092,3.475,0.9989832378555572,0.006660542323670033,0.002172588242679869,-0.04453546362069918,0.02311202134028051,0.03711186190905787,9.763676357989763,0.012462320105902371,0.004074953994171069,-0.010412499493001307,2.1628636428842287,-0.5719195904144959,-1.2308015918626054
4093,3.483,0.9989829896828647,0.00666546912890686,0.002159771774977022,-0.04454091637424191,0.02305327213894995,0.038086243508755724,9.7636727436542,0.011441000193423489,-0.0027091441780456083,-0.009914643774991657,2.1656740574631623,-0.5718377144427496,-1.2478728950431413
4094,3.492,0.9989837022630109,0.0066549688047240286,0.0021637688547587737,-0.044526308037378476,0.03394378537218992,0.044664502899633925,9.73707252034634,0.007578886407987681,0.0010961146203553984,-0.005023800060596227,2.1599943883746766,-0.5766368621377214,-1.2390791543673885
4095,3.500,0.9989834662280309,0.006659612212012912,0.0021600885297317633,-0.04453108785734892,0.03828583168684664,0.016808368535248586,9.7326036838835,0.01127609060889451,-0.0005221728237249602,-0.009745957997381557,2.159084017992482,-0.5747695878094959,-1.248137390543925
4096,3.508,0.998984005425991,0.006666135906014202,0.0021648472444759986,-0.04451778264395704,0.023043477507018184,0.040563071292826484,9.763662790963352,0.011625405340558708,0.0016212747365343574,-0.005494550191179854,2.161694624323905,-0.5734515875123933,-1.237876178075597
4097,3.517,0.9989844850074913,0.0066622512258904115,0.002160123751388065,-0.04450783064023277,0.029466271133549077,0.07583534141107383,9.74152099740763,0.009259671788610119,-0.000873881506125648,-0.006197395167456085,2.1588367043903793,-0.5691499706974587,-1.247704239523641
4098,3.525,0.9989844937111252,0.006660124433091627,0.002164626428813072,-0.044507734829880435,-0.003884328907539376,0.039859256997731365,9.752213363671471,0.009595170394187658,0.0014450965980836738,-0.008572884448412246,2.1646316430806904,-0.5695547852062334,-1.2388683397738902
4099,3.533,0.9989844865690405,0.006658398152969637,0.002160319337450917,-0.044508362683742114,0.018578446343318088,0.07159501842001405,9.76810824339303,0.009760396362419505,-0.0007434607463732618,-0.008741336570083623,2.154363920331121,-0.5668508160959717,-1.2370158081936051
4100,3.542,0.9989847255732478,0.006661025242571531,0.0021471662021994016,-0.044503241357918756,-0.010220791426330039,0.007069021252823345,9.774353430184796,0.010940759579532913,-0.0028441302874634747,-0.007370673687894423,2.16178229035774,-0.5703914799882697,-1.2498683419203778
4101,3.550,0.9989844846727094,0.006654516010912564,0.002160938454276766,-0.044508955782614594,-0.0038041709061091347,0.04227260172937266,9.752203232529046,0.00841442672007112,0.0035436969530441317,-0.009944253766452358,2.1617265439270614,-0.5764228653369262,-1.2422425796814112
4102,3.558,0.9989846839787931,0.006646907192792843,0.0021371778472714363,-0.04450676658004681,0.0006468669114158956,0.014338930635387066,9.747751418181732,0.008575668158885642,-0.005339905062157617,-0.008072815414285808,2.1612579572366863,-0.5757159734746572,-1.244938456683161
4103,3.567,0.9989844064237119,0.006641254867651968,0.0021235224368788145,-0.04451449324105142,-0.009837433877625009,0.009259116812930233,9.77435199313607,0.008910699434896434,-0.003021736483547279,-0.010448843428451057,2.164603496021508,-0.5636585877427991,-1.2350179985333798
4104,3.575,0.9989846714890447,0.006643064778798541,0.0021378133782533047,-0.044507590074394615,0.03864748297727859,0.02396428580839688,9.732587265275832,0.0104439490789427,0.003719015722865709,-0.006867064346481382,2.1567850376245867,-0.5753698558448133,-1.2342314825743301
4105,3.583,0.9989849632633271,0.006655842003386921,0.0021436510657794248,-0.04449885055935327,0.027598064211095414,0.0191361088063207,9.759188184906423,0.013140370113818228,0.001837422296876817,-0.006501014766676485,2.1653655758318906,-0.5732190474373459,-1.2390723410988262
4106,3.592,0.9989847386222451,0.006660738986211763,0.002140259597690575,-0.044503323975371316,0.03836599086114752,0.02591557289006644,9.732583378914814,0.011276001440326002,-0.0005284768898996337,-0.009746889072814555,2.1605024567002618,-0.5742210629252645,-1.2417841175494102
4107,3.600,0.9989847313067524,0.006659011657146038,0.0021359353887096424,-0.044503954428139314,0.011547312419935375,0.024422771590923962,9.721140615522728,0.009760331274939511,-0.0007475352977319335,-0.00874195540619335,2.1565316924362117,-0.579508469863147,-1.2329732483644054
4108,3.608,0.9989847223430388,0.006647070416060978,0.0021308885042953785,-0.044506182652174965,0.023272171130466344,0.050305460868170074,9.76361691076942,0.007229620785488906,-0.0010552187143894436,-0.009275973889261059,2.1668396254175084,-0.5685921741761012,-1.2403262875644832
4109,3.617,0.9989845394589604,0.006661715765650653,0.002146274421946146,-0.044507358617791676,0.033963459399335504,0.05693020761945043,9.737008466525442,0.013474547626999567,0.004153713505179589,-0.008878373369628002,2.152435493137558,-0.5717658592550214,-1.2404014521287479
4110,3.625,0.9989847389535044,0.006654091890642108,0.0021229450075610145,-0.04450514019307464,-0.005706326154426776,-0.013337054664682277,9.769915043906233,0.008577022411141113,-0.005343766615423086,-0.008071678157239463,2.166108838278395,-0.5710357882999367,-1.2405525862529256
4111,3.633,0.9989845270427253,0.006658155347675047,0.0021375097962061463,-0.04450859184989684,0.02324419572126551,0.052844054124244776,9.76360356999693,0.010943506927142455,0.0038452679729096893,-0.009412885004959747,2.1623862687099114,-0.5692480720341762,-1.23229539615037
4112,3.642,0.9989844899068973,0.006645585988563288,0.0021420311308897656,-0.044511086427541154,0.011392369749420737,0.028367086822544848,9.721130087436457,0.00706351322112385,0.0011308133459817854,-0.009108885034449597,2.16583786728982,-0.5719775381465348,-1.236883253072983
4113,3.650,0.9989847404350733,0.006648069862870425,0.002137899276900936,-0.04450529105229975,0.0005515801442248466,0.023315176955674297,9.747734087486226,0.010775487059945521,-0.000660934314831948,-0.007203231772262111,2.1619512337331024,-0.5737119424988198,-1.2395809372303457
4114,3.658,0.9989847412588888,0.0066461781517464,0.0021430243619884773,-0.04450530860999409,0.011337997199753863,0.029916231749147214,9.721125508241158,0.009594032595265284,0.001437399665467293,-0.008575289471067704,2.16245578367629,-0.5705591186034337,-1.2418046077573037
4115,3.667,0.9989845051310791,0.006650819648411059,0.002139297465352348,-0.04451009449970103,-0.010339288959619412,0.019218009456458365,9.774336968858531,0.01127607649476434,-0.0005332825525951676,-0.009747523771637751,2.1637085940618452,-0.5703567113490464,-1.2461922179396927
4116,3.675,0.9989847456635055,0.0066531128814750285,0.002134897609405878,-0.04450456417948004,0.000526645473959607,0.02588589252469211,9.74772760110121,0.010775508855124672,-0.0006621961303027273,-0.0072034112271952945,2.1648863662179005,-0.5712776000121106,-1.240315068745987
4117,3.683,0.9989844803923685,0.006647174117387305,0.002130347384690171,-0.04451162355457684,-0.014644245389650009,0.04953427430286102,9.778746182239344,0.008745454534517071,-0.0008422277391618543,-0.010281486697101183,2.1625042222364925,-0.5669597578322049,-1.2484306991285532
4118,3.692,0.9989851842844142,0.0066363576907471356,0.002133877042939975,-0.04449726851843753,0.033844283375236366,0.06411472733414808,9.73696422048906,0.007577675750824387,0.0010895861779237318,-0.005026372023165091,2.1631880673729738,-0.5722680259536215,-1.2417830287624783
4119,3.700,0.9989849481625894,0.006640998512197237,0.0021301410695498705,-0.04450205593423564,0.027416046612535272,0.0304903717349254,9.759159827725126,0.011276030676307213,-0.0005354032518409392,-0.009747878512363752,2.166628839700009,-0.5766924919604788,-1.2448899221623102
4120,3.708,0.9989847203535887,0.006645422280827765,0.0021354530712282575,-0.04450625464979929,0.02736813823044733,0.03140283203188008,9.759157068720878,0.011109139965202235,0.0016522839227690964,-0.009581495976080852,2.157289655344194,-0.5712405134636057,-1.2364644244906855
4121,3.717,0.9989847129249138,0.0066436945807346855,0.002131100331832811,-0.044506887961550695,0.02290903542552223,0.06087838068685542,9.763557570677987,0.009760559840388629,-0.0007543312583779763,-0.008742675289063133,2.1558030626747664,-0.5765835502242456,-1.2334946627930892
4122,3.725,0.998984473730394,0.006638032835674503,0.0021267809479735044,-0.044513307768353154,0.03820774297951072,0.038770547161290934,9.732541280626913,0.008745541757736067,-0.0008451394466517596,-0.010281754205191946,2.161215296101181,-0.5732190474373459,-1.2391026807913126
4123,3.733,0.998984736140663,0.006640223397656096,0.0021317751423222337,-0.04450685257286627,0.0004962400857279639,0.03140226360751371,9.74771139256624,0.010608399821326353,0.0015235718002129144,-0.007037648504773571,2.1558744469690265,-0.5766762665955077,-1.2432595867353256
4124,3.742,0.9989842619332379,0.006640802702799789,0.002127580862584907,-0.044517609424129405,0.042564743707572295,0.01178246228295323,9.728138732698579,0.010261077579245466,-0.0006287504021443329,-0.011287242709946336,2.1597243323677753,-0.5643956124257284,-1.2355349849443102
4125,3.750,0.9989840375840998,0.006645149773737263,0.002132973106365186,-0.04452173696501947,0.00041316015159097397,0.033117906723356856,9.747705718831977,0.01110874940224497,0.0016496279653796864,-0.009582335161404242,2.1686803188008152,-0.5677137570269968,-1.2249392083951627
4126,3.758,0.9989842352885179,0.006637042881954093,0.0021291486686474924,-0.044518693070947586,0.01643334107331759,0.030551530700656967,9.78575260405414,0.008245186129239097,-0.0009742228283581345,-0.007737518266286879,2.159953477958317,-0.5746305132526024,-1.2334828658793973
4127,3.767,0.99898395774814,0.006631397738203886,0.0021154317592364676,-0.04452641546736859,0.0005436068884269498,0.03460092554777478,9.7477005599812,0.008913093256303467,-0.0030364403284632874,-0.010447906524575681,2.1619867733832874,-0.5759554672775494,-1.2444425385753197
4128,3.775,0.9989847208460151,0.006631676208632919,0.0021201165644079553,-0.04450902709144392,0.0006080825091186856,0.035373496080574676,9.747697783644359,0.010107548632388792,0.0013954464388601017,-0.004494003074012662,2.164115058376844,-0.5660998839573529,-1.2349983894354732
4129,3.783,0.9989844965085599,0.006636021551638182,0.0021255005423970984,-0.0445131576160337,0.02734676033385378,0.03864743941413985,9.759131128073632,0.01110841358008631,0.0016475494577419833,-0.009583032086282462,2.1617446272180976,-0.5730282297293662,-1.2447162605298612
4130,3.792,0.9989842319100193,0.006629676811364464,0.0021302016347085296,-0.04451981605444488,0.0003580980983874894,0.03703482810601437,9.74769162482885,0.008578000544168976,0.0013384962407839845,-0.010116595213556024,2.159788205462299,-0.569849908831883,-1.2442724238506373
4131,3.800,0.9989847346677052,0.006625201686136747,0.002143717067258057,-0.04450855064645817,0.02702306636161112,0.040163710570247826,9.759125906351144,0.008924719585728507,0.003491817510925643,-0.005867669378042997,2.161472041063217,-0.571526365452129,-1.2408259827248558
4132,3.808,0.9989847267516685,0.0066233432259974485,0.0021390905289093796,-0.0445092275052538,-0.004396907302518051,0.06712986276507553,9.752063555397148,0.009760842388767404,-0.0007595229434239762,-0.00874313276712184,2.161959648446733,-0.5810474206888894,-1.240732017302645
4133,3.817,0.9989849772021752,0.006625826799203276,0.0021349271884497055,-0.04450343615382116,0.004546458796181193,0.010713466067877575,9.743307410630429,0.010775761684564648,-0.0006684914409347351,-0.00720423790974365,2.16147540694867,-0.5744605567281569,-1.2412864147537757
4134,3.825,0.9989852582427509,0.006628339152019074,0.002139845232703776,-0.0444965166741258,0.010877068520425233,0.045952475943213396,9.72106345770603,0.010607776480571868,0.0015194455779629881,-0.0070390718753451246,2.162433007383282,-0.5644257452463886,-1.2386889536598102
4135,3.833,0.9989845062366295,0.006624557184068454,0.0021356450604130706,-0.0445141613584884,2.909595283121254e-05,0.04101364878754957,9.747675702699969,0.009246407414213967,-0.0007276092887667266,-0.012826867732280868,2.1670890116767536,-0.5700639056326783,-1.2410429650882613
4136,3.842,0.9989845155720202,0.006632872045416408,0.0021414833582472843,-0.044512433148415624,0.049258210822662366,0.07537181049384796,9.774912526318396,0.01212301404816888,0.0017356929054550495,-0.008044977222169347,2.166124628638922,-0.5749627234267569,-1.2427126085823392
4137,3.850,0.9989849947309685,0.00662898796479164,0.0021367048745257323,-0.0445024865958018,0.026809976594776276,0.04518509365885912,9.759104536545085,0.009260470307727711,-0.0008870421752216756,-0.006198771872067049,2.160267110082397,-0.5761856894433155,-1.242987974951188
4138,3.858,0.9989850061395936,0.0066271104680940525,0.0021413146941604818,-0.04450228855352896,0.010734164375803466,0.049255112958056,9.72104744302951,0.009592624478654523,0.001425805976907731,-0.00857859647786721,2.1614416349617365,-0.5724634794801641,-1.2366666186600082
4139,3.867,0.9989852681351816,0.006629296322944247,0.0021462838288626657,-0.0444958418828989,0.015068640315804991,0.021448318316158684,9.716683003973776,0.010607511440003835,0.0015174946410849524,-0.007039705327775464,2.1644299159528138,-0.5757136555653756,-1.2446711326432918
4140,3.875,0.9989852758177025,0.006627395326799609,0.002151091179718643,-0.04449572043858193,0.026539849158817384,0.047599629418131874,9.759093797004828,0.009592603787252582,0.0014247855296450778,-0.008578774704140198,2.1624661016060127,-0.576188007352597,-1.2432160358596043
4141,3.883,0.9989855262184048,0.006629879363993598,0.0021469140925791403,-0.04448992993515889,-0.00035535983347787935,0.04598388275721305,9.747653517554754,0.010775969377089984,-0.000671757763865198,-0.007204484987748751,2.1636866535063093,-0.5778969147027849,-1.2431908874891924
4142,3.892,0.9989857596333306,0.006621997406604989,0.002141724105713065,-0.04448611264225707,0.004171375942724522,0.018130529413406312,9.743296598381884,0.008245732232017956,-0.0009812621061666947,-0.007737825499322869,2.164713311416464,-0.5757646495695699,-1.2500400561237284
4143,3.900,0.9989855641711294,0.006636916922133976,0.0021479001858260714,-0.044487980806627844,-0.021953529425806906,0.036182040493269646,9.800884686092195,0.013637945475322382,0.0019489754000073078,-0.009051742527447164,2.159251702027745,-0.5705197141456472,-1.2376777160231665
4144,3.908,0.9989857586275093,0.006618205767073328,0.002141781330142802,-0.04448669671462165,0.004102690461231955,0.01980522702019462,9.743293366331134,0.0057156088206256565,-0.001291401531597096,-0.008271078804519391,2.161775151928315,-0.5703822083511434,-1.2488918495261543
4145,3.917,0.9989857511282105,0.006616478399419511,0.0021373795180415637,-0.04448733376132718,-0.00028378435061055375,0.04905980986691138,9.74763852351822,0.009761091843143731,-0.0007660311198500091,-0.0087437381235715,2.164625662326734,-0.5785806274722383,-1.238050210126297
4146,3.925,0.9989857878231734,0.006625087108124469,0.002142769492033497,-0.04448496922588956,0.01495279036405395,0.027050131280816625,9.716669203883464,0.01212237245450339,0.0017312368966278585,-0.008046499965698914,2.165196310518533,-0.5745370477344482,-1.2493157066892207
4147,3.933,0.9989857803381902,0.006623359773665849,0.0021383629358805384,-0.04448560656393014,-0.00036913179366046767,0.05083736636127701,9.747629412148203,0.009761145393955993,-0.0007671453051794779,-0.008743819639655112,2.1609547955392734,-0.5775925194400089,-1.2368656363398147
4148,3.942,0.9989857819132826,0.006621790308307205,0.0021338094656546246,-0.04448602348362254,0.04183221925241832,0.031194090126186694,9.728099031932445,0.009761128590818829,-0.0007676243237319053,-0.008743910987258026,2.1602883559296244,-0.578654800569248,-1.2458942736603658
4149,3.950,0.9989860144537758,0.006613394517966272,0.002137936698053774,-0.04448185209033065,0.02652832813027489,0.05482285216342375,9.75905592332499,0.00807673943157151,0.0012042140802288027,-0.007574222722118539,2.1619741964112658,-0.5771598900198555,-1.2427220876486818
4150,3.958,0.9989857579641742,0.006607978369697849,0.002123794029330253,-0.04448909423140856,0.020271217235647825,0.021167392762384697,9.781339862889887,0.008915485789127714,-0.0030503428157234863,-0.010446794542411013,2.1680906511957074,-0.5683874490124323,-1.2444697746483162
4151,3.967,0.9989855625999413,0.006622894066741619,0.002129954425984866,-0.04449096858018369,0.05798057860825778,0.03028303407004247,9.766148103842927,0.013637149497076515,0.0019453089807938727,-0.00905336768442851,2.1590429381350718,-0.5752045351389308,-1.2425179235824406
4152,3.975,0.9989852904271851,0.006616855496967991,0.0021251958272729644,-0.044498205313708676,0.026591052972091085,0.05734732437839731,9.759041244813952,0.008746294552721315,-0.0008631699803651237,-0.010283140667645515,2.158554856316615,-0.5725191093029214,-1.2425469892788699
4153,3.983,0.9989855522192312,0.006619036417228102,0.002130142631448171,-0.04449176672728388,0.031045952045919117,0.029509909327837345,9.754709537303524,0.010606547831688351,0.0015122381469111303,-0.007041787986246159,2.1628487729816994,-0.5804455838911822,-1.2287674824169312
4154,3.992,0.9989855623716684,0.006617715519736531,0.0021261783060708924,-0.04449192488612161,0.00415461522724389,0.027856731470091853,9.743273652987057,0.009761196941446035,-0.0007705525659187051,-0.008744276022069647,2.158259409148201,-0.5661045197759161,-1.2355294681396247
4155,4.000,0.9989855547527056,0.006615987784150861,0.0021217553528221837,-0.044492564044930634,0.011290798951375462,0.0826735630315487,9.789974499577681,0.009761180467643758,-0.0007710316707312605,-0.008744367426167365,2.1646065060807533,-0.5717195010693902,-1.2354297557679634
4156,4.008,0.9989853078595403,0.006620599394804429,0.0021184694688343173,-0.04449757781658322,0.03743819806289035,0.06633259720452057,9.73239544827283,0.011276354967014342,-0.0005556808227697707,-0.009750500233477507,2.16170691324614,-0.5763973683348291,-1.2395572255972962
4157,4.017,0.9989850830439174,0.006624934485166664,0.002123789645226473,-0.044501725992911266,0.020275667977955852,0.027193648294697597,9.781324957165683,0.0111065781485865,0.0016323062265332965,-0.009587442609089546,2.1585416693568114,-0.5825121984176217,-1.2407430958476557
4158,4.025,0.9989853096859236,0.00661788214197963,0.002100443977105241,-0.044498795520484316,0.0043699309560973525,0.031212752557141593,9.743263385878164,0.008585742528138852,-0.005365586885490882,-0.008064621009557356,2.158023655871815,-0.5739282572088965,-1.2366776972050186
4159,4.033,0.9989856121838744,0.006630333998396559,0.0021153532266263196,-0.04448944370754527,0.015981739498701658,0.05750388523009623,9.785632091477755,0.012966092736145374,0.004008564800629057,-0.006347112838929368,2.1621885513434793,-0.5690642080540411,-1.2386466992479663
4160,4.042,0.9989858338633801,0.006622285372106546,0.002110564091378562,-0.04448589210023685,0.015101018404267292,0.03865610254888441,9.716629731231157,0.008246043669283163,-0.0009893412339456004,-0.0077385788556911745,2.157002419560151,-0.5750909575841344,-1.230570169255548
4161,4.050,0.9989861013461564,0.006635650915450201,0.0020980381113493763,-0.04447848570060466,0.004440638978838713,0.0338314743924835,9.743254615272392,0.013476032042785536,-0.0025582246793174,-0.006835934126966504,2.164601186146894,-0.5712242880986347,-1.2347020221669942
4162,4.058,0.9989865961291415,0.006631755596939641,0.0021031273790055394,-0.0444677121880827,0.026845884130093214,0.06588040467013608,9.758986673440239,0.009090713852362854,0.0012929528794565787,-0.006037168371748015,2.162700036386832,-0.5688502112532459,-1.2418190480009557
4163,4.067,0.9989861020744862,0.006632182560601716,0.0020990624166963515,-0.04447893831329606,0.0044617139306084115,0.035533812964352623,9.743248543580044,0.010261403803353174,-0.00065471492565299,-0.011290083981620009,2.1614558948764833,-0.5727261523758721,-1.2386172856011062
4164,4.075,0.9989858698231904,0.0066364360452384145,0.0021044717094946684,-0.04448326437038735,0.0044190667983549335,0.03640165017529183,9.743245359923247,0.011105966316705912,0.0016281924290484399,-0.009588781961712914,2.1683026793092015,-0.5681015970239088,-1.2400760920338658
4165,4.083,0.9989861197611484,0.006638918752560398,0.002100254152713415,-0.04447747986179324,0.026726471023269884,0.06843207015252414,9.758969442870553,0.010776030761845157,-0.0006814189806537871,-0.007206151423270357,2.161417091005477,-0.5660836585923822,-1.2333091593113081
4166,4.092,0.9989858159011961,0.006633113644770638,0.0020870417561793886,-0.044485791982447086,0.02058545616388229,0.034910502058406956,9.78129981086183,0.008916763643371205,-0.0030607690922990123,-0.010446370165579859,2.1536400005157526,-0.5732097758002197,-1.2381815137186818
4167,4.100,0.9989855619219452,0.006626866558619239,0.002091508991840923,-0.044492216187187295,0.0307056731624944,0.02156597434617121,9.685679786331594,0.008575732338961086,0.0013161629516250791,-0.010121976507077812,2.162001270515505,-0.5728003254728818,-1.2464256553793083
4168,4.108,0.9989858465637035,0.006628721494521046,0.002105236307036154,-0.04448490077364356,0.004388518047726065,0.039572709817384054,9.743233010229865,0.010434789707826724,0.003695022093154169,-0.006882113875751678,2.158534017127909,-0.5641908872620595,-1.2396963189060766
4169,4.117,0.9989861079868345,0.006630896678127435,0.002110157085707151,-0.04447847227181472,0.05788835163749709,0.045479361716422584,9.766089704713693,0.010605440279460988,0.0015058432090832546,-0.007044269699947139,2.164197150315244,-0.5662065077843046,-1.246228051969045
4170,4.125,0.9989860867386465,0.006628385228171174,0.002114665409524067,-0.044479109726694145,0.004054028654760161,0.04124728555594344,9.743226209045003,0.009590627261448508,0.0014098809819357047,-0.00858326483603526,2.1602677878466006,-0.5664205045850998,-1.2430806888451615
4171,4.133,0.9989860903635013,0.006626348827774047,0.0021193525937157243,-0.04447910864712965,0.037070006549578996,0.07887540870549614,9.732303286471716,0.009590611976924852,0.0014094148490608324,-0.008583353823924443,2.1641968622654577,-0.5703567113490463,-1.246188648564106
4172,4.142,0.9989862960194361,0.006617923341025332,0.002113992558183318,-0.04447599904987821,0.010191963686217945,0.0770669007439359,9.720867321432303,0.008246434169151265,-0.000994698380224364,-0.00773886989502565,2.161916016020913,-0.5668299549124376,-1.234763374985009
4173,4.150,0.9989865053908247,0.0066101376879251885,0.0020997870248913634,-0.044473126955782365,0.009344103455162775,0.03458860248792229,9.807914002745111,0.008417380945696757,-0.0031838062021336717,-0.007900662394983805,2.1592604895116865,-0.572484340663698,-1.2388797887371514
4174,4.158,0.9989862447760733,0.006603877172097612,0.0021046031390844263,-0.04447968300383778,0.02474245053644767,0.012343308536599047,9.777000130868556,0.008575534175202303,0.0013122535529997259,-0.010122757830862701,2.160457926236874,-0.5729424670859486,-1.2356926293222592
4175,4.167,0.9989859675803531,0.006598246742554194,0.0020907622041692327,-0.04448739631486646,-0.02263186455893651,0.04228526431316572,9.731781594494477,0.008917759896507815,-0.0030657797650715858,-0.010446001294808202,2.163656772672086,-0.5712660104657029,-1.2391033766921742
4176,4.175,0.998986268667312,0.006610807859333425,0.0021060369227599075,-0.04447804899148093,-0.006613574678224932,0.040032632503935316,9.769841559544362,0.012963485958549485,0.004003247644093275,-0.0063514257227079325,2.150920719520738,-0.5717009577951379,-1.2335767134959423
4177,4.183,0.9989862608146626,0.006609079217634958,0.0021015681793388184,-0.04447869362540157,0.030174807655310363,0.029376683005287823,9.685660914753118,0.009761479174915755,-0.0007820778821721059,-0.008745604096342043,2.170774341708222,-0.5683851311031508,-1.244206019984034
4178,4.192,0.9989862765263625,0.006617876369741201,0.002098104702397539,-0.044477196190939296,0.0040964407107538636,0.047535083586388645,9.743197544993352,0.012291218352321156,-0.0004715765322204205,-0.008213311616389643,2.163396170445549,-0.577104260197098,-1.23685242515658
4179,4.200,0.9989867663018008,0.006613682062357875,0.0021024112953264653,-0.0444666147822705,0.03091525272172686,0.050957424838314634,9.754621490052422,0.009089830272519767,0.0012875207333698467,-0.0060391753565211545,2.162406752072411,-0.5827030161256014,-1.2350973917288273
4180,4.208,0.9989867831818029,0.006612563760611827,0.002098472553227851,-0.044466587923169314,0.04168665327693247,0.057402922959068785,9.727980309821895,0.00976151041307633,-0.0007836819572692103,-0.008745769432567408,2.158777219303936,-0.577618016442106,-1.2395670526140696
4181,4.217,0.9989865352919586,0.006617512040298133,0.0020854484783336645,-0.04447203328395858,0.02023732047249685,0.04691409258478934,9.781250331143461,0.011448012460190699,-0.0027585566992603255,-0.009913447593630642,2.169337480827305,-0.5772108840240497,-1.248039255183112
4182,4.225,0.9989863518493621,0.006632632655134484,0.0020914034863200133,-0.04447362177991216,0.013293788102886901,-0.006206528718396247,9.734666475620175,0.01363440163831618,0.0019296556510491883,-0.009059494899062935,2.1595573824053553,-0.583783840529093,-1.2460950760279654
4183,4.233,0.998986595303623,0.006623914130096953,0.002104613204897963,-0.044468829178776904,0.06224121660190868,0.02842757866350349,9.761776121874545,0.00790309206545034,0.0033779329026260158,-0.0074178302015112515,2.1592694294925745,-0.5722518005886505,-1.2401027220772802
4184,4.242,0.9989866060367004,0.006611240037205378,0.0021172529236098596,-0.04446987412286039,0.03056721715690306,0.055092670097736676,9.754600107381636,0.00688834353018563,0.0032805552423401715,-0.008956783998456487,2.1651216620034504,-0.5700453623584258,-1.2391042578021607
4185,4.250,0.9989866093690812,0.006609199501713659,0.0021219122686407968,-0.04446988049835818,0.003519740987217674,0.053193419995071885,9.74316851983073,0.009589873658676262,0.0014027147431492552,-0.008585219968214005,2.166327818436159,-0.5734446337845488,-1.2371098997118564
4186,4.258,0.998986618932294,0.006618109272084977,0.0021187707359573865,-0.04446849035502789,-0.0027637810711493914,0.01978555915380834,9.765555741632717,0.012291463561623011,-0.00047518181595196396,-0.008213597151600634,2.1602106126347715,-0.5673228499739116,-1.2352594783019755
4187,4.267,0.9989863645363287,0.006611857028831784,0.002123188205198816,-0.044474924271614515,0.030293126435265317,0.0575065297750178,9.754587031078165,0.008575077033884045,0.0013042737446338154,-0.010124396533323646,2.167065540675438,-0.5739398467553043,-1.2378322792494452
4188,4.275,0.9989873181090525,0.0066058599107838446,0.0021185158585457073,-0.044454614638751076,-0.0234266273535774,0.05305378773918349,9.731726965484459,0.008761424289754507,-0.0010208583836740688,-0.0036548054035288624,2.1629506142097563,-0.578868797370043,-1.2426987239660632
4189,4.283,0.9989875898917664,0.0066077153225655785,0.002132550706863464,-0.044447559752355724,-0.007478313418058118,0.05074845340922843,9.769791148479921,0.010432208167472428,0.003687100119412527,-0.006886564120788245,2.1595509556283425,-0.5735211247908403,-1.2452159332224142
4190,4.292,0.9989868528381203,0.006604051800512776,0.002127854816310276,-0.04446489165943425,0.03460337102046263,0.031168760621112537,9.750335971689953,0.009247575954435795,-0.0007699475499563562,-0.012830438503551604,2.1636366506121165,-0.5783202724858121,-1.2363508050349283
4191,4.300,0.9989876106043696,0.006603752166397417,0.002141529907489353,-0.04444725150054906,0.025364210467770702,0.0892062571827071,9.758805292507935,0.009931725554325772,0.0035702408460910433,-0.004341303643311418,2.1607166930237387,-0.5678342883096379,-1.2376925042172493
4192,4.308,0.9989873751077928,0.006608546416634418,0.0021380254645019412,-0.044452000366857015,-0.0032806676033850044,0.024564009175509636,9.76554473049473,0.011277032773773111,-0.0005757404239247321,-0.009752653631694226,2.1580361481233106,-0.5739444825738674,-1.23838655889491
4193,4.317,0.9989875958982644,0.006600454280387779,0.002132927616544679,-0.04444848551392426,-0.0032182130046103127,0.02535820914853814,9.765542719618354,0.008247221388726984,-0.0010039129371268404,-0.007739272258732744,2.1617820192520596,-0.5742975539315559,-1.2498312563627885
4194,4.325,0.9989876085281446,0.006598402262653761,0.0021371718090446275,-0.04444830245867692,0.023614933932305248,0.028679538552855096,9.77696864751072,0.009589544593387738,0.0013983337191137686,-0.008586275086818244,2.166124899744603,-0.5710566494834708,-1.2427496941399288
4195,4.333,0.9989878691685313,0.006600570477316289,0.0021420520500171005,-0.0444418871843531,-0.030206142722727952,0.024306744337796015,9.754110585655487,0.01060416429306015,0.00149601433892576,-0.007047461263355725,2.1572718092706293,-0.5712173343707899,-1.2340231935051265
4196,4.342,0.99898738047308,0.006600680824365738,0.002147300464201031,-0.044452601373889074,0.03873388858948178,0.007374599406235838,9.746097167020727,0.010089784763588402,0.0015126726436120157,-0.011132160010968034,2.1575604568917184,-0.5727400598315614,-1.2401105791971347
4197,4.350,0.9989881056641177,0.006601327963171323,0.002133533972355214,-0.04443686806615954,-0.0034214425034393902,0.028582501833201473,9.76553374710176,0.010449437670188466,-0.0029977224404414515,-0.004821044993625668,2.163667260042859,-0.5744536030003122,-1.2405379832679682
4198,4.358,0.9989878751992339,0.006606042572865444,0.0021296227061291225,-0.04444153590477317,0.018304043767413857,0.04076812890214356,9.712242081052418,0.011277045841610371,-0.0005791042743550809,-0.009753132475105257,2.163955789055212,-0.5776852358112712,-1.246609144028531
4199,4.367,0.9989885925179275,0.006595479499143023,0.002133307435766199,-0.04442680124217361,0.007491185057537683,0.035882659907013906,9.738883850321761,0.007574205952591036,0.0010674217516004293,-0.005034356863364108,2.1678765673691753,-0.5725770570349604,-1.2485822486066211
4200,4.375,0.9989883574348708,0.006600072547555967,0.0021290057405827538,-0.04443161134263511,0.04510928584614957,0.04490814945943254,9.72366236698806,0.01127707159041195,-0.0005801671187401387,-0.009753253582379662,2.158560091529949,-0.574234970380954,-1.2432631336430922
4201,4.383,0.9989888354865819,0.006596191622781929,0.002124136318865673,-0.04442167122180871,-0.00784302556238814,0.06046398458859885,9.769735563932699,0.009262018535186947,-0.000908685501271579,-0.006200656059285196,2.1541018046029086,-0.5687806739747993,-1.2345578191170448
4202,4.392,0.9989888335049097,0.006594455889687784,0.0021195517916129713,-0.044422192474273314,0.007593888937579222,0.03825447445479699,9.738874744125201,0.009762203362064448,-0.0007946069736554585,-0.008746538463875044,2.1566553386669636,-0.5723445169599127,-1.249887277585243
4203,4.400,0.9989888471834754,0.00659209141763536,0.0021333198656051256,-0.04442157674063036,0.00747798215403229,0.03903323522430804,9.738871743855379,0.009415798633334284,0.0035828019736425408,-0.008428564247218776,2.1621870039535938,-0.565644075444384,-1.2384350260123012
4204,4.408,0.9989893051893607,0.00658823161501828,0.002118930381278384,-0.04441253714329717,-0.0033328916466647453,0.03415639837315584,9.76551587234004,0.009435396333209382,-0.0030985996498127067,-0.006359637683536599,2.163689149766079,-0.5676457885109399,-1.2435323601764203
4205,4.417,0.9989895761614224,0.00659007684684394,0.0021329399043387097,-0.04440549712974113,-0.007946141790978408,0.06359317248337738,9.76971561422547,0.01043018187743619,0.0036810347009175754,-0.006890121897188975,2.159764666684563,-0.5747023684403308,-1.2410524666224239
4206,4.425,0.9989888193675261,0.006586184124992085,0.0021284474296212872,-0.04442331222328957,-0.0034793665313054274,0.035764953434039216,9.765510062248417,0.009247995796700081,-0.0007820745171415333,-0.01283137892210637,2.1654687780646773,-0.5777478193618734,-1.2531897595627806
4207,4.433,0.9989895147179776,0.006576258607149674,0.0021138313415134708,-0.04440984151436988,0.007472038414565892,0.04210153850802315,9.738858966559434,0.007920914252229823,-0.003312611275376355,-0.005352477152930309,2.1595626515069,-0.5850114423642145,-1.2468158560868865
4208,4.442,0.9989895884756449,0.006584706989170583,0.0021276715173863445,-0.04440626943397674,0.02810104090161816,0.011276394538118273,9.77273367883351,0.011944504863782299,0.0038930285662134466,-0.007897874870483188,2.1688069750908125,-0.5686107174503536,-1.2422649948505837
4209,4.450,0.9989895912999279,0.006582659410896049,0.002132281311860723,-0.04440628835975781,0.02328927670300562,0.04078384931530395,9.776926429234475,0.009588779022697176,0.001390969458209936,-0.008588295288537204,2.167592866911634,-0.5769203962169632,-1.2431716038738965
4210,4.458,0.9989900563859578,0.006578761533867854,0.0021276666431715354,-0.04439662344500148,0.0010169527141908757,0.010285436815932707,9.761307054992507,0.009262281316985367,-0.000911643928837964,-0.006200847190025893,2.163599072193,-0.5797363741196316,-1.2312103128811582
4211,4.467,0.9989900883119051,0.00658728874529184,0.002133112404404826,-0.04439437929546114,0.007171806189772841,0.045415758178535555,9.738844302969056,0.012118002980038735,0.001702595013126557,-0.008056787758861771,2.168079723278202,-0.571547226635663,-1.2429749040414395
4212,4.475,0.9989907849429331,0.006577665360590251,0.0021191329711952316,-0.04438079757009186,0.03408220305639792,0.048873426838426576,9.750265136403486,0.007921426756284477,-0.0033141855577530277,-0.0053519962938195125,2.164654521038329,-0.5742233808345462,-1.2419979009554796
4213,4.483,0.9989890738559409,0.006577864939730975,0.002124512111607781,-0.044419010092211886,0.007298610472187356,0.04696027800095102,9.738836882352341,0.010074413135192103,0.0016270412598231962,-0.01776578900948757,2.15656395092147,-0.5775971552585719,-1.2373860069172062
4214,4.492,0.9989888898328959,0.006592975574077489,0.0021306616343068916,-0.04442061395926922,0.02321106743919944,0.04494692896845497,9.776908365552114,0.013632448573743692,0.0019140828461138388,-0.00906450243718378,2.157840537302232,-0.5691244736953618,-1.2450260241906996
4215,4.500,0.9989891103381432,0.006584884505548939,0.0021255221928098665,-0.04441710118030999,0.04935044020859556,0.02846340878536842,9.719421792735773,0.008247881731017368,-0.0010136605970380876,-0.007739886054085913,2.1575997860299823,-0.5718145353499341,-1.245490558754762
4216,4.508,0.9989888436323296,0.006578700447042659,0.00212019891218122,-0.04442426988868423,-0.041231956657809966,0.03559409379530294,9.780705587574204,0.00874802836546295,-0.0009018678936614377,-0.010286027354905147,2.15679419787884,-0.5719636306908455,-1.2354845479300005
4217,4.517,0.9989891037928668,0.006580861206907926,0.0021250440281987085,-0.04441786753975452,-0.003627848765446652,0.04466369646606937,9.765473363976133,0.010602808569669006,0.001487658828620783,-0.007050620559701993,2.160766577309197,-0.5691198378767985,-1.2445163617400679
4218,4.525,0.998989092197021,0.00657905921546543,0.0021205207107091533,-0.044418611449786274,0.0071252168599689625,0.05111425807117178,9.738816094250275,0.009762624905017815,-0.0008024336766881332,-0.008747258173254592,2.1641843869580675,-0.57009635636262,-1.244482104721564
4219,4.533,0.9989890842996456,0.006577331938183373,0.002115964092355017,-0.04441926215833343,-0.003596723538415701,0.04628631980707806,9.765465818862515,0.009762611399382923,-0.0008029134549061787,-0.008747349981074369,2.1627876007560367,-0.5672548814578544,-1.2537973047616404
4220,4.542,0.9989888311064228,0.006581550749677701,0.002111474416835899,-0.044424544906388606,0.02792149460864032,0.021182331967601487,9.77271774201932,0.011277256106327783,-0.0005910749303158613,-0.00975474527647975,2.1562679445975887,-0.5792388432395946,-1.2302919968154329
4221,4.550,0.998988565609016,0.006575611994158262,0.0021066603966262854,-0.044431622650051954,0.023359042790301033,0.05062883770660526,9.776880237689245,0.0087480567411068,-0.0009048926342358298,-0.010286375805036971,2.162234561420332,-0.5747394549888356,-1.244940589321385
4222,4.558,0.9989888841673995,0.006588376853629146,0.0021217636897783074,-0.04442184957038784,0.007166543235998336,0.05445586004330223,9.738797954680559,0.012956886149673524,0.003988154914599761,-0.006362631947521398,2.1616604626225557,-0.5770694915578747,-1.2332030714927948
4223,4.567,0.998989083368464,0.0065809356677662256,0.0020983157148913487,-0.044419586530425555,0.02790940128685267,0.023765207577113416,9.772711836163278,0.008597618683332942,-0.005395416842690784,-0.008054615343342092,2.1553585230852774,-0.5637003101098672,-1.2394800324435324
4224,4.575,0.9989886247028964,0.006591640323066108,0.002104435033448414,-0.04442802432314436,0.007361591123584033,0.056192355273836904,9.738787943918576,0.012616937201747096,0.0018078220705450277,-0.010605467310389596,2.160725209402,-0.5737049887709752,-1.2388574913736445
4225,4.583,0.998988627300905,0.006589586915711955,0.002109011862376206,-0.044428053487622375,0.03870230398205732,0.03114904533711288,9.74605030516216,0.00958770857964412,0.0013830243096072906,-0.008590759727961762,2.166909055663362,-0.5711238688526358,-1.2498239099346702
4226,4.592,0.9989883569628335,0.006583576563720348,0.0021041128727590872,-0.04443525493734829,0.016467914569973093,0.0005808183175657054,9.730474597476835,0.008748190194865252,-0.0009080749518085968,-0.010286630150692458,2.1568280715304047,-0.5724959302101059,-1.2401182511078641
4227,4.600,0.9989883595053264,0.006581522511459056,0.0021086861545925512,-0.04443528526958752,0.038658746521522125,0.032644313411293376,9.746045584350032,0.009587591019450815,0.001382179990095131,-0.008591026755872507,2.156888375410215,-0.5779455907976975,-1.2483674438170793
4228,4.608,0.9989883972397101,0.006590435575737345,0.0021045501040147523,-0.04443331192042573,0.027840794303542745,0.027928159208443593,9.772701023128338,0.012291844477168391,-0.0004938295754715674,-0.008216545780157295,2.163667209210544,-0.5751859918646783,-1.2405310297259202
4229,4.617,0.9989876562088146,0.006586322450399898,0.0021091929571762165,-0.04445035887446294,0.0009579157423102547,0.026104307667013743,9.76127757481193,0.009073062761187453,0.0013891940587196065,-0.012676463134494095,2.1666309462453617,-0.5720563470621078,-1.2451780843605036
4230,4.625,0.9989884096630484,0.006586038951889323,0.002122977589559537,-0.04443280787855022,0.03837751045817622,0.035180745369587034,9.746037870507164,0.009926504804345558,0.0035620029122632813,-0.004349644701417642,2.160003599461245,-0.5724982481193874,-1.2403391732651066
4231,4.633,0.9989881523790219,0.006591330404280706,0.002100688199141138,-0.04443886676030285,-0.003832146440407798,0.05638277984071869,9.76541265646362,0.011628366330203076,-0.004975622997736022,-0.010068404376410836,2.1619639632020693,-0.5703103531634153,-1.2413222487831277
4232,4.642,0.998985301177829,0.006786828330490215,0.002151520203593997,-0.04447109120168961,0.033833368184018484,0.06560635456581462,9.75016777197153,0.01092634262476569,0.0037804170330632135,-0.009442937800799857,2.153912722223473,-0.572758603105814,-1.242090334302482
4233,4.650,0.998985051935043,0.006791919947708739,0.002138399593536036,-0.04447654529009934,0.006944718133712882,0.06381007623551159,9.738741316116947,0.01145309664206959,-0.002787718045950762,-0.009911941944767398,2.157769525778282,-0.5636609056520808,-1.2353120928901489
4234,4.658,0.9989847866984,0.006796188764776349,0.0021436031111564786,-0.044481599893975265,0.01163769721554553,0.03609690723687934,9.734603647795481,0.011101723298094847,0.0015900330395820256,-0.009599670050519288,2.1624376664970435,-0.5744420134539046,-1.2393262912141552
4235,4.667,0.9989847775823371,0.006794588945040578,0.0021390378024597947,-0.04448226879461479,-0.003825464757778248,0.05997660357837602,9.76539124623455,0.009762953307326065,-0.0008112353151065487,-0.008748254326361053,2.160677516382421,-0.5665626461981668,-1.2323333852857659
4236,4.675,0.9989852363966529,0.006801098742628366,0.002144639067605322,-0.044470698675496224,-0.003860445125469706,0.060846269070614176,9.765385853651411,0.011616027244600332,0.0015827838175698067,-0.005514714114070815,2.1594958530736563,-0.5702755845241918,-1.2376782491827223
4237,4.683,0.9989849330737592,0.006785042567695381,0.002129818130004141,-0.04448067629549669,-0.02597679912202106,0.03023002615833753,9.74983754199805,0.006395486020024881,-0.0034184348825617517,-0.0109741985722971,2.1600500500848296,-0.5718261248963418,-1.2466933273696081
4238,4.692,0.9989857010238019,0.006784737048342926,0.0021434215724822486,-0.04446281859183685,0.0008576026719669105,0.03361367979750099,9.76125461428538,0.00992537752194384,0.003560236490326373,-0.00435152886224714,2.1568329848057415,-0.5788502540957907,-1.2407903563724487
4239,4.700,0.998984985473176,0.00679132221631993,0.0021489073291561206,-0.044477622901895934,0.011417489516036525,0.040079951245109414,9.734588324490636,0.011601541512577465,0.0016956335073114801,-0.012146882928649225,2.1653780850274913,-0.5729911431808614,-1.2407835206360667
4240,4.708,0.9989852112784736,0.0067834977049824165,0.002143851409277992,-0.044473989105156736,-0.02156836405484467,0.003939298297574215,9.7457119230304,0.008248641607568821,-0.0010248864687465577,-0.007740716421613713,2.163900567891791,-0.5761486028948106,-1.2390552350573938
4241,4.717,0.998985688853991,0.006779746398644655,0.0021389496055422962,-0.044464068620317834,0.010015154483016517,-0.021249211087267482,9.753015365497948,0.00926306673370193,-0.000922079192432404,-0.006201975764566396,2.164141251387619,-0.5744350597260597,-1.2385814291039343
4242,4.725,0.998985473872436,0.006794906838424428,0.002145331596208338,-0.044466276944042815,-0.010128481641949575,0.03135389626019324,9.787907280389973,0.013630172918583532,0.0019001135311795848,-0.00906984462063186,2.155888740771984,-0.5764506802483049,-1.245214889371122
4243,4.733,0.9989857215500115,0.006797518535034624,0.0021410109873215744,-0.04446052128486508,-0.004696265311967259,0.04636476790840575,9.696489793494136,0.010777589782067849,-0.0007119113096606974,-0.007209793269009587,2.165607738941185,-0.5759021553640735,-1.2388009369916342
4244,4.742,0.9989852630070589,0.006797514461887963,0.002155041569946475,-0.044470146027311946,0.03808725988932299,0.04709653896921591,9.745988711713853,0.009910335689618854,0.003670128167815857,-0.010984739573534607,2.16531191900246,-0.574858417509087,-1.2317324232107036
4245,4.750,0.9989855274362128,0.006811032256118574,0.0021424167513509986,-0.04446274691314055,0.017302148013177143,0.07951696172208296,9.712003966272928,0.013483081437970166,-0.002587466109182662,-0.0068339669527894865,2.167335082882863,-0.5678690569488613,-1.2413061641251681
4246,4.758,0.9989851978195032,0.00679467876071797,0.002137363134334562,-0.044472896879999134,0.038191433135368526,0.048852237237741764,9.745979659623922,0.006219974353402731,-0.0012353304601332746,-0.010818502140517876,2.1626337686971695,-0.5721822633102037,-1.2327540434914965
4247,4.767,0.9989854556112782,0.006796957902126955,0.002142183915178594,-0.04446652548240943,0.01133796368225649,0.04678982332168783,9.73455847787618,0.010600938015126491,0.00147584794971345,-0.007055072911646415,2.1599981948068603,-0.573223683255909,-1.239599850427391
4248,4.775,0.9989854164196555,0.006795113018091334,0.00214717672466187,-0.04446744710495409,0.038059125590041536,0.05036041380101062,9.745972502207328,0.009586526347984322,0.00137146552239069,-0.008593952355459029,2.1595153312576323,-0.5724982481193875,-1.2403427426406932
4249,4.783,0.9989854173093399,0.006793180696478387,0.002151730009656179,-0.044467502260360434,-0.01573468078955358,0.045633972517527197,9.723132985907688,0.009586514630757128,0.0013709990246979125,-0.008594041762146122,2.1663545028259823,-0.5747000505310491,-1.2407601569534479
4250,4.792,0.9989851811379052,0.00679797324223462,0.0021478972855929123,-0.04447226061170814,0.0379092039915332,0.051991879093185686,9.74596452063336,0.011277820138826236,-0.0006081339552582912,-0.009756777806848173,2.1604612921223265,-0.5758766583619764,-1.236153061351179
4251,4.800,0.9989856687446397,0.0067938891162041305,0.0021521285780166863,-0.044461725743452835,0.02710694964686477,0.04724881011694027,9.772628771490202,0.00908639015425441,0.001263670492582264,-0.006047590640515446,2.1643552843818363,-0.5709778405678978,-1.2344620016035812
4252,4.808,0.998986103603332,0.006790272916465232,0.002147741968984217,-0.04445271876486325,0.05331992091870273,0.030510045917541993,9.715199050732691,0.009263432992419203,-0.000925975791953907,-0.0062022059763620335,2.161471854678062,-0.5742117912881383,-1.2408004864040132
4253,4.817,0.9989858745366879,0.006794701845439985,0.0021528697817395906,-0.044456941580635595,0.010994038599963677,0.051633225742477425,9.734534387606065,0.011100720192094266,0.001579493026710442,-0.00960253853103607,2.1631420742402265,-0.5663486493973716,-1.235491456536409
4254,4.825,0.9989866069405193,0.006794429824851627,0.002166829751861513,-0.04443984389768227,-0.0013832263263013635,-0.015907963295239105,9.779703362989231,0.009923453655356015,0.0035564914894225226,-0.004354734679776822,2.1609855744110655,-0.5712845537399552,-1.241075993046348
4255,4.833,0.9989858716362845,0.006801679691647758,0.00215397199696182,-0.044455886326810225,0.020125926979432482,-0.0038843529273567927,9.726364417412611,0.011955345321375118,-0.0026947068381971933,-0.012457973978965545,2.1645776812573683,-0.5755884884641715,-1.2314867006334795
4256,4.842,0.9989863183752561,0.006798035054350422,0.002149506705238035,-0.044446620111949435,-0.022028772258636222,0.017268927276144277,9.745696390002557,0.009263557568688715,-0.0009274565496328579,-0.0062023003163842235,2.158769058751882,-0.5666205939302056,-1.2384507402520102
4257,4.850,0.9989858325082162,0.00679825145449238,0.002154357157607694,-0.044457271286771724,0.010860716480941694,0.05502189114398073,9.734515972905633,0.010086167952499434,0.0014722569822992117,-0.011141945214532082,2.1624162850969753,-0.573925939299615,-1.2364014497261828
4258,4.858,0.9989857980643618,0.006796596380650833,0.002150027550515147,-0.044458507902099986,0.004757331544606339,0.021636522592015785,9.757109834681675,0.009763639817681361,-0.0008228982604978588,-0.008749207952495628,2.1666535022650035,-0.581363405498073,-1.2482636064424557
4259,4.867,0.9989855687985992,0.00680102330469309,0.002155141548300883,-0.044462734723086234,-0.006044663679753619,0.01692471706905747,9.783780067492762,0.01110038028181912,0.0015761062698985055,-0.009603485322597236,2.164177299360956,-0.5693546958611276,-1.2435125658693884
4260,4.875,0.9989860952457994,0.006797255338657015,0.0021500850189209563,-0.044451726173719563,-0.022139740327183653,0.02052828771784342,9.74568981807172,0.009263689244007911,-0.0009287675150195406,-0.006202411000526852,2.1620046025127477,-0.5762227759918204,-1.2468814517135296
4261,4.883,0.9989858122726768,0.006780535119165373,0.0021534935029769633,-0.0444604733120448,0.010760220292293815,0.058123275005837687,9.734498058781803,0.006042984960272327,0.0009443073027904038,-0.010665079363258653,2.161689626328042,-0.5683179117339856,-1.2371924835742654
4262,4.892,0.9989856227194239,0.006795466158940492,0.0021594613067285567,-0.04446216331255893,0.015939103433008278,0.050599650254126195,9.799256007492069,0.013628862197022409,0.0018901438475386547,-0.009073243202551363,2.15759242732719,-0.5749789487917278,-1.244483934344997
4263,4.900,0.9989863569517933,0.006795928096601702,0.0021547985676595533,-0.04444581902298271,-0.00017484946391571854,0.05433778558077331,9.761161284989248,0.010278105762298165,-0.0008241644222404038,-0.004663672500688786,2.1563420793131938,-0.5654184890971811,-1.2404331611551374
4264,4.908,0.998986589365141,0.006787795467264473,0.0021493639409054803,-0.04444210093985656,0.026734077430096884,0.05788704273577897,9.772572573951349,0.008249500674164752,-0.0010357609163232835,-0.007741285155892947,2.1638903346825935,-0.5692990660383702,-1.23765539619184
4265,4.917,0.9989863697541391,0.006791882128816449,0.00216361269242801,-0.0444457215343928,0.04815503241326419,0.06977298056384705,9.71921902605571,0.010922032732748818,0.0037622769207973253,-0.009451009773154695,2.1592604556234765,-0.5729725999066089,-1.2388751530424524
4266,4.925,0.9989868391981934,0.006787765720084407,0.00216810430306353,-0.04443557886495658,0.04189211991021604,0.036406545310286746,9.74183479311379,0.00908580507001305,0.0012586417238525398,-0.00604920653210877,2.1585940329579336,-0.5737907514143927,-1.247906108210353
4267,4.933,0.9989866002914282,0.006792529372419307,0.002164051731488477,-0.04444041924872947,0.031095696294566162,0.03168729513356064,9.768507060199976,0.011278300181556756,-0.0006176507150408255,-0.009757682382989297,2.1563754107533963,-0.5737629365030141,-1.2449926932178221
4268,4.942,0.9989871059729054,0.006777761158397632,0.0021669067466299724,-0.04443116663684355,0.04656501300823448,0.009333067402136078,9.737779395402349,0.006557170986254835,0.0009422639374617778,-0.006579970152403094,2.1615005100603963,-0.5727841001079109,-1.2447203630650037
4269,4.950,0.9989863441118827,0.006774441874344244,0.002153154906720716,-0.044449467254564355,0.01037498051571713,0.06443491091749157,9.734458746579083,0.009428140278867231,-0.003020314099249389,-0.012988410732235549,2.1687919865795475,-0.5788456182772276,-1.2402146604734643
4270,4.958,0.9989866213311023,0.0067767991875229295,0.0021580743561992024,-0.04444263841531902,0.035944377660010504,0.005256841545786927,9.764453852207897,0.01059980563282112,0.0014671147766820187,-0.007058037563372401,2.164644389493762,-0.5659090662493733,-1.2406119691740214
4271,4.967,0.998987337859326,0.006766348672143224,0.0021617001818251247,-0.04442794587540968,0.025816803239796862,0.04289978332452475,9.703728224804646,0.007571283299275656,0.0010476591067352806,-0.005041509126707428,2.161237355265451,-0.5639699367334198,-1.2421202361732582
4272,4.975,0.9989870902410444,0.006770759357191327,0.002157775693359301,-0.04443303223409831,-0.00046020021333743796,0.06120862626226574,9.761120609903315,0.011278340656645434,-0.0006201028799346128,-0.009758063303521233,2.1600588884010867,-0.5730583625500264,-1.247902353625641
4273,4.983,0.9989870810568928,0.006769160982477304,0.0021531319424906844,-0.04443370751874697,0.0043212089796397304,0.03343486074351266,9.757076741247493,0.009764084806877968,-0.0008301012494994734,-0.008749834518088234,2.157613198739476,-0.5842836893184115,-1.247325333328393
4274,4.992,0.9989866798721493,0.006780029397543241,0.002158271871425257,-0.04444082022102511,0.004279959577833898,0.03434497258614322,9.75707360015161,0.012613819059609952,0.0017775246391625453,-0.0106140761325069,2.161496906957473,-0.5732677235322586,-1.244227481173193
4275,5.000,0.9989866706990145,0.0067784311282258,0.0021536233168654552,-0.04444149574157109,-0.0004931555110215349,0.06388462290424322,9.761103460323348,0.00976416194272419,-0.000831206892250556,-0.008749925326414469,2.1602886100912007,-0.5749928562474172,-1.245929041370606
4276,5.008,0.9989862153632901,0.006778594505765471,0.002158200329169062,-0.04445148301233859,-0.017888863750030053,0.004602655085055616,9.741622959339349,0.010085239637569157,0.0014600683301195575,-0.011144792979055324,2.162159336805677,-0.5785481767422964,-1.2346503336244476
4277,5.017,0.9989869032227526,0.006769168883765579,0.00213437255150337,-0.04443860929248244,0.03594214934871946,0.011005844865146185,9.764449072405332,0.008108019356271746,-0.005522430198018089,-0.005499029411268429,2.150931325500246,-0.5731796429795594,-1.2350275450031818
4278,5.025,0.9989866685924662,0.006784407812578798,0.0021406441707913794,-0.04444125816956084,-0.022314722147659415,0.03485060490124779,9.745648729231569,0.013627612598371534,0.0018822736962317806,-0.0090762804387417,2.1597340911420315,-0.5780807786829197,-1.2368699240840828
4279,5.033,0.9989869255624989,0.006786677523069915,0.0021454137069738958,-0.044434904786791116,0.041975595494391525,0.04704123337893004,9.741788886601189,0.010599242643299095,0.0014634678958966394,-0.007059429560810528,2.1632164347055225,-0.5749905383381356,-1.24566350201853
4280,5.042,0.9989867072066441,0.006791230434119783,0.002150565883934291,-0.044438869022477574,0.01501684181861432,0.04508340250565883,9.730372522649388,0.011099183026854875,0.0015646275571687132,-0.00960676466859428,2.1636821299453883,-0.565927609523626,-1.242572092713642
4281,5.050,0.9989867169148402,0.006788945416846855,0.0021642019866764143,-0.04443833792568346,-0.0007006904688108946,0.06901749164887343,9.761068504487827,0.009405721447757228,0.0035446205589338975,-0.00844644298949316,2.1668713586355093,-0.5742488778366431,-1.2446671928494546
4282,5.058,0.9989864898269935,0.006793522140201694,0.0021602020037392684,-0.04444293787967087,0.0039216313266683235,0.04122904889888785,9.757047089211373,0.011278600620963183,-0.0006259996908668496,-0.009758706491266691,2.1599744696439687,-0.5807615687003659,-1.2363543968783348
4283,5.067,0.9989864806597193,0.006791924214646298,0.0021555358528996304,-0.0444436147242574,-0.006784378620796839,0.036559818415546785,9.783725912374974,0.009764421920310958,-0.0008354115021544524,-0.008750275351255676,2.158018251217431,-0.574653692345418,-1.235938374367303
4284,5.075,0.998986738309879,0.0068054015697872235,0.0021523504277813996,-0.044435915407468704,0.004025792995116936,0.043023052161050006,9.757039302579683,0.01330693565167714,-0.000411547029003163,-0.006681462020415458,2.15489248896331,-0.5776458313534847,-1.2425250848014335
4285,5.083,0.9989864553075893,0.006788675544776251,0.0021556921448379427,-0.04444467333328837,0.004001632777111103,0.043809974029763867,9.757035806955555,0.006042310078188827,0.0009284025732222245,-0.010667784392267277,2.1605100187323143,-0.5681270940260059,-1.2428185561273672
4286,5.092,0.9989862633658241,0.006803600438792686,0.0021614182139361384,-0.04444642728907047,-0.0008708626250380757,0.07323956940083971,9.761037727108322,0.013627237861091525,0.0018779933855623777,-0.009077488101639927,2.1673206704711703,-0.5698035506462519,-1.239334636557926
4287,5.100,0.9989865201036169,0.006805868548428811,0.002166173758555398,-0.0444400775856158,0.030575675350515603,0.04845746675824624,9.768439906498822,0.010598951614269665,0.0014601387534232055,-0.007060368897020777,2.1616110527720402,-0.5689483125899633,-1.2264441136957578
4288,5.108,0.9989864690127614,0.006803943872979708,0.0021714876841587845,-0.04444126144054509,0.008386534330418671,0.017786173880167143,9.753023832324462,0.009584795440376305,0.001351434970532331,-0.008599198904275365,2.1614642587577997,-0.5807940194303077,-1.2397614121313574
4289,5.117,0.9989864691110677,0.006802000624491713,0.002175957774872169,-0.044441338056689705,0.030344496535661885,0.050063388263421674,9.768432528411745,0.00958478556526391,0.0013509683005634467,-0.008599288515118323,2.1639583869796124,-0.5659693318906939,-1.246964523799855
4290,5.125,0.9989867067892122,0.006793991538158891,0.0021706697822925455,-0.04443747889024211,0.00349906617488478,0.04792080546957215,9.757016677010606,0.008250637436207553,-0.0010474376976943034,-0.007741776795323643,2.167350788522865,-0.5730166401829585,-1.2434545972178352
4291,5.133,0.9989867068351841,0.006792047690498255,0.0021751362730834376,-0.04443755660427741,0.03507758277760391,0.02288972946684223,9.764431590041335,0.009584686217751982,0.0013501136434981341,-0.008599543506209608,2.163390596350113,-0.5802709915481735,-1.236089923845371
4292,5.142,0.9989862243672591,0.00679242521387605,0.002180237112676244,-0.04444809388820417,0.05702375600192005,0.055198845713897576,9.779833193312681,0.010084675420977247,0.001449266618872097,-0.011147085868519362,2.1631328292654475,-0.5709755226586163,-1.234226801943992
4293,5.150,0.9989865075094888,0.006805264073490637,0.0021858416131449857,-0.04443949022352381,-0.002760094602422566,0.016250308822743035,9.779702510284148,0.013126958880228957,0.0017750144027371788,-0.006530955777264583,2.1602172766292553,-0.5741677510117887,-1.2361710709704177
4294,5.158,0.9989861873167816,0.006788975177789302,0.00218052580319582,-0.0444494395188206,0.05033752717694873,0.002308599692431988,9.733753532707409,0.006222695777425791,-0.0012670807686718062,-0.010819302751105367,2.1602550244894236,-0.5703103531634153,-1.241334741597681
4295,5.167,0.998986443881144,0.006791241699376628,0.0021852699116665496,-0.044443093651323456,0.028810652780229283,-0.008020562854004423,9.78712780309688,0.010598644055745798,0.0014572665330727763,-0.0070612559577787086,2.1568460023244946,-0.5712984611956445,-1.2425710713301699
4296,5.175,0.9989862086580799,0.00679586468868816,0.0021810293900823524,-0.044447882344261364,0.034761316331302715,0.02700906510938327,9.76442219658664,0.011279113563804524,-0.000633790992681848,-0.009759403597246696,2.1621916800114604,-0.5754162140304444,-1.2390746814139955
4297,5.183,0.9989861995677093,0.006794268037322161,0.0021763342100070307,-0.0444485608823143,0.03959691844656564,-0.0007616004143585995,9.760440780616422,0.009765023658176684,-0.0008424293596323273,-0.008750724129919885,2.1578078891025574,-0.5766507695934107,-1.240559955148864
4298,5.192,0.9989859652670066,0.00679916117354878,0.0021723051180719214,-0.04445327544015012,-0.012800032322687973,0.05707079212807913,9.71888291160157,0.011279078731972255,-0.0006349431588455895,-0.009759641463536995,2.163442671901448,-0.5756997481096863,-1.2432135328031295
4299,5.200,0.9989864427555538,0.006795414985357351,0.0021673204823353964,-0.044443359995718024,0.01886929681942589,0.03216930633511637,9.72631451125331,0.00926503854773212,-0.000941918962874741,-0.0062033247774328365,2.164875472188606,-0.5739491183924305,-1.2388248338338088
4300,5.208,0.9989867057337157,0.006797737269167347,0.0021722524120414747,-0.044436852440028825,-0.023521232904706993,0.053205863281767185,9.745562965358184,0.010598297381824351,0.0014552153072972711,-0.007062094619457307,2.1595458390237443,-0.5700963563626201,-1.244516013789637
4301,5.217,0.9989859623954275,0.006793728832111512,0.0021766942356917533,-0.04445395581545528,0.003188128761564114,0.05690511466031408,9.756968521761813,0.009070125466669566,0.0013335646353982373,-0.012687252060153392,2.1651658196965267,-0.5766948098697603,-1.2451447533876263
4302,5.225,0.9989867353820602,0.00679340272210336,0.0021901333043961493,-0.0444359710849043,0.013742917626921317,0.06317429217494444,9.730273767018655,0.009917301723941278,0.003546154782402561,-0.0043646578517537215,2.162195418667224,-0.5729795536344535,-1.2395861060846005
4303,5.233,0.9989860185375048,0.006799965619866673,0.002195428754893341,-0.044450819190824116,-0.02405568596676218,0.055643939901728744,9.745548045768684,0.011598339481105892,0.0016496590282385046,-0.01215754387351685,2.160500570428275,-0.5756835227447153,-1.2415260873667582
4304,5.242,0.998986234280451,0.00679240199140297,0.0021811054172838095,-0.04444783203386424,-0.02399566023431917,0.05645530598558777,9.745543525761791,0.00843244624306972,-0.0032432296002177416,-0.007891779343438978,2.1551389329397304,-0.5700801309976492,-1.2428392764800256
4305,5.250,0.9989862605947774,0.006801025824116903,0.0021864038364408068,-0.04444566153032482,0.0028906602318962515,0.060202117873600955,9.756948830243457,0.01211213953320717,0.0016609386306211025,-0.0080715933073836,2.164834544828141,-0.572186899128767,-1.2332262274984684
4306,5.258,0.9989859882903112,0.006794830117727007,0.002190794321112605,-0.04445251290471973,0.04514643041167138,0.040821871771175015,9.737704983826331,0.008570080199781283,0.0012323889908630646,-0.010140202581175551,2.1641201072050227,-0.5705011708713946,-1.2356890374788527
4307,5.267,0.9989862445915713,0.006797093516686772,0.0021955188091331334,-0.04444617344287583,0.012251767061485846,0.0045637428430379615,9.749029885436762,0.010598078564088587,0.0014525694781885425,-0.007062823717398381,2.164362778637469,-0.5658603901544607,-1.235487168792141
4308,5.275,0.9989857237980296,0.006797196385438958,0.0022008398107938544,-0.04445759859858176,0.012133941884910474,0.005404797481274975,9.749029602503448,0.010084096162019655,0.0014386484270405054,-0.011149382719807201,2.162943560500856,-0.5776388776256399,-1.2417338208085864
4309,5.283,0.9989860064831506,0.006810030601717169,0.0022064223410368337,-0.04444900487641705,0.012003188891492227,0.0063485043536128565,9.74902919752511,0.01312601597174656,0.0017696972741287184,-0.00653327760965111,2.1660716665177993,-0.566592779018827,-1.23546772243554
4310,5.292,0.9989856869073461,0.006794358010640242,0.0021826228422099784,-0.04445975945740478,0.04974007673035878,0.015564133445941966,9.733744435387292,0.006586877593627559,-0.005657091571557363,-0.011117980989476457,2.1702843058413577,-0.5681386835724138,-1.2439677841084138
4311,5.300,0.9989859783528178,0.006806837852971393,0.0021973530662143218,-0.04445057538896802,0.04980780106527197,0.016359894965625812,9.733742787183033,0.012944084840243734,0.003958763354048365,-0.006384665806560684,2.1695512427158405,-0.5776597388091742,-1.2438827421251695
4312,5.308,0.9989857420158323,0.006811879947810387,0.002184263622771082,-0.04445575927908596,0.049760978943458316,0.01735308617988632,9.733741305462205,0.011461350589918423,-0.002832604338219419,-0.009909378782593091,2.165856701597804,-0.5834771273570355,-1.239459668331679
4313,5.317,0.9989855114146888,0.006816290070951635,0.0021892532211548626,-0.04446001960790188,0.034246843336772255,0.04142153957913591,9.764373511936734,0.011097689305430793,0.001546127393199891,-0.009611607247067493,2.1580631713952347,-0.5703173068912598,-1.2420831730834887
4314,5.325,0.9989855051289925,0.006815196679891553,0.0021754628778328554,-0.04446100536035809,0.001541061893308185,0.005231336166296305,9.77572080077874,0.009947549328543259,-0.0030409210976468522,-0.008900285865765658,2.1634127571790147,-0.569557103115515,-1.2391213863114128
4315,5.333,0.9989852393121555,0.0068093894207755775,0.002170434970419657,-0.04446811289217849,0.007640282769773439,0.04009967999684179,9.75295822756351,0.008751566521468036,-0.0009629661123332008,-0.010290325523491559,2.1626306569732936,-0.5655861277123452,-1.2323283791728168
4316,5.342,0.9989847278109888,0.0068091018544436275,0.002184813770413586,-0.04447894244616848,0.007528598756321747,0.040858361073375864,9.752955166520062,0.00990130582481793,0.0036229291419746447,-0.011002252240739224,2.1572645691765726,-0.5726728404623962,-1.2330327940268069
4317,5.350,0.9989849929441701,0.006822642796592201,0.0021720845088587432,-0.04447153546363293,-0.01933850865238961,0.03885884532664165,9.741543775840906,0.01348972249807421,-0.002612386282597736,-0.0068320114143664975,2.170298328538634,-0.5718191711684971,-1.2458860011866209
4318,5.358,0.9989857040053307,0.006812170959295558,0.00217592997328369,-0.04445697750125256,0.0075465011952914555,0.0426656263163192,9.752947412499925,0.007569530176165055,0.0010343609941501628,-0.005046160364391582,2.1595115078813434,-0.5761555566226552,-1.2398197287333415
4319,5.367,0.998984986383572,0.006818727380141609,0.002181177353567444,-0.04447183830788385,-0.024211567697586138,0.06911857195520478,9.745461408237903,0.011597224730208706,0.001637917692619894,-0.012160592095973116,2.165343974158457,-0.5758766583619767,-1.2361173675953128
4320,5.375,0.9989849762579414,0.006817308846084725,0.002176750161676164,-0.044472500151801014,-0.02424945051397719,0.06998392482692446,9.745455137048515,0.009765762614178285,-0.0008542330230594263,-0.008751807791755172,2.160550759707624,-0.5725747391256788,-1.2483916661418648
4321,5.383,0.9989849757497422,0.006815356621770008,0.0021811548087523358,-0.04447259497832566,0.0025479711858604395,0.0737298502744128,9.756856077300512,0.009583268121181224,0.0013350412281708,-0.008603688397786882,2.1617195579945814,-0.5742164271067014,-1.2412869479133317
4322,5.392,0.9989849852178229,0.006813668292079046,0.002176155272203751,-0.04447288591922154,-0.014637724359430183,0.014293462577204078,9.737609284676473,0.009765824977880977,-0.0008551804084439915,-0.008751901724264186,2.158756498723966,-0.5675808870510562,-1.2367326071727214
4323,5.400,0.998984984668571,0.00681171547422188,0.002180555922378791,-0.044472981853064815,-0.0034189707271091796,0.04120872841306917,9.779628979996284,0.009583172178369157,0.0013341066353708736,-0.008603956543417095,2.1651838860434576,-0.5735443038836557,-1.2476161163887267
4324,5.408,0.9989852324926544,0.00681418241371975,0.002176103344700488,-0.04446725484964833,0.028210033497889836,0.01637955986041481,9.787119132952409,0.0107798094298557,-0.0007438813181013199,-0.007213302622622665,2.1600338022334657,-0.5744906895488171,-1.2444707231617624
4325,5.417,0.9989849487769487,0.006797447584868223,0.0021793360091049725,-0.044476030825697226,0.018042764569702108,0.053649328277793264,9.72622131496643,0.00604138363236731,0.0009019011855231978,-0.01067223112811235,2.162246116269725,-0.5625468813717552,-1.2465212202801874
4326,5.425,0.9989857070428653,0.006796890717051151,0.002192638387540193,-0.044458427070118996,0.04951850393249844,0.02864373528826829,9.733715864177135,0.009914141786280337,0.003541096210927429,-0.004369747583735623,2.1600071686759583,-0.5725028839379505,-1.2408274194622186
4327,5.433,0.9989849892550463,0.0068034448133388725,0.002197862773020888,-0.04447329289583118,0.022486412314877722,0.026541014737284558,9.72230779823362,0.011596986627221348,0.0016324974261010777,-0.012161747396204719,2.161965713921216,-0.5708009303156075,-1.2415617361869848
4328,5.442,0.9989854585746819,0.006799986810625804,0.0021837215570254965,-0.04446397525941265,0.04936555998264845,0.030376940702660175,9.733711386047606,0.009449228015549399,-0.003141419082802021,-0.00635150358013572,2.161657469507415,-0.5687644486098282,-1.2327936321055604
4329,5.450,0.9989852191339527,0.006804750553905246,0.0021795245866359325,-0.04446883171800983,0.04467278886930667,0.05984998937823367,9.737608809511022,0.011279910648334519,-0.0006522424752815957,-0.009761607977675371,2.1614665178000974,-0.5739607079388384,-1.2400704349556948
4330,5.458,0.9989849443047701,0.0067986114349028424,0.0021840361291686895,-0.04447572282874809,0.011924329965077942,0.023586750526290872,9.749002825650631,0.008569000850257968,0.0012178507533538347,-0.010143533343581047,2.1621525033701428,-0.5741445719189732,-1.233715562482512
4331,5.467,0.9989854304684803,0.006794508440360521,0.0021881580986613594,-0.044465226086174314,0.006974070697242871,0.05293348089839606,9.752897516094041,0.00908292600802952,0.0012372045713755773,-0.00605678456938407,2.1637102261722556,-0.5725561958514264,-1.2464154804121046
4332,5.475,0.9989851824993143,0.006799663926500726,0.0021750052748394475,-0.044470654024347446,-0.014932766012425176,0.022146997354822156,9.737594142999294,0.011463361168152074,-0.0028436299293692156,-0.009909011785852127,2.157066750145511,-0.5739537542109936,-1.2393701900403071
4333,5.483,0.9989848984013553,0.006782927127619874,0.0021782167900652027,-0.044479433868154485,-0.014855714541178205,0.02285594029687076,9.737592619770345,0.006041149865071812,0.0008968366614641366,-0.010673122304363881,2.158818536378818,-0.5737652544122956,-1.2452189694384446
4334,5.492,0.9989841748042032,0.006790193142125937,0.0021649325916186244,-0.04449522260571794,0.0012907205672784729,0.021133596351350724,9.775699394166939,0.011963426955792535,-0.002751829815799547,-0.012457334591160735,2.1614666194647274,-0.5724959302101059,-1.240084342039791
4335,5.500,0.9989848912978923,0.006779729572680363,0.002168486279605935,-0.044480556344491363,-0.014714575453613552,0.024376428586478066,9.737589147086146,0.007568842085205631,0.0010300970743251112,-0.005047851065249609,2.1636910868703816,-0.5654509398271228,-1.2437973439011205
4336,5.508,0.9989846622601071,0.006783575760623478,0.0021826470024811956,-0.04448442110473252,0.007049676655004794,0.05675888941955352,9.752875950619774,0.010912587936482462,0.0037239670668896717,-0.009468392959725139,2.164139280395107,-0.5771181676527875,-1.2383118096845356
4337,5.517,0.9989849097852859,0.006786191595501424,0.002178173945176653,-0.044478682345348006,0.01178664600196876,0.02901232377150312,9.748988357875685,0.010780184042236065,-0.000748524953042467,-0.007213894118572123,2.1671247885444096,-0.5688896157110324,-1.2459370162961263
4338,5.525,0.9989844169949117,0.006786725885044042,0.002173832933380588,-0.04448987978716071,0.02259065621184541,0.03531315364528434,9.722279651091334,0.010266247301052859,-0.0007707352097845152,-0.011300940789901633,2.1665828804554708,-0.5702848561613181,-1.2386029856309395
4339,5.533,0.9989844076261227,0.00678513049139757,0.0021690511563459726,-0.04449056687862447,0.012921050205644675,0.09338347003869038,9.730031860474817,0.009766334024202426,-0.0008632315598249786,-0.008752755981230136,2.1617038523545795,-0.5690688438726043,-1.2391385148206648
4340,5.542,0.9989846219065021,0.006776727818715539,0.002173228531637016,-0.0444868321208058,0.038714918464113894,0.03442494012614172,9.760383639490385,0.0080685756017867,0.001120457928489651,-0.007596627025041226,2.1639046284855508,-0.5690734796911674,-1.2396106988276365
4341,5.550,0.9989848510794486,0.006768411006951605,0.0021770321561623315,-0.04448276584481579,0.04449488537114967,0.06915332073152877,9.737547997108285,0.008068570071893492,0.001120112374562317,-0.007596693593699131,2.1619513692859424,-0.5717589055271767,-1.2395994800091406
4342,5.558,0.9989841063911549,0.006775614385034671,0.002164165739108496,-0.04449901812652699,0.05963201497840245,0.004855762802173518,9.794617444321275,0.01196423955569733,-0.002757359505068005,-0.0124573116924631,2.1655564767068927,-0.5687551769727021,-1.2317885847066437
4343,5.567,0.9989843439934253,0.006766933351857006,0.0021771175742507413,-0.04449437299373521,0.0011004888028082467,0.02824775438990406,9.775681446861125,0.007884145086761121,0.0033091765472281036,-0.007450708692869873,2.1541034028251094,-0.5714684177200899,-1.2347764458947579
4344,5.575,0.998984308277499,0.0067653985553293265,0.0021729283136659953,-0.04449561304509891,0.04930025332693957,0.04286982820781596,9.73366471198177,0.009766525565200895,-0.0008654246085996133,-0.008752957614907981,2.1578120852491574,-0.5676226094181244,-1.2411339616979014
4345,5.583,0.9989842719181058,0.006753233850052158,0.0021672659063348963,-0.044498553361998754,0.01670115757157343,0.006467776079184176,9.745103618422544,0.007239000760127684,-0.0011859387547967285,-0.009281952877818064,2.163676403353007,-0.5712915074677999,-1.2417887307762892
4346,5.592,0.9989840277431786,0.006757838964199479,0.002163037019829384,-0.04450354140292062,0.01189431228783713,0.03584904172740214,9.748965484579784,0.011280189871069385,-0.0006607769582330389,-0.009762936714999502,2.1662478669313225,-0.5682136058163154,-1.2261730350711766
4347,5.600,0.9989842483044581,0.006749885019706955,0.0021576795849515156,-0.04450005742250762,0.022702571913825634,0.04207707930518309,9.722252468589238,0.008252828315177678,-0.0010721688089277315,-0.007743437597144558,2.1587362919434723,-0.5758557971784424,-1.233968446278729
4348,5.608,0.9989834994840407,0.0067566622926683645,0.0021638181513457247,-0.04451553845895604,-0.014878990168898184,0.034410469333576006,9.737558611109415,0.011595335982224755,0.0016185531331821637,-0.012165745758286177,2.1578154341905043,-0.5708009303156075,-1.2415920758794716
4349,5.617,0.9989837115839086,0.006749073912825375,0.0021493057311989254,-0.044512632771287954,-0.020666565730924274,0.0011631944788052147,9.760411243681878,0.008437690093533437,-0.0032629651624699434,-0.007889303192437141,2.1561228280497486,-0.5669157175558553,-1.2438387621386173
4350,5.625,0.9989839688503622,0.006751103559701084,0.002153691528398088,-0.04450633880141471,0.03888769763473942,0.04208513246076074,9.760352930430717,0.010595468010228936,0.0014369485478992875,-0.007069175663602291,2.160755920497372,-0.568373541556743,-1.2430585766907802
4351,5.633,0.998983764444479,0.006766069581980976,0.0021594705930162578,-0.04450837410541855,-0.014878999744963223,0.03697495514166399,9.737549212512846,0.013622734477465853,0.0018468327560368426,-0.009089069797199421,2.165849134089427,-0.5639351680941962,-1.2384244806268465
4352,5.642,0.9989837009995032,0.00675399335282554,0.002144826147157088,-0.04451234022071366,0.011995287530091197,0.040879662488722095,9.748945562493251,0.00742420405442574,-0.0033798357337676745,-0.009427740812897534,2.160242515293823,-0.5705382574198997,-1.23962356206044
4353,5.650,0.9989836998129595,0.0067520308287238855,0.0021491697708823066,-0.04451245507715397,0.04378684096366465,0.015998410960552923,9.75649579394072,0.009581479054647247,0.0013202651222207896,-0.008608262975177791,2.162205838261577,-0.5771436646548846,-1.2410114412709972
4354,5.658,0.998983979903591,0.006765291179831921,0.002145652520035954,-0.04450432458196873,0.02767262908951985,0.01929734764734519,9.718382145951718,0.013307830645890674,-0.0004340915420842946,-0.006686444120152289,2.162680117656124,-0.5729749178158906,-1.239094290511902
4355,5.667,0.9989839702225141,0.006763695406370855,0.002140839030224502,-0.04450501624715883,0.03890190133366539,0.046500328448722664,9.760332837021016,0.009766623737576906,-0.0008709370997427409,-0.00875378296362134,2.1656207734040422,-0.568106232842472,-1.2405839697967043
4356,5.675,0.9989839518148295,0.006762041701355432,0.002136315007419588,-0.044505898110755455,0.033627774723980375,0.05507414548053311,9.695501839754817,0.009766616747042151,-0.0008714184299352957,-0.008753875774262702,2.1609517854800275,-0.5695316061134179,-1.236453879105231
4357,5.683,0.9989837556006096,0.006776636971436594,0.0021512332181900843,-0.044507363807577,0.028100877409796287,0.04282593045226223,9.787039457550133,0.01343682520257881,0.0040336684728725656,-0.008945340102380921,2.1575642124915873,-0.5700592698141151,-1.2406243217150892
4358,5.692,0.9989839500454137,0.006769350883397227,0.0021277137501926084,-0.044505238730705915,0.012077857873785227,0.04607470763834292,9.748922293333694,0.008624103497445777,-0.005457435314896026,-0.008033703885998594,2.1583233500191445,-0.5705822976962492,-1.2442761784353489
4359,5.700,0.9989836917586896,0.006763175157906861,0.0021317294421535353,-0.044511782614815434,0.044887811874365885,0.08388906982668576,9.737430394397109,0.008567278916911598,0.0012009240684972028,-0.010147852666532663,2.1634451851053225,-0.5652044922963858,-1.2435573233377069
4360,5.708,0.9989837491783646,0.006781702965924088,0.0021467783455802725,-0.04450695142508806,-0.003618915690899427,0.07092394503625042,9.779458553824652,0.014450125262732089,0.0041484310495335085,-0.007407633730522476,2.164087645390504,-0.5753420409334347,-1.2312484647578597
4361,5.717,0.9989832521202325,0.006782254399253349,0.002142193495645254,-0.04451824362635609,-0.004191687668141432,0.05104796991726238,9.710795746048655,0.01026664915298037,-0.0007859774792332488,-0.011302759152358363,2.155338553522255,-0.5685574055368778,-1.2367483214124309
4362,5.725,0.9989834859558503,0.006785016046998693,0.0021382290894095325,-0.04451276582174313,-0.00995287894103488,0.017861489017573187,9.733686133890371,0.01078061392692728,-0.0007582058779577716,-0.007215553322422413,2.1709577313834862,-0.5692828406733993,-1.2358947785559422
4363,5.733,0.9989832276153193,0.006778839558870717,0.002142233906766629,-0.044519311668123354,0.0011894591892498778,0.04494866388127154,9.775618911401565,0.00856723036563697,0.0011982641845368351,-0.01014833915072509,2.1721637183751454,-0.5751234083140762,-1.2338772419921442
4364,5.742,0.9989834516877476,0.006781614457011285,0.0021387509273018243,-0.044514028169345785,0.000742548628179704,0.02483680195663559,9.706965064427992,0.010780669258070424,-0.0007589368722127789,-0.007215651669972225,2.159959119830173,-0.5704872634157053,-1.2342546385800037
4365,5.750,0.9989836806684399,0.006773290627922725,0.002142511716400034,-0.0445099756880583,0.01680535548770253,0.023283003201369806,9.745077772048033,0.008067378504027127,0.0011095461634058183,-0.007599811900308489,2.1651538527122876,-0.5691105662396723,-1.2435077449655643
4366,5.758,0.998983448100624,0.0067889231344777775,0.002130228809431008,-0.044513403249830275,0.006128858501430489,0.0187757354609605,9.771794490502701,0.01399383452687123,-0.002541204747377376,-0.009380418714915248,2.1677837508425313,-0.5727006553737749,-1.2358855296343647
4367,5.767,0.9989836504236188,0.006770029931079792,0.002133110944543093,-0.04451160206881312,0.01693122790988906,0.024974371734908338,9.745073365372008,0.005539993169529434,0.0007873151001348004,-0.008128426945762685,2.1645568929009777,-0.5665278775589433,-1.2286429838027342
4368,5.775,0.9989836716778573,0.006789292909171301,0.002140157782357824,-0.0445078526497014,0.016818221414382828,0.025794678223386342,9.745071429546504,0.01463519421741398,0.001955145749842345,-0.007553880363696809,2.1626281946017345,-0.5753489946612793,-1.2319915421802872
4369,5.783,0.9989834398224613,0.006793683374969993,0.0021450227996460025,-0.044512152316788414,0.016675394158516127,0.026840605659611452,9.745068847738402,0.011094237218865629,0.0015158770026919878,-0.009620865747064833,2.1579915498835027,-0.5736424052203731,-1.2322857992783618
4370,5.792,0.998983192087616,0.0067987461153855115,0.002141414627402736,-0.04451711267692263,0.00010619923248679599,-0.011672200564451304,9.79470558807975,0.011280629680016056,-0.00067484618587176,-0.009764796662560386,2.1624094177732305,-0.5700105937192025,-1.2354620428895489
4371,5.800,0.9989834128111535,0.006790793445239599,0.002136011192105498,-0.04451363284154235,0.016708378792316615,0.028544862673857266,9.745063946632856,0.008253661302210216,-0.0010834406074487248,-0.007744246096322975,2.1661144462620405,-0.5673807977059506,-1.2413197232588333
4372,5.808,0.9989834297157715,0.006798905334181945,0.0021507101523735553,-0.04451130738825671,0.0058639583193384835,0.023970498268582982,9.771783289650854,0.011921190263056854,0.00382190771130361,-0.007939196535503555,2.1638739682224934,-0.5736725380410334,-1.2354165670525488
4373,5.817,0.9989831812247959,0.006804041058385564,0.0021372598925871503,-0.044516747134245666,0.022348106663790127,0.06433634179547354,9.722131473402218,0.01146739716709034,-0.0028667495776418363,-0.009908465184907749,2.1626806937556964,-0.5646745106864073,-1.2391730973217794
4374,5.825,0.9989839001394596,0.006804441952642075,0.0021328937622774316,-0.044500759499889526,0.03857438016215323,0.06294367739828403,9.760241945980914,0.010281156292393604,-0.0008492990295510969,-0.004667252838796097,2.162124169925804,-0.5709338002915482,-1.229839724921159
4375,5.833,0.9989836417832272,0.006798262079619203,0.002136868098624175,-0.044507312623288914,0.0068061376989718035,0.08922146651797715,9.75263317017125,0.008566725733099476,0.001190669952177135,-0.01015003279441835,2.1600254214080445,-0.5666669521158367,-1.2433242787841616
4376,5.842,0.9989836168440887,0.006796596415694686,0.0021323629851959657,-0.04450834284002161,0.038538984490554026,0.06446119391862089,9.760232181103884,0.009767267620557258,-0.0008820060957157359,-0.008754841818656283,2.1631778172196716,-0.5656626187186365,-1.240380872049575
4377,5.850,0.9989833765036276,0.006801358451216607,0.0021280565249751538,-0.044513215656216916,-0.010076097480462176,0.030443534157636558,9.733654787134363,0.011280692232936216,-0.0006788417109574642,-0.0097654019948201,2.1619247526725407,-0.5695269702948548,-1.2359584941569457
4378,5.858,0.9989835882643511,0.006792873557858905,0.0021320884414363127,-0.0445095657829515,0.03857542482406042,0.06610975175969198,9.76022100921701,0.008066822406938614,0.0011035515845678107,-0.0076014571990474355,2.163872065006402,-0.5753791274819395,-1.2351562190225474
4379,5.867,0.9989833479148189,0.006797635570947811,0.002127777629771892,-0.04451443925181217,0.0010161978748618626,0.05838484442016678,9.775547918381687,0.01128074543071427,-0.0006798926402485402,-0.00976553574259725,2.165595212801479,-0.5763741892420136,-1.2370874396070441
4380,5.875,0.998983339872253,0.006796322049644057,0.0021234548281625514,-0.04451502671985713,-0.004700929309664058,0.02523241018773916,9.798490073316435,0.00976733392165218,-0.000883996987225064,-0.008755121262774826,2.1622434844571154,-0.5747510445352434,-1.2461612048141646
4381,5.883,0.9989835687345122,0.006787993995491668,0.0021271864938885985,-0.04451098306705682,0.021696652732495134,0.008095862484649295,9.741260509541227,0.008066673165735849,0.0011023010012376371,-0.007601839368813522,2.166048178572378,-0.5707128497629084,-1.2322547187493742
4382,5.892,0.9989838047062326,0.006779344426090765,0.0021403358808632024,-0.04450637466846347,-0.01520086018395015,0.06286004981820723,9.737416016714011,0.007879336060570648,0.0032921614882562415,-0.007459167385870532,2.1590435142346447,-0.5669041280094474,-1.242596730392318
4383,5.900,0.9989835644636581,0.006784106924866479,0.00213601685424525,-0.044511248653742085,0.016453777324074263,0.03815068344426127,9.745031510150616,0.011280931064791163,-0.0006818909648595549,-0.009765697688111825,2.1629012721356617,-0.56977109991631,-1.2359490375584232
4384,5.908,0.9989838097415055,0.006786189551621299,0.0021407345055092985,-0.04450519926362088,0.010653197157702944,0.005035789364982347,9.767985772838127,0.010593694254352373,0.0014232665661235682,-0.007074126439810269,2.169034658011994,-0.5742048375602936,-1.2400127917867525
4385,5.917,0.9989838159975446,0.006783841237283684,0.0021541648441120833,-0.04450476881050264,0.021984783771673417,0.07385534069259064,9.722064648297023,0.00939249794173165,0.0034940693595065402,-0.008470281402718629,2.165763286551158,-0.5665093342846909,-1.2266810755753204
4386,5.925,0.9989838088657017,0.006792912494930996,0.002151064144638344,-0.04450369520677888,0.04290364367303862,0.04388420457058297,9.756414141459917,0.012294763419051561,-0.0005645869884575148,-0.008227188296623028,2.1641019053052504,-0.5756047138291424,-1.2331991316989577
4387,5.933,0.9989838070596047,0.0067909409385311335,0.002155336805482545,-0.04450382991522977,0.021825768183084567,0.07562303450660221,9.722051417076605,0.009580058141589546,0.0013027617152895365,-0.008612937662881032,2.15698282276744,-0.5745772013391266,-1.2278894508661315
4388,5.942,0.9989838360322258,0.006799526101952596,0.002170407478717384,-0.04450113619341904,0.015853436376948495,0.04249774806707397,9.74501451826764,0.011919234378496549,0.0038148128431086045,-0.00794296454539047,2.1553239886136164,-0.5726890658273671,-1.2347559332190448
4389,5.950,0.998983588006388,0.0068046680293194625,0.002156920183494723,-0.04450657347198341,0.021569453634788547,0.07744447208932802,9.722037651710574,0.011469257631105519,-0.0028757943521750765,-0.009907820682999686,2.168774581052715,-0.5724750690265717,-1.237833693518988
4390,5.958,0.9989833266301543,0.006798587179797435,0.002161211287802866,-0.044513160897407346,0.010122892977059811,0.010269006220092709,9.767982235903357,0.008566398226897393,0.0011815954410582517,-0.010151854103007792,2.1652888885478756,-0.5723869884738728,-1.2285820014029702
4391,5.967,0.998983547438878,0.0067906371661844624,0.0021557714891109543,-0.044509682571313804,0.02659619021763518,0.05031412946125515,9.71827406326306,0.008254646429433033,-0.0010923776496485013,-0.0077445982894942846,2.159240621613294,-0.5758766583619764,-1.2361619847901457
4392,5.975,0.9989840544407986,0.006797356998393591,0.0021613721630256654,-0.044497004182678275,0.015849612903534076,0.04575498336924982,9.744999774841613,0.011607015244747798,0.0015397717277195176,-0.005536523241901779,2.1619552773827575,-0.5668809489166319,-1.240134083153239
4393,5.983,0.9989840787665575,0.006805951871219909,0.0021665128252927076,-0.044494894226611556,0.004992889761890945,0.041355917435895485,9.771725660581046,0.01210680256422621,0.0016222557016326762,-0.008085880588815547,2.1672829734433177,-0.5729285596302595,-1.2341779194727107
4394,5.992,0.9989840297258298,0.006793743848170458,0.002161130830569058,-0.044498122553673254,0.015698595511568873,0.047505503927405206,9.74499164062111,0.007241254278859433,-0.0012137939304049043,-0.009283141711316688,2.159007652646463,-0.5692990660383703,-1.2376910899477065
4395,6.000,0.9989842767916315,0.006796361665205998,0.0021565645803233386,-0.04449239733289345,0.042580247280874964,0.05141376580963145,9.756378783839295,0.01078167918260678,-0.0007714685419738574,-0.007216946867034956,2.1631555547261403,-0.5778412848800274,-1.2373355024994372
4396,6.008,0.9989842716121041,0.0067948752191234855,0.0021518480604579304,-0.04449296902113107,0.020823476517997642,0.020447086901844845,9.741244320845182,0.009768126269089628,-0.0008920648489947013,-0.008755552816629996,2.162929876685682,-0.5690757976004488,-1.239861960677366
4397,6.017,0.9989845185804067,0.0067974928514106395,0.0021472783301104766,-0.04448724450201185,0.00518082349117275,0.04455227009137495,9.771711511440909,0.010781670638972764,-0.0007723112878797197,-0.007217137563337316,2.158305453113264,-0.5712915074677998,-1.2418279939077421
4398,6.025,0.9989847546335452,0.006788646623608476,0.0021600341306563663,-0.04448267684537995,0.009693144181956003,-0.004413338773506206,9.699383791632636,0.007877737449351087,0.0032849896310260685,-0.007462355764776037,2.1609600138085026,-0.5795525101394967,-1.2375794628566879
4399,6.033,0.9989849752470672,0.0067806974343681894,0.002154579541406705,-0.04447919918254381,0.009972516183697627,0.017342805814334564,9.767972392432501,0.008254947849245962,-0.001095921739982365,-0.007744785272233476,2.163653220401478,-0.5710172450256842,-1.2386174483424117
4400,6.042,0.9989852651493892,0.006793671573971443,0.002160238927853818,-0.04447043297208609,0.021034696062068845,0.04467579537609382,9.809823966125608,0.013119923849157156,0.001739817754683467,-0.0065484995042282505,2.1599930443140516,-0.5702871740705996,-1.2388952952999155
4401,6.050,0.9989852554205301,0.006792079002966613,0.0021553287520192656,-0.04447113303219748,-0.016893319723655573,0.0159542479858719,9.756579497568024,0.009768325988212954,-0.0008946170395212952,-0.008755714040464225,2.1551332741237705,-0.5744675104560016,-1.2420651859320697
4402,6.058,0.9989850329392138,0.006796422075488331,0.002159902359034509,-0.04447524516188344,0.042414519717907946,0.057165748975223245,9.756347498787832,0.011092792550686553,0.0014974520467961258,-0.009625827126516292,2.153629377592138,-0.5719752202372533,-1.2367283643640932
4403,6.067,0.9989848003902964,0.006800803146279689,0.0021646899183830302,-0.044479565907087446,0.020482733769320586,0.026246859277502463,9.741231143700768,0.011092786564763134,0.0014968445928667856,-0.009625944497580597,2.1701841983883425,-0.5704501768672005,-1.2302737121157896
4404,6.075,0.9989847795985152,0.006799301386871196,0.0021603397717414393,-0.04448047395462005,0.03153700517581683,0.05357601972854362,9.783072662606664,0.009768491796292187,-0.0008961910609746284,-0.008755808540375805,2.1656330623262776,-0.5710520136649077,-1.2422650173184036
4405,6.083,0.9989845282859872,0.006792731541252252,0.00217339383346708,-0.04448648561841171,0.036796953038969994,0.06714989375111642,9.691473957505362,0.008376850869711149,0.003362863425407532,-0.010013176465174882,2.15682137364771,-0.5661392884151395,-1.2392020227447231
4406,6.092,0.9989842811826883,0.006797287574903195,0.0021689596608024187,-0.044491554766294475,0.004517703027144359,0.05191539378876698,9.77167549588158,0.01128191933998717,-0.0006950049565390897,-0.009766799511025008,2.161689236613626,-0.5739328930274596,-1.2371391730852306
4407,6.100,0.998984468000933,0.006779156685045008,0.0021534521356204738,-0.04449087964327778,0.02041609882979828,0.029332481538913484,9.741222478763603,0.0059179125418319795,-0.0036132315072974455,-0.008412848932542188,2.1612067288906034,-0.5680807358403748,-1.2379307400928692
4408,6.108,0.9989845218722412,0.006797918162198203,0.0021688161911294045,-0.04448606079076687,0.031113993559534602,0.035501389382313446,9.714483444585795,0.014443330684536352,0.004129548094526912,-0.007420455978293587,2.157316390566332,-0.5717635413457398,-1.2401216352743254
4409,6.117,0.9989847688364393,0.006800537078395683,0.002164226385414688,-0.044480337818013777,0.020255243994111147,0.031185363852337257,9.741217060943724,0.010782168961192228,-0.0007771022112127445,-0.007217503619177376,2.1616752139163493,-0.5702524054313762,-1.2352209560070235
4410,6.125,0.9989845350411972,0.006804893956832657,0.002169100247084631,-0.04448468467774009,0.020223968588716223,0.03207464381972896,9.741214238652438,0.011092489230830534,0.0014929287829743333,-0.009627000045277233,2.15954352914913,-0.5776620567184557,-1.2442000374232518
4411,6.133,0.9989842947637657,0.0068096582455960215,0.0021647148788288503,-0.044489564837311035,0.020189076163673315,0.03298442026133044,9.741211273015956,0.01128203809148634,-0.0006980250397082672,-0.00976716747318982,2.1566197481844633,-0.5708333810455493,-1.2450187226982208
4412,6.142,0.9989847939032436,0.006805872805673118,0.0021590325813084415,-0.04447921114139114,0.042039152900467176,0.06567010967871531,9.756295585734414,0.009269013704727169,-0.0009801108648261477,-0.00620658018483416,2.158269642357398,-0.5729540566323563,-1.2369293070051786
4413,6.150,0.9989850221279537,0.0067975390220813645,0.002162704914236374,-0.044475181109348526,0.014546658866264267,0.0005656986443426471,9.764246866559459,0.008065871145723666,0.001087948879414987,-0.0076052530878354995,2.1617393072842384,-0.5725330167586109,-1.2439885269288922
4414,6.158,0.998984789086867,0.006802292781493278,0.0021582251444378937,-0.04447990613983614,-0.01728821382061675,0.02675082362825133,9.75655517808755,0.011282069050476982,-0.0006996242861077318,-0.009767410229478392,2.1636779168546836,-0.5751998993203677,-1.2419957683172553
4415,6.167,0.998984548762557,0.006807056827512984,0.0021538302405360392,-0.04448478758308749,0.009565794571782886,0.03089916982070608,9.767939324775613,0.011282063667571294,-0.000700246393688273,-0.009767530507788367,2.1638560204842983,-0.57511413667695,-1.2329614289828936
4416,6.175,0.9989850653700466,0.006813682415505988,0.0021590615935120805,-0.04447191644824631,-0.017269152149597955,0.028596047813274697,9.756549978329728,0.011605777709600742,0.0015326814480442674,-0.005539925710606779,2.1624751432515312,-0.5744906895488171,-1.2444528762838292
4417,6.183,0.9989850556089422,0.0068120908399148285,0.0021541163709073046,-0.044472619340992746,0.009502362224083048,0.03270182004997382,9.767933517088236,0.009768938958269087,-0.0009029603906232181,-0.008756425909902936,2.1646223303294914,-0.5751581769532996,-1.2375944137920758
4418,6.192,0.9989855423314178,0.0068084263380624194,0.0021489996735474318,-0.04446249367732754,0.03101184781499459,0.04412662554535878,9.714448417407375,0.009269170602975222,-0.0009822647142258298,-0.0062068211096740905,2.164597515267551,-0.572684430008804,-1.2341998688857865
4419,6.200,0.9989855474065147,0.006806058721790834,0.0021623596389635257,-0.044462094399323374,0.020525577558603146,0.06078301492626899,9.809738463163338,0.00938865321773222,0.0034769042092375638,-0.008477963386028747,2.167984630765154,-0.5787482660874022,-1.2299668443974963
4420,6.208,0.9989857719822994,0.006798063504440623,0.0021669240846796107,-0.04445804932214809,0.004254554293447202,0.06357424622439606,9.771606715101653,0.008065682588688653,0.0010848085616688272,-0.007606017354165309,2.1604259049690873,-0.5714359669901483,-1.2313123206323489
4421,6.217,0.9989859852536843,0.006790505593175596,0.0021522726921874486,-0.044455123695405656,0.00400914624909273,0.04301451700595966,9.70305359875171,0.008446244543067744,-0.0032963731155396143,-0.007884398273845863,2.1629404318328747,-0.5712868716492367,-1.241305838642557
4422,6.225,0.9989857388102804,0.006795287774544979,0.002148192314591353,-0.04446012806458563,0.036331176485747824,0.039675510681892776,9.779305134441197,0.011282201108432328,-0.0007040667444455505,-0.009768020109105244,2.1602708148499508,-0.5742372882902355,-1.2434947639270948
4423,6.233,0.9989854798133061,0.006789096490909678,0.00215204710078333,-0.04446670647003446,0.03630919934756153,0.040487252425919794,9.779301887562887,0.008565210781538624,0.0011616795443707283,-0.010156246805568862,2.1651126711902475,-0.5710102912978394,-1.237874370919984
4424,6.242,0.9989859594579753,0.0067853319611412095,0.002146902336063937,-0.04445675298945614,0.025256310602284747,0.014650779815943578,9.737498857610744,0.009269376613564143,-0.0009840391081648284,-0.006207009324391061,2.1592298461927344,-0.5768392693921086,-1.2346879748094126
4425,6.250,0.9989854962048325,0.006796061705277336,0.002152183338302479,-0.04446526762048729,0.025552602252680814,0.036795079896894706,9.806039216309028,0.012604783678238841,0.0016857712005784102,-0.010640832513905853,2.1598166066830573,-0.5720841619734865,-1.2481575328013879
4426,6.258,0.9989854928909253,0.006794892267929835,0.0021378604016503294,-0.044466211728068424,0.02528276287420734,0.016457617653767027,9.737495903431018,0.009959898757061172,-0.0030977227468750026,-0.00889560391775377,2.1578038454529023,-0.5834817631755987,-1.2400068092259706
4427,6.267,0.9989852524789401,0.00679965616832532,0.0021334380398007886,-0.04447109676757985,0.04151895716545734,0.01527552913475423,9.775622218676027,0.011282234287935297,-0.0007068964135951536,-0.009768515090121313,2.16314042518571,-0.5643932945164468,-1.2352658762166477
4428,6.275,0.998985742809651,0.006795633959458089,0.0021375988453096544,-0.04446049587348211,0.025414435833779263,0.018149223505929565,9.737492553991803,0.009078572791477103,0.001204980161830903,-0.006068760715749106,2.1621573658131648,-0.5812312846690243,-1.2343807142050491
4429,6.283,0.9989850301624742,0.0068017603156771125,0.0021516779113682234,-0.04447489010728721,0.020162280975377027,0.0476074688603917,9.741150838422538,0.011400184627876083,0.003749983892945794,-0.01204164893763106,2.157074108848303,-0.5707893407691996,-1.240376814450072
4430,6.292,0.9989857589364791,0.006791481162564344,0.0021552632021826913,-0.044459915274941184,0.014914094632180259,0.07700405861270901,9.744804422960469,0.007565501071340738,0.0010036116957063267,-0.005057361203100684,2.1604667814972367,-0.5739305751181779,-1.2369039734256415
4431,6.300,0.9989855519298974,0.0068064199513995505,0.0021608756805973467,-0.0444620096155905,0.019849011457756485,0.049239647146837984,9.741143369430976,0.013617897750935259,0.0018059121560298056,-0.009103364112884035,2.1651590032050962,-0.5720470754249816,-1.24421230009304
4432,6.308,0.9989850317717457,0.006796390752082157,0.0021552350261883637,-0.04447550259111068,-0.012032626732762024,0.07545306732868641,9.733407721123879,0.007742879614362413,-0.0011584557183164975,-0.011833921524806876,2.1626824783630525,-0.5646768285956888,-1.2394172204203353
4433,6.317,0.998985021910366,0.006794800412495042,0.0021502575399255865,-0.044476208006221235,0.014243976313987649,0.016892302555645968,9.764232718051074,0.009769525664643959,-0.0009107198038858567,-0.008757176619875668,2.1688025247826364,-0.5813008219474709,-1.2416562205913064
4434,6.325,0.9989850111171202,0.006793203862111823,0.0021454593986507333,-0.04447692602445224,-0.01247777573690614,0.014401676832879092,9.752849031246678,0.009769522390889426,-0.000911202037312266,-0.00875726994851039,2.162676616217831,-0.5719937635115059,-1.2386153157041875
4435,6.333,0.9989847779518362,0.0067975752937282875,0.0021501740486185596,-0.044481267317917364,0.009229586309625046,0.04716305629705436,9.767874660085905,0.011091158611050584,0.0014792570891842944,-0.009631048686588461,2.163682248554124,-0.5642187021734382,-1.2425883176450876
4436,6.342,0.9989852475583388,0.006793204744313708,0.0021542184892543266,-0.04447119149299808,0.019828914578739157,0.05328353890759724,9.741122126878722,0.009078351219687761,0.0012023990216385686,-0.006069554614086757,2.161895860072735,-0.5743724761754577,-1.2320061676330647
4437,6.350,0.9989854608492942,0.0067856533257896375,0.002139536898842175,-0.04446826174390285,0.014266335950264044,0.020073469021993032,9.764226663321276,0.008448178513137573,-0.003303553968617488,-0.007883464332391229,2.164922143085557,-0.5701033100904648,-1.2452091199538518
4438,6.358,0.9989852321596018,0.006789637168153105,0.0021536371430000735,-0.04447211037502702,0.014250019432844405,0.02086164807787226,9.764225036405527,0.010899342568737789,0.003668217807675729,-0.009493904254558391,2.1634322353629907,-0.5717797667107106,-1.2417858797693837
4439,6.367,0.9989850249460169,0.006804573182062194,0.002159233413663544,-0.04447421082471926,0.019666031253360302,0.05577939761928111,9.741108488048297,0.013617398564780735,0.001802041976193393,-0.009104806662281837,2.1593209628325476,-0.5754927050367358,-1.24715215991986
4440,6.375,0.9989852573102032,0.006796546390073876,0.002153329111725612,-0.044470504919239505,0.02470687244407002,0.02804379789305063,9.7374709054666,0.00825679710309212,-0.0011144950961428425,-0.007745775913487482,2.160321359955505,-0.5660017826206357,-1.2504090174965377
4441,6.383,0.9989852212797391,0.006784391062872768,0.0021474433781305197,-0.04447345488620411,0.05159312369313035,0.03198083749200292,9.748849674875139,0.0072435168556220925,-0.0012398633097841605,-0.009284249296939287,2.154423066535462,-0.5632653627804323,-1.2451066381561902
4442,6.392,0.9989849759190453,0.006788161951472574,0.0021513288556478526,-0.044478202858258785,0.014078962012591597,0.02412975274792784,9.764217754992197,0.011090870703096336,0.0014755161790153707,-0.009632076696033777,2.156516478175256,-0.5672811276068435,-1.2308920328448691
4443,6.400,0.998984716408346,0.0067819657379059985,0.0021551333025877227,-0.04448479204981488,0.04076220442974778,0.028243090683331123,9.775596537753836,0.008564583723418237,0.0011496914271444082,-0.010158864043383209,2.1639705742372173,-0.5703798904418619,-1.2486316642374584
4444,6.408,0.9989847233946026,0.006790767721759956,0.0021510414778516756,-0.04448349040396365,0.008863896276595895,0.05440471156317473,9.767837349558206,0.01229624675400531,-0.0005907234689506583,-0.008230995867910646,2.1626910625177342,-0.5695710105712043,-1.2405914789661279
4445,6.417,0.9989844899664044,0.006795136210794178,0.00215573284802765,-0.04448783818448163,0.01953266064516114,0.06064311199393844,9.741079689804845,0.011090769985495382,0.0014737796753316133,-0.009632517758003325,2.1663727386139637,-0.5691082483303906,-1.243254698428042
4446,6.425,0.9989847330097241,0.006797170382749392,0.0021602838116078103,-0.04448184868159394,0.013788803888276403,0.027615942122964324,9.764208931168444,0.010591005322025724,0.0013989371718622979,-0.007082453039954443,2.160019474542298,-0.5752045351389308,-1.2425107848312673
4447,6.433,0.9989845063837824,0.006801141567865844,0.002174125683690054,-0.044485656745022646,0.019202071722151128,0.06239802750729307,9.74106926397643,0.010898402555902343,0.003663106762672612,-0.009495949340955972,2.1611932708251196,-0.5819798988983613,-1.2360897611040655
4448,6.442,0.9989844821352372,0.006790087444539889,0.0021499580776518693,-0.044489064338920595,0.013658440011274071,0.02924601366760469,9.764204367329253,0.0076290364584703976,-0.005624944569450976,-0.009557630364911978,2.1666473635377765,-0.5669504861950787,-1.247423867041843
4449,6.450,0.9989845052819339,0.006798665299230271,0.002154995775154344,-0.04448699079470635,-0.002262857219258491,0.03199946133198736,9.726068372838549,0.012103804371824699,0.0015975138394601258,-0.00809476572821744,2.158481450197527,-0.5758418897227532,-1.232505492375187
4450,6.458,0.9989842616401955,0.006803380432099008,0.0021506345749016395,-0.04449195186564277,0.01378212981032974,0.031002351719629482,9.764198776014712,0.011283207593827269,-0.0007196936886153812,-0.009769783218256056,2.1597494015912924,-0.5632074150483932,-1.2389642975608395
4451,6.467,0.9989842516672522,0.006801790992356183,0.0021456185030080885,-0.04449266098308653,-0.012943567119250718,0.028523455277911353,9.752817347107483,0.009770240978718573,-0.0009198373010590846,-0.008758008887260055,2.1539079106127654,-0.5649395014913966,-1.241432136121993
4452,6.475,0.9989837725315197,0.006811705614363723,0.002159823022005975,-0.0445012140264751,0.013724201752128806,0.0327634784957958,9.764193108192899,0.01241056393339278,0.003859836174978424,-0.010509286923174418,2.159500969678255,-0.5737003529524122,-1.2383781686154995
4453,6.483,0.9989839863481975,0.006804161019175798,0.0021451097799194668,-0.044498279929930384,0.013699325243461994,0.033613229811851206,9.764190252370488,0.008450345084264298,-0.003310957507225313,-0.007882304155260155,2.158780805462755,-0.5773785226392137,-1.2400576166585306
4454,6.492,0.9989837621615612,0.006809091775400658,0.0021406328798349444,-0.04450277404389594,0.013860902107106955,0.03441709063277633,9.764187225248575,0.011283262577750109,-0.0007219910982255303,-0.0097701594620679,2.1688299208248716,-0.5723027945928447,-1.2454038274215704
4455,6.500,0.9989835353587955,0.0068130574112723365,0.0021544562560855554,-0.04450659107361616,0.02444383652553336,0.04059107021563409,9.737427351078782,0.010897167506285107,0.0036586616832626866,-0.009498195037045156,2.161766483053108,-0.5667086744829047,-1.2477060017436148
4456,6.508,0.9989839799014593,0.006798474252197794,0.002148079024815055,-0.044499150605227966,0.008262848284862826,0.043226217716664135,9.69928979757958,0.006744632311412281,-0.0013209402894992775,-0.006734221429432674,2.1612260715217397,-0.5722564364072136,-1.2405766907720452
4457,6.517,0.998984226568857,0.006801095501488911,0.002143409530952321,-0.04449343729344548,0.024429685571795322,0.042021076180603606,9.737421320076347,0.010783655289849462,-0.0007959595739810134,-0.007219931679259882,2.156608972763904,-0.5717959920756814,-1.2435447127174881
4458,6.525,0.9989842228695549,0.0067994436287466785,0.002138174144211678,-0.04449402471545767,0.040580831568320826,0.04094696783162583,9.77555233489371,0.009770473231394607,-0.0009233363251564487,-0.008758377437393907,2.1614772593324463,-0.5734863561516167,-1.241539809241729
4459,6.533,0.9989842197882283,0.0067974533515754295,0.0021422973254681603,-0.044494199669257835,0.013775858644307056,0.038378455962591054,9.764172577913119,0.009577130871209285,0.0012668503734260222,-0.008622770609823688,2.163191738252317,-0.5708078840434522,-1.242285182043686
4460,6.542,0.9989842374708331,0.006806385021716731,0.0021381420570122794,-0.04449263710209558,0.0032500722980717293,0.07505681509180548,9.702858929799882,0.01229661679364582,-0.0005981285090065064,-0.00823220422984314,2.1529255967808436,-0.5710357882999366,-1.240648959393765
4461,6.550,0.9989839706979211,0.006800585344129261,0.002132743387518675,-0.04449977228296189,0.019395696239640214,0.07401201170434908,9.74098755968009,0.008757388113263665,-0.0010521833124799546,-0.010296896885583419,2.1580363514525716,-0.5710149271164027,-1.238414373063102
4462,6.558,0.998984228783595,0.006802756852132421,0.0021370839167714917,-0.04449343786660597,0.01891239755348166,0.012291856115135724,9.760583004252226,0.010590137331131115,0.001392718974069934,-0.007084897259321029,2.151687029365931,-0.5717449980714874,-1.2382096983051245
4463,6.567,0.9989839879488737,0.0068075218023082845,0.0021325763593971576,-0.04449833240412239,0.04055023533135671,0.04517723627028349,9.77553382806285,0.011283508343455548,-0.0007270293445292351,-0.009770798490818319,2.1655831272085053,-0.5704988529621132,-1.235434206253537
4464,6.575,0.9989839570215553,0.006794995955429546,0.0021360317511597312,-0.044500775407621505,0.013751318749560653,0.0425529706188467,9.764155310816559,0.00705087777679652,0.0009378660984872142,-0.009149668868528473,2.1575442259844584,-0.5751604948625811,-1.2378902928366382
4465,6.583,0.9989837161664257,0.006799760972006058,0.0021315201987287913,-0.04450567050034146,-0.007921335334573256,0.011299797318535861,9.749204964632629,0.011283570177820067,-0.0007279784036814859,-0.00977094475718811,2.157266709610136,-0.5675484363211146,-1.2333255919196988
4466,6.592,0.998983218344748,0.006800384514624667,0.002126920397842174,-0.04451696806437027,0.056415206379658335,0.02419066913180749,9.745190983316213,0.010270422883542837,-0.0008564153406249668,-0.011309392669423228,2.1595063573885347,-0.5732190474373459,-1.2391151736058659
4467,6.600,0.9989829843236275,0.006804745831576285,0.0021315607179318934,-0.04452133101034399,0.008201870585647298,0.011172261139290842,9.787339074566027,0.011089547765999274,0.0014616082445735314,-0.009636222753173648,2.1575853736182893,-0.5737490290473247,-1.24351903118752
4468,6.608,0.9989832419859901,0.006807395507760088,0.0021267343546815696,-0.04451537485573678,0.018874142100518295,0.017316510431380897,9.760575457327306,0.010783947656739363,-0.0008002684224296698,-0.007220632195378065,2.151416431147667,-0.5673158962460669,-1.2345913577668675
4469,6.617,0.9989834554988534,0.006799856761417423,0.0021119903569476856,-0.044512437411659576,0.02973978614580788,0.023350206510684063,9.733810526593173,0.00845216151123219,-0.0033181986540665033,-0.007881533113535207,2.1629370828915278,-0.5681085507517534,-1.2408477244609868
4470,6.625,0.9989832168073266,0.006803664333573756,0.0021258937645646566,-0.04451655045737658,0.013889101020884592,0.047510760229544,9.764132252970375,0.010895043596684612,0.003650696155354576,-0.009502133396895042,2.160727400667878,-0.5678481957653273,-1.2391572428085844
4471,6.633,0.9989834703060851,0.006805881037252633,0.002130357714167992,-0.044510309081472604,0.04560424360856184,0.023158498260381296,9.771944094479249,0.01058968075999332,0.0013892805780198947,-0.007086221704700851,2.1600268332450896,-0.5720401216971369,-1.2435174092410322
4472,6.642,0.9989851173774029,0.00676850877841303,0.0021442493019481067,-0.04447836263066781,0.02437568806867359,0.054317253950035935,9.737360626213244,0.006231942055955532,-0.001385758015881602,-0.010823410661259138,2.1572907791314537,-0.5807638866096476,-1.2366181515426173
4473,6.650,0.9989851082790101,0.006766906005208199,0.002139201638760605,-0.04447905390451236,0.024465215603476077,0.05496852180595306,9.737356748553413,0.009770958121054352,-0.0009306299274515226,-0.008759241319437457,2.1602050554834413,-0.5702454517035317,-1.2344992948381155
4474,6.658,0.9989853741352348,0.00676936215044186,0.002144002148759455,-0.04447247749729802,0.01929804452594985,0.08441834398004364,9.740903128431786,0.01058949525514175,0.001388363059472184,-0.00708667044871681,2.1651469006680175,-0.5664158687665367,-1.2425567488921834
4475,6.667,0.9989856283495645,0.006771563627963787,0.0021484748099416745,-0.04446621563670449,-0.018301286708850006,0.07663095198007562,9.756289058073596,0.01058949401617282,0.0013879047988082731,-0.00708675935109429,2.1677945093189854,-0.5719821739650981,-1.2373572217677482
4476,6.675,0.9989851179065354,0.006761033023054229,0.00215218983602179,-0.0444791042247572,0.05100915677600632,0.06080400868517841,9.748715584557159,0.007550233633114532,0.001000735549942074,-0.01170174717501311,2.1538770470204485,-0.5724681152987272,-1.2372101901787131
4477,6.683,0.9989848979020127,0.006764563142937413,0.002175136381136372,-0.04448239236950503,0.018396778203108644,0.024275940681149737,9.760561541625052,0.010699535530921655,0.005837915108356491,-0.00936947043987454,2.1624218253042002,-0.5712474671914504,-1.2371593153426934
4478,6.692,0.9989856132870258,0.006765905270882741,0.002152137396389463,-0.04446723823263368,-0.01356436009340945,0.050353088452044614,9.752728230034913,0.010674507328469173,-0.005254386954956511,-0.004938099958368109,2.1626944114590807,-0.5727493314686877,-1.2410495931476984
4479,6.700,0.9989853541377277,0.006759685181124732,0.0021558647868093277,-0.04447382512886045,0.018537783889952864,0.02592983673917437,9.760557019136328,0.008563261295815831,0.00112791859341269,-0.010163803352987177,2.163414592618686,-0.5688270321604304,-1.2393724629520166
4480,6.708,0.9989858394359644,0.0067554879298139464,0.002159962827834385,-0.04446336188182737,-0.013880261590931108,-0.01062862743721979,9.772413635185776,0.009076593923285366,0.0011881160944356736,-0.00607482391072152,2.167553808879051,-0.5739398467553042,-1.2378287098738585
4481,6.717,0.9989858368558435,0.00675347806559949,0.002164056180212275,-0.044463526134312675,0.01834074887728992,0.02740820438468273,9.76055335251174,0.00957631991349813,0.00125629066242418,-0.008625675715561321,2.1741189824554756,-0.5692666153084286,-1.2341627159247377
4482,6.725,0.9989856321289542,0.0067579205282304565,0.0021695055906570796,-0.044467185154230454,-0.008553160448044056,0.02482421480383457,9.749179374476482,0.011089082459221068,0.0014536925570533374,-0.009638268895168995,2.1624574157867014,-0.5727586031058138,-1.2420278702297156
4483,6.733,0.998985596829297,0.00674575587473761,0.0021635365523659782,-0.04447011597555025,0.02891464366259454,0.03422813843417303,9.733780838761234,0.007245806829595754,-0.0012629850282945992,-0.009285215535097435,2.161256392902695,-0.5725399704864553,-1.2447244656001464
4484,6.742,0.9989855891826819,0.006744112085701306,0.0021583118988463437,-0.04447079094477187,0.0076100208733654254,0.024460670340905454,9.787315362131205,0.009771569283251265,-0.0009358228485566036,-0.008759532276538879,2.1627070562075223,-0.5705683902405598,-1.2427793154637339
4485,6.750,0.9989853561682456,0.006748454425416247,0.0021629274963395127,-0.044475142146119764,0.018282313293717743,0.030540360846312505,9.76054416520592,0.011088881940356135,0.0014522321487957712,-0.009638786177221626,2.1614590404885696,-0.5788340287308199,-1.2390475856144845
4486,6.758,0.9989856221672838,0.006750756226374197,0.002167430296745484,-0.04446859835126117,0.039775680456704196,0.06348197969944373,9.775435276941213,0.01058914714461117,0.0013839401713759412,-0.007088029448154365,2.157097156246992,-0.5730166401829584,-1.2435295541051548
4487,6.767,0.9989853500631808,0.006745355517497788,0.0021528240258037274,-0.04447623957576578,0.023542250919449954,0.04445495575185629,9.66885879397661,0.008954324807638159,-0.0032583228246180333,-0.01043112352492437,2.1653709804862755,-0.5724936123008244,-1.239811663936542
4488,6.775,0.9989853814807673,0.006753496440509479,0.0021669201570742942,-0.04447361386920861,0.013041461425974931,0.06169015004680929,9.764054131960059,0.011906030794371972,0.0037716033915419873,-0.007967907140416484,2.1642750787154235,-0.5694087569214954,-1.2234903692526615
4489,6.783,0.9989853724563416,0.006751895936634079,0.0021618400556895102,-0.044474306819776176,0.023616094114434445,0.0677951374796181,9.73727798890394,0.009771824834959891,-0.0009384373141256888,-0.008759713632289043,2.1610102539201668,-0.5757113376560941,-1.2444519951738426
4490,6.792,0.9989853794777488,0.006750053479761117,0.0021665240472340565,-0.04447420085028835,0.023598435867398567,0.06858182933941383,9.737272522565279,0.00957599865412896,0.0012519118296901268,-0.008626872800395674,2.169238068082597,-0.5695130628391654,-1.234440214931811
4491,6.800,0.9989853766819251,0.006748041539946059,0.002170597516932545,-0.044474370343689326,0.017978210151898672,0.0355203906703972,9.760527876389062,0.009575998118565712,0.0012514440184943378,-0.008626963646106704,2.167548251727721,-0.5768624484849242,-1.237068526409999
4492,6.808,0.9989846481907055,0.006744537584124183,0.0021660063696717427,-0.044491485797572526,0.0018795655131851273,0.038050895063617515,9.722383667093057,0.009258786308771607,-0.0010038238668009644,-0.012849073786212245,2.168017329797144,-0.570489581324987,-1.23443986698138
4493,6.817,0.998985356654089,0.006734441969736402,0.002160239818260261,-0.04447738578183864,0.007359253614883273,0.03176428965850706,9.787294574428326,0.0077595618509957226,-0.0012040904422044266,-0.005196218601409496,2.161942530969686,-0.5705266678734919,-1.2383904537531074
4494,6.825,0.9989861087698034,0.006734113353431347,0.002174200945933677,-0.04445985889043185,0.0179568782880596,0.03770008344985698,9.760519740436317,0.009892904146220528,0.0035054736799449687,-0.004405517408108023,2.1651361760797734,-0.5666460909323028,-1.2410896924534986
4495,6.833,0.9989858694852679,0.006738866583822486,0.0021696370086663978,-0.0444647379524454,-0.014123335101494352,0.06372023236859421,9.752649261107523,0.01128481010882484,-0.0007440147082523318,-0.009772640030264011,2.1594760868398946,-0.5722031244937378,-1.2349743523198127
4496,6.842,0.9989858857686094,0.006747353670017363,0.0021748631967224174,-0.04446282968541971,0.017805525375413047,0.03951483155490863,9.760512840627221,0.012101461059344095,0.0015772652434549409,-0.008102075838825908,2.165879387693962,-0.5651952206592596,-1.2425629840655503
4497,6.850,0.9989858767594056,0.006745754201784688,0.0021697670318212244,-0.044463523775321374,0.0068835114335755124,0.013526971197527422,9.718870426110096,0.009772216142427077,-0.000942398994878279,-0.008759985286815299,2.1611903963187142,-0.5719659486001271,-1.2356965466482766
4498,6.858,0.9989856089100495,0.006739409044376,0.002173675900585039,-0.04447031245032801,0.012572483568669421,0.0697729757004407,9.764000331096037,0.008562865750136461,0.001116704892329285,-0.01016612709446741,2.156829381702819,-0.5793338775201384,-1.2402974744806385
4499,6.867,0.998985862596739,0.006741605754850131,0.0021781125087801897,-0.044464063125119156,0.022858308966862095,0.013312711450323327,9.757011159321017,0.010588674126083261,0.0013789927536335216,-0.007089687523175817,2.1644567528395826,-0.5747719057187775,-1.2483422505110278
4500,6.875,0.9989861244887039,0.006744334292653159,0.002173065656706066,-0.04445801187233916,-0.003942063834352801,0.010705908728013878,9.745641839069242,0.010785266065737346,-0.0008123297566280782,-0.007221817078752031,2.1621620533388124,-0.5651233654715314,-1.2350219383272172
4501,6.883,0.9989858588142421,0.00673852484054866,0.0021675814818952924,-0.0444651297385305,0.02840101877033368,0.04880399552309244,9.733720183175937,0.008759480368185442,-0.0010759839385394096,-0.010298426763458437,2.1502829522375286,-0.5710914181226941,-1.2465275453248335
4502,6.892,0.9989860855519983,0.006740528026633107,0.002171796108612592,-0.04445952605551235,0.022896770837932602,0.015767497675053012,9.757007410963238,0.010588517477197657,0.00137781330703969,-0.007090150239225785,2.1685446729774456,-0.5732260011651904,-1.2397815094531808
4503,6.900,0.998985793371797,0.006724155811818478,0.0021654009370330415,-0.044468881352263845,0.03898241356991919,0.014736535776493071,9.795149649153164,0.006234044573911226,-0.001405710678822135,-0.010823877265913866,2.1595011391193055,-0.5712590567378582,-1.2384013470889927
4504,6.908,0.9989862838816764,0.006720040171134239,0.0021695683652243588,-0.04445827987547016,0.01769847223931651,0.04569681306110928,9.76048604834899,0.00907578331275471,0.0011805327020728228,-0.006077491795137528,2.159978733566989,-0.5707568900392578,-1.2369376748167693
4505,6.917,0.9989863072431494,0.006728587845557743,0.002174521133860316,-0.044456220083801956,-0.014673294087425369,0.009249054539778943,9.772413881529538,0.012101044514218779,0.0015735197472356254,-0.008103424203215087,2.1546862552186177,-0.5715912669120126,-1.2477114007426344
4506,6.925,0.9989862653835615,0.006715917801023413,0.00217737214111338,-0.044458936937965605,0.033378786026315325,0.02391777719486836,9.73022548434242,0.0070500656198467715,0.0009155106408731686,-0.009154143863676002,2.157079140732376,-0.5754347573046968,-1.2410651446461025
4507,6.933,0.9989860261335939,0.006720671773477754,0.0021727811175575665,-0.04446381880742801,0.02268095158010449,0.019466815817593613,9.757001235980397,0.011285297259053098,-0.0007504193014508969,-0.009773338895496994,2.1546736951907017,-0.5725515600328632,-1.2459932676633458
4508,6.942,0.9989860396279243,0.006729635558735345,0.0021681289083614343,-0.0444623869219704,0.006649400009010346,0.022122640461238807,9.718854825835288,0.012298145002721738,-0.0006187017859291918,-0.008235214865622207,2.1624481199796075,-0.5781178652314247,-1.2407562620952506
4509,6.950,0.998985324990459,0.006735696518831658,0.002181988852113045,-0.04447684533286159,0.0013060698780042739,0.05170176364004979,9.722320753125759,0.011390471852504368,0.003694012262220319,-0.012062329020897277,2.15468430117021,-0.574030245217285,-1.247444099170585
4510,6.958,0.9989860479919982,0.006725265676068648,0.0021850041032585098,-0.04446203409635565,0.011727923816508551,0.016972357947128255,9.783774821132974,0.007563061454927885,0.0009820450390686472,-0.005065051029487778,2.1604362906752304,-0.57608833725349,-1.232733020124047
4511,6.967,0.9989857880215977,0.006719039540104788,0.002188653025042528,-0.04446863654827463,-0.020352429563417904,0.042741137359308616,9.775871097394456,0.00856267151211929,0.00110912760926388,-0.010167646929704153,2.165370709380594,-0.5763996862441106,-1.2397745783789524
4512,6.975,0.9989857995464244,0.0067177129843644275,0.002183974640257242,-0.044468808075123045,-0.009674076180705472,0.04867610398432637,9.7490884141657,0.009773012117242935,-0.0009494830482735161,-0.008760481253359338,2.162200874153924,-0.571521729633566,-1.2403323824643644
4513,6.983,0.9989855337064908,0.006711905215476453,0.002178461127120484,-0.044475926979145444,0.02240262447432014,0.024323798591554636,9.756990978217914,0.00876021669980742,-0.0010828698180370936,-0.010298822077867708,2.1543702623876086,-0.5783341799415013,-1.2378833617624099
4514,6.992,0.998985820012789,0.0067247985303969995,0.002183804342996982,-0.04446728569064119,0.02237568860631717,0.025214630414430183,9.756988781290156,0.01311347495036579,0.0017027757384947871,-0.006566468263860874,2.168271815716883,-0.5756302108312396,-1.235854146090586
4515,7.000,0.9989858166992078,0.006722781758385255,0.0021878294333488083,-0.044467467227369176,0.022254428727980752,0.026138435845702693,9.756986625225869,0.009575323840757067,0.0012398470272775442,-0.008629950305804986,2.1546290122303686,-0.5734701307866459,-1.2398809188100508
4516,7.008,0.99898656146096,0.006723402351908227,0.002183203678126541,-0.04445086616616484,0.011776769435575738,0.08418458335925041,9.763887703277964,0.01028613790993302,-0.0008811730195700604,-0.004671065131695356,2.1577799962049506,-0.5670926278081454,-1.2367443816185937
4517,7.017,0.9989862634518886,0.006707452834578649,0.0021676118361719523,-0.04446073514724927,0.03310524088141929,0.03281042167017964,9.730200496432904,0.006432947814615505,-0.003605711261992312,-0.010954584113256323,2.158282439602785,-0.5685759488111303,-1.238679889947358
4518,7.025,0.998986528357121,0.0067196472814078255,0.002182222900330173,-0.04445222609290157,0.033091223110992454,0.033597250391933765,9.730197862707,0.012915217740050661,0.003892336540864308,-0.0064367439890816135,2.1565932840680073,-0.5664042792201289,-1.2413985974721704
4519,7.033,0.998986268295942,0.006713419380426308,0.0021858519864060137,-0.044458832727199284,0.04897127838965578,0.032821958943564794,9.768342188016156,0.008562429774964039,0.00110434660214597,-0.010168699100911158,2.162436152995369,-0.5705336216013367,-1.2391192536731888
4520,7.042,0.9989862749345688,0.006721798236661305,0.0021907792299485957,-0.04445717497981411,0.011403342201861616,0.024955275938327068,9.783758102289177,0.012100488933447054,0.001566964019891187,-0.008105540946090374,2.162209644693761,-0.5737304857730722,-1.2415321373309998
4521,7.050,0.9989862659306651,0.006720201669757228,0.002185633585614155,-0.0444578719379848,0.03274796822267638,0.036199635557598676,9.730189687857656,0.009773422792550888,-0.0009540975788613366,-0.008760835219336812,2.1583625436045675,-0.571609810186265,-1.2496376152141817
4522,7.058,0.9989865178939674,0.006722288665031802,0.0021896541992384756,-0.04445169643194629,0.0005159850084395856,-0.0003047814754922752,9.742169081220478,0.010587851306805165,0.00137024151328245,-0.007092630959122697,2.1655705671805885,-0.5714591460829638,-1.2337160731742483
4523,7.067,0.9989865407669544,0.006730832257286298,0.002194572906772389,-0.04444964694297834,0.016481201773853878,-0.0010140706088391984,9.780316789543605,0.012100402594545976,0.0015654289486811445,-0.008105973148473512,2.1659251266651345,-0.5747765415373405,-1.2488197885813794
4524,7.075,0.9989865461219286,0.006728835434814551,0.0021987836712219085,-0.044449620824465366,-0.010210464743431819,0.058732509082283654,9.749032469697097,0.009575145340857226,0.0012351945182501759,-0.008631040124401631,2.160734200215203,-0.5727400598315614,-1.2400873782558215
4525,7.083,0.998986761896988,0.006721310347082467,0.0021839500315364324,-0.04444664108849126,0.021738000480990973,0.012567306808287113,9.688599502842703,0.008459652394785968,-0.0033427480124666453,-0.00787741954977671,2.158334108495599,-0.5698638162875723,-1.2457478705687326
4526,7.092,0.9989874897184134,0.006721676964348263,0.002178858889901545,-0.04443047398833707,-0.00996036698703956,0.060225357737935144,9.749023620911952,0.01028648004457419,-0.0008836131796977289,-0.00467137769151878,2.1636725969208244,-0.5747046863496122,-1.2412680347162866
4527,7.100,0.9989872615287245,0.006725585674641443,0.0021925369792684226,-0.044434340124147195,0.02194569263589113,0.03601952277977502,9.756955851296857,0.010888812919677863,0.003620164592128734,-0.009515273908489063,2.156083549743801,-0.5671088531731164,-1.238465736123038
4528,7.108,0.9989867595965326,0.006726080359207786,0.002187568785387123,-0.04444579323884977,0.027261309611593305,0.07066453921356695,9.733589287193453,0.010273584911472367,-0.0008969023922304591,-0.011312631877387312,2.16411115028003,-0.5709778405678978,-1.2344637862913748
4529,7.117,0.998986525768526,0.006730412154900511,0.0021920836526781837,-0.04445017046554004,0.021806965867031586,0.03775207104709779,9.756949612312626,0.011087441184849332,0.0014280570301533002,-0.009645132461523036,2.1605152200574382,-0.5703312143469492,-1.243530064796891
4530,7.125,0.9989867430998699,0.006722431290249243,0.0021866389408707753,-0.04444676184386722,0.01110991682208721,0.033378233545776625,9.783733327587774,0.00826133433033576,-0.0011540398660188451,-0.007747802166545118,2.1604974587043992,-0.5690873871468567,-1.2411004230480787
4531,7.133,0.9989864828789052,0.006716200804313317,0.0021902371847327224,-0.04445337482200524,0.027214121578535182,0.07300428066082433,9.733572150916034,0.008562173802522591,0.0010969923610138295,-0.010170223082775405,2.1670332144137605,-0.576827679845701,-1.2334102493072467
4532,7.142,0.9989860044847386,0.006716007013850032,0.002203943744627282,-0.04446347630785117,0.026866494269553832,0.011359997843685203,9.753528048324474,0.009875591314104834,0.003482654355363442,-0.011054572938981962,2.155085174445669,-0.5731842787981225,-1.2354854515078069
4533,7.150,0.998986273184704,0.006729609019666777,0.002190921529119759,-0.04445602561894044,0.021567390358246823,0.04092967360220644,9.756937334268427,0.013511052263674425,-0.002685795512524426,-0.006827314425526515,2.1614508968806203,-0.567592476597464,-1.2379335910997744
4534,7.158,0.9989865180696035,0.0067317984749876054,0.002195522687735281,-0.044449963831144,0.053652807308807615,0.01686737322849773,9.764886851112909,0.010587423443440238,0.0013654222410412447,-0.00709423017761524,2.1587902368226892,-0.5700662235419599,-1.2413477675717903
4535,7.167,0.9989857970753266,0.006738270465320222,0.002200146572933478,-0.04446495595374199,-0.005266832842273688,0.03923660061014528,9.745568109256542,0.011587136267281688,0.0014843251666272436,-0.012197659774777382,2.1570350677598253,-0.5675646616860852,-1.2350362382973836
4536,7.175,0.998986234290641,0.006723868695089781,0.0021940242165559066,-0.04445761515548872,0.021490601931461475,0.043560977899637476,9.756926106723657,0.0067492372972706854,-0.0013516951995050498,-0.006734393561815021,2.1611566751640963,-0.569236482487768,-1.2310837040965572
4537,7.183,0.9989861988488389,0.006711712256570171,0.0021879309569938703,-0.044460548650016835,0.010784236195506029,0.017084230429515315,9.715372266854027,0.007249091037936986,-0.001292571433082954,-0.009286146163192973,2.1641613056711684,-0.568357316191772,-1.2413247293717826
4538,7.192,0.9989861803430776,0.006710072841213856,0.0021832167341798497,-0.04446144364172027,0.016279290426670815,0.011057298591138163,9.78031092828776,0.009774179598798517,-0.0009625042114398595,-0.008761587562288432,2.162448204700132,-0.5768972171241477,-1.240767851331997
4539,7.200,0.9989869200423248,0.006710119122215982,0.0021874695805432927,-0.04444460442562467,0.010987043653564671,0.04048429176746725,9.783706643592305,0.010087332950911613,0.0013046831110244007,-0.004543219814998959,2.165885611141715,-0.5783874918549771,-1.2434143127029096
4540,7.208,0.9989874523801371,0.006716719318103124,0.002192292582860989,-0.04443140242977432,0.032231319069752906,0.05166399202408123,9.730121592295122,0.01159978745649251,0.001499064414383819,-0.005556869105120738,2.162385624833919,-0.578524997649481,-1.232207317951095
4541,7.217,0.9989871655904907,0.006699925576746743,0.002194951249456196,-0.044440253956935294,0.026737016317064974,0.01861818530889282,9.753517247767423,0.006036923370555973,0.0007604406726237592,-0.010696030969106676,2.165321299530079,-0.5682785072761991,-1.2330156205819152
4542,7.225,0.9989874588524768,0.006712478407207644,0.0022101808844061186,-0.044431011574833305,0.021263915789382873,0.04800675731067966,9.756905745588814,0.012912350105218467,0.003884276189870828,-0.006442344702357852,2.163427084870182,-0.5688432575254013,-1.241081324641908
4543,7.233,0.9989872197488882,0.006717235992710683,0.0022055057197405926,-0.04443590061566885,0.021134051325602816,0.04899198118675044,9.756901128896127,0.011287030814696702,-0.0007705806806798958,-0.00977516478256977,2.158592621120888,-0.5684175818330925,-1.2477129777534826
4544,7.242,0.9989872013454661,0.006714953176377739,0.0022091997376430025,-0.044436475876374754,0.021111770585150014,0.049841706534439346,9.756896872453156,0.009574591438921224,0.0012253779374038422,-0.00863357530715892,2.1624214355897844,-0.5768624484849244,-1.2371060048536586
4545,7.250,0.9989874275485732,0.00670657925234607,0.0022126468870771166,-0.044432483481908765,0.004933116233100766,0.0520962152820093,9.71874139759699,0.008062144243523145,0.0010304771723569695,-0.007620018893313619,2.161658576350569,-0.5785319513773254,-1.2329450413101428
4546,7.258,0.998987441569836,0.006705344947689171,0.0022079443061044255,-0.04443258845517623,0.03169000440357516,0.05642568223466075,9.730096920932088,0.009774733999521354,-0.0009665338601261664,-0.008761656737413557,2.166327903156685,-0.5722239856772718,-1.2371214889486029
4547,7.267,0.9989874639432931,0.006713882906433976,0.0022128199032109912,-0.04443055354756427,-0.0004866265943532146,0.01995153349707527,9.742148658529004,0.01209949229695482,0.001554898387173253,-0.008109446031434958,2.1597129639035395,-0.5739027602067993,-1.2339798503063506
4548,7.275,0.9989869524704211,0.006703580752753004,0.002216479361479861,-0.0444434249151949,-0.005885512866314616,0.04936508794229715,9.745521711441027,0.0075494822383114,0.0009501246384882979,-0.011710362910997557,2.1609619848010144,-0.576869402212769,-1.2378490822760864
4549,7.283,0.9989872313092912,0.006716328461997155,0.0022217531439997634,-0.044434968504035874,0.026063152402511322,0.025203637729136294,9.753504281641955,0.01311196597211862,0.0016908580193904389,-0.0065714968867589246,2.160980339197732,-0.5695686926619228,-1.2403598486821257
4550,7.292,0.9989869334475314,0.006700884779114057,0.0021970280284707485,-0.044445224851687865,0.031607281197296,0.05975704904699852,9.730077300258419,0.006638500175690342,-0.005818740353013853,-0.011079417834911011,2.159765892136452,-0.5827609638576403,-1.2412201007584516
4551,7.300,0.9989876775704126,0.00670049818252089,0.0022104294614996756,-0.044427889756050234,-0.011117381507875829,0.017928243081004037,9.768936617619046,0.00988637026676898,0.0034930767357668185,-0.004417025417084199,2.160737532212445,-0.5761625103504998,-1.2405431745900426
4552,7.308,0.9989879564622643,0.006702973153230026,0.0022147191735471415,-0.044421031204136964,-0.0006380000111424678,0.023891182127493842,9.742139783978734,0.010586884065880727,0.0013586662914476387,-0.0070964023312212725,2.167072424943288,-0.5776110627142614,-1.2387740039334287
4553,7.317,0.9989882087749578,0.006705159000475432,0.0022190695978673352,-0.044414809484005696,0.009928025200294264,0.02987903703388327,9.715342256676756,0.010586886297873655,0.0013582077340596214,-0.007096491661486375,2.1592799338074524,-0.5751952635018046,-1.2415396465004236
4554,7.325,0.9989884509611718,0.006696951577416653,0.002222637976401009,-0.04441042181959501,-0.000848068955806171,0.025507582555821074,9.74213566852355,0.008061997494601826,0.0010265662758036967,-0.007620930953239735,2.1626712623957616,-0.5719868097836611,-1.2378829464085197
4555,7.333,0.9989884467991903,0.006694927418403985,0.002226581252546099,-0.04441062310451151,0.052579642926651474,0.0334860767227554,9.764849840086908,0.009574410499960793,0.0012201137132014234,-0.00863481219516531,2.169298304185987,-0.5759392419125784,-1.2426801362516289
4556,7.342,0.9989889328394489,0.006691253888105562,0.0022215166141169363,-0.044400496051704756,-0.0116277747676224,0.021864228354874872,9.768928006430023,0.009275342101328065,-0.0010278355392761473,-0.00620994359642889,2.163194166735667,-0.5615332763374289,-1.242617383341517
4557,7.350,0.9989881858676541,0.006687160323379724,0.002225159258296862,-0.04441773350744101,0.04179217818764859,0.007877446132961695,9.723336345281187,0.009061832317548264,0.001137845765408996,-0.012725219850607214,2.1624825866748485,-0.5701056279997464,-1.245471089930341
4558,7.358,0.9989884438387892,0.006699074318564114,0.002239413374695483,-0.04440941913115549,0.047040662515229516,0.06451983876698836,9.768193742705986,0.012910549543877367,0.0038789594722863107,-0.0064458880880680575,2.166573940474584,-0.5705173962363657,-1.2373800522908107
4559,7.367,0.9989886650351888,0.006691132771213791,0.002233675945355873,-0.04440592939260855,0.025484131195717588,0.03312664161802505,9.753482117168733,0.008263146382955906,-0.0011666754482002847,-0.007748055317189887,2.1678142755527476,-0.5700546339955521,-1.2400611186306578
4560,7.375,0.998988656066668,0.006689048774312338,0.002238061447236753,-0.044406224311088864,-0.0012789086690685526,0.030208004744399,9.7421221813136,0.009574356231034814,0.0012176816027920047,-0.008635354704757311,2.160723187577173,-0.577120485562069,-1.238580918412198
4561,7.383,0.998988647243595,0.006687458109465193,0.002232833310718648,-0.04440692556182401,0.014791003722385971,0.029524408319514996,9.780274979194196,0.00977562686993715,-0.0009738822322613176,-0.008762020599916709,2.1624933790395127,-0.5688988873481586,-1.246947417758423
4562,7.392,0.9989886403576047,0.006685822428696274,0.0022274547782988436,-0.044407596874043484,-0.006536964979486905,0.06040170014763853,9.745459142756955,0.009775629637741546,-0.0009743659309156147,-0.008762114871964648,2.159985617834839,-0.574428105998215,-1.2378793995007529
4563,7.400,0.9989888613491057,0.006677880985075316,0.0022217105492534426,-0.04440410801042896,-0.0011294682162629579,0.03251905996203195,9.74211475896615,0.008263259141816741,-0.0011683169723476657,-0.007748250987786966,2.1607035738403564,-0.5768508589385164,-1.2358978821754325
4564,7.408,0.9989883830454744,0.006678210605584902,0.0022260118376413664,-0.04441460249282257,0.02562155729443543,0.03692001845220646,9.753468136614503,0.010074079302450646,0.0012709917297048577,-0.011188088885978735,2.1702716610929165,-0.5703196248005414,-1.2422380617923785
4565,7.417,0.9989891213850354,0.006678253405224109,0.0022302414916912875,-0.04439777369080248,0.025514675605536597,0.03774101189440167,9.753465274517238,0.010086549417204868,0.0012988799971543371,-0.004545818124836564,2.1626782652723473,-0.5739491183924305,-1.2388408960239488
4566,7.425,0.9989883616970987,0.0066754449042018375,0.0022066493725260245,-0.04441646460069651,0.0203493621135132,0.06715997798638297,9.75679465495898,0.009666665630679461,-0.005442312272893905,-0.013104876315360838,2.1597198990037043,-0.5768415873013902,-1.234928528532382
4567,7.433,0.9989890734664885,0.006664926328313776,0.0022099567758947485,-0.04440186868425631,0.015186168845749417,0.03413862989339807,9.78025935474455,0.007561640583115696,0.0009665611142411125,-0.0050702906738609235,2.1653617693997074,-0.5766322263191583,-1.2385516450388236
4568,7.442,0.9989888612694474,0.006669088322206349,0.002223936433673488,-0.044405319808137916,0.020336473417932713,0.06861305568632015,9.756784571774135,0.01088441981041302,0.003598449479804889,-0.009524669344281124,2.162683703814942,-0.5727354240129982,-1.239584854556363
4569,7.450,0.998988600302726,0.006662851396332821,0.0022274419689389947,-0.04441195085499292,-0.0066154988614051495,0.06573449688035636,9.745424577695276,0.008561608552627905,0.0010746865238754823,-0.010174726479435754,2.1629579729125488,-0.5757043839282493,-1.2437053483758282
4570,7.458,0.9989885938736888,0.00666173696500522,0.0022130337529367946,-0.04441298292715902,-0.0011962443024322886,0.03787302462367175,9.74209540944278,0.009977949216975694,-0.003169165226353925,-0.008888337232737622,2.1605095442973727,-0.5749627234267569,-1.2427536564015857
4571,7.467,0.9989883595256661,0.006666059381235845,0.0022174564804134382,-0.04441738478684195,-0.0011276213612969445,0.03872797399810946,9.742092056881255,0.011086129757107835,0.0014057450595008113,-0.009651099429798434,2.160308494933698,-0.5713564089276835,-1.2486491631649608
4572,7.475,0.998987843241735,0.006655499204254065,0.0022200984783548516,-0.04443044618631891,0.025529423739857716,0.04316440114456836,9.753442740998123,0.007549100026223234,0.000933728032863116,-0.011713289923054686,2.1587758244109967,-0.5720007172393505,-1.2393762400045483
4573,7.483,0.9989881129948887,0.006669117420597218,0.002207022137752012,-0.04442298978036065,0.009513824813972152,0.04544027014606069,9.715282352937972,0.013515331489817504,-0.002698919553874337,-0.006826234859265438,2.168757023028935,-0.5683016863690147,-1.2354318659383678
4574,7.492,0.9989868930473667,0.006678125019270539,0.0022028927953858797,-0.04444926803816865,0.02040956310954111,0.011361112065494325,9.776923540077608,0.012288146632073803,-0.000680308393321797,-0.014881686815886714,2.161195529867418,-0.5751465874068918,-1.236398783928403
4575,7.500,0.9989876052157501,0.006667605091932888,0.002206191724641023,-0.044434675487880444,0.00431229592567625,0.013579227594458794,9.738766149471187,0.007561380789943667,0.0009644494302362783,-0.00507112101292369,2.1658250700444337,-0.5763556459677611,-1.2351326701308034
4576,7.508,0.9989874115904944,0.0066827521321866845,0.002212056221872768,-0.04443646154832426,0.014933220938806389,0.04164808817370375,9.78023065268658,0.01361048961644859,0.001735419244941609,-0.009128132881507451,2.1633981075498507,-0.5749094115132811,-1.23711740888128
4577,7.517,0.998987407008975,0.006680722876787129,0.0022159555038790235,-0.04443667539919956,0.014810092577537012,0.04259396265361148,9.780226763568848,0.00957360884165098,0.0012094596014534534,-0.00863784618707024,2.162972520877082,-0.5718168532592156,-1.245695418721865
4578,7.525,0.9989874063795777,0.006678701315815788,0.0022198911345518964,-0.04443679699404453,0.009294667136424456,0.04986255764371485,9.715260871951784,0.009573612269828734,0.0012089913161560135,-0.008637937553512212,2.153919792876479,-0.5737443932287617,-1.2430575553073082
4579,7.533,0.9989869371226044,0.006689812334833431,0.002215642713669805,-0.044445886161585166,0.02534957661376953,0.04937948532162831,9.753413727661316,0.012800916525545603,-0.0005974764555039914,-0.010791566593283577,2.167830116745591,-0.5732491802580062,-1.2422280945021196
4580,7.542,0.998986936058776,0.006687761188787325,0.0022193541294051517,-0.044446033584889855,-0.01210152604261014,0.04149633251798958,9.768863764801416,0.00957354442098719,0.0012078923672084164,-0.008638234373326528,2.162416539258552,-0.5702639949777841,-1.236436217436423
4581,7.550,0.9989866703509659,0.006681962530169345,0.002213668466493353,-0.0444531608522577,0.01994910497081811,0.07965040080306411,9.756701508227222,0.008764186912000508,-0.0011240517991499346,-0.010301173839531086,2.1592592132274824,-0.5651581341107548,-1.2387052010590756
4582,7.558,0.998986443302183,0.006696681237538908,0.002219254884610746,-0.04445576977867037,-0.01213645280169819,0.04315152774506569,9.76885655296818,0.013610251476825425,0.0017322959822571678,-0.00912914452912739,2.1585566748121816,-0.5720331679692923,-1.2427957480721243
4583,7.567,0.9989871556185927,0.0066861606366880304,0.0022225437418998337,-0.044441179826034995,0.04125536020382708,0.051439933172571686,9.791554480136794,0.007561253391045549,0.000962059010430622,-0.0050718109051833314,2.1611919606527055,-0.5751419515883287,-1.2359105377312911
4584,7.575,0.998986894397716,0.0066804311346919205,0.0022168967398366905,-0.044448194904925444,0.02517509832730498,0.0534763301904413,9.753392575226144,0.008764380339116836,-0.0011258742527333317,-0.01030125575899751,2.1541944008561873,-0.571830760714905,-1.2472244060737598
4585,7.583,0.9989871462843887,0.006682609980884883,0.0022211976465081537,-0.0444419909931151,0.02511856367377206,0.03209851196531084,9.685134998258821,0.010585670441492594,0.0013462254529492555,-0.007100800443374303,2.152008155745643,-0.5681827238487632,-1.248739974565475
4586,7.592,0.9989873598597685,0.006673894264007383,0.0022235527511632208,-0.044438381934160165,0.025063018621109857,0.055023858656539845,9.753384255908621,0.008061180899888335,0.0010127631576489536,-0.007624539330458876,2.158758317219533,-0.567094945717427,-1.236981365965976
4587,7.600,0.9989875850731889,0.006665513360264007,0.0022269249515505514,-0.044434407912600296,0.024977200176496527,0.055680646671319625,9.75338074866286,0.008061183743102343,0.0010124165389612436,-0.007624606994143458,2.1595439696958616,-0.5713146865606156,-1.2442603014543345
4588,7.608,0.9989873106078277,0.00665910617199306,0.002230316364830292,-0.04444136854827042,0.04093420030732101,0.032825291215561304,9.723287777817344,0.008561191582716218,0.0010632342414445043,-0.010177187447038102,2.1621956050523803,-0.5702941277984442,-1.2396116024054433
4589,7.617,0.9989880489436748,0.006659144338830152,0.0022345253113601753,-0.044424551331640756,0.0301691793472815,0.02850581264534445,9.750094761229784,0.010085618670674501,0.0012938837166505232,-0.004548610069471613,2.1661106398298564,-0.5707939765877628,-1.2407990271988307
4590,7.625,0.998987772265786,0.006653712354813398,0.0022198757904419012,-0.04443232074534968,0.003499702073376799,0.025549895950052245,9.738742427979288,0.008968411317027618,-0.003320390396108585,-0.010425357060226001,2.1634131807816415,-0.5634538625791302,-1.2391793324951461
4591,7.633,0.9989870507344963,0.006660170135302542,0.002224337492051738,-0.04444734999169071,0.025040992313962333,-0.0035662549502379036,9.773626079372118,0.011585479358900395,0.0014455489159173416,-0.012206627811066928,2.166112864983945,-0.5644489243392042,-1.2411034143284696
4592,7.642,0.9989870164437102,0.006657305353900718,0.0022376439358738915,-0.04444788197356973,-0.007321442336621877,-4.15495812852208e-05,9.697307118856372,0.009369475381322585,0.0033935834448975024,-0.008515856957832588,2.1607022975561514,-0.5695246523855731,-1.2357232944973566
4593,7.650,0.9989867546738584,0.006651063771207504,0.0022410895364438355,-0.044454525693048856,0.024662998783005666,-0.0019786173725843273,9.77362748911831,0.008561174205040363,0.0010603348060382602,-0.010177747635725118,2.1612388518230214,-0.5681224582074428,-1.2423249558668754
4594,7.658,0.9989864760627781,0.006645138395920885,0.0022355297632410116,-0.044461952116945855,-0.01289009937377696,0.029992435012367983,9.70057350194281,0.008765146207813155,-0.0011314046405355698,-0.010301494328982636,2.161726459206536,-0.5776435134442032,-1.2422309904446647
4595,7.667,0.9989864938110119,0.006654110453010845,0.0022311605897445772,-0.044460430943519424,0.003262550434501837,0.029521171239744803,9.738731283540805,0.012301689499199629,-0.0006565752857707898,-0.0082400216591602,2.1634179076718234,-0.5724936123008243,-1.2398259414388884
4596,7.675,0.9989867848385093,0.0066669753592113355,0.0022364227722639746,-0.04445169930117557,-0.0074459012133918905,0.025485160236682576,9.765540083775772,0.013109725750708248,0.0016759469558946128,-0.006578622281866971,2.1653795138086416,-0.5781201831407063,-1.2409789689402866
4597,7.683,0.9989870403663992,0.00666870595667593,0.002249865297925199,-0.044445018247126995,0.024356527879052244,0.06386968206884444,9.753332131974629,0.010381184320721045,0.00353298003088071,-0.0069788476984899645,2.1612098067262706,-0.5751651306811443,-1.2383517687168502
4598,7.692,0.9989877703492156,0.006658419040881653,0.0022533358742694914,-0.044429974409371284,0.008089545516132208,0.06590848560145371,9.715166343770973,0.007561036076494163,0.0009580967311755797,-0.005072976422319036,2.153630992758444,-0.5744188343610888,-1.2369493089891557
4599,7.700,0.9989875314426483,0.006663182614591391,0.002248533408435295,-0.044434875009163134,0.029560756551726762,0.03675719912837065,9.75006900988075,0.011289855297899701,-0.0008009318930789468,-0.009778092828930616,2.158315957428142,-0.5742349703809538,-1.2432649183308853
4600,7.708,0.9989875054519114,0.006651126318273983,0.0022420807951764534,-0.04443759155685789,0.040309083709467786,0.04257407038576633,9.723252590254232,0.0072533505810837605,-0.0013267767502628154,-0.0092869886122477,2.159014401361473,-0.5749233189689705,-1.2386142718528954
4601,7.717,0.9989872703205216,0.00665544234270538,0.002246434845528708,-0.044442011152300835,0.018828955982880823,0.09548036673094085,9.75656166227582,0.011085360185571462,0.0013893755505313932,-0.00965533651092208,2.1585900740288038,-0.5794010968893036,-1.2473645515242064
4602,7.725,0.9989875161400695,0.00664722095621592,0.002249454953027811,-0.04443756296500283,0.01345706805330212,0.04033201537995786,9.711898324552113,0.00806099809023935,0.0010060066689685366,-0.007626093030634983,2.1602463386701114,-0.566880948916632,-1.2401465759677923
4603,7.733,0.9989872504461523,0.006641426007160697,0.002243714739770867,-0.04444469204297406,0.008204469877345693,0.007346635843157912,9.735464797002379,0.008765733296941485,-0.001136872673509599,-0.010301740034180095,2.1683448660097646,-0.577434152461971,-1.2458469681999327
4604,7.742,0.9989867540112093,0.006641906798290747,0.002238454901147502,-0.04445604237768193,0.013539886772687781,0.04178577364000547,9.711892064541225,0.01027790874619855,-0.0009460918930237231,-0.011316560783350697,2.169560877405036,-0.5674178842544555,-1.2452007072066213
4605,7.750,0.9989874615879176,0.006631832040492481,0.002232559851057336,-0.04444194044399179,0.03512137931576351,0.012627958350343357,9.74680997033436,0.007765626492488447,-0.0012348193332315945,-0.005196367901187339,2.1638810727637097,-0.5741700689210704,-1.2363884237520737
4606,7.758,0.9989877295279411,0.006644942854985044,0.0022289140559585575,-0.04443414148146463,0.03519194117915163,0.01348578858569633,9.746808569938116,0.013314173957448779,-0.0005185270685699946,-0.006702700013816404,2.158053655314774,-0.5788502540957907,-1.2407814329334823
4607,7.767,0.9989879502779356,0.0066370078471406704,0.002223089766540092,-0.0444306560633125,0.013936899749777527,0.004261324054889563,9.800439764750172,0.008265701514359283,-0.0011874185428555146,-0.007749254734755668,2.1622347139172784,-0.5725422883957371,-1.244961449947529
4608,7.775,0.9989877298666993,0.006641419228907222,0.0022272005017156507,-0.04443474658789257,0.013928466747190582,0.005052524177634312,9.800439402345901,0.01108495219415736,0.0013857035172253796,-0.00965656356676356,2.1656703357515035,-0.5740302452172851,-1.2473637882198856
4609,7.783,0.9989872340664747,0.0066419734288446775,0.002221946439003507,-0.044446071988508376,0.008487838573102164,0.012236647523009193,9.735459636643496,0.010277979008926434,-0.0009494892286656085,-0.011317004395725399,2.1658429161179984,-0.5763788250605766,-1.2375739011163625
4610,7.792,0.9989870104241042,0.00664638318556231,0.0022263920570892914,-0.0444502167921617,0.01912969443931046,0.018151152945276982,9.70864091605214,0.011084861427709659,0.0013845840115872623,-0.009656906910767881,2.16587894714723,-0.5715425908170999,-1.2425027200344676
4611,7.800,0.9989870012615639,0.006644797879875114,0.002221061332678886,-0.04445092640340264,0.029770074118791196,0.04635277145419294,9.750027475515008,0.009778047729295152,-0.0009982694374884398,-0.008764259218466363,2.1616859215604887,-0.5702663128870656,-1.236685694598359
4612,7.808,0.9989872465768205,0.006646925684422003,0.0022255996334358784,-0.044444867668612296,0.05649666685277027,0.050977839815742214,9.761367634883316,0.010584746310204105,0.001336206420276905,-0.007104325019487856,2.1543385461137134,-0.572433346659504,-1.2335447743247878
4613,7.817,0.9989870034785131,0.006652140889783046,0.0022116037614649652,-0.044450249846382996,0.0030742449255342064,0.04428231168007794,9.738675411817631,0.011495686657756026,-0.002999895524840372,-0.00990120557843056,2.165089691567978,-0.5678064733982591,-1.2347309026542985
4614,7.825,0.9989862723947096,0.006658647084793237,0.0022165592281686085,-0.044465456830123276,0.035103099015859215,0.08267068096588367,9.72641256137056,0.01158464750421893,0.001429086799807405,-0.012210608540795483,2.1626282454340497,-0.5746166057969131,-1.2319984957223353
4615,7.833,0.9989860406972638,0.006662507037477992,0.002230042275925858,-0.044469409749045445,-0.013167293505542684,0.0696998891478541,9.768701869583275,0.010878981055955085,0.0035729815718756673,-0.009536067708655793,2.158558357754908,-0.5735002636073061,-1.2430259640865844
4616,7.842,0.9989862698784582,0.006654739864067516,0.0022244796329779874,-0.044465702760992695,0.02413149716094008,0.07932474846725787,9.753219236764208,0.008266266223201391,-0.0011915718693354133,-0.007749471822098736,2.1707006305952423,-0.5761022447091794,-1.234122801828063
4617,7.850,0.9989857774561023,0.006654842220733242,0.0022283643322528164,-0.04447655458606628,-0.034578859902785225,0.0388040861149384,9.75413715807809,0.010072604967966936,0.0012363782206949543,-0.01119599084500329,2.1629543528655204,-0.5764321369740525,-1.2432101486366685
4618,7.858,0.9989855806233745,0.006670426682929541,0.0022249495393112466,-0.0444788119669957,0.034969550605840595,0.02382925890913137,9.746789571072735,0.013814625237911132,-0.0004764771991339837,-0.009256626393380464,2.151239722410992,-0.57301895809224,-1.2438165097107503
4619,7.867,0.99898557520902,0.00666838915043045,0.0022287628132014676,-0.04447904817737083,0.018836947643687176,0.048356193692638105,9.776813711486076,0.009572488947468696,0.0011888340856420214,-0.008643305826537438,2.163691939551959,-0.578880386916451,-1.2439139853954628
4620,7.875,0.9989858395898893,0.006671090395765052,0.0022233544668664507,-0.04447297546522751,0.00818299537825156,0.021790057645845406,9.735443202722136,0.01079056225477211,-0.0008584632634536214,-0.007226669473083324,2.163672393591563,-0.577634241807077,-1.2412402205480944
4621,7.883,0.9989855506713342,0.006654284968682208,0.0022257956413064737,-0.04448186006913667,0.00818743311395144,0.022473244358970548,9.735441643638772,0.006036373019767472,0.0007081414644663806,-0.010704424959575468,2.1607555307829567,-0.5739885228502171,-1.2430052662017457
4622,7.892,0.9989863076277554,0.006653990277873857,0.002239074726658089,-0.0444642342789721,0.024098973520304403,0.02191610068337692,9.773604525347707,0.009878095273586221,0.003478189643443821,-0.004431514326001165,2.1595027881738216,-0.5732144116187828,-1.2386269274087538
4623,7.900,0.9989865212331758,0.006646967374057397,0.002214897471938394,-0.044461696417869984,0.034840030759933374,0.027700872126423866,9.74677979811148,0.008679277210213221,-0.005577394211600361,-0.007991564262007988,2.1692839087183993,-0.5776296059885138,-1.2407109265317362
4624,7.908,0.9989860714930181,0.0066573482818042574,0.0022291471250686116,-0.04446953541354613,0.029458104907946172,0.05716628745403164,9.74997101971037,0.012390016305837356,0.0037584028036573257,-0.01055336655271415,2.1646245554835795,-0.5688131247047409,-1.2378988009217147
4625,7.917,0.9989863227554369,0.0066595191319987175,0.0022333847855869108,-0.04446335283016941,0.024046569664683916,0.024470323165467375,9.773598593251958,0.010584336170886468,0.0013310805494547234,-0.007106054238849029,2.1597521574889624,-0.5749302726968152,-1.2393412870851832
4626,7.925,0.998985597166415,0.006665984082262881,0.0022380117002871298,-0.04447845111855784,0.018474374988184983,0.05398185715902404,9.776784961416835,0.011584539819205163,0.0014203616854966661,-0.012212414791180997,2.1607305632240696,-0.5737119424988198,-1.2395898606693123
4627,7.933,0.9989855880466025,0.006664401371378727,0.0022326468617626678,-0.04447916273420584,0.05065178799346542,0.030088163877015843,9.78493503722984,0.009779012051519001,-0.0010064926456939483,-0.008764841375547752,2.159016931509452,-0.5641839335342148,-1.2389603802348221
4628,7.942,0.9989863044609835,0.006665187115921049,0.0022185814427543326,-0.044463655680559946,-0.002659332931500329,0.023230703714679,9.7622517012377,0.010497553466981361,-0.0030975110191850566,-0.00479434199747757,2.1653141272124428,-0.5687574948819836,-1.2320344924929931
4629,7.950,0.9989860913906474,0.00668051029613254,0.002214643409994445,-0.04446633945793049,0.034877605770310675,0.033083370391650754,9.746762882569941,0.01381492195893045,-0.00048233484251201,-0.009257670949253049,2.1624665929850595,-0.5691082483303909,-1.2432832534327352
4630,7.958,0.998985322274377,0.0066767534631670825,0.002209356555207649,-0.04448444207994506,0.0027346914330523605,0.058780591431041807,9.73859879473312,0.009267072793266362,-0.001109822691959161,-0.01285632127745027,2.1668088126575054,-0.5753883991190657,-1.2361112951632514
4631,7.967,0.9989855735028728,0.00667892224804528,0.0022135837343713583,-0.044478264104981555,0.01908950329076704,-0.003802581168802539,9.79723413682218,0.01058398144570211,0.0013285474289726567,-0.007107137826140298,2.1658128150104092,-0.5729216059024146,-1.233456258303803
4632,7.975,0.9989853733752958,0.006693588361672572,0.0022288133165378637,-0.04447979370754795,-0.002678055275560643,0.02694084658644899,9.762242164393163,0.013400973139370165,0.003898909186055248,-0.0090177432844626,2.1630991589431448,-0.5675136676818912,-1.2296209129343205
4633,7.983,0.9989858548996954,0.006689409027645425,0.0022325407098729953,-0.044469419595540995,-0.002884658650432248,0.02785478236206874,9.762239537416825,0.009072051395028794,0.0011378848959753165,-0.00609191902822353,2.1689580385043996,-0.572396260110999,-1.2295317234802938
4634,7.992,0.9989858330354535,0.00668800231599154,0.0022284765650339112,-0.044470326192667824,-0.02444894284370075,0.058375723991136746,9.727239011188054,0.009779323774275662,-0.0010104276002028505,-0.008765178636501031,2.1604824701931338,-0.5793222879737308,-1.2390500886709592
4635,8.000,0.998985593401533,0.0066927685916905585,0.002223589142800805,-0.04447523666142903,0.023916928000575145,0.03334246706731452,9.773572671478512,0.011291329567700702,-0.0008214149455924816,-0.009780639533999476,2.1589934435640314,-0.5683040042782962,-1.2357473765486566
4637,8.017,0.9989860460251919,0.00667658761177582,0.0022211952100970257,-0.04446762099162595,0.029281579274498672,0.03697268725420192,9.760154361857904,0.008163701166093173,-0.0001053583824666096,-0.007690136674264847,2.1638772154992103,-0.5783156366672488,-1.2358607741500232
4638,8.025,0.9989853470382073,0.006683460274103178,0.00222608495918065,-0.04448204477619341,0.002336048350952557,0.06534584348352214,9.73855706005859,0.011584025180470352,0.0014113941902098653,-0.012214641404442523,2.158695550968163,-0.5714081520787696,-1.2283953362642315
4639,8.033,0.9989850774233927,0.006678129306460726,0.002211089745226414,-0.0444896477450987,0.040114887431894244,0.012846231323182727,9.743575676241399,0.008975232926962307,-0.0033509654570014983,-0.010422884467037772,2.158284122545511,-0.5700430444491442,-1.238910105961818
4640,8.042,0.9989855819239422,0.006684121636245427,0.0022254028362228384,-0.04447670410733506,0.034613827222018285,0.04228064187107939,9.746728263862856,0.01138788876226447,0.003663318794738983,-0.005451066172140347,2.160187260242191,-0.5694898837463498,-1.2320650173946046
4641,8.050,0.9989853193681,0.006677870829787126,0.002228726889793641,-0.04448337335057888,0.028930975161113908,0.07169794948894977,9.749876563353249,0.008560043048236116,0.0010307786583351006,-0.010184160419357121,2.169524897208119,-0.571521729633566,-1.2402788418305646
4642,8.058,0.9989855537951945,0.006680965657737414,0.002215210100405493,-0.04447831888235031,0.045091760317480016,0.07138088662319636,9.788037041259445,0.010999362828670747,-0.0030587532568406906,-0.007346913436270056,2.160178235540778,-0.5709430719286744,-1.2308304948177289
4643,8.067,0.9989858047154744,0.006683132403460584,0.002219418607604403,-0.04447214745544018,0.0026765150148094705,0.00728006027367403,9.759066986504688,0.010583612777409447,0.0013237815191564223,-0.007108739077079513,2.1567830496879696,-0.5782970933929964,-1.2339595453075822
4644,8.075,0.9989862926265529,0.006679724983560394,0.0022145564970694567,-0.044461940555050206,0.029399054195959572,0.011977453998881506,9.770401338486414,0.009279617218482805,-0.0010572129932043598,-0.0062123150197479216,2.1585401219669262,-0.5790920658079647,-1.2405314226119906
4645,8.083,0.9989860860030834,0.0066941258467475995,0.0022289096930058878,-0.04446369994690967,-0.002947215656136568,0.03761492415268915,9.762206794000997,0.013399434018650234,0.003892340027556017,-0.009021209529620282,2.1658025648571066,-0.5663161986674298,-1.2320541015908997
4646,8.092,0.9989863005834928,0.006687221796962476,0.002205102931030004,-0.04446110471197469,0.02420035574803838,-0.01979217736918586,9.794093037146382,0.008684120675260042,-0.0055885180886646076,-0.00798781670976001,2.164380404437668,-0.5690572543261964,-1.2378982677621586
4647,8.100,0.9989865809006478,0.006699482263570194,0.0022194055498872853,-0.04445224805157572,0.0026877993762715684,0.010786214569297207,9.759063739959979,0.012899042318666936,0.003849884642903511,-0.006468417253973848,2.154896769830436,-0.5673970230709215,-1.2431106805872176
4648,8.108,0.9989858137039151,0.0066951048678433964,0.0022226450528941176,-0.044469983563121006,0.023716777531362667,0.04418475441242946,9.773530155549313,0.0090599839075692,0.0010673619154919491,-0.012738614928031949,2.157043990796608,-0.5675762512324931,-1.236256853790163
4649,8.117,0.998986061045944,0.006697733634459681,0.002217680417127782,-0.0444642788498722,0.018561629657210726,0.011404407955599853,9.797229251567112,0.010791816908429142,-0.0008703524321097034,-0.007228058755861428,2.1643929644655837,-0.5680969612053457,-1.2396164008414474
4650,8.125,0.9989858084372155,0.006701371657582144,0.002231275444846417,-0.044468725738880395,0.03424107702548646,0.05086405661107075,9.746688566340378,0.010875137891575671,0.0035530742401927162,-0.009544762761715737,2.1658574132502166,-0.573223683255909,-1.2395570179203512
4651,8.133,0.9989860590462876,0.00670353728211432,0.0022354695853551093,-0.04446255834752776,0.00730830771496841,0.047827898404444256,9.735350800069167,0.010583485362067827,0.0013203006289148659,-0.007109696381282579,2.1646768174200712,-0.5615564554302444,-1.245047906200316
4652,8.142,0.9989857996715771,0.006707505196068647,0.002239727246743488,-0.0444675730217582,0.03392709428746604,0.05262018722860039,9.746680341403298,0.011083654827516796,0.001360307283063304,-0.009663339769668891,2.1611514907830776,-0.5667882325453696,-1.2303745132743829
4653,8.150,0.9989860178357673,0.006700042241919648,0.0022246526962515544,-0.04446455355644741,-0.0033726521664556486,0.044521137034812246,9.76217759976612,0.008477093704829443,-0.003400296665701291,-0.007868364766744263,2.163934407655144,-0.5771691616569816,-1.2436843025405588
4654,8.158,0.9989862664534864,0.006702260183687046,0.0022292025299270437,-0.044458405300185716,0.007356668151262143,0.05027492142105797,9.735338434350618,0.010583348903583268,0.0013191160443062988,-0.00711016387924524,2.1634090693555654,-0.5712613746471397,-1.2386169151828554
4655,8.167,0.9989855068130017,0.006699540223246435,0.002205042592106109,-0.044477085398383076,0.03425294023207667,0.055019287482341514,9.746665954197438,0.009686336975395081,-0.005512848531034777,-0.013093530498956969,2.161248830870643,-0.578633939385714,-1.2436900270221893
4656,8.175,0.9989862590916762,0.006699193132254998,0.002218305418259214,-0.044459578028434525,-0.008170928269981998,0.013336689716670088,9.785889304671429,0.009874138296095503,0.0034701883907383283,-0.0044391084815114485,2.157806561986037,-0.5700569519048336,-1.2403784139287402
4657,8.183,0.9989862530483864,0.006697148004617138,0.0022220389837768885,-0.04445983548895179,0.03414036703394583,0.0566077446654994,9.74665725212335,0.009571456539939375,0.0011693475882065345,-0.008648459663994208,2.173413162875247,-0.5719868097836611,-1.2378044201456135
4658,8.192,0.9989860052809989,0.0067018677637545486,0.002217441317476887,-0.044464920726269314,-0.008690696061759142,0.05457082953129733,9.697152441550848,0.011292368311011821,-0.0008345177421630517,-0.009782107088859113,2.166361895416984,-0.5710473778463444,-1.2417714170579117
4659,8.200,0.9989862524775783,0.0067044974020389414,0.002212459610842988,-0.04445921836763513,0.012983660088345773,0.025821261635634103,9.732209636352696,0.010792243100306874,-0.0008744528755355571,-0.0072285552356317504,2.1639008389974728,-0.5722425289515244,-1.2390923206149833
4660,8.208,0.9989857804036361,0.006715093386876811,0.0022173522224655036,-0.04446798197879388,0.007427148438734027,0.055373445517182804,9.735310717417377,0.012595072575775955,0.0015438753597745707,-0.010680685215825653,2.1616499413635726,-0.5743701582661761,-1.231763829222302
4661,8.217,0.9989859756855882,0.006696610076440361,0.0022104830995846396,-0.044466724204333063,0.00742296971612739,0.05611797762743802,9.735306453759808,0.005745155241579211,-0.0015495375495631915,-0.008272484010796761,2.160399356132105,-0.5682275132720048,-1.2276806061695518
4662,8.225,0.9989857537441051,0.006712624502133118,0.0021982798373261126,-0.04446990054376981,0.002478736003991801,0.023351382186480068,9.759041819182967,0.014025392090575914,-0.002691262057223134,-0.00937798255269909,2.1626600803166807,-0.5788085317287227,-1.2363533080914029
4663,8.233,0.9989859815501607,0.006703762455340097,0.0022106751806015472,-0.04446550517480901,0.029185857519556768,0.028185712204497778,9.770368663552532,0.007849855157553483,0.0031699226071987907,-0.0075162770828725994,2.1633839662438397,-0.5729378312673856,-1.2351829668716274
4664,8.242,0.998985469435224,0.00669452327638104,0.0021956423165588016,-0.04447914534031815,0.039840721065979585,0.0337959919478255,9.743526657607216,0.007966774188667765,-0.003516230992946449,-0.011959429317030253,2.168195213153394,-0.5735775037604895,-1.2253753956314768
4666,8.258,0.9989852003485573,0.006686219509971884,0.0022026220977595704,-0.04448609231110648,0.015884482605689813,0.027922025436897965,9.76469932669084,0.009065168762398712,0.0010905087532934543,-0.009418693687185018,2.165634575827953,-0.5749604055174754,-1.2424720548593702
4667,8.267,0.9989852213190383,0.00669546976694157,0.002199057785055424,-0.044484406432029625,0.03982598129597374,0.03610068969049409,9.743518453463638,0.012304341344764698,-0.000689545379161926,-0.008245130881636822,2.161894058521274,-0.5746142878876316,-1.2317597266871594
4668,8.275,0.9989856956564592,0.006692221787678492,0.002184411959898703,-0.04447496358306023,0.034439355988068354,0.06558941133220071,9.746599897174256,0.009490583616802325,-0.0032571526331773987,-0.006329974106416145,2.162922501038784,-0.572484340663698,-1.2388530184202515
4669,8.283,0.9989854632827241,0.006696696813615115,0.002189091436161308,-0.04447927922384007,0.029418260832301448,0.032868956816430074,9.770353335340129,0.011082629999305944,0.0013511227610683285,-0.009666483346675778,2.160420381705967,-0.5738703094768576,-1.2305567728631879
4670,8.292,0.998985229705145,0.00670052590670499,0.002202449799148741,-0.04448328897929136,0.050393744061517955,0.06633155873988118,9.784757799670134,0.010872637971778534,0.0035421860326858897,-0.009549950681710936,2.170158790282724,-0.5765209666736435,-1.2267980425522735
4671,8.300,0.9989850270894817,0.006715830672514754,0.0022088316968634854,-0.044485214756604365,0.018005918845015016,0.06930323692516181,9.708412678148017,0.013606220423508819,0.0016875399136666253,-0.00914496893686731,2.1580727044197996,-0.5615402300652735,-1.2433872310808445
4672,8.308,0.9989847609907587,0.006710044172499845,0.002202913841875068,-0.044492356490134145,0.01787033488863402,0.09287899463099031,9.776493933733219,0.008769476284714037,-0.0011802555718518962,-0.010304811827640576,2.161190481039239,-0.57074530049285,-1.2357081358850233
4673,8.317,0.9989849839409135,0.006712328130616062,0.0021978158594345583,-0.04448725791828706,0.03969857463041719,0.04142597091714274,9.743497786449426,0.010792810191728706,-0.0008799395493630428,-0.007229395022193583,2.1671226819990568,-0.5735257606094033,-1.245648854097933
4674,8.325,0.9989850002483638,0.006721306383929091,0.0021932961936835505,-0.04448575919411177,0.0023952566513644937,0.033440411130237206,9.759012482455892,0.012304602149223614,-0.0006931251826957861,-0.00824567168682058,2.168005193371855,-0.5653466339094528,-1.2327796800858248
4676,8.342,0.9989852030906113,0.0067107221244086844,0.0022005715514338627,-0.04448244259735221,-0.008248835543090572,0.018366831324456254,9.751812747094574,0.008814879089318063,0.0010663154329776806,-0.008143106844694032,2.1661442932080543,-0.5744999611859434,-1.2454025983611532
4677,8.350,0.998984950232145,0.0067039410653041255,0.002212668411941272,-0.04448854327094637,-0.019047732638901017,0.003128508656062804,9.744616530640632,0.008348578167117362,0.0032001254458029482,-0.01007310488924355,2.160472220039831,-0.5727168807387457,-1.2376479319580558
4678,8.358,0.9989852004411627,0.00670610070803485,0.0022168202443830103,-0.044482392256133804,0.007492188982238719,0.007884300205543551,9.755941293702,0.010582463240175411,0.0013098339357447764,-0.007113599511619544,2.160520251941511,-0.5749766308824463,-1.244218394992921
4680,8.375,0.9989847050747742,0.006704638833537386,0.002214875353418582,-0.044493832965335184,0.007431467489395445,0.009122320190666462,9.755940269012871,0.009926328439222873,8.0203673065612e-05,-0.009986394380900498,2.166315343128769,-0.5731842787981225,-1.235403355869314
4681,8.383,0.9989844681316639,0.006709091784353604,0.0022196852679571017,-0.04449824172298991,0.03409129177597171,0.014378472652907232,9.767263759840281,0.011082569432546286,0.0013443197611286383,-0.00966801837558955,2.169528568087463,-0.5700615877233967,-1.2407809951117723
4682,8.392,0.9989847153777378,0.006711724625408001,0.002214666985737101,-0.04449254369392152,0.028497044647533706,0.04387058654052017,9.77031286017032,0.010793371341699474,-0.0008834388213241993,-0.007229611027809406,2.154361830729873,-0.5712428313728871,-1.2367299638427611
4683,8.400,0.998984702718335,0.006709598110687925,0.0022184437383686137,-0.04449296051437264,0.001761384324690816,0.04069811986393702,9.758985047596575,0.009570752381902643,0.0011562926353295311,-0.0086520099661655,2.1702126673855218,-0.5717079115229825,-1.2341680924559375
4684,8.408,0.9989846932709872,0.00670802237079152,0.002212958765336984,-0.04449368336796065,0.039112449476458054,0.05042545033243669,9.743457737448164,0.009781896874901882,-0.001035882205920875,-0.008767441795078816,2.163854371429782,-0.5731587817960253,-1.2327358486631323
4685,8.417,0.9989844753339032,0.006723516584230784,0.0022097345647395213,-0.04449639805356808,0.06083601006934467,0.02186453497569858,9.778581153074828,0.01381696540914483,-0.0005112839972747232,-0.009262557993615871,2.163685173892844,-0.5735002636073062,-1.2429884856429245
4686,8.425,0.9989842349160296,0.006728287708355181,0.0022047278472135884,-0.0445013225519055,0.03922260392511615,0.052408996670665724,9.743446828151702,0.01129368050394506,-0.0008504990134178076,-0.009784020342552453,2.163644432917536,-0.5690526185076334,-1.2374153756284267
4687,8.433,0.9989839671603012,0.006721945991779801,0.0022079733644133986,-0.044508130182838036,0.03362686586204464,0.08181694165115391,9.746480021191777,0.008559014332247787,0.0010020955316616118,-0.010190387689915632,2.1651157998582287,-0.5773622972742429,-1.2383023530860129
4688,8.442,0.9989842172535643,0.006724103538218747,0.0022121085333093515,-0.04450198518862186,0.03352721814956839,0.08259669033962781,9.746473788788734,0.010582107259583654,0.0013057840995265254,-0.007115065231148754,2.1585276805477456,-0.5783434515786275,-1.2388295144641472
4689,8.450,0.9989844892460132,0.006726544404450834,0.002216312360171373,-0.04449530094043568,0.012285521904075803,0.050838457836855186,9.732112013030337,0.010582115713218125,0.0013053248191430278,-0.007115155380046731,2.1658624620783944,-0.5776249701699506,-1.240247665963731
4690,8.458,0.9989847135139056,0.006718146467812603,0.0022194956017675734,-0.04449137571318419,0.02268286113553234,0.0792928542023369,9.77331083107627,0.008058875423842003,0.0009662000805876764,-0.007636483138270241,2.1602695046775358,-0.5673993409802031,-1.2433155405543204
4691,8.467,0.998984707216725,0.006716027402333678,0.00222302428840437,-0.04449166085975003,-0.01966131687336367,0.014763092502985773,9.744604631475609,0.009570613636197801,0.0011521918729045,-0.008653031670037226,2.158103454879707,-0.5813564517702282,-1.2475937012195544
4692,8.475,0.9989846949646102,0.006714929973913243,0.0022083582249718217,-0.044492831960452256,0.0071408280675677675,0.019585296792877852,9.755925083970546,0.00999415142761721,-0.0032317609750985806,-0.008882317682069166,2.157569617145972,-0.5693338346775937,-1.241363644552805
4693,8.483,0.998984962940691,0.006716598626291711,0.0022210140657433104,-0.044485932808026235,-0.0195897559550209,0.016381584534644812,9.744602189930857,0.01037013469698425,0.0034955889447147274,-0.007001192671159948,2.1600071178436426,-0.5732352728023167,-1.2408204659201705
4694,8.492,0.9989846996287723,0.006710338242639844,0.002224203506241865,-0.04449263070492286,0.011980960182969997,0.05470010235279292,9.73209145306494,0.008559093417036732,0.000997989505057159,-0.010191093886129182,2.1578275536716887,-0.576188007352597,-1.2432499449276775
4695,8.500,0.9989844990775025,0.006725212647518636,0.0022289452115329725,-0.044494650475776186,0.033551802693539814,0.02612308129854352,9.767241279251861,0.01360547664365927,0.0016753573235603425,-0.009148886396715515,2.154606591763567,-0.5622100353790377,-1.2368139395068936
4696,8.508,0.99898420729709,0.006708875226240748,0.0022220155382506003,-0.0445040134274548,0.02290916902240347,0.022018025503006976,9.794091389604807,0.0062480636965148465,-0.0015340976481663965,-0.010826653072023785,2.1599283240142753,-0.5770393587372143,-1.2300419640261213
4697,8.517,0.9989844485444952,0.006711031978098677,0.002226481230663254,-0.04449804936589723,0.006834280804121246,0.02357733594372966,9.755916472739775,0.010581950727058378,0.0013024282974341353,-0.007116082645020356,2.1592927141087346,-0.5710612853020338,-1.2432879115952538
4698,8.525,0.9989844391185667,0.006709458637099876,0.0022209665530714016,-0.04449877381828338,0.006822142870764009,0.02440560453469069,9.755914443901826,0.00978277181902062,-0.0010429320813192527,-0.008767924600233436,2.1736091464666387,-0.5714359669901483,-1.2312159474915096
4699,8.533,0.9989841650192113,0.006703676863526615,0.0022154480948539616,-0.04450607314871188,0.006911211097139101,0.02516036817844418,9.755912463361927,0.00877134090038752,-0.0011966870602184343,-0.010305706997392278,2.160273056948144,-0.5676481064202215,-1.2438014689040828
4700,8.542,0.9989841607835086,0.006701144322603664,0.0022282581515973526,-0.04450591010245269,0.027926038336245466,0.05854712964911369,9.77023758439331,0.009357941022371188,0.0033397220814699647,-0.008540337189330312,2.1685539348963285,-0.5683549982824905,-1.2410484818929468
4701,8.550,0.9989843671905744,0.0066924582902929694,0.002231343200115394,-0.04450242935396185,0.017278815475192878,0.03151579656726031,9.72905484099316,0.008058758923710899,0.0009616701935268006,-0.007637579679974459,2.1624059502231483,-0.5685411801719069,-1.2349877037765329
4702,8.558,0.9989840983462894,0.0066871572201669845,0.002216185639767211,-0.04451001798218914,0.05455670015846762,0.06401198573711692,9.781548661177151,0.008984209055390583,-0.003390010682617518,-0.010419471455565718,2.1614222076100753,-0.5695084270206022,-1.2340090787440852
4703,8.567,0.9989843071935751,0.006679207601662558,0.002210659462436742,-0.04450679893598496,0.028191522040990135,0.0378160707630087,9.702194741799651,0.00827129363047047,-0.001230811049325947,-0.007751537864427179,2.158249723626691,-0.577078763195001,-1.234204549516125
4704,8.575,0.9989843263250558,0.006687708572129024,0.0022152501884028187,-0.04450486465019187,0.0012954577645593191,0.05742574996965618,9.758901025951072,0.012093309937980825,0.00148581180416164,-0.00813382511749576,2.1629136627225267,-0.5712521030100133,-1.2376439921642186
4705,8.583,0.9989841205945519,0.006703211711516677,0.002211423266857808,-0.04450734051610087,0.001252025145337258,0.058479439902617295,9.758894775550932,0.01381780276940915,-0.0005209716999166489,-0.009264169393643933,2.161910391093163,-0.5707290751278792,-1.233993920131752
4706,8.592,0.998984113641401,0.006701157433780069,0.002215056880457635,-0.04450762523623484,0.01747764372465558,0.03573654853906307,9.729039898565665,0.009570199302019262,0.0011449647482915555,-0.008655059845638026,2.1585456960623617,-0.5759253344568892,-1.2412939239231995
4707,8.600,0.9989843690331409,0.0067033956471432435,0.0022192656996916056,-0.044501345755045184,0.022828308208556636,0.030826823114225244,9.794067816128937,0.010581598611303412,0.0012986389275930134,-0.0071174992441143245,2.1610070744198695,-0.570091720544057,-1.2440170594657654
4708,8.608,0.9989845928504464,0.006694995035677988,0.002222416941998781,-0.044497428598027564,0.01728243934658944,0.03731129463103755,9.729034334739138,0.008058572111113865,0.0009585122403616897,-0.007638436963695951,2.1596724262574907,-0.5665255596496618,-1.2284345544600448
4709,8.617,0.9989843129269764,0.006689097792486687,0.002216644319933363,-0.04450488719791126,-0.003971443570500536,0.028199527300149047,9.782746205579004,0.008771986747159765,-0.0012025983136566916,-0.010306067211128127,2.1563689500881726,-0.5639884800076722,-1.244108914717572
4710,8.625,0.9989841009544824,0.006703943924451931,0.002221700844705754,-0.04450715921488959,0.033350332785032674,0.03808846632089687,9.767202637909877,0.013604814481502255,0.0016682809570031701,-0.0091515497893407,2.161413267629188,-0.5697409670956498,-1.2327861454039564
4711,8.633,0.9989838152888108,0.006698410912519367,0.0022065029622655003,-0.044515159518262896,0.0067047989910081485,0.03492616090038193,9.755882534053713,0.008985420450580135,-0.0033957822599238628,-0.010419049550815908,2.1619635734876526,-0.5759253344568892,-1.241268938294093
4712,8.642,0.9989840933254782,0.00671063498944903,0.0022207182845093193,-0.044506371128324056,0.033397104423256045,0.03990318699737447,9.767195232565278,0.012890990520955495,0.003828486820903747,-0.006484725741911464,2.1587635016005513,-0.5695431956598256,-1.2376905567881504
4713,8.650,0.9989860351350799,0.006741755117414199,0.0021832414979427346,-0.044459912276024346,-0.0041475107677474005,0.03181818330663089,9.782735032328336,0.009069835169934957,0.0011110036509073041,-0.006101367054194504,2.1595278912855482,-0.5715379549985369,-1.242060875719982
4714,8.658,0.9989860290939904,0.0067397246858139455,0.002186828823362955,-0.04446017955292304,0.006388214303000321,0.03746704592675321,9.75587331923689,0.0095701584060378,0.0011408581765408013,-0.008655977833821585,2.164192852504013,-0.5766994456883233,-1.2456401383359115
4715,8.667,0.998986049737129,0.006737660360966176,0.002190126870241418,-0.04445986625890408,0.00629275211566534,0.03824554734238006,9.755870360413235,0.009570168230167665,0.0011403889902878168,-0.008656070057844856,2.15756082966203,-0.5673692081595427,-1.24016157183882
4716,8.675,0.9989860154598837,0.006725560555786572,0.0021835912292789156,-0.044462789837559746,0.0013155704691259545,0.005449042659897863,9.779758672766494,0.0072609031100027,-0.001391985099966181,-0.0092892934576892,2.169257766539939,-0.568562041355441,-1.237134840405323
4717,8.683,0.9989857603324648,0.006729699237640912,0.002187855295316995,-0.044467685911746054,-0.03649277205148942,0.03636028821767262,9.706373834510945,0.011081720990073785,0.001324550489259023,-0.00967329932378852,2.162245387673207,-0.5730444550943372,-1.2464215528441658
4718,8.692,0.9989855258814224,0.006733528653566205,0.0022010757308845354,-0.04447172064263925,-0.00452900079323006,0.03568499965704456,9.782721523504142,0.010867897137179882,0.003515754892580246,-0.009561152037717117,2.1592546273664657,-0.5798012755795151,-1.2380778840210034
4719,8.700,0.9989853435064855,0.006748507457016238,0.0022058748366497287,-0.04447330910262149,-0.020823411934268905,0.037457062218351475,9.744541412820293,0.013604730714770485,0.0016635883150810055,-0.00915278304988527,2.1643427074098156,-0.5721822633102038,-1.2327415506769432
4720,8.708,0.998984819420644,0.0067390333745001255,0.0021901607590470414,-0.04448729247921454,0.000984846866225831,0.008967890592977283,9.779756118599416,0.007975767730887451,-0.0035570096372818934,-0.011955927238525602,2.163115559291455,-0.5626519364363172,-1.2318643777683103
4721,8.717,0.9989852656360447,0.006734327752822224,0.0022036089835124864,-0.04447731982985244,-0.01031741102377131,0.06684042491011814,9.785668092274925,0.008855574330827178,0.0033003109651379694,-0.005990214343750336,2.1678656733398807,-0.5752485754152804,-1.247092013694443
4722,8.725,0.9989852822930155,0.006743337794008838,0.002198971439539882,-0.04447581007635396,0.02711467521937188,0.053742952856869676,9.702122662548726,0.012307183815259318,-0.0007143546897041741,-0.008248130416699416,2.1637155122179053,-0.5735396680650927,-1.247138578318375
4723,8.733,0.9989853248021551,0.006741709068193552,0.0021930205388472797,-0.04447539600373782,0.016554994600465986,0.049761829015780544,9.728979885445826,0.009784348787908941,-0.0010554461015644524,-0.0087688041396822,2.157569583257762,-0.5698220939205043,-1.2413590088581061
4724,8.742,0.9989855697011665,0.006744860639761598,0.002178739045665527,-0.044470118955962,0.06447455467353695,0.08744224818209982,9.754550537674163,0.01100991930372919,-0.0030917781148962135,-0.007342987891708457,2.163138369472673,-0.5682970505504517,-1.2349846675605023
4725,8.750,0.9989857685025159,0.006736367954856289,0.0021819381862296736,-0.04446678335529556,0.0435114013203231,0.055504176979571794,9.740283744823282,0.00805830184683305,0.0009508799969104656,-0.007640339508356174,2.163688624498822,-0.575213806776057,-1.243460506908591
4726,8.758,0.9989855338106962,0.006740192917145703,0.002195139868999275,-0.044470826362391816,0.027034630665840893,0.0799963732201336,9.77008801455786,0.010867026522846645,0.003511227108769796,-0.009563169276597972,2.156812094784721,-0.571254420919295,-1.2379327324576077
4727,8.767,0.9989857548668772,0.006733292136883031,0.002170637719954643,-0.04446810859418102,0.04340797049983945,0.05707272795807515,9.740275142915863,0.008702058650280646,-0.0056255535961088465,-0.00797470258645466,2.167554046096523,-0.5705220320549287,-1.2378611597367495
4728,8.775,0.9989850302220521,0.006739742562473905,0.0021746605648620358,-0.04448321159567001,0.011914788710277029,0.02030530556934921,9.752883234763647,0.011581671341401053,0.0013461827214010544,-0.012229886498165352,2.159738100903476,-0.5717380443436427,-1.2374184343122772
4729,8.783,0.998985019032295,0.006738198717583437,0.0021693550444073827,-0.044483955824316045,0.02252560042240217,0.026042018318932682,9.72601620163645,0.009784505125880425,-0.0010584222400473779,-0.008769284915397966,2.1607346407619343,-0.5663926896737213,-1.2401476422869042
4730,8.792,0.9989847842623959,0.006742021146311648,0.002182547835349894,-0.04448800341692273,-0.00923173519799128,-0.010716655564013942,9.738634100971675,0.010866440351592871,0.0035090842522727634,-0.009564294648041222,2.1583273258923796,-0.5647278225998829,-1.2448200529688451
4731,8.800,0.9989845097538707,0.006746466179816677,0.0021771712525398674,-0.044493756766995546,0.01169120346437573,0.022916272733045712,9.752877719652242,0.011296267855721154,-0.0008752955951012844,-0.009786536094277785,2.1638833826383235,-0.5666043685652347,-1.236704400118459
4732,8.808,0.9989845033822433,0.0067444322385803585,0.002180721099661293,-0.044494034334928934,0.01735813473086532,-0.004826384128385516,9.749946383167131,0.009569725690817646,0.0011318959268556673,-0.00865842487196461,2.159752038880227,-0.576639180047003,-1.2393250621537377
4733,8.817,0.9989842618539083,0.006748761897050005,0.002184935943797238,-0.044498593640484786,-0.020069807389385016,-0.01299614159825288,9.765502958425667,0.011081296160585745,0.0013154547522645946,-0.009675803295304613,2.16340895074683,-0.5729702819973274,-1.2386006902514102
4734,8.825,0.9989840164750373,0.006754546458240765,0.002161458295151874,-0.044504370881798795,-0.004570551040885761,0.04926451611785635,9.78266254522709,0.011726805672116687,-0.0052608792481003775,-0.01000824572054327,2.1568602961274523,-0.5710728748484416,-1.2445263739659664
4735,8.833,0.9989842450968669,0.006745624895726741,0.0021735501173197505,-0.044500003066260514,-0.004487665040670649,0.05006186924090874,9.78265853308151,0.007842740155646157,0.003138319093046057,-0.0075309626593305645,2.162455529514714,-0.5742210629252646,-1.2417698400470636
4736,8.842,0.9989842411460553,0.006743098553598787,0.002186256927871868,-0.04449985218382886,-0.036393522585747476,0.013157308231646975,9.795293297918388,0.009354288450759519,0.003321833461970297,-0.008548386596234098,2.1645780201394693,-0.5707058960350636,-1.2315330575804662
4737,8.850,0.9989837473909692,0.006743782980622096,0.002180992807036067,-0.04451108974382429,-0.015242931672641067,0.023667145980394617,9.741555742888506,0.010285521267553943,-0.0010361160317709213,-0.011324413064287586,2.159340644345784,-0.5747858131744668,-1.249844467546023
4738,8.858,0.9989837384086147,0.006742240422129116,0.00217536540391137,-0.04451180039719023,0.016473158261645464,0.06208893449701297,9.72890916383518,0.00978513278601705,-0.0010629139690271755,-0.008769605304980565,2.162682224201477,-0.5683387729175197,-1.2393824527100952
4739,8.867,0.9989842306258004,0.00673743887633296,0.0021877520813905686,-0.044500872117249186,-0.010559036922852613,0.0817299837511064,9.78555480389468,0.008853576903127503,0.00329443679263478,-0.005994083313842851,2.1656453512485125,-0.5739977944873432,-1.2439460648401028
4740,8.875,0.9989839929143339,0.006741749546367729,0.002191756688104373,-0.044505358290979145,0.03719449357196987,0.09641372841835313,9.743118708571565,0.011081195656470859,0.001311708084298158,-0.009676761947358559,2.164596238983346,-0.5653582234558605,-1.2340252812077106
4741,8.883,0.9989842158117697,0.0067332920117351746,0.002195099086037033,-0.044501470510888076,0.026713860453406832,0.06928162165672716,9.702025255034695,0.008058132381461486,0.0009438982705363662,-0.007642038136183318,2.1626516656030503,-0.5714730535386532,-1.2352022280191033
4742,8.892,0.9989839757697317,0.006738096076334227,0.0021899340964988225,-0.04450638611727387,0.04278666999466409,0.06939214200401521,9.740197916435967,0.011297019821893862,-0.0008812408382982571,-0.009787044981528392,2.161681928743149,-0.5763649176048873,-1.236139502217514
4743,8.900,0.9989841788576433,0.006719341133954878,0.002192417325056741,-0.044504540814606385,0.03787412988565205,0.03664155471778216,9.764159463605862,0.005535473813078008,0.0006013948412513791,-0.008162355972323202,2.163886748523776,-0.5695385598412626,-1.237164832147379
4744,8.908,0.9989841977065859,0.006727859045195509,0.0021969048286140636,-0.04450260952316152,0.05411296890230489,0.013618194809696726,9.734385344021492,0.012092205042389044,0.001468042430786976,-0.008139731253385185,2.163107827818351,-0.5711872015501298,-1.2308067607168598
4745,8.917,0.9989849194103471,0.006728452984950549,0.0021923488476606663,-0.044486540859707296,0.048384517792074686,0.043118417963769015,9.73728288452114,0.010296263660981799,-0.0009329398597746962,-0.004677144686130159,2.160263913637996,-0.5708102019527337,-1.2425507213957618
4746,8.925,0.9989846794243799,0.00673325752958395,0.0021871748106263925,-0.04449145743575273,0.05416328361549045,0.015408248783366293,9.734382394800528,0.011297192952487586,-0.0008834726982655133,-0.009787298579508616,2.1653334190112634,-0.5736655843131887,-1.2346734896301212
4747,8.933,0.9989849050221696,0.006725403647068966,0.0021812411823591673,-0.04448787104971599,-0.01548219740339277,0.03157773922776213,9.741532933803136,0.008274183032498484,-0.0012506398313317313,-0.007752340887061453,2.159009708359501,-0.5653953100043654,-1.237972298603852
4748,8.942,0.9989848983113361,0.006723367183803948,0.0021847590995634956,-0.044488156932816623,0.043633238996146365,0.012093675427066814,9.761251479213831,0.00956944997569711,0.0011241803163544333,-0.00866042872842852,2.1636590317143836,-0.5644326989742333,-1.2394123995165114
4749,8.950,0.9989845964132591,0.006717330634724893,0.0021787456699777883,-0.04449614214162371,-0.015477658461287605,0.03304431002915279,9.741528076882082,0.008774735770223903,-0.0012269991595761792,-0.010307497149121408,2.163843596009223,-0.5741213928261576,-1.2312618386823997
4750,8.958,0.9989848228351585,0.00670845218347097,0.0021909569287217007,-0.04449179836830309,0.011142189659637617,0.03791412257498978,9.752831588509961,0.007841472029093195,0.0031321292892303424,-0.007533718263302466,2.16219563894059,-0.5698058685555334,-1.2396162381001419
4751,8.967,0.9989845287109538,0.006692254856926689,0.002184283580113431,-0.044501168819769225,0.01679411375755711,0.009899599881816193,9.749943538341828,0.006252406723454899,-0.0015700563035098117,-0.010827439891819616,2.1599731594715537,-0.5739236213903334,-1.2361751735055604
4752,8.975,0.9989845454098402,0.006701267610464975,0.0021795926531101894,-0.04449966764566715,-0.015532984179549677,0.0350406186412074,9.741521014649013,0.012308471626395897,-0.0007270817668886228,-0.008250247386530145,2.1634108709070277,-0.5710195629349658,-1.2388633561287608
4753,8.983,0.9989847961871567,0.006703514048759512,0.0021838125155873257,-0.04449349221178936,0.005418578501901716,0.06876145489566367,9.755703527811503,0.010580345975140147,0.0012812688582754866,-0.007123562912848811,2.1599890853849217,-0.5758975195455105,-1.2383537386137686
4754,8.992,0.9989842995302045,0.006704111620386525,0.0021781262493793126,-0.04450483058692071,-0.021294680819327436,0.06540203958764966,9.744392903476932,0.010286538582580456,-0.0010468086958738646,-0.011325373530310212,2.159228349635164,-0.5726867479180856,-1.2344832551157956
4755,9.000,0.9989845523116496,0.006706457569448228,0.0021823290357662847,-0.04449859671430405,0.03781373147423943,0.0460823900302158,9.764119707619791,0.01058027892957937,0.0012804768517593555,-0.00712385824648443,2.1629776713698905,-0.5747533624445249,-1.2463999738493405
4756,9.008,0.99898477634015,0.00669807465316182,0.0021853644902338006,-0.044494680790023694,0.011022918228598333,0.04262938527313976,9.752812253428093,0.008057820306948685,0.0009376663076577983,-0.007643725795102991,2.1606880545855103,-0.56901784986841,-1.233774945403608
4757,9.017,0.9989850311858307,0.006699731789467095,0.0021985523839576824,-0.04448805938687215,0.03180796151267853,0.0761818618042891,9.766984943452822,0.010363320815376978,0.003471681259906616,-0.007015243578824022,2.1592446483188437,-0.5692897944012439,-1.2367128128656895
4758,9.025,0.9989847870606988,0.006705535697475594,0.0021750207112467804,-0.04449382313542502,0.037608259830889376,0.04849630284261872,9.764108811640304,0.011731982687262277,-0.005273652263343692,-0.010005312407335858,2.1548392726806114,-0.5729378312673856,-1.2352454309443939
4759,9.033,0.9989850459649359,0.006717797887338791,0.0021892704975341347,-0.0444854608233804,0.03219997705542247,0.05492638723781905,9.69904793079441,0.012885487773809903,0.0038132931458816992,-0.006496143292553369,2.161247622362858,-0.5703312143469492,-1.243524710733511
4760,9.042,0.9989847548219523,0.006701498786826671,0.002182135677073172,-0.04449480678935015,0.026953542065571188,0.04545915595866784,9.7909764358895,0.006253098914826653,-0.001576192682228188,-0.010827544876369584,2.166582422964634,-0.5768763559406136,-1.2385404037525076
4761,9.050,0.9989845063492078,0.006695793821292312,0.002176004937141,-0.044501544038904196,0.010983402586053282,0.046668592253527576,9.752793806604153,0.008775524204654765,-0.0012340062768797485,-0.010307964273380897,2.1591138479943908,-0.5821328809109442,-1.2522179477988953
4762,9.058,0.9989844993281359,0.0066937549176227995,0.002179495902794607,-0.04450183754437955,0.016725595024146722,0.018828780362360322,9.749930502570582,0.00956912362494916,0.0011176654671463018,-0.008662259750265085,2.1624415915379633,-0.5693199272219043,-1.2398632122056032
4763,9.067,0.9989845222394819,0.006691730944335139,0.002182498775183981,-0.04450148044750593,0.01663341715504135,0.01960747057840994,9.749929125382701,0.009569135664916545,0.001117195940754384,-0.008662352319637315,2.15731598390781,-0.5776226522606692,-1.2400660069379412
4764,9.075,0.9989847718314339,0.006693899559366007,0.0021864855672974345,-0.044495355245819795,0.0165348340618457,0.02042711775594795,9.749927610858377,0.010580083442226404,0.0012771137569940842,-0.007124981076434259,2.155825325168297,-0.5644048840628546,-1.236540032343227
4765,9.083,0.9989854936169356,0.006693910870465133,0.0021904465983680586,-0.04447895057087236,0.01643096201673234,0.021267213438879967,9.749925989882865,0.01007957539260685,0.001254778781637783,-0.00456973850466014,2.161251496571462,-0.5659415169793153,-1.2440546781829107
4766,9.092,0.9989857112416425,0.006687030978717994,0.002165965393783968,-0.04447629644690448,0.016608087053937824,0.02203142068178751,9.74992399300836,0.00871069006363854,-0.005642722422729454,-0.007968652561943916,2.16117401291451,-0.5765835502242455,-1.233455399661636
4767,9.100,0.9989864458844404,0.006686545466041278,0.00217927422057521,-0.04445921516149811,0.02156033097690084,0.0561852604908546,9.725890967888287,0.009861729979504146,0.0034462978077224476,-0.004462249219306356,2.1560364383001183,-0.5773020316329224,-1.2320211859719123
4768,9.108,0.9989862080301032,0.006690850613735767,0.0021832169355894436,-0.044463718327564856,0.03169371875328032,0.08505541166960397,9.766912070662736,0.01108052080415556,0.0012967945153391177,-0.009680872276385892,2.158569065399047,-0.5735141710629955,-1.2444907026779197
4769,9.117,0.9989862325218171,0.006700039180032404,0.0021784690288033214,-0.044462017268036814,-0.0159696573993436,0.04892647529263657,9.741460463783737,0.012309284538655643,-0.0007349854630515788,-0.008251264869891388,2.1626976587357984,-0.5773924300949032,-1.2414938002451728
4770,9.125,0.9989862213346614,0.006699004456164655,0.0021636096332899755,-0.044463150092483236,-0.005485166306083298,0.07786059277556028,9.782476269699474,0.010004896676545288,-0.003270643612558662,-0.0088784368074933,2.163960137698759,-0.5664599090428863,-1.2472040112037122
4771,9.133,0.9989857384674649,0.006698982469035548,0.0021668339316310396,-0.04447384403451834,0.01672305197870887,0.02631456706248396,9.749913177154305,0.010069396655823216,0.0011338423536277498,-0.011218932996720849,2.1563115207147674,-0.5685527697183148,-1.2362529364641455
4772,9.142,0.9989857333008731,0.0066964383523198286,0.0021794692308351998,-0.04447372582303592,-0.020764570430757433,0.018041854744234143,9.765493486643068,0.009350807914692177,0.0033045494130271025,-0.008556188028270127,2.1656186499145846,-0.5729865073622983,-1.2402934897511617
4773,9.150,0.9989859489305335,0.006688028161757417,0.002182640081979088,-0.044469992140112324,-0.020938121386511455,0.0187487850603979,9.765491783506517,0.008057591858678553,0.0009301591977513516,-0.007645581493098537,2.162422045577567,-0.5680737821125301,-1.2371894473582348
4774,9.158,0.9989862218702998,0.006701251223274085,0.0021784112595330117,-0.044462076759090405,-0.010341491986276983,0.024419288334217908,9.738608268237511,0.0133204033992566,-0.0005757501030523628,-0.006714164665893183,2.1675662841864423,-0.5742002017417305,-1.2395352537164008
4775,9.167,0.9989859548124653,0.006696006888358759,0.002163378022391827,-0.044469600568376275,0.016511411109796457,0.02959036229361349,9.749904146043352,0.008994743508608892,-0.0034347337774051426,-0.01041557801768716,2.160937017242129,-0.5765928218613718,-1.234433676743653
4776,9.175,0.9989864603860412,0.0067023801713541635,0.0021678494133202117,-0.044457063491964294,0.016590702387604937,0.03042774011128057,9.749901435328827,0.011590568443859972,0.0014337943865135971,-0.005589376795200927,2.165803553091525,-0.5777926087851147,-1.2321892858640366
4777,9.183,0.9989867277781674,0.006704930844608661,0.0021724637773359655,-0.04445044461617226,0.052853840761924245,0.10236235495074862,9.713075596956182,0.010579717142600748,0.0012716078162998586,-0.007126854027695585,2.1602318245937884,-0.570280220342755,-1.2381611413164542
4778,9.192,0.998986693065649,0.006692842571768252,0.0021657848679701814,-0.04445337233522833,0.027093825639896808,0.03685070261101972,9.723012810331259,0.007265164540280201,-0.001426155613374524,-0.009290440406172978,2.159999826917271,-0.5754231677582891,-1.239823112899803
4779,9.200,0.9989864285369691,0.006687137074724914,0.00215962092190936,-0.04446047496562813,0.010815613238063633,0.06129205466928526,9.752713055007762,0.008776554434290118,-0.0012450149743393627,-0.010308684446415122,2.1653443977610833,-0.5697734178255917,-1.236175313779046
4780,9.208,0.998986192396684,0.006690933519188142,0.0021727025046380396,-0.044464572113580035,0.04318594893867731,0.03778779522138701,9.761187818810948,0.01086137917102941,0.003482203790976872,-0.009576158449625097,2.157111568658685,-0.5710821464855678,-1.2455010816723966
4781,9.217,0.9989864103617246,0.006682437563873243,0.00217566110059948,-0.04446080790513126,0.032701864832704666,0.010485797957843681,9.720190371292377,0.008057434856570636,0.0009266482049601592,-0.0076465089685025436,2.1605293783075554,-0.5720586649713894,-1.245466824653893
4782,9.225,0.998986170412542,0.006687246682182855,0.002170405209592052,-0.04446573284588664,0.05908018508057867,0.03884628463314188,9.799363483354153,0.011299063538773633,-0.0009030028213552244,-0.00978953936289693,2.1582448781277734,-0.5697479208234946,-1.2335417156409374
4783,9.233,0.9989868971550926,0.006687723736210274,0.0021652291607840643,-0.04444958319659021,0.01638328792879122,0.03594316628141539,9.749883012518143,0.010297968832506643,-0.0009415204992188906,-0.004678451007426183,2.1633964923835456,-0.5724657973894456,-1.2368964642562172
4784,9.242,0.9989868878908705,0.006686188244857928,0.0021595069559216776,-0.04445030077036544,0.02224697400920225,0.008177199737414194,9.747072757181215,0.00978771036546864,-0.0010855390668178884,-0.008771496902714575,2.157301402055068,-0.5819984421726138,-1.238071300897206
4785,9.250,0.9989871569955251,0.006688630091457735,0.0021636439743829856,-0.04444368380602894,0.016453695739093492,0.037588556153834725,9.749876689538004,0.01057946298355358,0.0012686680418298427,-0.007127971297289687,2.1610021103122166,-0.5644697855227382,-1.2433380006591326
4786,9.258,0.9989871495993011,0.00668658709190205,0.0021670841409018784,-0.04444398986198771,-0.020942054704594166,0.029327948680521302,9.765465734527742,0.009568672897259297,0.001105535992617214,-0.008665409295049567,2.1570437874673476,-0.5705058066899579,-1.2362290396219708
4787,9.267,0.9989868856212365,0.006691168105609995,0.0021617796301448026,-0.04444949195430778,0.005735804234408658,0.03447488629304371,9.776757293841818,0.011299262851677165,-0.0009059669764062028,-0.009789904062722569,2.156548499443043,-0.5687876277026439,-1.2352723415347795
4788,9.275,0.9989871070353017,0.006683288774915292,0.0021555886092225842,-0.04444600168899461,0.005821839334529283,0.03527275958568883,9.776754395309974,0.008276589513223166,-0.0012686474055607125,-0.007753341150832363,2.163439170463156,-0.5747185938053015,-1.2427345579954152
4789,9.283,0.9989868655736043,0.006687580892748186,0.0021595499439838084,-0.04445059074150227,0.03282591748962384,0.01703861400563875,9.720180677081373,0.011079889178192635,0.0012850951679704871,-0.009684234498719982,2.1656081117114963,-0.570531303692055,-1.2388519296333196
4790,9.292,0.9989871106399861,0.006690762661674752,0.0021451596875708356,-0.04444530076501389,0.03738899584132629,0.0746299561020117,9.763944877547663,0.011018289164124824,-0.0031175985424285154,-0.007340271798201921,2.1570686194733923,-0.5727354240129982,-1.2396259023756095
4791,9.300,0.9989868449351573,0.006684494884785007,0.0021481917966421292,-0.04445206909291211,0.005976622809943853,0.03776020399918948,9.776745011346131,0.008557646334335204,0.0009397636543672997,-0.010203547151941564,2.1661418647247053,-0.5837745688919668,-1.2450703970633221
4792,9.308,0.9989868630448193,0.006693001878690823,0.00215259146228663,-0.044450169175386335,0.016482161520137793,0.04337659217189119,9.74985260984138,0.012090532601559668,0.0014467720451419063,-0.008147461798631779,2.158747372357923,-0.5704988529621131,-1.23548417751175
4793,9.317,0.9989871378504654,0.006695377862493119,0.0021566018133798337,-0.044443440384743606,0.037580533287321034,0.05384445542753426,9.696069636229788,0.010579230088686846,0.0012654328088364452,-0.007129126325771499,2.171735957380603,-0.5776435134442033,-1.2421578182451383
4794,9.325,0.9989871557890815,0.006703884831176908,0.002160996819028172,-0.04444154125770686,-0.00015297541545124818,0.06903070516348511,9.779516650151512,0.012090564801873808,0.0014456458017402616,-0.008147684091673,2.1687747843819754,-0.5695455135691071,-1.23786150768718
4795,9.333,0.9989871635845831,0.006702417591590419,0.0021557133545738114,-0.04444184392653889,0.010433063743399893,0.07469158142078787,9.752620055952203,0.009788370883919859,-0.0010913736981474343,-0.008771947835796528,2.171459954507956,-0.5739398467553042,-1.2378001548691655
4796,9.342,0.9989871560491629,0.006700372754938122,0.002159131811017918,-0.044442155703491325,0.037112670724145515,0.07980419932721229,9.763905010686614,0.009568457505221891,0.0011003083125523706,-0.008666806798797354,2.1577847569833426,-0.575644118286929,-1.2373956262570345
4797,9.350,0.9989879044075182,0.006700567784072405,0.002163503178013841,-0.04442508855191339,5.683351215179329e-05,0.04813579027810218,9.711651160271263,0.010078601770788282,0.0012470887069331445,-0.004573790324383394,2.160714806751752,-0.5692967481290888,-1.237434474034597
4798,9.358,0.9989876134715137,0.006684276266260593,0.002156262174137062,-0.044434436135982996,0.02641727362124061,0.0765072451635572,9.79078451226075,0.006255816142622941,-0.0016012695599663253,-0.010828086086644529,2.1524263159392003,-0.5754162140304445,-1.239146068925728
4799,9.367,0.9989878555785181,0.00668645945048689,0.002160143438219892,-0.044428475631940946,0.02197145119323834,0.020466497277202296,9.747055325335252,0.010579124724626061,0.0012631240971072099,-0.007129861694867099,2.1641255626917224,-0.5690433468705071,-1.2364353138586166
4800,9.375,0.99898761725999,0.0066907583373935885,0.0021640116980563787,-0.044432998632207836,-0.026025817602338595,0.007486974292390546,9.789547410528966,0.011079744246944235,0.0012788380256575239,-0.009685809342195255,2.157724165053746,-0.574344661264079,-1.2291070301428804
4801,9.383,0.9989871332628503,0.006702561885005606,0.002150604733218607,-0.0444427512506993,0.021931766294903784,0.02232876379810664,9.747051328324384,0.013031675571055055,-0.002925860746906888,-0.010914129416278697,2.1592642281674506,-0.5700476802677074,-1.2393912134077565
4802,9.392,0.9989873564171831,0.0066941719587437585,0.002153554077190754,-0.04443885670482506,0.0011478620459387428,-0.009735126892074002,9.732997216548881,0.008057028938503326,0.0009170853524111423,-0.007649008137614997,2.161937143259406,-0.571007973388558,-1.237653448762741
4803,9.400,0.9989875938108987,0.006696782866531067,0.0021484330288873525,-0.044433374243586045,0.011407922362327856,0.019196476792710623,9.773940658758217,0.010799484881694337,-0.0009307551152722483,-0.007235071667318458,2.1639062436518564,-0.5715170938150027,-1.2398316434526993
4804,9.408,0.9989880712635669,0.0066931134027483205,0.0021427293592553814,-0.04442346696251971,0.016269073256925982,0.053350678691658444,9.749803489956077,0.009288218066328721,-0.001111341789324877,-0.006216496870485438,2.16266001254026,-0.5797850502145443,-1.2363440367020053
4805,9.417,0.9989873359265082,0.006689185375600753,0.002145826718487619,-0.044440442000094026,0.03817788148024536,0.025113511285221168,9.785224978091563,0.009058114717221566,0.0009464598709073713,-0.012761249951756969,2.164646021604173,-0.5681085507517534,-1.2408352316464335
4806,9.425,0.9989866135781725,0.006694590886220298,0.002167952946286862,-0.044454789668876386,0.026599017619987887,0.05967301741633139,9.722900896286475,0.011138654389249275,0.005675042412818674,-0.012034134907319352,2.1687765520452276,-0.5697919610998442,-1.2381033129383867
4807,9.433,0.9989873106528534,0.006684945125436836,0.002152957517956368,-0.04444130327944299,0.053187548001126156,0.06480699540116648,9.73418423867617,0.007998080137034382,-0.003484368178336582,-0.005301955736102561,2.1585404269608177,-0.5746977326217676,-1.2405731438642786
4808,9.442,0.9989865865785054,0.006690864209332162,0.0021659107867037777,-0.04445605698691016,0.01113090374682038,0.023156209414163725,9.773932399631477,0.011359261775845961,0.003481485379772859,-0.012138904785278085,2.1672327502757596,-0.5765256024922066,-1.2273077050029055
4809,9.450,0.9989866144772424,0.006699662216086405,0.002170858019698504,-0.044453863689749136,-0.010985455760753387,0.053076457213191014,9.738493540768854,0.01209022094444636,0.0014390819392276584,-0.008149876730364755,2.165814735170606,-0.570970886840053,-1.2337189241811535
4810,9.458,0.9989865797223342,0.006687580742083196,0.002164105096918106,-0.044456793042459725,0.026292713418291792,0.06297468037498269,9.722880902407024,0.007267536089873213,-0.0014439323907174005,-0.009290961889842832,2.1616910720532974,-0.5732028220723749,-1.2373902497258347
4811,9.467,0.9989860817029989,0.0066877574845009505,0.0021679127272436526,-0.044467770552674125,-0.0007407532033946097,0.08276372696554304,9.779410041703807,0.010068943066510253,0.0011073845907480506,-0.01122469958705356,2.155082299939264,-0.5631703284998882,-1.235092237052018
4812,9.475,0.9989865835434916,0.006695157499193046,0.00215400821292162,-0.04445605712141711,0.021612605039106645,0.03125395637925283,9.747027508155707,0.01203195008753003,-0.0029606933263711596,-0.005801899821713944,2.1653140933242323,-0.5692457541248945,-1.2320298567982944
4813,9.483,0.9989862600728133,0.006678209976928523,0.0021563830060621503,-0.04446575884395861,-0.011179860020607007,0.07965677078073526,9.806293032562756,0.006035704993157725,0.0005809904731724798,-0.01072466463149467,2.1578156544638705,-0.5676272452366874,-1.241622207895013
4814,9.492,0.9989865085556516,0.006680369513188242,0.002160289200443513,-0.04445966191422501,0.026384040666959048,0.06598531018881637,9.722860690815965,0.010578737469306602,0.001257506591347612,-0.007131896192761276,2.1723919943400043,-0.5721729916730776,-1.23170616358554
4815,9.500,0.9989867442857951,0.006683532176074738,0.002146315129048936,-0.044454566360350195,-0.02142174884399925,0.05300045974438788,9.765364908259865,0.011021678736298368,-0.003127413620020297,-0.007339099074865792,2.159746922275628,-0.5732144116187827,-1.2386251427209607
4816,9.508,0.9989869700260262,0.006674105031604466,0.00216757570652823,-0.04444987801786713,0.0007843426379808883,0.0013429354328451572,9.733002029182842,0.007613749119101127,0.005295589862221488,-0.007443664213361085,2.1577701751305995,-0.5800199081988736,-1.2354009202162992
4817,9.517,0.9989872333476186,0.006677040664324267,0.0021624161523192673,-0.04444377001135832,0.021434623395425536,0.03505147618085956,9.747014983594818,0.01080036436413109,-0.0009359303297154087,-0.007235540923571205,2.160261722372118,-0.5766669949583816,-1.2422509699608217
4818,9.525,0.9989874560237214,0.00666864921074902,0.002165337964188004,-0.0444398822732346,0.004981587133396459,0.05965878688253746,9.776636465482134,0.00805691390563031,0.0009102955601129905,-0.00765065117208639,2.1651109204711014,-0.5705197141456471,-1.2376348835161266
4819,9.533,0.9989869689849237,0.006668783340832963,0.0021687011355125403,-0.044450645242267,0.021348879680356102,0.03655646631750966,9.74700964304162,0.010068873881765954,0.0011023460673087835,-0.011225787798515194,2.1663316248683437,-0.5700314549027364,-1.2376305957718587
4820,9.542,0.9989864737870191,0.006668872289659212,0.0021719999332151262,-0.044461598590829335,0.04793286494252371,0.04177021871389958,9.758291259455197,0.0100688938261505,0.0011017061820749474,-0.011225914292066808,2.1631307904965147,-0.5746351490711655,-1.233947911135196
4821,9.550,0.9989871815739401,0.006658960144430947,0.002166319866742652,-0.04444745615877777,0.031859632899678185,0.04283530112496877,9.720104439601686,0.007778150392803336,-0.0012958418024314878,-0.005197764735300402,2.163668688824009,-0.5795826429601569,-1.2407334315721879
4822,9.558,0.9989874541685081,0.0066721889063526725,0.0021620248625714798,-0.044439553976328164,0.03305814339046789,-0.01819098821428869,9.741567397811592,0.013322379639888525,-0.0005919420535391113,-0.006717540465554112,2.164360468762855,-0.5734260905102964,-1.2351711924257553
4823,9.567,0.9989867472239391,0.006678852333222179,0.002166039905781383,-0.044454246968891595,0.04798110883518552,0.04437578330185266,9.75827952236262,0.011580031534113607,0.0012786990795480941,-0.012245417340410677,2.1628995891929352,-0.5683040042782962,-1.2357188215439634
4824,9.575,0.9989867364434925,0.0066778444457121205,0.0021510670198590333,-0.04445536766483249,0.01078636472832863,0.03612495565155749,9.773893455764556,0.010012423949482568,-0.0032978281863000835,-0.008875801142401685,2.1643318642128357,-0.5741213928261577,-1.231258269306813
4825,9.583,0.9989869770676111,0.006679573637788811,0.0021647511939811293,-0.044449035958074215,0.021374672815129076,0.04168104948409143,9.746989019895631,0.010356221573998755,0.0034454046526575426,-0.0070307642505484285,2.164659959580924,-0.5730096864551139,-1.2427418594878938
4826,9.592,0.998986736844197,0.0066843893146515615,0.002159393213298413,-0.04445397136167172,0.010672779571306686,0.037837932068116586,9.77388709957072,0.01130159077492735,-0.0009276931023873616,-0.009792214655243207,2.153914472942619,-0.5732491802580062,-1.2423298217063392
4827,9.600,0.9989862479218082,0.006684419012873268,0.002162338381302966,-0.04446480966217043,-0.01128818243633709,0.06759211972957145,9.738403261899528,0.010068727345876157,0.0010967717168809555,-0.01122706135583774,2.1641467068743196,-0.572977235725172,-1.2393277054836982
4828,9.608,0.9989860088376803,0.00668871335584049,0.0021661433762355234,-0.04446934992868628,0.010563012032487157,0.039571329627428424,9.77388035443824,0.011079216894821243,0.0012634390103304798,-0.009690008953093635,2.163604510735595,-0.5785226797401992,-1.2319542714135727
4829,9.617,0.9989867572265377,0.006688987017733424,0.0021705545553528716,-0.04445227813741242,-0.04288905043047133,0.03159278121425159,9.751313959582989,0.010077720757112595,0.0012401515024119615,-0.004577529027821565,2.161003386596421,-0.5717959920756815,-1.2435125883372082
4830,9.625,0.998986465997634,0.00667270325052826,0.0021632261956309,-0.04446162657073643,0.015189077063148317,0.07439204455542371,9.749667387189715,0.006258592549240845,-0.0016224545012888123,-0.010828460932237334,2.1646261028734655,-0.5722332573143981,-1.2381104741573798
4831,9.633,0.9989871742996267,0.006663157619082571,0.0021478497202780085,-0.04444788697982253,-0.015996451610598428,0.037255626816539385,9.76259114608415,0.008001472002667286,-0.003491008850091696,-0.005299998792964826,2.159768727278323,-0.5676272452366874,-1.2416079303926664
4832,9.642,0.9989869108912505,0.006656377851768803,0.002159833964572451,-0.04445424185719217,0.015402533834604108,0.07563698815869381,9.749657474708261,0.008334584330358873,0.0031074763902337555,-0.010106595749454998,2.1636444159734305,-0.5692967481290887,-1.2374130577810774
4833,9.650,0.998987398336203,0.006663072049996882,0.0021551296277633023,-0.04444251177205713,0.021186695055424882,0.047882849130149556,9.746960937060928,0.01181165592924936,-0.0007741858378173683,-0.0056991567447339814,2.1546162997055074,-0.5766275905005952,-1.238141925104618
4834,9.658,0.998987388801004,0.006661545313213226,0.002149304221854418,-0.04444323707779949,0.0004732734300740364,0.015754868809715442,9.732989390979423,0.009790796306693697,-0.0011104408763133445,-0.008773541514098806,2.1636335727764506,-0.5712358776450425,-1.2359297764109471
4835,9.667,0.9989876414123522,0.006663826651577968,0.0021533015658301903,-0.04443702298883761,0.015363868178307871,0.07816338352345004,9.749637609771755,0.01057824465434615,0.0012493795768824562,-0.007134722172072128,2.1653817728509397,-0.5712868716492369,-1.241287991764624
4836,9.675,0.9989878893352958,0.00666598275457461,0.0021571725414683512,-0.044430937891891606,0.015257705697351276,0.07902374459974705,9.749630840962691,0.010578259710424224,0.0012489194385637118,-0.007134813198954881,2.1572538954206437,-0.572170673763796,-1.23157269113017
4837,9.683,0.9989881553546057,0.006679775764048549,0.002143972253659153,-0.0444235234973571,0.0478784221296518,0.05587267891800101,9.75822097331775,0.013546145360189603,-0.0027896615623654703,-0.0068202251611190695,2.158048301492705,-0.5788433003679462,-1.2400490636378145
4838,9.692,0.9989874026513057,0.006676179328356207,0.0021375186615200962,-0.04444129822075659,0.016668030500693768,0.019081607081005546,9.77116673510732,0.0092812664208167,-0.0012712210839602104,-0.012867325868063835,2.1702658497800096,-0.5769041708519923,-1.2414431106182786
4839,9.700,0.9989876522403467,0.006667484333759172,0.0021496221320836018,-0.044436409043366494,0.02128876863406926,0.05305724652888253,9.746933919490077,0.007833190382251238,0.003093274315932956,-0.007551777680214942,2.1658042647439375,-0.5675391646839882,-1.232286635452709
4840,9.708,0.9989873863679307,0.006661751991743541,0.002143249251516454,-0.04444355319748292,0.04318773518985889,0.02490767455386161,9.782441270051496,0.008780742816029224,-0.001282112689301784,-0.010310931440901097,2.160269674118587,-0.564958044765649,-1.2433387190278138
4841,9.717,0.998987607244424,0.0066636492503003245,0.0021473827405088957,-0.04443810412355203,0.016516876706705833,0.02124680742581126,9.771162524304025,0.010578075858602112,0.0012470314329816332,-0.007135586416797551,2.167107010247265,-0.5678899181323953,-1.2435050566999646
4842,9.725,0.9989878538910998,0.006666330320484537,0.0021420756649092143,-0.044432413055776956,0.0059118127122736825,0.017417590904537473,9.798068437772555,0.01080163777052573,-0.0009457628818084756,-0.007236815858546192,2.1536003833277024,-0.5782855038465886,-1.232762130756116
4843,9.733,0.9989881029027858,0.00666907027997214,0.0021368610438700646,-0.04442665399479657,0.011090999030149937,0.02793817552701746,9.70606606669371,0.010801653665661028,-0.0009462386814244919,-0.007236910011186144,2.161420219673458,-0.5724356645687854,-1.2337371414773373
4844,9.742,0.9989883506294474,0.006671224548258251,0.002140718485591059,-0.044420573995041415,-0.010104322140446317,0.019409288793302334,9.7598810250344,0.010577990628777251,0.0012456444840546793,-0.0071360555793503625,2.161197687245086,-0.5697780536441548,-1.2366938996686443
4845,9.750,0.9989881292441036,0.006685575172708199,0.0021550313658522014,-0.044422703134642985,0.026949601242691138,0.02954169485655308,9.744245319927835,0.013376552116347919,0.0037932111251261845,-0.009074214060122503,2.1580581733993713,-0.565183631112852,-1.2413994785821572
4846,9.758,0.9989873742544756,0.006683035495840863,0.0021302144055165588,-0.0444412567699958,-0.005555761053871778,0.05458625459772128,9.735624979868104,0.009729706832940225,-0.005662283137212717,-0.013069061381936151,2.159711043743342,-0.575853479269161,-1.2337171844289998
4847,9.767,0.998987586046358,0.006675109348350023,0.0021239868341993186,-0.04443798510718754,0.01671333742015691,0.02652348822451411,9.771149290405136,0.008280325384067559,-0.0012950904869216207,-0.007754762650831929,2.1587743109093207,-0.5680923253867827,-1.2391692024635819
4848,9.775,0.9989875762508595,0.006673584090830685,0.0021181309741424973,-0.04443871389894684,0.0062211401055491085,0.02256928969286529,9.79805773337207,0.009791454182332572,-0.0011177620725073378,-0.008774376078179434,2.1594865742106673,-0.5753907170283473,-1.2364089588956069
4849,9.783,0.998987564442857,0.006671532003499273,0.002121517012790399,-0.04443912594572663,0.000729451317627932,0.028263423303037577,9.732961089475078,0.009567372402008709,0.0010741532153431745,-0.008673981103533554,2.1639577600477247,-0.5750021278845433,-1.2468787634479295
4850,9.792,0.9989878108510041,0.006674213518632874,0.002116196092145946,-0.044433437399397376,0.02739044631057089,0.03356832194907625,9.74423104903641,0.010801925934057911,-0.0009490755090612624,-0.007237436937016853,2.160195979949713,-0.5724310287502223,-1.233257818719192
4851,9.800,0.9989880415202231,0.006665331617563154,0.0021282516241483236,-0.04442900853092686,0.03746148644062593,0.06269144611329673,9.785059147688482,0.007831993048551651,0.003087994672921477,-0.0075543371935364815,2.1636964068042412,-0.5659461527978784,-1.2445250775020893
4852,9.808,0.9989877778266384,0.006658542048135263,0.002140185333019333,-0.0444353820454999,0.03171425368367428,0.06824052923719347,9.719959756188018,0.008332780842318642,0.0030952764587787313,-0.010111054448339898,2.1692769905623392,-0.5744466492724675,-1.239764566153054
4853,9.817,0.9989880182284592,0.006661053183248105,0.0021349327520362635,-0.044429853348965966,0.03162241645572728,0.06901777903180485,9.719954568585276,0.010802227092426528,-0.0009500742907462368,-0.007237353311123667,2.163008196080107,-0.572107341066302,-1.2505755628456336
4854,9.825,0.9989892635559782,0.00667001222457318,0.0021307828024643123,-0.04440069820911938,0.047762022439988935,0.06976233063266199,9.75813212906445,0.012322059100478774,-0.0006178391997428243,-0.001606712400277165,2.1595345383359272,-0.5786269856578694,-1.2429701505410748
4855,9.833,0.9989885569912413,0.006676385639048046,0.002133839366545144,-0.04441548834488064,0.03165346201205056,0.07092530566611811,9.719940736241664,0.011579352270886068,0.0012554597530110292,-0.012250924718654573,2.159992654599635,-0.5759021553640736,-1.2388419848108805
4856,9.842,0.9989882899824549,0.0066711864753348235,0.002118255326119295,-0.0444230204208969,0.00041360646637601713,0.03401882626086279,9.732942693294886,0.00900636515888165,-0.003484581814165103,-0.010411410868399851,2.1580614715084034,-0.5690943408747013,-1.2418506392216795
4857,9.850,0.9989880266774549,0.0066648994875906096,0.002120874830195648,-0.04442975984472876,-0.0100707303296925,0.030053496339706838,9.759854086340862,0.00855699266663873,0.000899726229338389,-0.01021198633905264,2.164171928594781,-0.5695918717547382,-1.2427778787263715
4858,9.858,0.9989877873094437,0.006669187418792615,0.00212461079512864,-0.04443431978464858,-0.004226377499511813,0.0022823394565421175,9.75722176929936,0.011078391873513848,0.0012468633638811873,-0.009694808747824683,2.1595386497620024,-0.57081947358986,-1.2435325678533653
4859,9.867,0.9989880288483368,0.006671137595111013,0.0021282266226049992,-0.044428423248466076,-0.010263862307766351,0.03173109892274352,9.759848576240012,0.010577605349715313,0.0012397891282762848,-0.007138177060525594,2.1581242547038775,-0.5645370048919033,-1.2504389867707735
4860,9.875,0.9989877639404018,0.006664876311453096,0.0021309704130799984,-0.04443518747802839,-0.0103531192940423,0.032508485183560074,9.759845922463473,0.008557088106628127,0.0008978990054866198,-0.010212277007209542,2.1622384695171464,-0.5698614983782908,-1.2454751924654837
4861,9.883,0.9989879954113791,0.006667084691602987,0.0021249339550011336,-0.04442994104606074,-0.00441288742646355,0.004726821393527853,9.757220808536575,0.010802649869983704,-0.0009533538996533796,-0.007237774085713662,2.162210288569753,-0.5644535601577673,-1.2416202155302747
4862,9.892,0.9989877304348297,0.0066608229221938224,0.0021276726111552837,-0.04443670653781288,-0.010353403384041605,0.0340815449998526,9.759840555779787,0.008557054396445201,0.0008967345674980177,-0.010212542090995933,2.1568530729775004,-0.5722842513185923,-1.243538292334996
4863,9.900,0.9989884254967238,0.00665002075625226,0.00213035920273939,-0.044422567656381425,0.04753925299143778,0.07700358348386806,9.75807875852377,0.007555392969127368,0.0008845718454505398,-0.005099025819149982,2.156118987729354,-0.5708171556805783,-1.2433134303839162
4864,9.908,0.9989879554228145,0.006660650504135792,0.00213452404836936,-0.0444313454904741,0.01613872917172023,0.04007253091672152,9.771104086552803,0.012589497252418787,0.0014205223730191193,-0.01071535707354776,2.156034501195816,-0.5794968803167394,-1.2317562022472124
4865,9.917,0.9989874728703677,0.006660927590182123,0.002137690272949673,-0.04444200009014201,0.010541118271549703,0.04580741946388247,9.705998794559804,0.01006822761511085,0.0010717507562641017,-0.011232661277154686,2.157571571194379,-0.5668948563723212,-1.241630946124854
4866,9.925,0.9989872332557116,0.006665214674310538,0.0021414074360518523,-0.044446564317585785,0.020569153803632258,0.07509054099867912,9.746790623787536,0.011078448535897307,0.001242501608098907,-0.00969579282393409,2.1695374572360353,-0.5705614365127153,-1.2419969749098532
4867,9.933,0.9989872110301538,0.006662942651789176,0.002144694688572834,-0.044447246012629185,0.059038099329909444,0.023324741545061964,9.752837075179674,0.009567387532431101,0.0010652490244100218,-0.008676042272709903,2.161453122034709,-0.5612474243489055,-1.238237978229413
4868,9.942,0.9989876874185126,0.006659819815364225,0.0021297329718673384,-0.04443772523102882,0.03246729702264198,0.01957369664758144,9.741566702641544,0.009517723251589841,-0.003325052208001749,-0.006316799940639138,2.1587412221629148,-0.5819659914426719,-1.2346428693906633
4869,9.950,0.9989869315112025,0.006655756917921522,0.0021326443322531104,-0.04445518415026564,0.016023185765968027,0.04423611183572909,9.771086312050102,0.009057965160706212,0.0008973908006981154,-0.012770262846962359,2.1641518065348135,-0.5766461337748475,-1.2400253070691258
4870,9.958,0.99898766506089,0.006656305665561852,0.0021273976731624325,-0.044438866212117775,0.03209998209808144,0.04490251690105745,9.809267978089421,0.010302334725534953,-0.0009613576050933494,-0.004681224994818674,2.163411723588606,-0.584449010024294,-1.238979997623103
4871,9.967,0.9989869742171928,0.006663156401913689,0.0021311909110331407,-0.04445318567260307,0.03717352353887568,0.05523226588722674,9.717241092455309,0.011579168435343545,0.0012442598827530067,-0.012253559920469245,2.1609727602215743,-0.5759067911826367,-1.2393230922568192
4872,9.975,0.9989876555452023,0.006643144159560162,0.0021147930398604554,-0.04444165112115482,-0.01054955355176447,0.04207160439605439,9.759809172817851,0.005485958830925974,-0.0038512778829814156,-0.005813675576424718,2.1573950149546497,-0.5704007516253959,-1.2508769586948814
4873,9.983,0.9989876798238077,0.006652074726029873,0.0021093909688909814,-0.04444002623566052,-0.005747635070737659,0.07601527172122514,9.735481135099285,0.012314295843785853,-0.0007814353467772554,-0.008258463618289174,2.1636924817633214,-0.5710682390298787,-1.2439881565106417
4874,9.992,0.9989871838136989,0.006652153494805876,0.0021125400194530177,-0.044451013537638764,0.00020233969238834694,0.048357456456866496,9.732882021441867,0.010067893973493405,0.0010659239213397615,-0.011234192236876859,2.155418996406139,-0.5667086744829047,-1.247752403626241
4875,10.000,0.9989871652905771,0.006649779469515816,0.002115304060407002,-0.044451653584952185,0.00011202277385471775,0.049153738453005975,9.732878033751215,0.009567046030962374,0.0010614491892491347,-0.008677320754428708,2.1644521615022403,-0.5637791190254401,-1.2477141843460802
4876,10.008,0.9989871571469993,0.006647184552560101,0.0021277282202617734,-0.044451631752976645,0.021983216070070703,0.02125859579649386,9.768472213821212,0.009340806815460045,0.003253443947533197,-0.0085793358364371,2.1585340001838036,-0.5644350168835148,-1.239694001058727
4877,10.017,0.9989868575854446,0.00664206111863815,0.0021027342381545245,-0.044460318311714854,-0.004577693636300918,0.01746006224887084,9.757206255574141,0.009236051775179624,-0.005689519237068153,-0.010508341616752789,2.162955900255406,-0.5798522695837094,-1.2434218218723336
4878,10.025,0.9989866434475514,0.0066568934131888404,0.00210741570312318,-0.04446268978069968,-0.004412288429391867,0.018388064919694722,9.757204629002308,0.013599097059210042,0.0015849840059244888,-0.00918113100413598,2.162439789986502,-0.5695617389340781,-1.239616771259698
4879,10.033,0.9989873625764689,0.006647543331563406,0.0020920451077809984,-0.044448654956398416,0.026923218841352084,0.05703846813301967,9.744123230768656,0.008008098663654678,-0.0035047908606121894,-0.005296284533172723,2.1633804478614413,-0.5722008065844562,-1.2347016742165637
4880,10.042,0.998987379147207,0.006656032544972674,0.0020962830176968314,-0.044446812403873485,0.02240658969223249,0.024647716291186252,9.768463289815568,0.012087973652748813,0.0014078517195645491,-0.008161430590067817,2.161409596749844,-0.5712011090058192,-1.2322839921227486
4881,10.050,0.9989871334485476,0.006660481920747817,0.0021006710812585755,-0.04445146078415457,-0.010342375791533303,0.04958829302970243,9.759774100001623,0.011077861987920651,0.0012342192356722527,-0.009698439756596814,2.165627894889364,-0.5683596341010536,-1.2415581443435786
4882,10.058,0.9989871243502273,0.006658422817665455,0.002103912685235849,-0.044451820429063156,0.032780347085064984,0.031075122304488077,9.741535754583724,0.009566883100871401,0.0010577956200515624,-0.008678345491120301,2.159212593162847,-0.5682715535483545,-1.2323278684810806
4883,10.067,0.9989873543536391,0.0066604847905522525,0.0021081144222480715,-0.044446143111126046,0.02210698953987049,0.027255613013594235,9.768457043105196,0.010577006010425553,0.001230585308218307,-0.007141550248369843,2.1614272394941487,-0.5741538435560994,-1.2346974089401155
4884,10.075,0.9989876268793152,0.0066731798842732375,0.0021128986175304914,-0.04443788554486892,0.048647131187869265,0.032796633153207876,9.779715943987258,0.013098120633232,0.0015791680047022283,-0.006624999292389472,2.167531185082989,-0.5656093068051606,-1.2347339164025093
4885,10.083,0.9989873233383294,0.006656413363821829,0.002115250106764162,-0.04444711112587898,0.03248132161122475,0.03363674551590859,9.741528246354239,0.006035814824137316,0.0005334757433022575,-0.010732138830433178,2.1688014179394823,-0.5715333191799735,-1.241504811386724
4886,10.092,0.9989861325060345,0.006676598046703157,0.002101337977189926,-0.0444715018620353,0.016492090497002718,0.03454809702319209,9.703339622354449,0.015054994969298274,-0.0028004919812039163,-0.014491000997868328,2.1606896019753954,-0.572437982478067,-1.2339866186392732
4887,10.100,0.9989863777019784,0.006678815484124672,0.002105534066815134,-0.044465462056564126,0.02205339018553212,0.0309068674246716,9.768446294265317,0.010576901671434798,0.0012288632957224862,-0.007142173857756403,2.1629453112200028,-0.5781294547778324,-1.2419733082124436
4888,10.108,0.9989866248149384,0.006680961675633889,0.002109318943524781,-0.04445940806556974,0.021951509707976633,0.03176917670385901,9.768443757377684,0.010576919117099737,0.0012284027884498575,-0.007142265205110307,2.1661355057241125,-0.5725353346678924,-1.244200525647168
4889,10.117,0.9989861423731766,0.006681126795010137,0.0021123818029737105,-0.04447007684080824,0.02643344959488103,0.06580260183307922,9.74406932898359,0.010067837285669713,0.0010554196278677582,-0.011236425963391297,2.1687246967672578,-0.5711895194594112,-1.2310098359961694
4890,10.125,0.9989863886512145,0.006683814739596645,0.0021069934458766977,-0.04446439574256392,-0.004803880857115891,0.028867375019927834,9.757179065711215,0.01080433130398571,-0.0009649172842284556,-0.0072392046158724415,2.1541785935515536,-0.56814795520954,-1.2450620658969969
4891,10.133,0.9989863943117459,0.0066927923180020886,0.0021022713744530664,-0.044463141657708545,-0.010738001798893098,0.058368636650000354,9.759725111883645,0.012315334150047937,-0.0007901247671352881,-0.008259685972864765,2.16679506106591,-0.5678018375796962,-1.2342301636426336
4892,10.142,0.998986153969719,0.006697074044687123,0.0021059263480592955,-0.044467723690856206,-0.004754474083443238,0.03075768688284009,9.75717331435195,0.011077784767008063,0.001227515875394299,-0.009700112539176561,2.163890165241543,-0.5717403622529242,-1.2376322177183465
4893,10.150,0.9989863896151274,0.006698688848252454,0.0021194449624981604,-0.04446154388343843,-0.010953304396532729,0.06018971151319065,9.759713810736677,0.010349212680681421,0.0034187246866962994,-0.007046534587037322,2.1619408819151698,-0.5685713129925672,-1.2381648734333464
4894,10.158,0.9989856359211245,0.006695102238393578,0.002112806883885069,-0.04447933088925478,-0.00046804507371975865,0.06560843615367618,9.732781012316636,0.00928565297934362,-0.0013153023935588751,-0.012870261476875878,2.161190853809551,-0.5653744488208314,-1.2357591285267087
4895,10.167,0.9989853765677171,0.006698696106113401,0.0021259331263310307,-0.04448398905985533,-0.021198273046262636,0.03325404332678087,9.718978895359012,0.010850021693793756,0.0034184036614967857,-0.009604216797469122,2.1583252871234473,-0.5683874490124322,-1.244541162160049
4896,10.175,0.9989853659004462,0.006697723433161825,0.0021108041860038646,-0.044485095518091856,-0.005128283325121928,0.03409261828449083,9.75716204198738,0.010022767150818342,-0.0033347757260646896,-0.008872323003282672,2.162879687406333,-0.5721845812194853,-1.232996381902259
4897,10.183,0.9989850948706949,0.006691966269781384,0.0021043931412070517,-0.04449235151281883,0.021709205909628708,0.039473191336532265,9.768416204732,0.008784832093003818,-0.0013176386706071552,-0.01031319022884612,2.1655970651852554,-0.5753999886654735,-1.2373408340949974
4898,10.192,0.9989848542480538,0.0066962471138278645,0.0021080348286984492,-0.04449693749851613,0.00563295770162438,0.0402797104678145,9.730227131701747,0.011077705200178471,0.0012243037366598424,-0.009701012378646118,2.160689906969287,-0.5680436492918699,-1.2340283398915612
4899,10.200,0.9989848427550114,0.00669429885325212,0.0021117054398240927,-0.04449731462397033,0.03218794197836187,0.045739635646882174,9.741479912946215,0.009566767151403482,0.001048872490930025,-0.008680587866330688,2.1648235660783213,-0.5760790656163638,-1.2317244033495436
4900,10.208,0.9989855773512143,0.006694307358490416,0.002115598704821024,-0.044480633261811696,0.005443235197531782,0.041913779618986166,9.730220337401397,0.01007570876844126,0.0012240863812592315,-0.004586489615806418,2.1634624211911055,-0.5740163377615956,-1.2459151118186897
4901,10.217,0.9989853733062445,0.006708772792438056,0.0021296473914154744,-0.04448236605432984,0.037913108644101315,0.018932855386283663,9.738948771015872,0.013370400765238918,0.0037650749930219314,-0.009089377339199704,2.161698651029455,-0.566864723551661,-1.238427006151141
4902,10.225,0.9989846180630737,0.006706279556358037,0.002104642634378365,-0.04450088951097669,0.04803784254642244,0.04845535740072157,9.779653906229203,0.009743247824178186,-0.005706834547570132,-0.013061741889865548,2.164117882050934,-0.5768462231199534,-1.235384650349214
4903,10.233,0.9989853264151402,0.006695817769170446,0.0021078762592914076,-0.04448640791651253,0.021582173630507746,0.044529972535513045,9.768394742790155,0.007554733944219481,0.0008731268077422747,-0.005103108524434576,2.157813497086203,-0.5729957789994246,-1.2413270921547717
4904,10.242,0.9989853406233485,0.0067053962957317114,0.0020937270122598915,-0.04448531428874297,0.027697226261794022,0.016790651536536486,9.765874023922901,0.012544674294037078,-0.0029886547909061764,-0.008355941479988806,2.157501242910957,-0.5773020316329224,-1.2320104778451524
4906,10.258,0.9989848737194014,0.006713625758942871,0.0021102627668355893,-0.04449377596986426,0.008269474270072552,0.04443428452845661,9.762757551235039,0.010963241082010014,0.0023161245532009244,-0.009654583867690062,2.158765116766857,-0.571986809783661,-1.237911501413213
4907,10.267,0.9989851218723306,0.006716361553829912,0.0021049208898196265,-0.044488044160769846,-0.00974190595375131,0.010284906464923926,9.781549010939283,0.010805408260693221,-0.0009719893859386974,-0.007239968593069078,2.1633678708894206,-0.5734052293267622,-1.2329812232899255
4908,10.275,0.9989846251968838,0.00671588784885678,0.0021171426925137306,-0.04449868736787092,0.031915136567069576,0.05353084602924428,9.741441112746134,0.00983887328898345,0.003234750214903521,-0.011144275879841636,2.154602531169807,-0.5692851585826809,-1.2362584757366508
4909,10.283,0.9989853574503259,0.006715988602651355,0.0021213659019566336,-0.044482028996487274,0.005084207179349915,0.04969004491877646,9.730183927263791,0.010075536924287311,0.0012218032043342932,-0.004587546374808777,2.1609930856108037,-0.5659229737050628,-1.2421034780822569
4910,10.292,0.9989846022302322,0.006713502103698513,0.002096334185292002,-0.04450054807968599,-0.005308366018003528,0.04589744657860989,9.7571135574869,0.009745090121210375,-0.005713295653536092,-0.013060713612748088,2.155072428032598,-0.5768299977549824,-1.2337418221076755
4911,10.300,0.9989853119381186,0.0067029747726330075,0.002099260609863222,-0.044486062603809794,-0.005114995199885457,0.04660037028897609,9.75711032695536,0.007554598964482114,0.000870807786286579,-0.005103941389595818,2.1605146100696557,-0.5791198807193434,-1.2434466222923146
4912,10.308,0.9989858148941781,0.006709323081767251,0.0021035728414643237,-0.04447360571508057,0.011408485963516134,0.023415108887800434,9.727674732392,0.011586317445215167,0.0013952591391442747,-0.0056088519025215295,2.164385266880691,-0.5761439670762474,-1.2385634194846955
4913,10.317,0.9989855954811652,0.006713824520561893,0.0021071757405020006,-0.04447768420059677,-0.005318412942889062,0.048299361596564144,9.757101957691086,0.011077564328176592,0.001215544455493876,-0.009703246661635433,2.152130716273841,-0.5711987910965376,-1.232107687160339
4914,10.325,0.9989855853489175,0.0067123113529976115,0.0021011777868216778,-0.044478423907433756,0.037941796381626904,0.029846152517097928,9.738921326091342,0.00979597238196362,-0.0011516055680208192,-0.008777018257778758,2.158524314662293,-0.5754092603025999,-1.2383690824352274
4915,10.333,0.9989853505823667,0.0067172883842927895,0.00209574048522153,-0.04448320166542359,0.02745668203500222,0.02611663979979596,9.765854214789917,0.011306912943114427,-0.0009782201628896257,-0.009797977745466762,2.1616909703886673,-0.5746675998011073,-1.2373763426417388
4916,10.342,0.9989856219315412,0.006729977683697587,0.002100476934750743,-0.04447496566694529,-0.005269433021481529,0.050996851906640404,9.757088259734232,0.013097123588654815,0.0015677290770210613,-0.006630363159548882,2.159684986285407,-0.5655652665288111,-1.2301526875393336
4917,10.350,0.9989858586290187,0.006732720899257342,0.0020955335135082313,-0.044469466691530436,0.0007609633856046226,0.023412296194394687,9.754599474203726,0.010805955436117655,-0.0009763073895497823,-0.007240471207487072,2.1646617950205957,-0.5722796155000291,-1.2429929361284977
4918,10.358,0.9989851046550327,0.00672913875044555,0.0020888153829499343,-0.04448725906759727,-0.01522296752109795,0.024135719659021733,9.716411455158749,0.009287427077354962,-0.0013347005805994143,-0.01287161671916679,2.1614791625485386,-0.5717797667107107,-1.2418001572717303
4919,10.367,0.9989858144896268,0.00671853075092419,0.002091619331464578,-0.044472788552307796,0.027513645383059088,0.029593068328571167,9.76584413673805,0.0075544847824866165,0.0008683488162371742,-0.005104770837707918,2.162942182552021,-0.5717774488014291,-1.2415453260464144
4920,10.375,0.9989860614426549,0.006720120648296015,0.0021045206221276705,-0.04446639196872337,0.0006949219162721597,0.02564124652450536,9.754593874733096,0.010346520414172493,0.0034079321527835053,-0.007052825578403236,2.1622003827748775,-0.5786014886557722,-1.2402651648912335
4921,10.383,0.9989863193903075,0.006722369456012737,0.002108268444044025,-0.044460078993092796,0.027148198274631163,0.03117585309492042,9.76584023654476,0.01057637962271258,0.0012148366393274644,-0.007146751119120601,2.1543727925355887,-0.5675947945067457,-1.2382294701443366
4922,10.392,0.9989860786095311,0.006726095105820947,0.0021210227242337678,-0.044464318858868826,0.020890900850130557,0.060604477346449685,9.768309744629398,0.01084764029429698,0.0034028563223573822,-0.009610792379375198,2.153620657884617,-0.5690340752333809,-1.2355355630395057
4923,10.400,0.9989858266984882,0.0067308042959167745,0.0021153894299656383,-0.0444695340275602,0.026856996527698043,0.032953200515996456,9.765835206530246,0.01130765514683438,-0.0009829918803926168,-0.009798178115780586,2.165672543961487,-0.5679293225901817,-1.2476658575021748
4924,10.408,0.9989865600953428,0.0067313628416716,0.0021100861919759327,-0.044453223048850916,0.02086341380121065,0.06238883823656607,9.768298569232426,0.0103053210612362,-0.0009746219176918916,-0.004682881567785322,2.1536097807994263,-0.5714614639922454,-1.2340476459746768
4925,10.417,0.9989857991272676,0.006728194744601129,0.002094079462391603,-0.04447155685085363,0.0004741833358270124,0.029947159695298275,9.754581618469942,0.0095183276564893,-0.0035327858347366493,-0.0129652167874405,2.159084034936587,-0.5745254581880406,-1.2481397083912744
4926,10.425,0.9989865332388754,0.006727645863141165,0.0021071160577722098,-0.04445453014522733,0.03160923744430719,0.06855795730792852,9.741347942840559,0.00984484752325206,0.003410249380716848,-0.0044964293230283425,2.16117950228942,-0.574637466980447,-1.2342063117360984
4927,10.433,0.998985815669774,0.0067341318967561,0.002110443485086351,-0.0444695130003736,0.03749459566386004,0.04087584181853699,9.73888301144938,0.011578682527188393,0.001202314312947672,-0.01226302979223512,2.1597453918298477,-0.5695501493876703,-1.238415787332645
4928,10.442,0.9989857812068386,0.006721520852389886,0.002112583433923393,-0.04447209344328548,0.05348776025539008,0.04177138853786638,9.77706705220381,0.007046000527680664,0.0006822431366784499,-0.009199891753523448,2.159205403901106,-0.5689946707755944,-1.2313444225448091
4929,10.450,0.9989855286482141,0.006726338875230384,0.0021073471360845563,-0.04447728639240811,0.0268572154169078,0.037815643066811094,9.765817587888616,0.011308006334179558,-0.0009862646373740985,-0.009798609661647638,2.1576100192391796,-0.5786640722063742,-1.2468903976203158
4930,10.458,0.9989852623066546,0.006720623696459943,0.0021007389019875875,-0.04448444455426543,0.0003092894891028973,0.03392474542283607,9.754568602016608,0.00878744080594235,-0.0013384029408098764,-0.010314260494762516,2.1556252809831467,-0.5720308500600108,-1.2425730412270883
4931,10.467,0.9989852708286698,0.006718577278564782,0.0021033439980410623,-0.04448443919785557,0.03752315814015537,0.04394903275349347,9.738869516588307,0.009566489937549062,0.0010323728807163873,-0.008684781922481356,2.1700079810307136,-0.5690734796911674,-1.2395660816328036
4932,10.475,0.9989855168111442,0.006721272993503081,0.002097883772602362,-0.04447876543470173,0.00031464225445278064,0.035498827904514696,9.754563001541175,0.010806942078933542,-0.0009820356236380787,-0.007241056292250525,2.1643838211554356,-0.571259056737858,-1.2383656533331264
4933,10.483,0.9989852891342097,0.00673437728878083,0.0021303709668645775,-0.04448035269100064,0.010586934518126203,0.0410235372972247,9.727617342367173,0.012905464218501065,0.008133785029981164,-0.008912623037877515,2.161706964078455,-0.5756649794704629,-1.2395641791393444
4934,10.492,0.998984534890442,0.006731912090594167,0.002105258426435289,-0.04449885724701276,0.00989937704163392,0.06609898457834279,9.795185533983044,0.009751102291334272,-0.005732466603832912,-0.013057256966314082,2.167080275025127,-0.5673668902502612,-1.2398478459163247
4935,10.500,0.9989852404423487,0.006721355248274697,0.00210832569762447,-0.04448446610585121,0.0001155852378637749,0.0380868187661721,9.754553242703324,0.0075543946901531125,0.0008638587741131118,-0.005106162927735333,2.165860796079774,-0.5759137449104814,-1.2400197677966203
4936,10.508,0.9989852551095314,0.00672983633466289,0.0021124551005240206,-0.04448265853231486,-0.010542159309248704,0.03432854616923367,9.781493350610388,0.012087052385154238,0.0013816850095412741,-0.008169957924215876,2.1624918147055214,-0.565722884359957,-1.2467334266754084
4937,10.517,0.9989854963756637,0.006732402188294879,0.0021069126981748012,-0.04447711446043567,0.03720423091033415,0.04910128921489445,9.738846127151074,0.010807331460750965,-0.0009841852762173255,-0.007241163003288798,2.1612230106301786,-0.5649279119449887,-1.2401579799954139
4938,10.525,0.9989857178631779,0.006723995303856206,0.0021096086984528184,-0.04447328348216406,-0.02663012060330661,0.03584882324049266,9.743300109861718,0.008055639129347494,0.0008560941334471832,-0.007664334527562492,2.1729232286730142,-0.5702755845241919,-1.2375800913540895
4939,10.533,0.9989856869217334,0.006722329152916913,0.0021039742666454572,-0.04447449728280173,0.006118600006290603,0.012757017913852257,9.752109306935761,0.00979781026888783,-0.0011644280428809812,-0.008777889911077044,2.1614809641000003,-0.5715379549985369,-1.2420465982176354
4940,10.542,0.9989864204119961,0.0067223322087462505,0.0021078270831806616,-0.04445783560958983,0.016679045974027615,0.018115167520443006,9.725163456701932,0.010074836502444947,0.0012144708513689509,-0.004591331910221145,2.1670598988035823,-0.5780830965922014,-1.2370605065488387
4941,10.550,0.9989861378028989,0.00670565551830432,0.0021095749959138097,-0.04446662068400169,0.026574745781779745,0.04751149505961372,9.765776000020816,0.0060364296993815625,0.0004954858959804711,-0.010737845263554964,2.160743258804826,-0.570798612406326,-1.2413265365273958
4942,10.558,0.9989863837785651,0.006707794551892119,0.0021132699470247877,-0.044460596120688166,0.01593895682790822,0.04364135554960536,9.792718110236445,0.010576098969520487,0.0012067558743724248,-0.007149437913196872,2.157519275369678,-0.5746397848897287,-1.2344772051515542
4943,10.567,0.9989866584648232,0.006719996968266114,0.002127256371373943,-0.04445191368618978,-0.0003370323190194987,0.044398390722711054,9.754526555416126,0.01286501235367096,0.0037511072718116457,-0.006542440596893104,2.1624034878515888,-0.5783040471208412,-1.2346508667840037
4944,10.575,0.9989868797527113,0.006712149587742823,0.0021207703767509804,-0.044448436000192555,0.03230794474442788,0.021457046613256148,9.763345572082283,0.00828740326752914,-0.0013391679510177006,-0.0077565089106098025,2.157801343716808,-0.5680969612053457,-1.2396645874118672
4945,10.583,0.998986898533339,0.006720180564410407,0.0021342662074798975,-0.0444461543857108,0.003918239916164983,0.07916929749217172,9.729989265442969,0.011855345938180351,0.003570195788265959,-0.008079453728360454,2.164931286395705,-0.5669412145579524,-1.2464598674621727
4946,10.592,0.9989866325853373,0.006714469910230809,0.0021276168338451476,-0.0444533132200728,0.03657096419072745,0.0562116804543841,9.738810079780745,0.008788967994565203,-0.0013481639773349277,-0.010314486584824784,2.1641341299022985,-0.574181658467478,-1.23760725455706
4947,10.600,0.9989863593866207,0.0067080829835243745,0.002130173117518203,-0.04446029402333951,0.026023914477692655,0.052378486279518466,9.765752593249275,0.008557126394699043,0.0008439898887538676,-0.010223122630045845,2.1631346647051193,-0.5702454517035316,-1.2344778785845958
4948,10.608,0.9989873236833122,0.006701744987496225,0.0021335961480263683,-0.044439413831122536,0.05318928957338743,0.03360539898366822,9.709445305833647,0.008563916623601413,0.0010406702317776796,-0.0035705407378519047,2.1624536940750425,-0.5749511338803492,-1.2415187634064595
4949,10.617,0.9989865710845309,0.006698804470770044,0.0021178751885128663,-0.04445752372906145,0.02604265829729616,0.05381438327408645,9.765744737119805,0.009522562549228978,-0.003550954696803447,-0.012963949871566838,2.160482385472608,-0.5805429360810076,-1.2390384994342125
4950,10.625,0.9989873031692055,0.006697122793765466,0.002149233174592593,-0.04443981829130498,0.02142797835015121,0.021500600358156766,9.790283024401027,0.009378373685262679,0.007790316474148569,-0.004318634620723114,2.156799755030171,-0.5690410289612257,-1.2362447313938603
4951,10.633,0.9989875370071046,0.006690571170409376,0.002124492666064676,-0.044436738098163814,0.01583573138498993,0.026542933370287673,9.725145516399664,0.008752371085563896,-0.005727358719667685,-0.007938716469579467,2.159242863711487,-0.5692874764919625,-1.2364686897671338
4952,10.642,0.9989872955059446,0.006694845476205797,0.002128007990005059,-0.04444135510718382,0.01601745480047256,0.02734764494633243,9.725142989622807,0.011077464587570694,0.001193871864873601,-0.009708634666035809,2.1633592697906345,-0.5687551769727021,-1.2318046468967836
4953,10.650,0.998986053143695,0.006724925194163646,0.0021986894989858693,-0.04446129519034561,0.005364322646221367,0.023653628421157265,9.752089408967386,0.009566619282627734,0.0010215221679447236,-0.008687227553517883,2.1634058051347447,-0.5668624056423794,-1.2381703902380317
4954,10.658,0.9989858103324651,0.006729222208486729,0.0022022482425782686,-0.04446592431891046,0.005272504855789018,0.024492883750982394,9.752087388212034,0.01107751365552052,0.0011927367943776422,-0.009708863722579765,2.1607364253692913,-0.5663950075830028,-1.2403917653854601
4955,10.667,0.9989860503853297,0.0067311531467997305,0.0022060941184561473,-0.044460047925920385,0.025669380550043353,0.05870011941633762,9.765717580550795,0.010576112933582321,0.0012016337804853607,-0.007150852444946529,2.169749214243849,-0.574181658467478,-1.2375662067378133
