packet_counter,timestamp_s,q_w,q_x,q_y,q_z,acc_x,acc_y,acc_z,gyr_x,gyr_y,gyr_z,mag_x,mag_y,mag_z
24339,0.000,0.9997983525020913,0.0059226030669786555,0.002511301524879327,0.019022893356867375,0.11796879921478994,0.05759466638016894,9.751499996679126,0.010795534061543682,0.0017864558290627106,-0.010528566816504813,2.335802261835692,-0.5609312986025098,-1.0750895841267023
24340,0.008,0.9997985677986332,0.0059131443075731895,0.002513129217073267,0.019014277102710447,0.11269394630344441,0.022238109774583358,9.731883341919495,0.008002833887164964,0.0012357469065295953,-0.010581025569708883,2.3313270154048746,-0.568395010949957,-1.064064315804137
24341,0.017,0.9997988533709237,0.005899187916657014,0.0025237047199868053,0.019002191836651732,0.10736717183983384,-0.013276742671790558,9.712272596247704,0.006973057572920472,0.0032384754667951683,-0.011376898996016748,2.329650572394958,-0.5630658816450065,-1.0685220170343819
24342,0.025,0.9997986750589493,0.005898148068133033,0.0025085655758656723,0.019013897509127967,0.11704678468017175,-0.012069133091931007,9.752553844238557,0.009920771567438428,-0.003017972622721634,-0.005815358107017848,2.3367873315652843,-0.5665578694423915,-1.0762497503792738
24343,0.033,0.999798486463694,0.005911169188283098,0.0025149187242484317,0.01901893076766355,0.08894059361955052,-0.02242326245588905,9.780778194441982,0.013447459332676883,0.002088031527689076,-0.007302826106787397,2.3376928395044563,-0.5613384310205662,-1.0665263624802004
24344,0.042,0.9997988311023588,0.005898479498866345,0.0025122055657723257,0.01900510692298648,0.12213371467251183,0.02587347427090879,9.772158792806515,0.00719584388164346,7.901376745949638e-05,-0.0117968592384831,2.332330354810658,-0.5679415203462694,-1.0677236592260009
24345,0.050,0.9997985833288571,0.00590878356275884,0.0024995378728210394,0.01901660750085988,0.04656802352003366,0.003015885118335705,9.74804651487786,0.012716457136119647,-0.002469252530372182,-0.00576322561203147,2.328155310850322,-0.5647353845374076,-1.064366407554246
24346,0.058,0.9997987665775506,0.005912331599997669,0.0024912674326066577,0.019006953244532068,0.035218673231633454,0.016400274112239394,9.771956806242232,0.011021681673379307,-0.0013757777637903223,-0.010949018763325869,2.3362243979024835,-0.5623103136878246,-1.066039553020451
24347,0.067,0.9997990306150819,0.005911164228479124,0.002491194665075598,0.018993432226644725,0.009492188031665518,0.06474590891111744,9.734898434131038,0.009991575362116376,0.0006264018403906766,-0.011745422960970383,2.336744517932833,-0.5662581099981789,-1.0703931138612812
24348,0.075,0.9997991862517792,0.005900631292727019,0.0025067503096069675,0.01898646685176051,-0.018857128666458264,0.054158365409864906,9.763122314742045,0.007785486898096999,0.004386904394482942,-0.010163771682658376,2.3370011612302397,-0.5660302057416944,-1.0721025087107288
24349,0.083,0.9997993428692212,0.005888407895250202,0.002490034148081131,0.01898421398622128,-0.025292697528425077,0.10333733942749544,9.806614752745874,0.007276205775455149,-0.0033266365629612106,-0.009041696388324269,2.3347793425813013,-0.560626903339734,-1.0687518401627714
24350,0.092,0.9997995047955108,0.00591170423207975,0.002481731680561374,0.018969527447709345,-0.04685354448071284,0.044397089642183314,9.79134461779967,0.01580435793179837,-0.001432727695296637,-0.012060664229354211,2.3276832566098635,-0.5625590791278431,-1.0665879454429799
24351,0.100,0.9997994660109446,0.005908713996220278,0.002493804812067837,0.018970919869647617,-0.06814175111901345,0.05729771518222694,9.774965684489748,0.009627029023381412,0.0035364869457482763,-0.008153304226592169,2.335026825624455,-0.5638052242372171,-1.0692081696565485
24352,0.108,0.9997995006855505,0.005892723306930822,0.0024711505318789967,0.018977029693853578,-0.023874197877046987,0.021232486066675483,9.743526248858048,0.006324195868033973,-0.004726948322649452,-0.007081949605960791,2.331630736257753,-0.5584621874765772,-1.0722136251100112
24353,0.117,0.9997993923282612,0.005894174105463133,0.0024749701574096816,0.01898178954615812,-0.03525790309314748,0.034344534673263614,9.76742950694242,0.010659182574727455,0.001532972561160258,-0.0073571117614184955,2.336026629703736,-0.5628588385720559,-1.0723839025759991
24354,0.125,0.9997993452718524,0.005896756461100018,0.002465313400514142,0.018984722464431225,0.018658725952913673,-0.0009251257419956621,9.77627515516128,0.010882553937983685,-0.0016249675213899923,-0.007775247965689477,2.3335512794812665,-0.5642795760244387,-1.0677495034972742
24355,0.133,0.9997992369117259,0.0058982117498679225,0.0024691280774649022,0.01898948065171355,0.023244426562915095,-0.035636973210974233,9.7969858669354,0.010660261493093416,0.001531793710753739,-0.0073575112416681115,2.3256962931997425,-0.5622709092300382,-1.0619662019201135
24356,0.142,0.999799191123152,0.0058954241958365326,0.0024813511697567483,0.01899116371935047,0.046589672893926834,0.012087881482005463,9.748039381524354,0.009629151160846058,0.003533667193648409,-0.008154587617374112,2.334978590393514,-0.5644750295509814,-1.062609892453491
24357,0.150,0.9997993471755315,0.005883222301017612,0.0024646135918409847,0.018988911569155578,0.08440055592522053,0.02466252789226941,9.760081081089844,0.007281237565710605,-0.003331834540117686,-0.009041510053565972,2.329413187008161,-0.5686901345756066,-1.0694469836273641
24358,0.158,0.9997995531265715,0.005874040859651386,0.002467040493262434,0.01898059332824856,0.046665184193602195,0.013403071262693144,9.748037299621014,0.008012782964013646,0.0012225375122504169,-0.010584260969424674,2.3350230530804814,-0.5667301438761189,-1.0686921092912447
24359,0.167,0.9997996294180115,0.005873442233864027,0.0024528122729421797,0.018978603844514677,0.0960631585441784,0.013603554813358806,9.73617775191005,0.010077280988685317,-0.002782646668688914,-0.008990078919478003,2.3376910210088893,-0.5618243723541952,-1.066277603686946
24360,0.175,0.9997996574686785,0.005866203756864307,0.002473312220321585,0.018976704288618137,0.04478317082585117,0.02792396848646811,9.812212094668446,0.008598727150883143,0.005533951846668684,-0.00895286658390456,2.332298926586549,-0.5578904834995303,-1.0634244751933173
24361,0.183,0.9997996763775323,0.005864421760443458,0.002472221662215915,0.018976400945657296,0.06298308608765463,0.03939610991735403,9.74369182688646,0.00985507656018994,0.0003737239765821421,-0.008572835301911205,2.342124526762199,-0.5643166625729436,-1.0715930090014025
24362,0.192,0.9997995799377428,0.005858780744920533,0.002465482710768741,0.018984099649426846,0.04456431135199104,0.029451344110844893,9.812208624863342,0.008901123769985088,-0.0010237412881378186,-0.006612523165335852,2.325541338633447,-0.5631191935584821,-1.0741671879936543
24363,0.200,0.9997994716613374,0.005860253888067446,0.002469282711720098,0.0189888528607616,0.02516953781716083,0.029053288802919432,9.731647467750292,0.01066443912839945,0.001528086420766572,-0.00735872709159815,2.3321224042350295,-0.5609081195096942,-1.0726751234580432
24364,0.208,0.9997992361033342,0.0058649546288151375,0.0024773231402728402,0.01899875428679781,-0.0031311130781251097,0.018647375008662728,9.759887239423056,0.011473322149603815,0.002683061914639868,-0.006144503512150951,2.3386374732526303,-0.5581230235745779,-1.062155139970562
24365,0.217,0.9997992765575873,0.005850390862982735,0.0024868508517937636,0.018999870907897932,0.02984569585108926,0.06687585223231128,9.751184458419093,0.006838022580351116,0.002978559106706105,-0.008207931068499283,2.3323627488487566,-0.5640771687700512,-1.0721549605575964
24366,0.225,0.999799335525779,0.005864183296611947,0.002494313519161209,0.01899153591847772,0.02454858135886047,0.03152732262171856,9.731641355491991,0.01360817765320313,0.002317229736104121,-0.010482645403415794,2.334611506049093,-0.5670739435966811,-1.079190654057386
24367,0.233,0.9997991477100749,0.00587726822333481,0.0025006170954869583,0.01899654891239358,-0.01989565482039755,0.06933060488316548,9.763024302986219,0.013462470386210732,0.0020758916931587932,-0.007307831942119464,2.3394281067807174,-0.5677205698176296,-1.0701154521129028
24368,0.242,0.9997991721009281,0.0058685099710530444,0.002488312419373017,0.01899958837245203,0.01745389474368765,0.010380076417441831,9.776271912173964,0.008096535456492634,-0.0021827674915590547,-0.007826680081137639,2.3336693177283734,-0.5607706137151904,-1.0838963957122039
24369,0.250,0.9997993663329134,0.0058718512796523,0.0024799196612179217,0.018989429726273453,-0.0036129514548513325,0.022978004230514687,9.759877837567442,0.0110395412029058,-0.0013932433717178147,-0.01095069205455448,2.335775119955032,-0.566267381635305,-1.0713767450066782
24370,0.258,0.9997993783150777,0.005877197235533279,0.002488776842834891,0.01898598597033793,-0.004125377307459282,-0.0478511128992547,9.761106439127452,0.011623617164602392,0.002919686000836555,-0.009320862302248602,2.3323631893954886,-0.5577297986122111,-1.0722152245886791
24371,0.267,0.9997994451127493,0.005883795213040217,0.0024852746285642037,0.018980882912830115,-0.008850547246101,-0.011339185906763942,9.740352215860687,0.011849284851896515,-0.0002388004566279322,-0.009736822427924072,2.341636343279111,-0.5630960144656666,-1.0716081676137357
24372,0.275,0.9997993644334343,0.005872424299191148,0.002499520965255319,0.018986782410282173,0.017265901514876694,0.01383861467690119,9.776267962240302,0.007649037348369569,0.004130305700808391,-0.00699553883406477,2.3321044564968334,-0.5623497181456111,-1.070219985388388
24373,0.283,0.9997992121805682,0.005899520773447223,0.0024820374632530135,0.018988693156456436,0.028780104745592498,0.0023836172766142777,9.752384856709469,0.016712767708518206,-0.003692811530901473,-0.008089037467446394,2.3403638852685296,-0.5635170543394121,-1.0645328854998823
24374,0.292,0.9997994173377721,0.005897365264161959,0.0024952342509902254,0.0189768274489092,0.05042001025669451,0.06341169606021285,9.767525109530427,0.009785508994123759,0.0037612744602577458,-0.011334337700567573,2.337263107517401,-0.5665416440774208,-1.0745373193137957
24375,0.300,0.9997993786519829,0.005894424993633896,0.0025072481475851326,0.018978195589413223,0.009541741635476397,0.07469815853431515,9.670560423061746,0.009638741514507033,0.003522156297423251,-0.008159205759809099,2.3337834296547304,-0.556939462015806,-1.0661083925400698
24376,0.308,0.9997997019591497,0.005894563516041768,0.0024938417365794802,0.018962880497026005,0.03390450079680221,0.1130179743279595,9.770618898111584,0.01023806802384871,-0.0025559225861562515,-0.012164785598101092,2.335034065718512,-0.5623497181456111,-1.0701985691348683
24377,0.317,0.9997998481334068,0.005889577437822056,0.0024878077819881065,0.018957514669941822,0.02898570081400092,0.07760100942094666,9.751107599370672,0.009057817890252855,-0.000793517571182724,-0.00978839076557643,2.341322185887774,-0.5691088565400706,-1.0620312052741154
24378,0.325,0.999799988190647,0.005884870707200205,0.002482185466834374,0.01895232613824961,0.012463403601788487,0.05458578772226007,9.755478753568182,0.009058436873235102,-0.0007941412055780669,-0.009788525877671766,2.337511217492443,-0.5606871689810544,-1.0750794091594982
24379,0.333,0.9998000071341834,0.005883137278152578,0.002481047389219256,0.01895201398548798,0.012079158615503544,-0.01639374163752639,9.756761859465907,0.009866530611020689,0.0003621729454746215,-0.008575015752285533,2.333791827424255,-0.5645190698273308,-1.0672571547650198
24380,0.342,0.9997999472659207,0.0058930583499181045,0.002482261273438566,0.018951931018172535,-0.020732898276941122,0.008762016197097579,9.764231778407447,0.012663665768972324,0.0009118215438016303,-0.008524412044694486,2.343077964938421,-0.5628217520235509,-1.0684261770530983
24381,0.350,0.9997998390928868,0.005894577422510081,0.0024860189058728303,0.01895667209316715,0.007284532294823401,0.021008334725473168,9.735974598830644,0.010675225796167951,0.0015178812323207007,-0.007361737867793182,2.3250582886990627,-0.56507918425797,-1.0748845838861136
24382,0.358,0.9997996589338816,0.005900639691219363,0.002481263291725354,0.01896490915892267,0.018783626535589463,0.009457429304989641,9.712101189888047,0.011709554532313078,-0.00048350956030339,-0.0065626522877890925,2.329170854457815,-0.5684483228634328,-1.0696952092610623
24383,0.367,0.9997993659463963,0.005904209340565826,0.002503061468183879,0.018976376064306643,0.028245678551352696,0.011074611419552481,9.752380418703192,0.011257258203557151,0.005831816178347542,-0.005734544529742749,2.3394158348025877,-0.5645306593737386,-1.0684367224385527
24384,0.375,0.999799387267602,0.0058955775599544916,0.002491134864543915,0.0189795055691631,0.01841879037738462,0.01117243284189929,9.712100065310283,0.00810671509533653,-0.00219219380324294,-0.007826621843074564,2.3389451754550685,-0.5679716531669298,-1.0708490729368079
24385,0.383,0.9997993265793619,0.005905467106622685,0.002492493357298816,0.018979449585580312,0.08251228222635676,0.048456879483997385,9.760008099983914,0.012667201902833913,0.0009082906941376582,-0.008525081628885364,2.339465464926469,-0.5694781532627301,-1.0752258122511313
24386,0.392,0.9997993954560834,0.0059052073210038546,0.0024780126893997408,0.018977798219450517,0.056338636793438535,0.024930269083683076,9.724116870727492,0.010097731993264424,-0.0028007111376184136,-0.00898947858965158,2.335064302378942,-0.5638539003321298,-1.0743347547262225
24387,0.400,0.999799366834517,0.0058951327823433515,0.002479242323634394,0.018982277109943213,0.06107040440820687,-0.009860423358087324,9.744923728674989,0.007881434714785855,0.0009641725549634175,-0.007413237462481239,2.3362456268056055,-0.5650235544352126,-1.068943533882279
24388,0.408,0.9997994315699504,0.005901885057643182,0.0024754975224450726,0.018977257367363373,0.07760704697369711,0.014706340366569773,9.740527215976847,0.01186203979655433,-0.0002512264678862526,-0.009738904322631964,2.3291749489397855,-0.5608849404168786,-1.0702553087260036
24389,0.417,0.9997993328483444,0.005896264182363387,0.0024684825061310266,0.01898511782462445,0.018640309500634916,0.01530817604762387,9.712094004785717,0.008916651577322195,-0.0010372711452391115,-0.006613691500943992,2.3358020076741157,-0.5645932429243407,-1.0750548164164622
24390,0.425,0.9997991642668136,0.00589510522596883,0.0024528091678397575,0.018996383680651836,0.02848409735644624,0.016787470404258754,9.75237156308859,0.009951462085874885,-0.0030380949464030678,-0.005813908212944488,2.3361980862829723,-0.5556840452693056,-1.0624402884205446
24391,0.433,0.9997991355293423,0.005885037307711819,0.002454030078273014,0.019000859639556812,-0.020771205491742765,0.017974639812212395,9.764219081103521,0.00788301939765869,0.0009621327320652155,-0.007413896898401329,2.334516820194567,-0.568415872133491,-1.0662382227498268
24392,0.442,0.9997990741856504,0.005895093472037333,0.0024558748800329,0.019000731802910627,-0.032398413090771815,0.031281675523674474,9.788078355871399,0.012671491063697944,0.000904030836655916,-0.008526583104047044,2.3392668440461435,-0.5565972310576333,-1.0814535203123372
24393,0.450,0.9997992111039248,0.005897309071428757,0.0024605466255761535,0.018992233465013168,-0.030636798337904118,0.019036892635502203,9.723936204845195,0.01083078698970068,0.0017453785515110826,-0.010539833347206805,2.329415598547404,-0.5596596564910387,-1.0697768670778456
24394,0.458,0.9997992885489417,0.005903728549323742,0.0024563673412960926,0.01898670233956711,-0.08003791891020358,0.02040672378803734,9.735781850154103,0.011866268645079356,-0.0002555742864461602,-0.00973979104401227,2.330899457739593,-0.5679855606226191,-1.072372706225323
24395,0.467,0.9997991327837101,0.005896913590535519,0.0024624851905565427,0.018996227565862327,-0.047329330789891114,-0.0029810900541674687,9.728343967682465,0.008691909018308302,0.0021181023348791866,-0.006201571954242112,2.331343297144449,-0.5652421870545707,-1.0662915557066814
24396,0.475,0.9997989453651722,0.005903169532317651,0.002457828242768564,0.01900474984027769,-0.042397053067439926,0.0340876732768585,9.747786287214181,0.011718236974337368,-0.0004905268960471523,-0.006564018862234415,2.32921048858997,-0.5631284651956084,-1.0751169100709779
24397,0.483,0.9997990823161478,0.005905396766925093,0.00246248639759138,0.01899624830212201,-0.02621252624030365,-0.012980261526032395,9.744767908923174,0.010833536085225779,0.0017421085503034582,-0.01054062738291317,2.3365111084192702,-0.5660278878324128,-1.0718619549877593
24398,0.492,0.9997987968352285,0.005901901110312285,0.0024730515552138484,0.01901098172423008,0.016360276853566804,0.03612766313325766,9.776212560879255,0.009499949134912837,0.0032751384120478584,-0.004989336896597789,2.3342586295072745,-0.5652236437803184,-1.064317154664714
24399,0.500,0.9997985627785136,0.005940717774137731,0.002458015847515427,0.019013150618469598,0.0347820711630296,0.047843341057978675,9.707656637087307,0.01953646788914655,-0.003159014326539975,-0.008038905847497934,2.339704143541575,-0.5709359772636178,-1.0744777511835744
24400,0.508,0.9997985253806195,0.005930966982702174,0.002459329232888357,0.019017990880050552,0.06109177864904127,0.07348256015695916,9.743506423714866,0.00788767088790177,0.0009565616375335976,-0.007415116572338661,2.3343352320707647,-0.5672763508510685,-1.0747959051238234
24401,0.517,0.9997984170312342,0.005932533488323294,0.002463038233110316,0.019022717758268137,0.07254622062103436,0.06175476169644695,9.719651676933198,0.010686425227210663,0.001506153072561216,-0.007365373484901164,2.329173113500114,-0.5616150113719633,-1.0700042320853997
24402,0.525,0.9997983630933013,0.005935392559060511,0.002453201073796466,0.019025931662267594,0.03975199116623552,0.08684141465165642,9.727064265890926,0.010915760977319418,-0.0016529521950709642,-0.007777018023822793,2.3289034526839543,-0.5693947085285941,-1.066514122278232
24403,0.533,0.9997981839956803,0.005941418201786819,0.0024486680074475727,0.019034044595954938,0.06576641094129759,0.04055593175933145,9.764347576455881,0.011722908524793785,-0.0004946980193007737,-0.006564726849572543,2.3374844653261997,-0.5604082707203756,-1.071419880528509
24404,0.542,0.999798033181384,0.005927629706260485,0.0024440171357129883,0.01904685887338692,0.04456422875294195,0.053033245590701335,9.747912082647817,0.00693280483202489,-0.00043625388753896176,-0.005451853217506259,2.3348061286357544,-0.5604175423575019,-1.0724160044884592
24405,0.550,0.9997981705651042,0.0059298788391248325,0.0024486477068221342,0.01903835066470739,0.011429204971199073,0.006214151550483527,9.756774436948222,0.010838650855706929,0.0017353812196517408,-0.010542375313691586,2.328206996687241,-0.5657791223923943,-1.07143670602297
24406,0.558,0.9997981423101123,0.005919870262993105,0.0024494820336235117,0.019042841360595097,0.0113194016580791,0.006976395577685348,9.756774048079865,0.007890329565608426,0.000953420749044535,-0.007415905086034293,2.339442536136515,-0.5655419464987835,-1.072089297527494
24407,0.567,0.999797954043122,0.005933064727943765,0.002455691145679004,0.019047819169631226,0.01590041871282432,-0.02763399230654073,9.777645642422241,0.013488388203746182,0.0020529197971197047,-0.007316816443191041,2.334073590777494,-0.562370579329145,-1.0724028157730443
24408,0.575,0.9997978548151047,0.005927541192196572,0.0024484874839908574,0.019055672949831282,0.01115535989578604,0.008758108640679526,9.756772800850088,0.00892707833946863,-0.0010471193976399624,-0.006614625806967737,2.3325782784005438,-0.5647724710859126,-1.0682402527508605
24409,0.583,0.9997977463773705,0.005929125654821213,0.0024521780671922385,0.019060394288357166,-0.0006894485948388335,-0.04969429936793103,9.782091102692611,0.010690690762910467,0.0015017087725829523,-0.007366758260051827,2.33544714319568,-0.5656701806561613,-1.0599093797570425
24410,0.592,0.9997975608024646,0.005935447003309216,0.00244815056714451,0.01906867696286242,0.004238165620679382,-0.012507809311381506,9.801492589102368,0.011727172371129106,-0.0004981799148239158,-0.006565251849951421,2.3352679835552257,-0.5552560516677153,-1.06879926342887
24411,0.600,0.9997974998552056,0.005945411418152007,0.0024494378199568234,0.019068603009027792,0.027608949006088762,0.035237138391587555,9.752324870877871,0.012684812595561442,0.0008907903531131921,-0.008529744042142878,2.334269032157522,-0.5696318844222048,-1.0657401720037616
24412,0.608,0.9997972737636079,0.005943166762778505,0.0024475211864198507,0.01908139889342141,0.006323105014048113,0.047842629294258567,9.735880386125853,0.009735440059839052,0.00011029225689246206,-0.005402859617131621,2.328939636210132,-0.5623613076920188,-1.0714638018224807
24414,0.625,0.9997972318537421,0.005951493350141901,0.0024475680700600205,0.01908099355486473,0.047581922630350534,0.10859693580496745,9.72474770465896,0.011286858019663715,0.0006140708703850156,-0.008554819124662034,2.3352552201980497,-0.5591459002460307,-1.0670533161813893
24415,0.633,0.9997974625533276,0.005935011254051748,0.0024388204465686067,0.01907515840489308,0.034592228264309535,0.13334507616049796,9.706063512791616,0.006282552983783709,-0.00137153316133141,-0.009840755080539361,2.3318585038994604,-0.5628356594792402,-1.0699730112829269
24416,0.642,0.9997974016397075,0.005944989902929895,0.002440094925835266,0.01907508076777117,0.023029853209961544,0.1466205503246122,9.729885877589611,0.012688175488637895,0.000887632715845328,-0.008530645958727259,2.3330202145893075,-0.5637356869587704,-1.0618987542022176
24417,0.650,0.9997975462612662,0.005940273567602111,0.002434208554182325,0.019069721251467192,0.03269056008729961,0.1483335976373876,9.77015069922031,0.009083351717790216,-0.0008230252324305328,-0.009791725155571938,2.3284318728784372,-0.5603827737182787,-1.068800559892747
24418,0.658,0.9997977638982036,0.005930940611189536,0.002436283712920673,0.01906094880348331,0.03950789810484846,0.17198280468419302,9.725402933194513,0.008047439631532491,0.0011751763504263782,-0.010594182093665293,2.339376624273059,-0.5637472765051781,-1.063072967812371
24419,0.667,0.9997982366983266,0.005915242941928823,0.0024288597139639715,0.019041965138754037,0.03928132855532221,0.1008280187863613,9.72693124933776,0.006436494421658504,-0.0011459046391687636,-0.013017673274981404,2.3384772326406855,-0.5579878356893558,-1.0736330281378323
24420,0.675,0.9997983352937758,0.005901995152803159,0.0024250990793465163,0.019041378402485414,0.044063610939939116,0.0659264995599452,9.747835686077138,0.007091201439732261,-0.00021430340956236536,-0.008629484090490809,2.3318603901714474,-0.5613731996597895,-1.0702310414655787
24421,0.683,0.9997984891641196,0.005897014696297518,0.002418733388178318,0.019035651068802145,0.06535220476223941,0.05492033422035703,9.764280127817242,0.009085863629548305,-0.000825100804700606,-0.009792181467215623,2.3326031951271147,-0.565781440301676,-1.0716487047412462
24422,0.692,0.9997988478326103,0.005878770062392069,0.0024372627792094903,0.019020086363736147,0.02247601873518999,0.0071209754597749775,9.732929503466693,0.0059758781651693136,0.005169844584973894,-0.012200046889090294,2.3306342811198197,-0.5625868940392218,-1.069496006372131
24423,0.700,0.9997989195913634,0.005878500810599353,0.002422639027560968,0.019018265754391275,0.010616912001864477,-0.05145946505857719,9.758312944190351,0.010124277964909664,-0.00282454405909252,-0.00898957880166783,2.3322856379621153,-0.5693483503429629,-1.061606674678007
24424,0.708,0.9997988115841394,0.005880119528466515,0.0024263009734563864,0.019022975920197163,0.05336111631152646,-0.002182451405560568,9.789658383215826,0.01069875946765803,0.0014945712585786623,-0.007369417535883411,2.3381832481416316,-0.5562140268792845,-1.0668155909975057
24425,0.717,0.9997990265056325,0.005871005029374933,0.002428935557551231,0.01901415710443796,0.05516123837068067,-0.014783166021630482,9.72555648629554,0.0080514519979788,0.0011707637132843905,-0.010595287750874035,2.3359499254756155,-0.5622709092300381,-1.061891245032794
24426,0.725,0.9997991951940384,0.005853309008602799,0.00243339327973967,0.019010172543928575,0.02220436080030923,0.009957943951366318,9.732927637274672,0.00605721575716139,0.001780795092970599,-0.009432860898769772,2.3367395877133896,-0.5601479157339494,-1.069718690749347
24427,0.733,0.9997994616534791,0.0058524764384210205,0.0024334997290207886,0.018996396395646542,0.024951605798406933,-0.011450122854233054,9.817955966969881,0.01004762148326476,0.0005589586131117811,-0.01175805999036764,2.331143456288559,-0.5699385975942621,-1.0723523787587348
24428,0.742,0.9997996778678875,0.005843168644865908,0.002435549410047149,0.018987617399978316,-0.006046905859320565,7.062172375771956e-05,9.761222723158998,0.00805332022138654,0.0011688917954948061,-0.010595693603280314,2.3316216098917106,-0.5613801533876343,-1.0709651954490396
24429,0.750,0.9998000618274023,0.005839190192300799,0.0024299108193602576,0.018969337395689626,-0.01097929244255056,-0.03553471296020585,9.741877845442291,0.00924412656711089,-0.0006037086471122012,-0.012969709908564452,2.3335871749576578,-0.5613963787526051,-1.0726597796365844
24430,0.758,0.9998002319721173,0.005855583908976229,0.0024106867986867083,0.018957765552529614,0.015379109155298791,-0.009915699611070668,9.777680499388673,0.014120530645258566,-0.00405008299840378,-0.01131479383103305,2.338223684123049,-0.5650560051651543,-1.0723469797597154
24431,0.767,0.9998005971193726,0.005830248422809488,0.0024182143387220137,0.01894535411352194,-0.022180929278867806,0.05041670553435347,9.764102361998173,0.004217014305673034,0.0026139186658411598,-0.011448364395071457,2.3335675781649465,-0.560882622507597,-1.069979061247168
24432,0.775,0.9998006636433658,0.005837036742175785,0.002414538501731703,0.018940221333974206,0.010571822470425322,0.026920583496961047,9.756740243863087,0.011894040262806832,-0.0002811216519328908,-0.009744501611000225,2.3347563799031374,-0.5571789558186981,-1.0656106897444353
24433,0.783,0.9998008068150422,0.0058393344362585265,0.0024192612836206676,0.01893135072239397,0.005735872584557184,0.06327399899235674,9.735792690225292,0.010857034117376386,0.0017157561607397903,-0.010548101343572812,2.3347968836609754,-0.5650444156187465,-1.0711513498960423
24434,0.792,0.9998009042836745,0.005826119566842908,0.0024154706403256795,0.01893075872558224,0.022155843028755815,0.08780215922001833,9.731302065970674,0.007099061787553891,-0.00022201412323853662,-0.00863079216163945,2.334225179458338,-0.5585881037246734,-1.059741397670584
24435,0.800,0.9998011270549088,0.005809827725311735,0.00240718280899974,0.01892505515081225,0.017323729117047038,0.05202710112453387,9.711969151874628,0.0062948375585432865,-0.001384229506004756,-0.009841973149431681,2.339403596712668,-0.5608524896869369,-1.0667626284589016
24436,0.808,0.9998010753020478,0.005812704229770447,0.002397675990191541,0.018928112538056097,0.0009614854531509799,0.028924552429873417,9.716454425836515,0.010938787803932365,-0.001669741401170739,-0.0077789020994658755,2.3377321855868245,-0.5601687769174833,-1.0719086598851768
24437,0.817,0.999801461077424,0.005815742392116402,0.00240333779025968,0.018906071388414315,-0.0009754159456704669,0.043238755521494865,9.780542252641425,0.01101299233284817,0.001937311264069825,-0.01372627810073789,2.329144339509044,-0.5647516099023786,-1.066068130492964
24438,0.825,0.9998018169099943,0.005797530704151524,0.0024218130567582557,0.01889048339052699,-0.039104326106501844,-0.04000191284309234,9.7702049184883,0.0059828708964221955,0.005156381485376574,-0.012205222615636646,2.337929716568101,-0.5630380667336277,-1.0655318604667379
24439,0.833,0.9998017899595595,0.005780660596711048,0.0024125364133218492,0.01889826512623539,0.010096743911173598,-0.03984047574723405,9.7583678484445,0.006143553339835836,-0.001610381139338037,-0.0066648152749462595,2.336461529127704,-0.5603480050790552,-1.0650798187172288
24440,0.842,0.9998017783840063,0.0057990979742195015,0.002411356935574342,0.01889337875006959,-0.011114939329017016,-0.027383437968256714,9.741904017859518,0.01470096390251081,0.0002650478916687559,-0.00969707324967954,2.3374557421674442,-0.5628124803864247,-1.067490732478121
24441,0.850,0.9998016715364999,0.005800890898606121,0.0024154422353236155,0.018897960112437443,-0.0015146471444483717,-0.02543316877894837,9.782184173285831,0.01070826095965286,0.0014872221596218596,-0.007372270074081911,2.3338813288977627,-0.5607288913481225,-1.0795003952504045
24442,0.858,0.9998018083082527,0.0058032449115005,0.002419966649452013,0.018889420675636696,0.021629191667820777,0.02213605165387564,9.732908856277287,0.010863065242840756,0.001709585297091652,-0.010549831916383503,2.3318959806539468,-0.5628843355741528,-1.0750995963526007
24443,0.867,0.9998016808496403,0.0058176650101818125,0.002412070523335479,0.018892740930171046,0.03807245967378789,0.04694351288224027,9.728404138506011,0.013745348038929938,-0.0011227241958835935,-0.007730791495239911,2.3381882122492845,-0.5618359619006031,-1.0674946498041387
24444,0.875,0.9998016996358217,0.00581609939808356,0.002410770957893199,0.0188923946735932,0.026498351041045896,0.06043442123531974,9.752204354925517,0.009906004276625557,0.00032269981159168776,-0.008583508097485818,2.3350789858963164,-0.5580133326914529,-1.076343367851054
24445,0.883,0.9998019369096878,0.005835178160027013,0.00241032492290719,0.018874002788067456,0.005187071460030432,0.0730356457545763,9.735724664857468,0.014860133822631556,0.000482922623477607,-0.012875506833572808,2.3377338515854453,-0.5618800021769527,-1.0721365580522875
24446,0.892,0.9998020029702381,0.005842013178797691,0.002406608841853183,0.018868862514771136,0.04772070116562723,0.05094455374107612,9.768666068384489,0.011905132307407747,-0.00029092825674779563,-0.00974630612160434,2.3320707353422145,-0.5596202520332523,-1.0656071428366685
24447,0.900,0.9998022203190834,0.005832801033830125,0.0024086956125175356,0.01885992742768686,0.016698225648521223,-0.009343448739223745,9.713607365690105,0.00806519467332314,0.0011542739736562476,-0.010599163387109454,2.3338920365419016,-0.5607427988038118,-1.08096513384174
24448,0.908,0.9998023251204899,0.005855197681563278,0.0024133019798508975,0.018846838390735515,0.007854279489055975,-0.017753235916210093,9.82247636195744,0.015667346251581334,0.0016428044678445362,-0.011665733511850613,2.34258232108791,-0.5662302950868002,-1.0674208041715707
24449,0.917,0.9998024520266047,0.005864787371054769,0.0024282334358496915,0.018835203026843182,0.030834893091207998,-0.041667427153767936,9.774882458623429,0.012631364388986538,0.00425043822611991,-0.011308424527487277,2.3420904836695846,-0.5662256592682371,-1.0669361273500455
24450,0.925,0.9998023213619345,0.005879338853615591,0.0024212061278997515,0.018838506703510473,0.009433574743505767,-0.029016025144130222,9.758406705707207,0.013752005631396797,-0.0011274727221909457,-0.0077313416679122594,2.336735815169416,-0.563072835372851,-1.0692026303840432
24451,0.933,0.9998020039219832,0.005896132829140474,0.0024326421349933256,0.018848629220498507,0.06353569440873924,0.008184635458164741,9.765849460686649,0.014320980542360383,0.003194653561218532,-0.006116031604879222,2.3357945303625884,-0.5694665637163223,-1.0740319670752518
24452,0.942,0.9998019434044778,0.005906222716600455,0.0024338311668340123,0.018848526831112714,0.06531850663029275,-0.004227975847892314,9.701778968037083,0.012714398502336495,0.0008670617914766598,-0.008536662685373033,2.331400150418282,-0.5689783044734116,-1.0740687271502305
24453,0.950,0.9998019150038414,0.0059250377560373865,0.00243206346860921,0.018844355906367703,0.08655264127065077,-0.01467884340522556,9.718264990502819,0.014713949419746743,0.0002533426370213682,-0.00969919766299176,2.336001712977165,-0.5618498693562926,-1.068975450585614
24454,0.958,0.9998017852767658,0.0059054669951700035,0.0024487089749465527,0.01885522318398231,0.06795410047896853,0.04760576860340297,9.785111493828554,0.005679977128684426,0.0047004369988186785,-0.0058555024164039515,2.333369759133884,-0.5621635362561945,-1.0763164572606683
24455,0.967,0.9998018124787796,0.005930915145217192,0.0024126105331930513,0.01885044615130886,0.06808812508538312,0.0485033679985134,9.785106161834223,0.016227610645371,-0.008063905025486682,-0.009702951032793443,2.3401625817432787,-0.5635726841621697,-1.0703936245530177
24456,0.975,0.999801696401716,0.005939777508947315,0.002426937244265519,0.01885197313301681,0.04213915224995029,0.02486726844714434,9.749356063477254,0.012481135171129334,0.004023764663472217,-0.008133258613364766,2.336238606984915,-0.5633053754478986,-1.067983266419501
24457,0.983,0.9998016333427909,0.005950030517379466,0.0024283255354284987,0.018851905395046747,0.009038515186322113,0.049996546722769535,9.756650825441529,0.012718323423358078,0.0008630781667667961,-0.008537660833207483,2.339676182867547,-0.5623543539641742,-1.0706529062639067
24458,0.992,0.9998015013204672,0.005964612415093746,0.002421272503443511,0.01885520605938087,-0.007395959621927262,0.027254056680683068,9.761183750236066,0.013759127049452674,-0.0011337484514960755,-0.00773203327662134,2.333310595985438,-0.5659931191931894,-1.068223309450734
24459,1.000,0.9998014453295367,0.0059677395727417305,0.002411800457411057,0.018858399187515758,-0.007305644968240815,0.09999887796593152,9.759390518759943,0.01095699569346946,-0.0016850624549239596,-0.007779708500942318,2.3411218990088276,-0.5545167090755044,-1.0680310151682106
24460,1.008,0.9998013129122025,0.005982328310318442,0.002404741256577949,0.018861698399492147,-0.0236363199467613,0.07718286324481333,9.763924057191058,0.013760733253169349,-0.0011352756074326324,-0.007732429713412893,2.3411177028622263,-0.5635448692507908,-1.0674570086191733
24461,1.017,0.9998012135803043,0.005983999820677334,0.0024088352334339894,0.018865910588039325,-0.0517132805116399,0.06691360776462472,9.792244041978083,0.01072148791180906,0.0014735140518281225,-0.007376382104633162,2.3377964653398693,-0.5597639624087086,-1.080701727127888
24462,1.025,0.9998010258957867,0.005997351972194402,0.002414921691641473,0.018870838356536756,-0.035388024078514935,0.01998202662223473,9.78950051545035,0.013525391867363309,0.0020232817152555636,-0.007329199017561333,2.3360070667992345,-0.5618568230841372,-1.0697078198812817
24463,1.033,0.9998008618611635,0.005996255190840563,0.0023990270744106952,0.018881901770168512,-0.028535854613532856,-0.02800425172971035,9.74649121063592,0.01000025445256652,-0.0030697259602804443,-0.005811341219384846,2.330680172587937,-0.569971048324204,-1.0757736715141042
24464,1.042,0.9998006648287528,0.0060167733662298455,0.0024158417614539886,0.018883663702451314,-0.018931348942839155,-0.02594719300821741,9.786769997629897,0.015289718386516363,0.0045678519857569565,-0.008088940595918014,2.3320683576911816,-0.5681624708749092,-1.0652818950808858
24465,1.050,0.9998007049661604,0.006031229684948719,0.00242252669859654,0.018876069030685245,-0.012388186209032367,-0.07371990314642073,9.743776368207103,0.013684325974613646,0.0022377780313265414,-0.010508053926085545,2.332580046063795,-0.5650189186166495,-1.0684820580020673
24466,1.058,0.9998002727676187,0.006043892820365415,0.0024277291699520065,0.018894233629570018,0.041600747714374116,-0.03649855261189065,9.751170384600245,0.01337194414527087,0.0018035023261661165,-0.0041518062993934285,2.3374790606718143,-0.5611337058568971,-1.0706805576907934
24467,1.067,0.999799956163842,0.006060589167581448,0.0024387422156181993,0.018904217786717855,0.046201580035515645,0.0010218307593833783,9.770387547421578,0.01433262545903663,0.0031838281540787897,-0.006120905601228389,2.337168862209607,-0.5615362024563905,-1.0616451520373196
24468,1.075,0.9997998223471364,0.006075208771246231,0.0024316561999329074,0.01890751493839623,0.07417459327899444,0.013422005133739989,9.742053685766075,0.013767920632744731,-0.0011419141153273954,-0.0077327166878088825,2.334521050229378,-0.5588994527152937,-1.066816864993563
24469,1.083,0.999799708960646,0.006084180980649834,0.0024465704675892467,0.01890870161988552,0.06242773380786884,0.027065589146310666,9.765822529095303,0.012490227282442076,0.0040128219750291145,-0.008137684274756819,2.338934552531455,-0.5667370976039635,-1.0693959235822192
24470,1.092,0.9998000072599275,0.006098970077577757,0.002454363922404301,0.018887142313715223,0.07858671839319956,0.05196900837909146,9.761253527145902,0.01384629011012169,0.00244777223845469,-0.013687484585913842,2.330088769927958,-0.5644657579138551,-1.0616690938151336
24471,1.100,0.999799809811307,0.006112665114024944,0.002460820230985709,0.01889232622705523,0.052241650008557364,0.09993150481371073,9.723658211950225,0.013532946398856816,0.0020159991232035646,-0.007330963713089865,2.3455856414225678,-0.5585131814807714,-1.0774826060740217
24472,1.108,0.999799757416455,0.006115662988578852,0.0024512093217740213,0.018895377981654287,0.07351367676340441,0.08942293510173827,9.740159590236653,0.010967444556946161,-0.0016950631706523092,-0.0077797397384275335,2.326487756988978,-0.5599061040217755,-1.0700400885825718
24473,1.117,0.9997996593815356,0.006117197478440883,0.0024542964549449362,0.01889966731153586,0.014513779922852476,0.08948324808987781,9.711700874607262,0.010729842124157434,0.0014645819344541859,-0.0073783483340439816,2.3372809874791756,-0.5660765639273256,-1.0769831859940535
24474,1.125,0.9997994347266975,0.006115017376433515,0.0024520355244476624,0.018912546218043672,0.035738922205810625,0.07881444046116064,9.728206990449053,0.009769970889661061,8.420105744895625e-05,-0.005408895469603112,2.3343124049454413,-0.5618753663583896,-1.0716732974842822
24475,1.133,0.999799371153114,0.006125200194447464,0.002452629899937657,0.0189125347584661,0.014403319517748607,0.09122497211271163,9.71168483596338,0.012732757362488021,0.000848039076196026,-0.008540708889506657,2.3274784008140057,-0.562365943510582,-1.0719627561463525
24476,1.142,0.9997991463441609,0.006123024545615493,0.0024503646848077765,0.01892541288354734,0.024017326127868648,0.09322656570806737,9.75195243199829,0.009771024773873645,8.322830747861353e-05,-0.005409089457815694,2.335994117056902,-0.5684320974984619,-1.0679363763129581
24477,1.150,0.9997993661146695,0.006142517571223846,0.0024496812250170553,0.018907566117538972,-0.01371952249818927,0.08189031497072749,9.740008931927258,0.014894138926672892,0.00044478831005507905,-0.012881672961630213,2.3309228440203835,-0.5653302676072701,-1.0755718028273924
24478,1.158,0.9997991862851456,0.006148760808167507,0.002444988553678586,0.018915651589565312,-0.0465459354790052,0.03530881903516942,9.749171737384312,0.011774492086745015,-0.0005334628099965136,-0.006571368834603481,2.339432438480158,-0.5567393726707002,-1.0707080014407349
24479,1.167,0.9997993894317888,0.006153812030434282,0.0024679118378685308,0.018900288370224193,-0.04666283646211802,-0.03548082932678967,9.751107219881183,0.011613386408383181,0.006213318442881888,-0.012127546857238897,2.3362330498335844,-0.5662279771775185,-1.067223082955641
24480,1.175,0.9997994192675792,0.006145193666437934,0.002455766982714626,0.018903095924749105,-0.025524165665248563,-0.04616125929892184,9.76763077748115,0.008168274403797197,-0.0022502274410410123,-0.007826527953007324,2.3372297930213057,-0.5579530670501325,-1.0699801050984603
24481,1.183,0.9997994852263742,0.006152212028415952,0.0024521098895690843,0.018897798425347175,-0.0418223390366222,-0.06917893273357069,9.772226665733232,0.011934867919628485,-0.0003221142355166159,-0.009750251194031839,2.3301494635221847,-0.5643004372079725,-1.0699715970133838
24482,1.192,0.9997993774304428,0.006153986933654153,0.002455625231354793,0.018902466485704088,-0.030353185089849632,-0.00911517830857294,9.74652169001916,0.010735388712844142,0.001459060965270916,-0.00737995320020745,2.3320792856086863,-0.5650026932516786,-1.0667767656877625
24483,1.200,0.9997991815012595,0.0061676057325789286,0.0024615754767235236,0.018907616325494266,-0.00443591640098132,0.016826415405032796,9.782201877582702,0.013541449977463368,0.00200832449209502,-0.00733363084621115,2.340863098333753,-0.560113147094726,-1.066026504578522
24484,1.208,0.9997991902366908,0.006173323021290397,0.002470875597148433,0.018904075188071464,0.0494680507745435,0.054058620382660495,9.78952981635709,0.011697811424612127,0.002835810569531459,-0.00935066259658953,2.3321561423337522,-0.5633934560005978,-1.077290283857112
24485,1.217,0.9997990967822853,0.006167900057411744,0.0024634798872838026,0.01891175161252088,0.06089304617020289,0.11404350799588074,9.763797400722103,0.00897390039309,-0.001087154695072457,-0.006618137946540098,2.3350236291800535,-0.5584297367466353,-1.068770916101122
24486,1.225,0.9997990608480956,0.006165204311983972,0.0024752001333131846,0.01891299995658215,0.07243779359081902,0.1022091417360246,9.740041869191689,0.009695723280400215,0.003450834811565431,-0.008189193799195017,2.326557102514306,-0.5636584468055872,-1.079526121716012
24487,1.233,0.9997991403555448,0.006164891126017207,0.002459856650008893,0.01891090074480607,0.08880381869477992,0.12685884263409017,9.735429683416056,0.010176149700946352,-0.0028708879615310496,-0.008988301966036909,2.323051745440335,-0.5640331284937017,-1.0675844398211807
24488,1.242,0.9997991491752853,0.006170618843479108,0.0024691452537062815,0.01890735553113978,0.07240054204748886,0.10391414939944864,9.740024106177417,0.011700293226694693,0.0028330792060779677,-0.00935162793705272,2.334021989661101,-0.5601061933668813,-1.0653441065410674
24489,1.250,0.9997992842678608,0.006173247234866484,0.002473504930921578,0.0188987822202306,0.05107429539394488,0.04455634711969144,9.725487980105123,0.01089890271936789,0.0016657483734327505,-0.010559941261923502,2.336734081394374,-0.5623381285992033,-1.0689654608275354
24490,1.258,0.9997993755745694,0.006167336370904921,0.0024802756124316177,0.018894993931625238,0.05564906333904231,0.0818058378761058,9.744617811828679,0.008895800232144604,0.0022817055112895786,-0.00939824604711134,2.331387861496047,-0.566032523650976,-1.0723876796285312
24491,1.267,0.9997993917290068,0.006166033636368896,0.002478641808741459,0.018894778704378848,0.0294987583067812,0.05757698705631769,9.708947415753295,0.009938935976876409,0.0002871790364960772,-0.008589262410199845,2.3365431974634774,-0.5665578694423915,-1.0762515350670672
24492,1.275,0.9997993391218674,0.006169093689877555,0.0024689799829247733,0.018897828244738676,0.044120001401719955,0.024298902967281617,9.770367004100843,0.010982172228359911,-0.0017073064806956688,-0.007780201433131964,2.332104829267145,-0.5569788664735925,-1.0702709780300732
24493,1.283,0.9997993892976211,0.006154701164227138,0.00247770570906894,0.01889872450993251,0.013113884397957342,0.03530731108127774,9.713553191273276,0.006893095580101386,0.002896704289871719,-0.008237032484924278,2.3274713471051043,-0.5611360237661788,-1.0709978529888755
24494,1.292,0.9997995530151356,0.006171388528068209,0.002458241895580366,0.01888715968993974,0.02281034712220344,0.03732991813968297,9.753825553469042,0.014190424666425719,-0.004109386976874184,-0.011311868678561729,2.329367414148779,-0.5595970729404366,-1.063185543416836
24495,1.300,0.9997996957811043,0.006138282818427279,0.0024541333227949182,0.018890924532350962,-0.01963371689408566,0.0608742147063326,9.720746984780197,0.0023239810019281878,-0.0001980935533632501,-0.0075201200272034885,2.332922181073265,-0.5673435702202335,-1.0818861831087048
24496,1.308,0.9997995880755911,0.006140091860909128,0.002457617985188975,0.018895583337310663,0.03458719306479616,0.025927385388843493,9.730083801923469,0.010743456357982522,0.001451682591446688,-0.00738220225225046,2.3404569559567494,-0.5597315116787669,-1.0772643721823791
24497,1.317,0.9997996089341465,0.006138557260490116,0.0024551204501220107,0.018895302947116062,0.0392353925764081,0.06322407150192622,9.749194889941004,0.009942290180486911,0.00028387096580106676,-0.008590131484095112,2.3340518366071143,-0.5672253568468741,-1.0694269816433868
24498,1.325,0.999799700229044,0.006132663418735653,0.002461870210682174,0.018891507519851,-0.016949266975967475,0.04151821747028811,9.805907705099564,0.008899796482485966,0.0022767880565083645,-0.009399895918313993,2.340682786494154,-0.566299832365247,-1.0747587746305944
24499,1.333,0.9997998378502305,0.006128270801221755,0.002455336255253994,0.018886499292182647,0.02762419266260034,0.005607038469877772,9.77497925616996,0.009141920950093974,-0.0008846464755210583,-0.009798028670482028,2.332088428918835,-0.5618405977191663,-1.0680275131960835
24500,1.342,0.9997999019048757,0.006135293172572158,0.0024514390588258484,0.01888133404262759,0.006361533822965728,0.017889884674617666,9.758435930655935,0.01194931463922933,-0.0003352786529209672,-0.009752320019049023,2.3328598892568375,-0.5648211471808252,-1.0733650531327414
24501,1.350,0.9997997923079389,0.00613721259605311,0.002454694057098039,0.018886090109914808,0.07697559934390187,0.007212504450100862,9.763160453372013,0.01074637244406202,0.0014490545989098757,-0.007383051665565344,2.335053730287643,-0.5618869559047974,-1.0728885589136818
24502,1.358,0.9997993786224209,0.006135641337857159,0.0024383944373695906,0.018910596081627234,0.044073535771203036,0.03208561527292161,9.77034474489093,0.009866477760018725,-0.0032960762560812983,-0.0026296536144177203,2.3425896797907027,-0.5630658816450064,-1.0684274285813355
24503,1.367,0.9997996086322949,0.006119417776647179,0.0024295885201859086,0.01890482489757933,0.05592842204545834,0.020131365544696477,9.746612113438225,0.006337280376075881,-0.0014375330660764414,-0.009844186826628265,2.337448671514439,-0.5618266902634769,-1.0665235114732947
24504,1.375,0.999799501028156,0.006121244537873061,0.002433056174995066,0.0189094776979114,0.022946832004757882,0.0448575066567289,9.753793516055943,0.010747672782915293,0.0014476045729484824,-0.0073836889709614955,2.3281929231576495,-0.5628310236606772,-1.069511535402715
24505,1.383,0.9997997014701328,0.006118009532281006,0.0024135995476619637,0.018902418808726222,0.03941552850213613,0.06952995414043238,9.749151230013824,0.009387802530605008,-0.0040498240106271646,-0.010195956624814689,2.3301158779204068,-0.5596179341239705,-1.0653772972404592
24506,1.392,0.9997997930555585,0.006112131960912621,0.0024203281667227287,0.01889861530697903,0.006753497261704514,0.022569345742684304,9.758425964905033,0.008903558225929972,0.0022716843431469977,-0.009401791859188064,2.3332862384143342,-0.5569278724693982,-1.0648913464228769
24507,1.400,0.9997999475717371,0.0061075029650169916,0.0024142985522113075,0.018892707735659025,-0.03098473456388908,0.010851755703896997,9.74651792302343,0.009146762709209886,-0.0008900224710813754,-0.009798960221282314,2.3320502913442507,-0.5713129768610139,-1.0628105320797854
24508,1.408,0.9998003371241152,0.006103619594415798,0.002408697625314022,0.018874053356469973,-0.02127135466067267,0.01281986152600375,9.786791186448172,0.009308397234560745,-0.0006840102848190059,-0.012978635761405271,2.3343037021820243,-0.5586900917330618,-1.070482814007044
24509,1.417,0.9998002314722206,0.006098592591352537,0.002401738137935311,0.018882160109908716,-0.03085049736852247,0.0123387567899543,9.746516579723716,0.008987078816024993,-0.0010977005412244228,-0.006619678957371637,2.3394158348025877,-0.5645306593737386,-1.0684367224385527
24510,1.425,0.9998002955109797,0.006105644289399143,0.002397814347873481,0.018876988380633022,-0.014436445519438585,0.03704444683467868,9.741867713409018,0.011956153010776698,-0.00034180552004096584,-0.009754019578269234,2.339955975228275,-0.5628889713927161,-1.0755289478525327
24511,1.433,0.999800114697247,0.006112064421407307,0.0023930974782385437,0.018885084176154695,-0.009718865573488455,0.07448980529787011,9.760935532726783,0.011795738661753003,-0.0005485940676883399,-0.006574567765749124,2.3355975246485694,-0.559029255635061,-1.08048061976152
24512,1.442,0.9998003419742544,0.006095818790088923,0.002384141528640685,0.018879434594656967,-0.009642966157912816,0.07522682993767854,9.760929952884712,0.00634238727143962,-0.001443695824010153,-0.009844847886398183,2.326964673672459,-0.5691691221813912,-1.068483702416375
24513,1.450,0.9998003576978152,0.006094503747140785,0.0023819631086783076,0.01887930144750971,0.056097378504835226,0.09959746613912314,9.744449638065491,0.009951482995127407,0.0002746342827095681,-0.008592682525266872,2.330160001725273,-0.5667556408782158,-1.071413157131226
24514,1.458,0.9998006205201879,0.006093858429116183,0.002381287726693828,0.018865671619536038,0.06103355956736953,0.06517488357456451,9.7656513627432,0.010113622117471657,0.0004793132801465331,-0.0117725403075505,2.3350322811111552,-0.5623474002363295,-1.0699544460363122
24515,1.467,0.9998006617657688,0.006079749067404696,0.002390268985807632,0.018866902188347526,0.011543684267562738,0.06601677384592496,9.777467935341695,0.006901170510934074,0.0028846078100500674,-0.008242012222098291,2.3272638086643216,-0.5738794401767718,-1.0760056946841772
24516,1.475,0.9998008794889566,0.006070675655071854,0.0023920234131281784,0.018858061782464932,0.056054728286317065,0.029996876604099096,9.746586018639137,0.008108020738480184,0.0010965869643460933,-0.010610901886552943,2.3257942093868804,-0.5658162089408992,-1.0753605224777976
24517,1.483,0.9998009972128309,0.006073600661836462,0.002395239226529882,0.018850468860955698,0.039597151442568146,0.006910689007597513,9.751244582678568,0.010916617941003657,0.0016462197697342809,-0.010565944101393446,2.3377426899017024,-0.5631122398306374,-1.0733455843083204
24518,1.492,0.9998009713723336,0.006063806647640543,0.002396166798625082,0.01885487407945667,0.03483060840684822,-0.028814600336906613,9.732191661913413,0.007947346253935358,0.0008907592561211344,-0.007431331406389227,2.3344920729090473,-0.5649656067031736,-1.0628529492329348
24519,1.500,0.9998010400783879,0.006063939740092723,0.0023818369500350884,0.018853003626651738,0.039901835083004926,-0.06330861892427103,9.753416582522313,0.010199651958895252,-0.0028899511135157866,-0.008988845813286694,2.3301653555473427,-0.5667625946060605,-1.0721455264268938
24520,1.508,0.9998010591747585,0.00606258595548743,0.0023803236612050106,0.018852617426540028,0.011661482333898522,-0.0019919829372391554,9.779621478681085,0.009955832612625268,0.0002708533232234304,-0.008593492179546684,2.339640355167577,-0.5642610327501862,-1.065751901513994
24521,1.517,0.9998009980561113,0.006065996086489616,0.0023707816583495335,0.01885596382610053,0.0020714257530706328,-0.0024096558461646515,9.739348901945768,0.011001520815425589,-0.0017218930408520671,-0.0077822505248940875,2.3304239698372617,-0.5638515824228483,-1.0741245406957396
24522,1.525,0.9998010084411796,0.006071809579843089,0.0023799820552084577,0.018852382709977057,0.034697250641751845,0.046247748955598446,9.730008045095856,0.011720198372445466,0.0028119264899305087,-0.009360444467977853,2.3296610597657312,-0.5662534741796158,-1.0699566236101758
24523,1.533,0.9998010214340872,0.0060706331490974685,0.0023780343146572757,0.018852318301030943,0.001902388156891339,-0.0006075931318050046,9.739349214871929,0.009957785064226262,0.00026883646217917644,-0.008593888225823763,2.333063180718704,-0.5618382798098845,-1.0677762513463542
24524,1.542,0.999800995596922,0.006060851294037283,0.0023789487452104256,0.018856719965651022,-0.03616148517664941,0.059330002930701904,9.725255319720231,0.007950185605113388,0.0008875475362799773,-0.007432222560048201,2.335542066267677,-0.5609104374189758,-1.0728942609274923
24525,1.550,0.999801135226231,0.006063471784117297,0.0023831868482303716,0.018847937041228183,-0.00993246087596101,0.013523391459345535,9.763056540098615,0.010921895237795924,0.0016402409110257924,-0.010567607076889215,2.341089403306099,-0.5598458383804551,-1.063585806752519
24526,1.558,0.9998011093324943,0.00605369427390826,0.0023840973069887733,0.01885233787048459,-0.005394631985260943,0.05080039404243418,9.782083956345598,0.007951208715415626,0.000886557969718996,-0.00743242606540788,2.334511906919229,-0.5620615482478062,-1.065566117485242
24527,1.567,0.9998014195135246,0.006061666105456794,0.002381770874935656,0.018833611184975483,0.02258486075150065,0.06285019073803415,9.753695017831486,0.01213177286531196,-0.0001505884745946738,-0.012936172228453694,2.336271017967119,-0.5591968942502249,-1.072416885598446
24528,1.575,0.9998011141662311,0.006071260333822936,0.002381939895523939,0.018846704546340985,0.02256119334301678,0.0638572985239694,9.753688531408686,0.012606802762118096,0.0006141892794043912,-0.005369657631476549,2.338716148473262,-0.556027844989868,-1.072917416933166
24529,1.583,0.999801146231339,0.00606969701977913,0.0023802827227199157,0.01884571640318918,0.05554715808818392,0.040795471253593465,9.746549708712761,0.009961636017899973,0.00026508187439854095,-0.008594593261109763,2.3362226302392317,-0.5620638661570877,-1.0657977477692444
24530,1.592,0.9998011653233828,0.006068370449630615,0.0023787435269838333,0.01884532507878027,0.07184398785423514,0.06548246872602087,9.74186031895929,0.009962248630666205,0.00026447561666968257,-0.008594724929373142,2.3347593899623837,-0.5652398691452892,-1.0660224469790187
24531,1.600,0.999800855654101,0.00607822544478642,0.0023794521574898395,0.01885848393165603,0.04583858698552876,0.04121387169995452,9.70627058976861,0.012608652569558138,0.0006127841098765612,-0.00537008521652492,2.33719574992869,-0.5598620637454259,-1.0653232234471033
24532,1.608,0.9998008554395286,0.006082681341134838,0.002356546348510117,0.018859934766511783,0.050636135868763574,0.07870407499927298,9.72527387627358,0.01125546409773408,-0.00489020984623338,-0.008176498878926755,2.3325780920153876,-0.5674578969219218,-1.068214756430018
24533,1.617,0.9998009071419439,0.006061486723049792,0.002355338315641705,0.01886416810440918,0.10518624044237443,0.04407149702376418,9.734714840013693,0.005145294102797819,0.0003321816139279542,-0.007477948948744158,2.3403959065363162,-0.5650235544352126,-1.0689131941897927
24534,1.625,0.999800971087986,0.006068613897311353,0.0023513475750170485,0.018858984635111993,0.03952088929960446,0.020993155180442143,9.751224743685672,0.011973851236014792,-0.00035811463616427526,-0.009757172604885235,2.338125869600542,-0.5600459277255608,-1.0589665662861274
24535,1.633,0.9998009358929232,0.006066252225518384,0.002363913531422849,0.018860039352771512,0.023081354836848086,-0.0019997598647955228,9.755919847417989,0.009718630847536321,0.0034231866830031665,-0.008202080686076816,2.337501684467877,-0.5694642458070409,-1.0737753511621426
24536,1.642,0.9998012794692126,0.006054015559112427,0.002360649755167669,0.018846161414718118,0.011250484648406818,0.01134607476262968,9.779615579990185,0.007320047406167369,-8.932785246817539e-05,-0.011820282397322614,2.3342694727042543,-0.5632845142643647,-1.0658004360348443
24537,1.650,0.9998015407297995,0.006046569837365725,0.0023492801307900277,0.018836109746669206,-0.010004881136814579,0.023300493630365637,9.763038026355778,0.008367087913827473,-0.0020811507329796656,-0.011007722690404778,2.327962794809014,-0.566755640878216,-1.071429219321366
24538,1.658,0.9998014340135,0.006048476692367209,0.00235267971629713,0.018840737045143417,0.0017171442804097357,0.011425340965266309,9.739342567174162,0.010766484707233648,0.0014307261626467865,-0.007390011700953837,2.326458982997908,-0.5630427025521908,-1.066103986990136
24539,1.667,0.9998014007009245,0.006038977158492525,0.0023533336168398435,0.01884546980673972,-0.043118274631364126,0.04880153622854443,9.770148037586672,0.007957407313934878,0.0008797222999702302,-0.007434313996049486,2.3355083959453737,-0.5574485824422507,-1.068288371917821
24540,1.675,0.9998013919211892,0.0060506221029892155,0.0023411265882921964,0.018843720729134098,-0.03136255462549568,0.03699763357034655,9.746452536855367,0.013024980366044863,-0.0023528596610610576,-0.00894492969540623,2.3367751951399947,-0.5614149220268575,-1.0745895634837184
24541,1.683,0.9998013010609518,0.006045264379072271,0.002333745024907195,0.01885117528365297,-0.005275244315894414,0.06312640821864474,9.782012244396409,0.009005043322373988,-0.0011123204792225531,-0.006621643527486254,2.3328009463817576,-0.5654770450388998,-1.0653020373383484
24542,1.692,0.9998015105961361,0.006043418144143485,0.0023461337148502127,0.01883911259620338,-0.009982232165328585,0.027355248282014747,9.763027531480374,0.009886139463451366,0.003618309276063246,-0.01138447421919361,2.3350181228610385,-0.5606199496118893,-1.0680176861793105
24543,1.700,0.9998017333306052,0.006027454194354769,0.0023374660424586753,0.018833482884305173,0.01792862393422759,0.039241493042806365,9.734626008901623,0.006360700744555936,-0.0014649344199632844,-0.009846303560882265,2.3418003056027152,-0.5610386715763533,-1.0606393862697214
24544,1.708,0.9998016993992044,0.006024875115063948,0.0023490536533320046,0.01883466764360019,0.006143154321104307,0.05255401337241154,9.758310952571058,0.009722795542249908,0.003418511985369937,-0.008204295213308215,2.3352781150997926,-0.5635703662528879,-1.070185195210328
24545,1.717,0.9998017627216528,0.006032231813370344,0.0023457844389069443,0.018829358284136885,0.0177195472954572,0.0407769029850574,9.734620084057767,0.01198210576576146,-0.0003651227762925523,-0.009758444785160334,2.3338150612081,-0.5640609434050805,-1.0704353907409452
24546,1.725,0.9998020524503206,0.006018734253363621,0.002355646761935548,0.01881705828356206,0.027250200106421447,0.04292470079925894,9.774887665672154,0.007078561448864533,0.0030646999304181186,-0.011429373805395578,2.336516733347021,-0.5621287676169713,-1.0726314098410166
24547,1.733,0.9998021952859422,0.0060143283762103695,0.0023489689157872337,0.018811711794183526,0.050573346888807776,0.018266047817843852,9.727516870900036,0.009173513371009051,-0.000916889715868621,-0.009802514820676268,2.334522411234108,-0.5650050111609601,-1.0670030419083854
24548,1.742,0.9998024845433082,0.0060008357448518915,0.002358825356557512,0.018799409946299812,0.05506525526762591,0.05548068467197212,9.746479911806272,0.007079684149049983,0.003063276626657144,-0.011429795223603365,2.3347651334988697,-0.5596318415796598,-1.0668081267637213
24549,1.750,0.9998024667721196,0.0060198453785023824,0.0023576705346366896,0.01879442171641625,0.026931437040704147,0.045146735808994296,9.774878543388365,0.014795745417813647,0.00018322593084939916,-0.009714934701993487,2.3376474787799193,-0.5720221866325643,-1.0603212997329317
24550,1.758,0.9998025385930676,0.006019862603266402,0.0023429258105409434,0.01879243932389896,0.017396393742947977,0.0447780782114556,9.734603083397483,0.010223232797907537,-0.0029092882285026156,-0.008988992256626421,2.329853101372097,-0.5710688472395585,-1.0628289121172745
24551,1.767,0.9998024797278409,0.0060180829143248096,0.0023554142359397323,0.018794579853618338,0.0010892149504304616,0.02169661198696383,9.739325191820885,0.009726497151457975,0.0034144825648681704,-0.008206034054861566,2.336226165565735,-0.5625567612185615,-1.0662813582716575
24552,1.775,0.999802704377298,0.006001939982684987,0.002346348176600826,0.01878892457061099,-0.015273003027356192,-0.001543055605118864,9.744051019846449,0.006366497345630898,-0.0014710454005834748,-0.009846641895898546,2.3404122560523115,-0.5608942120540048,-1.0711497054817347
24553,1.783,0.9998025265871818,0.006008465514607007,0.0023418463812330606,0.018796859513617842,-0.03654580636956865,0.010461038107778167,9.727458859588253,0.011822747182752924,-0.0005665591333084023,-0.00657847689166767,2.3398613571501694,-0.5632543814437043,-1.0625857879343712
24554,1.792,0.999802294812586,0.006013621377616036,0.0023501773412419632,0.018806496533882014,0.006083547294382699,-0.0111203865834777,9.760644804533698,0.01157432624643034,0.0025950762625628863,-0.0061874257392283555,2.340853870303079,-0.5644958907345153,-1.0647641678334545
24555,1.800,0.9998023087683694,0.006012672153217206,0.0023495856407347287,0.01880613204074237,-0.027103484289845305,0.013688236089955372,9.767726009600237,0.009977641943823324,0.00024983125548967813,-0.008597961710693243,2.3357435392339774,-0.5584135113816644,-1.0670567003478506
24556,1.808,0.9998024451950874,0.0060153674890067845,0.002353733201185519,0.018797496533173856,-0.017539866972814122,0.01595135784495949,9.807994545569926,0.0109427736978056,0.0016173034277136781,-0.010573955387879534,2.327685532596267,-0.5554816380149182,-1.0668992861146664
24557,1.817,0.9998022604934215,0.006000280735868012,0.0023621468058571825,0.018811081994484197,0.021993811930452273,0.015223959418159854,9.75591068486051,0.006752511087025646,0.0026648172056585647,-0.0050699039841317125,2.334289188105701,-0.5620893631591849,-1.0684973793557058
24558,1.825,0.9998022342402956,0.005990570306063534,0.002362992652500311,0.01881546548044519,0.059480282813710074,0.02846694719971624,9.767770298779954,0.007966881101348256,0.0008700862104795692,-0.007436606355223048,2.3348078624107957,-0.5611522491311496,-1.0726531740449672
24559,1.833,0.999802307558222,0.005990641287809773,0.0023481115842835572,0.018813409850512944,0.03820248823437051,0.040462067998997264,9.751168647353383,0.010229652960534064,-0.0029146797941199142,-0.008988820637391653,2.3343084121281015,-0.5679739710762113,-1.0711271051034368
24560,1.842,0.9998025165840808,0.005988842620590989,0.0023604432261292232,0.01880132718670889,0.04989167506472193,0.0286074725499681,9.727495475882726,0.009897120534489563,0.0036042574717807378,-0.011389210304994488,2.3293799402884843,-0.5591250390624967,-1.064899040801426
24561,1.850,0.9998026036933,0.005983291110448196,0.002367071013864773,0.01879762885052351,0.075557811540812,0.054706799173194015,9.763020919096132,0.008933157004059968,0.002236032179212694,-0.009413186883560375,2.3352633976942085,-0.5698991931364756,-1.0681719463907982
24562,1.858,0.9998025953163857,0.005995014041677825,0.002354812216334581,0.018795878928264138,0.0659208008507941,0.05416981969304118,9.722746026968068,0.013043528945538455,-0.0023657835395055776,-0.008945373056182296,2.3371887470521044,-0.5578997551366566,-1.0643652738316747
24563,1.867,0.9998028069563006,0.005986317819076405,0.0023568904602879197,0.018787130399024608,0.0776933925894229,0.04235437747188341,9.69907448300944,0.008136077960441633,0.0010615564621575208,-0.010618532738790343,2.3352440889512835,-0.5652352333267262,-1.0655306314063204
24564,1.875,0.9998027533763918,0.005989587042622073,0.002347078315889165,0.018790167945603387,0.016642643608250293,0.055827345074378455,9.734547305269594,0.011031832021604897,-0.0017446915950838473,-0.007784042966361098,2.331141858066358,-0.5672508538489713,-1.0721337519810215
24565,1.883,0.999802796867417,0.005968541539081337,0.002345405390172963,0.01879475888494031,0.0329570276805207,0.08038787804300723,9.7297919232196,0.005158704632703463,0.00031574232028120584,-0.0074808451567553,2.334023706492037,-0.5610850297619845,-1.0655789582502257
24566,1.892,0.9998030132279407,0.005959595862189613,0.00234701002866243,0.018785885696851943,0.004910083349964382,0.06970677589555735,9.758204196710794,0.008137625659840154,0.0010597033380429788,-0.010619012531970081,2.337005069327054,-0.5611522491311496,-1.0726371118548275
24567,1.900,0.9998030795040022,0.005966872514510766,0.0023430395753314473,0.018780543449502602,0.021714049299706082,0.02271253731800269,9.755896754215492,0.011998741513663074,-0.0003793269274567849,-0.009760874098831824,2.3337795385020206,-0.5615732890048953,-1.0655761072433205
24568,1.908,0.9998033482548456,0.005959232838354945,0.002331477190135779,0.018770097935024554,-0.011282778914224405,0.04744960379189454,9.762949131738132,0.008389834727405293,-0.0021044048592263292,-0.011008832355314732,2.3418519575514236,-0.562570668674251,-1.0677050490437465
24569,1.917,0.9998034187053165,0.0059594686634907275,0.0023172027210975263,0.01876803798909226,0.01028584524939758,0.03698616534458639,9.77955328515158,0.010237304938412184,-0.002920580349527789,-0.008989119107725381,2.327728312340508,-0.5562696567020418,-1.0727512869379603
24570,1.925,0.9998035622709488,0.005955040642939635,0.002310603057037719,0.018762608421423837,0.012530664967241556,0.02362588873032194,9.715621499028689,0.009188929616533314,-0.0009322366228218833,-0.009804578545718201,2.3404065633481403,-0.5657698507552682,-1.0703709792390803
24571,1.933,0.9998036630470609,0.0059421402670244315,0.002306213610186254,0.018761868390718306,0.038466687870777026,0.04966903551196408,9.75112505637782,0.0071752652046892336,-0.0003099951648846349,-0.00864313505048198,2.3455531965521543,-0.563109921921356,-1.073044351200378
24572,1.942,0.9998038064281326,0.0059377173323549685,0.002299609187862559,0.01875643788894453,0.022267036216719834,0.026427473480899737,9.755886150088465,0.009190132532484895,-0.0009333630084880273,-0.00980481587864579,2.337942056322651,-0.565251458691697,-1.0672198615304853
24573,1.950,0.999803854344315,0.0059165560449740764,0.002298255204943715,0.018760736281714575,0.031929850153592204,0.028490276700729403,9.796152473423472,0.005161703300775336,0.00031197014911889167,-0.007481775035237325,2.3396423769924044,-0.5608455359590923,-1.0660284744754407
24574,1.958,0.999803918400864,0.005923809119546045,0.0022941619841186397,0.01875553402557849,0.006048437095628678,0.003800678479936202,9.760650421261062,0.012003450245031086,-0.00038337395438508865,-0.00976219049021931,2.334497494507537,-0.5639960419451968,-1.063594589918
24575,1.967,0.9998039928261641,0.005916980618814232,0.0022693626483258397,0.018756739119245275,0.03939393709215793,-0.019258190772465194,9.75360509779078,0.008478730917126477,-0.005463636201519123,-0.008216620590011915,2.340911604670375,-0.5555372678376757,-1.072661867339169
24576,1.975,0.9998041295739005,0.0059197296368073355,0.00227345500233098,0.018748084978354354,0.0395522753665962,-0.01846529904024395,9.753605990895842,0.01095513512672303,0.0016038982673534786,-0.010578458903039935,2.339658218185247,-0.5640400822215463,-1.0681954503469024
24577,1.983,0.99980410175845,0.00591717399883965,0.002285206671691327,0.018748946352108463,0.006238502993863308,0.0062670899600446315,9.760649028554209,0.009738309350323226,0.003400670758466574,-0.008212757993663214,2.339922016856186,-0.5635773199807327,-1.0708836554379226
24578,1.992,0.9998041720637609,0.005917277844876944,0.002270396342179036,0.01874696368093407,0.0062187099185806545,0.007080187709900367,9.760648485445042,0.010243742305964865,-0.00292574854092395,-0.008989571073035246,2.333989680343527,-0.5627498968358227,-1.060924394446218
24579,2.000,0.99980406861403,0.005912373096485614,0.0022635879085025293,0.018754849958898225,0.006383107269757995,0.007864303399475824,9.760647778172686,0.009026399261400789,-0.0011284885215722843,-0.006623939986825117,2.342051578133948,-0.5610479432134796,-1.0616140939761518
24580,2.008,0.9998044538254732,0.005908726805024569,0.002257723052740638,0.018736161424058193,-0.010426189905580021,0.05641160608445113,9.762902414118823,0.009363334234978458,-0.0007482427115100036,-0.012987540676614482,2.338648435058345,-0.5544749867084364,-1.0636546462721377
24581,2.017,0.9998045138712314,0.005887436573832397,0.002257147730380909,0.01873972831777097,0.00132613960557663,0.04430711006957455,9.739248543858595,0.005164754072398698,0.00030794089708819326,-0.007482696207963236,2.333072069867277,-0.5623381285992032,-1.068992231144435
24582,2.025,0.9998046742176822,0.005904493539703754,0.002237413665545874,0.018728169921382768,0.017707490940959844,0.06901428404180769,9.73446087026732,0.014277826910836889,-0.004175169933771135,-0.01131313449993769,2.3333658510370694,-0.5670414928667393,-1.0757818541165698
24583,2.033,0.999804797990065,0.005871668572564883,0.002232799070718769,0.018732432637782667,0.013395776668474996,0.033074887477124865,9.715592770074883,0.0023526580178851353,-0.0002442916224845082,-0.00752532408283592,2.336963311705441,-0.5713523813188003,-1.0669249309993694
24584,2.042,0.9998049404139767,0.00586727699878633,0.0022261652802516223,0.01872699582339895,0.02966554299127644,0.057463390822787876,9.710803880427964,0.009197438226466594,-0.0009407063982121057,-0.009806365161926671,2.3355479114687934,-0.5538376321246142,-1.073693847796291
24585,2.050,0.999804962031227,0.005859057871906224,0.0022138414938419827,0.018729875718514574,0.027692844488003854,0.07239091265896155,9.774712612099325,0.008232489598830228,-0.0023056831870446634,-0.007828526472228519,2.3325803171694766,-0.5611128446733632,-1.0685191435596568
24586,2.058,0.9998049805951044,0.005857872893162913,0.00221217775691809,0.018729451993134253,0.029872497967248675,0.05891039467332437,9.71079457599071,0.009995436539718187,0.00023321188301703193,-0.008602791168779836,2.3445553295771755,-0.5618614589027001,-1.0701336020056271
24587,2.067,0.9998050774524697,0.005845113390309221,0.002208286991806271,0.018728727086427026,0.049156070938162474,0.06266748152241448,9.791321093311206,0.0071829928316401856,-0.0003186596715612971,-0.008645082327292912,2.3340827001994326,-0.5596967430395435,-1.0736489275866667
24588,2.075,0.9998051739656889,0.00583225810263773,0.0022041029125435983,0.01872807537400646,0.051279635312928035,0.04902423026738683,9.727406786550697,0.007183443298451045,-0.0003191025936164084,-0.008645178841902797,2.3338582306667583,-0.5592339807987298,-1.0763407020532738
24589,2.083,0.9998055681208987,0.005821334943023804,0.0021868921971995277,0.018712442824144027,0.06106446368180949,0.05116452100490385,9.76766800246581,0.007607008183335502,-0.003294403815676331,-0.012214521791037549,2.3304222699504304,-0.5626286164062898,-1.0738920068339304
24590,2.092,0.9998056368180118,0.0058214727338445115,0.0021720566316091633,0.018710457293417283,0.02888762782992284,0.004045852037650992,9.777259079300741,0.010251850612647074,-0.0029319940890879504,-0.00899060535891187,2.337995713152081,-0.563612088619956,-1.074559779418608
24591,2.100,0.9998058481078649,0.005812669146530402,0.002173113958258305,0.01870177912475523,0.07313230153473554,0.039948855531953514,9.744015078043203,0.008150554384407843,0.0010429725683059538,-0.010624090848082404,2.335294176566001,-0.5635912274364219,-1.0723823030973312
24592,2.108,0.9998059483345,0.005792661030415354,0.0021582176360766094,0.018704353765194266,0.0245760669561873,-0.03127657914506419,9.75841730872924,0.005423160181338111,-0.0028603855590453487,-0.00787092758320674,2.3367752629164147,-0.560438403541036,-1.0745988348731157
24593,2.117,0.9998061159157531,0.005775349038678697,0.002161933557636861,0.01870031989647661,0.04601887157300268,-0.04195771442504681,9.775041039156354,0.0061345492614985715,0.0016661961155987296,-0.009462685623474605,2.334354845807581,-0.5675459774746212,-1.077478941360589
24594,2.125,0.9998062572735895,0.0057709822841031325,0.002155276660803976,0.01869487797684985,-0.0033543399481165857,-0.04140540919879366,9.786866087115857,0.009203267442110337,-0.000946171403653073,-0.009807696487261425,2.3367542203984484,-0.5550397369576388,-1.0717203503321302
24595,2.133,0.9998063531113808,0.005758128716129601,0.002150660612125228,0.018694247530766216,-0.03433712866000132,-0.031146588638710136,9.729981166319076,0.007186732490550622,-0.00032243662337566733,-0.008646080002890584,2.3357049611126612,-0.5742332606813524,-1.0617794552004698
24596,2.142,0.9998064670522141,0.0057667613900758965,0.002133350990089771,0.018687474874725794,0.013063500284580762,-0.016012890616391995,9.782063911974461,0.012273202039823787,-0.0035592676078035888,-0.010152742744856134,2.3359688953364404,-0.5718174614688957,-1.0644862030702846
24597,2.150,0.9998063299446874,0.005776866438218039,0.0021483039711514807,0.018689976103192816,-0.02454640253811062,-0.02779067572190132,9.770250782742146,0.012559642174325704,0.003943194963449299,-0.008176657605123115,2.336981683046263,-0.5638075421464988,-1.0694380152527578
24598,2.158,0.999806210515314,0.005750272524100179,0.002154003407199602,0.0187039046786586,0.012803490696617,-0.014326131330065875,9.782066867419251,0.003949435464386276,0.0021010361170666846,-0.005119511025727081,2.336284922055659,-0.5645862891964959,-1.0743188777452075
24599,2.167,0.999806022812278,0.005764187832803586,0.0021597664518563753,0.018708989705393326,-0.02051124632537992,0.010235096256966947,9.789075803812231,0.013612436990366853,0.0019548155651758167,-0.007359667217026711,2.3410964909032095,-0.5605874988819475,-1.0645553456046946
24600,2.175,0.9998062100524641,0.005768318589554915,0.0021506295732010173,0.018698760216029283,-0.030930751985692034,0.08137970441130726,9.746184386437074,0.011225071840367052,-0.0015750648533300713,-0.010969828749385126,2.3404066650127704,-0.5643050730265358,-1.0703848863231762
24601,2.183,0.9998063482373506,0.005764176434487788,0.0021446396061530638,0.018693336119753424,0.002318728680481898,0.05836611035819104,9.739174253018053,0.00920797133702094,-0.000951044652615935,-0.00980830137288639,2.340428165021574,-0.5631122398306375,-1.0733259527425938
24602,2.192,0.9998063665809314,0.005763030358435263,0.002142941863131034,0.01869290307832688,0.023742816878628104,0.04801927139548824,9.755800287119794,0.010004556757670015,0.00022488339248450434,-0.008605212525728156,2.3289573636749616,-0.5640933941350221,-1.0738888078765942
24603,2.200,0.9998063804944759,0.005762007339841373,0.0021408873299604853,0.018692709685640664,0.04645842484202135,0.09511744241650637,9.705889077041183,0.010005178503876933,0.00022427305765159475,-0.00860534566434871,2.330377739487043,-0.5613500205669739,-1.0678005186067794
24604,2.208,0.9998063255691148,0.00576538537324921,0.002131000703251264,0.018695735328857193,0.06791490282202813,0.08485161146014907,9.722512945145898,0.0110578581076892,-0.0017633618062341944,-0.007787845363296233,2.338215066080158,-0.5606500824325494,-1.0711680855192238
24605,2.217,0.9998063754606934,0.005744174447783809,0.0021293561454256743,0.018699783166422065,0.07318387963205522,0.0504575025713056,9.7439659391409,0.00517361406961191,0.00029653190132489265,-0.0074853362797410875,2.3330771525836647,-0.5662511562703342,-1.0696875148825131
24606,2.225,0.9998064397463744,0.0057515214562724746,0.002125184011001027,0.018694561656738037,0.06142463504078714,0.06387717897251043,9.767590882398459,0.01202537594851825,-0.00040256346127144,-0.009767503407454081,2.335267356623338,-0.5642888476615648,-1.0687135030769446
24607,2.233,0.9998066481639388,0.0057358380386180845,0.002116118544594245,0.01868926139500252,0.1012014597197869,0.0631374096230388,9.715500306811036,0.0063973992066174035,-0.001506719162249495,-0.00985024098746108,2.3350518270715517,-0.5635935453457036,-1.0726282108836804
24608,2.242,0.9998067397050382,0.00573018643510106,0.0021225900161096064,0.01868536366853131,0.09021029831660167,0.004776440271492653,9.74179430832913,0.008955564756642175,0.0022083949134147777,-0.009424044581120039,2.34409383048391,-0.5618962275419236,-1.0737990178595525
24609,2.250,0.9998068313867571,0.005717464863146454,0.0021183276080993484,0.01868483866821178,0.06219150926746712,-0.0057842813571533595,9.770253262729366,0.007194115283638004,-0.00033065772864017623,-0.008647411035498574,2.3343075594465232,-0.5545445239868833,-1.0710104636090945
24610,2.258,0.9998068526234315,0.00570917775181224,0.0021059126288720687,0.018687639461057566,0.052657388031783645,-0.006765862005654611,9.729990872928596,0.008247109068623108,-0.0023177599756797097,-0.007829468999372282,2.336029261516346,-0.5506546754085678,-1.072743918042022
24611,2.267,0.9998070399922685,0.005691445997423851,0.0021097520640865762,0.01868259003953109,0.024744509367842542,-0.017402122888497875,9.758451488615888,0.006142333335159218,0.001654988305970888,-0.009465759829315516,2.3392680356098228,-0.5651440857178536,-1.0816165187536664
24612,2.275,0.9998069386331406,0.005686358159467669,0.0021023191697637947,0.018690399835690222,-0.008448056819381817,0.007036736762645915,9.76543814716558,0.009043542815613129,-0.0011411101767253996,-0.006626713797481167,2.334014156523367,-0.5701062362094261,-1.0642725824055208
24613,2.283,0.9998070622600218,0.005689574899639917,0.0021061747218194364,0.018682371918138874,-0.012872601689909554,-0.028815121605443125,9.746654213884524,0.010977278068215366,0.001580106412257892,-0.01058671141139347,2.338464418451193,-0.5626100731320374,-1.0718801273483036
24614,2.292,0.9998072785106235,0.005673580988016126,0.002096947128103475,0.018676700155416323,-0.02023737605116697,0.02127924962274154,9.789058592249734,0.006401296015380952,-0.0015108236070496572,-0.009850627938227993,2.334291599644945,-0.5530588850746169,-1.0688272628061875
24615,2.300,0.9998073503533629,0.0056808725697031805,0.0020929072733195274,0.018671090096207835,-0.05249774360261837,-0.025863541515506735,9.798743100148515,0.012031547756683254,-0.00040750779160366206,-0.009768771788886528,2.3299123322969635,-0.566262745816742,-1.0709313313166062
24616,2.308,0.9998076126212745,0.005673372414612334,0.0020812060104969136,0.01866063159528038,-0.08344521184764937,-0.01558244369891063,9.74184331300854,0.008422286646203012,-0.002138041243282098,-0.01101253181662534,2.336778798242918,-0.5609312986025099,-1.0750824453755288
24617,2.317,0.9998075033726518,0.005675622137488797,0.002084162076209224,0.018665470300480512,-0.05023162187524414,-0.03861744240688138,9.734868095516672,0.010808202208927834,0.0013949693455358864,-0.007404848529535477,2.3355205662588734,-0.5621032706148741,-1.0699531945080747
24618,2.325,0.9998076435054889,0.005671321629419271,0.002077441979193647,0.018660019662383183,-0.045854686884951736,-0.00113358679911758,9.753639809005124,0.009218746345205758,-0.0009615750224373954,-0.009810102410773385,2.332335945850199,-0.5645306593737387,-1.0684884783845592
24619,2.333,0.9998075342811594,0.005673654449296989,0.002080874664257418,0.018664779678589125,0.013116388771862426,0.0014700780313075096,9.782076835728454,0.010809347592938565,0.0013939193062869877,-0.0074052090643649,2.3267765571070123,-0.5592316628894484,-1.0761483349007244
24620,2.342,0.9998073083508102,0.005678939135084296,0.0020891133075380103,0.018674352042215275,-0.020232504438955044,0.02618875169467713,9.789046701789959,0.011604923511991902,0.0025714329880002695,-0.006202879002039731,2.3292031807194937,-0.565560489773036,-1.0741172392032607
24621,2.350,0.999807202420888,0.005681081716008485,0.002091542498416615,0.018679099224294202,0.002280896500244195,0.0733460290832005,9.73907296850385,0.01081063775727211,0.0013926189944842289,-0.0074054273709117735,2.3282002818604415,-0.5596666102188833,-1.0705181598124798
24622,2.358,0.9998070250319229,0.00568770317804599,0.0020866085641303546,0.018687129102010022,0.0450743394886351,0.05212620423943819,9.772361961623982,0.011864773698559967,-0.0005939245019720549,-0.0065865932863299744,2.334531571488361,-0.5615987860069924,-1.0682561072640555
24623,2.367,0.9998069956020782,0.005685371480889558,0.00209806428142922,0.0186881305256041,0.035318215778751674,0.05134347413582067,9.732097127117596,0.009758252558959896,0.003377197933971707,-0.008224851228852756,2.3389313221988433,-0.5618498693562924,-1.0689540343320942
24624,2.375,0.9998070137760809,0.005684281246704637,0.0020963149250676225,0.018687686175658736,0.07273918582348078,0.06503604326894477,9.743882872226244,0.010017701168979955,0.00021237489005700183,-0.008608091027067888,2.3328207634478337,-0.5628171162049878,-1.0680128877433062
24625,2.383,0.9998071023000693,0.005678868031999837,0.0021031121192628508,0.018683831716968857,0.04470565522435609,0.05459411058446693,9.772350178078597,0.008964616646212606,0.002197497987735293,-0.009427464171497498,2.336040652401012,-0.5665393261681392,-1.0743021196542064
24626,2.392,0.9998070740344853,0.005669288978471638,0.002103829918167579,0.018688172001436153,0.07250853870755328,0.06650594995371159,9.743874668444594,0.007997873054666321,0.000837957347128003,-0.007446658782836224,2.329142792119158,-0.5613314772927215,-1.0658564572572988
24627,2.400,0.9998072054745712,0.005672423688535258,0.0021077831418066803,0.01867974145575395,0.0444759824548337,0.05606430275009437,9.772342903192817,0.010986978316489098,0.001569552278349666,-0.010589355666923705,2.3304223546709557,-0.561407968299013,-1.073903596070677
24628,2.408,0.9998071014494454,0.005674536231664542,0.0021110153441344834,0.0186843020750342,0.05613338160047328,0.04421698276338051,9.748732750394119,0.010814891284411073,0.0013888482019136575,-0.007406352599567971,2.3309102331601523,-0.5670229495924869,-1.0738467162060557
24629,2.417,0.9998071399946201,0.005660606016046716,0.002119365236964932,0.018685519695813498,0.03454038790092158,0.055992138797617705,9.732074282217535,0.006945475288459952,0.002821812204473596,-0.008266554257726641,2.325070814838768,-0.5646071503800301,-1.0765980812707039
24630,2.425,0.999807058098,0.005677082580444237,0.0020987760702274546,0.018687226915866176,0.028091877845787042,0.03458633364985661,9.777201064626563,0.01415136558197716,-0.00438883130053886,-0.008130778935405475,2.3323802899284303,-0.5684946810490639,-1.0745544702908674
24631,2.433,0.9998070161141803,0.0056749248344373305,0.002109354036820573,0.01868893743717184,0.028130888635234223,0.03556246584832904,9.777197447533318,0.009762454251691359,0.0033724558480504843,-0.008226689370094813,2.334782301808232,-0.5694202055306911,-1.069156643855307
24632,2.442,0.9998071099508847,0.005662168324736003,0.0021050659263106434,0.018688270090307504,0.023650243685601896,-0.0004458209754989288,9.758469708613712,0.007206578796956917,-0.0003443647630664345,-0.008649253372054756,2.3337635278681264,-0.5608200389569951,-1.0633859528983656
24633,2.450,0.9998070695665474,0.005660163177539748,0.002117019802083736,0.018689687656959945,0.007388016548868878,-0.02371347287432668,9.76334705771205,0.009763448218491252,0.003371457671333165,-0.00822704548477984,2.336300695472082,-0.5687573539447718,-1.0764765822272722
24634,2.458,0.9998069654880593,0.005662290810591148,0.002120238999319815,0.01869424539587528,0.013699961020900438,-0.0006250422417286274,9.71821022877746,0.01081840068672741,0.0013857195810448423,-0.007407180531786211,2.330187211382352,-0.5604430393595989,-1.0751352676406472
24635,2.467,0.9998070503041145,0.005656827474229471,0.0021260278119502535,0.018690705467041498,0.028474862749870353,-0.033103153968100235,9.780013852543835,0.008970383064193068,0.002190877782867885,-0.009429192071897383,2.3321309545015,-0.5662905607281207,-1.073844746309137
24636,2.475,0.9998068730127544,0.0056634890382187,0.002121067726638854,0.01869873364887488,-0.01443457179622231,-0.01019168268647716,9.746689292425067,0.011874120811280298,-0.0006003422966974679,-0.006587223184615044,2.3324095044662325,-0.5590107123608085,-1.078550835914386
24637,2.483,0.9998070094211485,0.00566641681064404,0.002124288578374779,0.018690185416527814,0.023084018486100605,0.0036710573803486668,9.75847038615964,0.010994105817853437,0.0015618412867364018,-0.010591060533857666,2.331143862947081,-0.5640794866793327,-1.072408007095119
24638,2.492,0.9998068320510807,0.005673084446483342,0.002119323579025347,0.018698212866829243,0.0391758009595989,0.028565308333558293,9.753583160325029,0.011875567008539333,-0.0006014663662067131,-0.006587412376105016,2.3359535285785387,-0.5617872858056905,-1.0623841269246046
24639,2.500,0.9998068929461588,0.0056807825729221035,0.002115457662033975,0.0186930566143835,0.017789853259493258,0.04056104179954877,9.736913022159209,0.012050314784154527,-0.00042473521667761734,-0.009771046246578083,2.3367848467732952,-0.5509289378506835,-1.0759098464125194
24640,2.508,0.9998068621507763,0.00567839622072593,0.002126835321590655,0.01869413769326484,0.03909370635414855,0.030429934478787085,9.753577849581463,0.009767344644443858,0.003366840477709321,-0.008228794662398566,2.338506927089753,-0.5673041657624471,-1.077695042614008
24641,2.517,0.9998066884591379,0.00569203596031371,0.00213207857337951,0.01869868123575807,0.010953877050849091,0.020173719530157418,9.782058806501365,0.013639954351821996,0.0019333560537981881,-0.007368226006793229,2.3362457962466565,-0.5625822582206587,-1.0689667123557725
24642,2.525,0.9998067066320477,0.00569099669687223,0.002130281433845148,0.018698230696726242,0.010865510094056494,0.02113918369601515,9.78205686379,0.010029653992597908,0.00020086110725105302,-0.00860985199218245,2.333309472198179,-0.5564697460471475,-1.0680695823988022
24643,2.533,0.9998064381415943,0.005687869212119672,0.0021412785247761097,0.01871227727253931,0.022524405940523167,0.009182214356907265,9.758468063810586,0.00959461534388954,0.0031883650134639113,-0.005045848043313678,2.3279238045528516,-0.5627985729307353,-1.0660955967107253
24644,2.542,0.9998065267399797,0.005689466002963494,0.0021583398131032124,0.018705096471046095,-0.004531234273493152,0.05598905106084763,9.720221184319811,0.010738233168545941,0.0047203359636561505,-0.010211874322065155,2.3323324444119056,-0.563549505069354,-1.0680095035768447
24645,2.550,0.9998062717870766,0.00570095309008396,0.0021454218521281677,0.0187167089566579,0.023300150609601784,0.06815429708578048,9.691730200123247,0.012935773266287344,-0.002589763424960116,-0.005766541920885696,2.3281842373383372,-0.5594016194138939,-1.0683233697728258
24646,2.558,0.9998062407226042,0.00569858154359737,0.002156782360683052,0.018717784868255507,0.004971277182239876,0.05962845953183107,9.760469629456088,0.009770884629995449,0.003362677901367386,-0.008230100963987618,2.3396763692527034,-0.5596689281281649,-1.0706784025847493
24647,2.567,0.9998062174339291,0.0056890550247530435,0.0021575983462453034,0.018721832249040563,0.06594997783921111,0.04779688291799711,9.725074199293744,0.008009064810558384,0.0008260784740732441,-0.007448888043403961,2.336775127363574,-0.5623914405126792,-1.074580292094321
24648,2.575,0.999805990357359,0.005694408070578565,0.0021657802303258014,0.018731384312451624,0.01645997117991267,0.048386448514019145,9.736879618078335,0.011620927931783598,0.0025576756842361163,-0.00620797056033058,2.332078946726585,-0.5698852856807864,-1.0667304087407758
24649,2.583,0.9998061203681055,0.00569052242607705,0.00215900222912073,0.01872640751374372,0.07536842993496812,0.05121890459200135,9.765326797696504,0.00924063427314508,-0.0009841102592569129,-0.00981139817351129,2.338008595117994,-0.5580133326914529,-1.076321951597534
24650,2.592,0.999806135689762,0.005696667612530711,0.002167873523659469,0.018722695842305532,0.05918028355020738,0.028110787076574748,9.770233241332443,0.011797347232348427,0.0027315369371663486,-0.00939217681052627,2.3398859688828493,-0.5686576838456648,-1.0659525186724685
24651,2.600,0.9998060298702884,0.005691832901610267,0.0021605767205561724,0.018730658863680416,0.0870329928960428,0.040167247360586036,9.741741574653352,0.009066698328351391,-0.0011601402899465514,-0.006627709156752347,2.3403708881451153,-0.5654793629481816,-1.0654908351153114
24652,2.608,0.9998062606363349,0.0057118147332202536,0.002159482751733341,0.018712375559725845,0.09238828549998863,0.006199132895832583,9.763335162053783,0.01505446375259801,0.00029144164436267214,-0.012916100773092494,2.336715879494603,-0.567441671556951,-1.0664755550476401
24653,2.617,0.9998061466569974,0.005707277994905251,0.002152748707201968,0.018720623861924687,0.0924231240789633,0.007187972365467559,9.763334150276235,0.009068023025586217,-0.0011612923283845287,-0.006627892608007159,2.3319569114656447,-0.559301200167895,-1.0834345494137416
24654,2.625,0.9998062111471333,0.0057147829022506655,0.0021484386330597547,0.018715384565494566,0.033512786130143316,0.006033408154392414,9.734882482393353,0.012062507382332265,-0.00043622957011815787,-0.009772315444868071,2.3345155947426783,-0.5603572767161815,-1.066070588613799
24655,2.633,0.999806188630885,0.00570514810224187,0.002148566586684543,0.018719511802868516,0.04312117289466605,0.008649608999666894,9.775140472947063,0.00801323099318215,0.0008214910830058934,-0.007450014746989757,2.3406259162762164,-0.5628078445678616,-1.066979285339696
24656,2.642,0.9998060350151152,0.005705985296983092,0.002164901847780669,0.018725578205625124,0.011843304476698128,0.018576689116904993,9.718194934267443,0.010569450340688433,0.004537496480620916,-0.007031858632185892,2.3348021188743093,-0.5667602766967791,-1.0718674942602646
24657,2.650,0.9998061651948188,0.005709234550480128,0.0021690896135194457,0.018717150678642092,0.030840235386739863,0.023066322573639216,9.798710791315399,0.011008923455015278,0.0015452883576235778,-0.010594587748604401,2.3357896509754608,-0.5626239805877267,-1.0733644975053656
24658,2.658,0.9998063522800038,0.0057135678325826176,0.002159766983353132,0.01870691021396518,-0.016316837530657446,0.009154761155873338,9.746687351862807,0.011272693036826332,-0.0016203088088767499,-0.010973215786759137,2.331626845105044,-0.5630960144656666,-1.0716813398132619
24659,2.667,0.9998063191456414,0.005711319568479672,0.0021708516124651885,0.01870808457613382,-0.006766300984263999,0.011824761068660875,9.786944766912482,0.00977796291848323,0.0033545247111437023,-0.008233314353133934,2.340884259460455,-0.5638029063279355,-1.0689212140509528
24660,2.675,0.9998063835700635,0.005718845646834132,0.0021665236515288487,0.01870284342785523,-0.03794548961917562,0.02185222116289746,9.72999307897046,0.012067543901647076,-0.00044055688322466814,-0.009772769264414127,2.331595998456831,-0.570380498651542,-1.0674617117173315
24661,2.683,0.999806511101936,0.0057150960721133685,0.002160067888642398,0.01869791811348167,-0.0003565730857210586,0.03573731594272331,9.741751126626355,0.009249496730294925,-0.000993088475802601,-0.009812305925857393,2.3340628323010395,-0.563089060737822,-1.070931123639661
24662,2.692,0.9998065783016676,0.005715466288613504,0.002145048213890783,0.01869594068175134,-0.037730041670616415,0.023503226240541176,9.729990067933787,0.010306613690116859,-0.002977051017325526,-0.008989895980138322,2.3313200803047094,-0.5654561838553659,-1.0631156375781055
24663,2.700,0.9998065415175532,0.005713437209559518,0.0021567094951780758,0.018697186368959718,-0.0024142962994999724,0.05196163622967951,9.80556591865143,0.009779944818909193,0.003352134673318037,-0.008234475131102597,2.33504320902866,-0.5591876226130986,-1.071449316643189
24664,2.708,0.9998067582979733,0.005697576261939044,0.0021473336663374613,0.018691512634423552,-0.0002922475762975312,0.03800444826091256,9.741742546845012,0.006432400054376278,-0.0015468812732276167,-0.009851840889503123,2.337499081067153,-0.5555442215655202,-1.073419222263943
24665,2.717,0.9998068358866287,0.005697757122935087,0.0021322126607145526,0.018689038158935103,0.04923880170171514,0.0389394948796765,9.729933208594051,0.010308776776259979,-0.002978705446776704,-0.00899001561983801,2.336972963338742,-0.5608663971426261,-1.0682452139281702
24666,2.725,0.9998068052340714,0.005695430394045813,0.0021435243139190214,0.018690093198860024,0.061043247402738365,0.026972990812978066,9.706369537222795,0.009781247246321574,0.003350650788177098,-0.008235259669417988,2.333842050591814,-0.5609220269653835,-1.0741273692348254
24667,2.733,0.9998068986640529,0.005689951672349247,0.002149845041668444,0.018686037569043523,0.06397642445232855,0.00744936542389896,9.791827642987283,0.008989213144756744,0.002168040769238388,-0.00943563139935506,2.333100725249611,-0.5609104374189757,-1.0729121078054253
24668,2.742,0.9998069167985607,0.005688985298427548,0.0021479817473527237,0.018685575785707224,0.054259943255560286,0.00637873125057649,9.751570464497023,0.010046760208171874,0.00018451484705185676,-0.008612754003678016,2.333550906710955,-0.5696504276964572,-1.0676985108555888
24669,2.750,0.9998070460322585,0.005692285924756725,0.0021517959268243063,0.01867721498216345,0.054189474866238395,0.007238939952391463,9.751570256373853,0.011017346017178825,0.0015363964582225417,-0.010597110088709397,2.334365960110241,-0.561700774015381,-1.0789993082883085
24670,2.758,0.9998068684962663,0.005699047740481932,0.0021467670368653822,0.01868523357712218,0.0112587628796235,0.03003002467242958,9.718166986665938,0.01189774583458678,-0.0006172810904500229,-0.00658969310534937,2.329877148472985,-0.5588924989874491,-1.0661184047659684
24671,2.767,0.999806749115435,0.005679658227204221,0.0021627145159084753,0.018695683233612686,0.0486182562583393,0.043805088259180454,9.729915638555967,0.0057296381685758594,0.004608581922804085,-0.005914180801749913,2.3281788665721628,-0.5596387953075047,-1.0675886826298089
24672,2.775,0.9998068895565975,0.0056755202723903905,0.0021558356254578353,0.01869022304725523,0.058086773371504814,0.0462833706360303,9.770170615466148,0.009256929026898168,-0.0010002640674350576,-0.00981308606027296,2.3318035877299295,-0.5569046933765825,-1.0624608235640778
24673,2.783,0.9998070841262919,0.0056799577986009235,0.002146898071500164,0.018679492470605918,0.02066920713163167,0.03405649910206703,9.758417062642783,0.011285067279370361,-0.0016315718179232023,-0.010974306118462309,2.3357750521786116,-0.5672439001211266,-1.071367473617281
24674,2.792,0.9998071022349937,0.005679007732861669,0.002145020083178183,0.01867902782476201,-0.007176228399394454,0.023729615969662176,9.786922850529004,0.010050603122533123,0.00018091301034597806,-0.008613472840177576,2.3308728750144008,-0.5652653661473864,-1.068736356067827
24675,2.800,0.9998073507779079,0.005679207248716078,0.0021438404204941314,0.018665794484548012,-0.0007493653955207436,0.046665558308702705,9.7417048851935,0.010229301162151734,0.000349242640999732,-0.011798163083806467,2.3401108789622556,-0.5627730759286381,-1.0633210082369444
24676,2.808,0.9998075345247021,0.005690767446937907,0.002145143796712723,0.0186522768474464,-0.016870728290642067,0.023619357465117792,9.746662090738294,0.013050246098491734,0.0009002713379284269,-0.011759595133214848,2.3333236982247163,-0.5572206781857663,-1.0700156136452017
24677,2.817,0.9998074334270075,0.005693107754911625,0.002148867653420148,0.018656552629029818,-0.033028670945060935,0.0005965735808915268,9.751623547244,0.010844911335151478,0.0013618208700566083,-0.007414128238319594,2.3284460141844483,-0.5623543539641743,-1.0707350019023996
24678,2.825,0.9998071088481383,0.0057089767467543824,0.0021274968857789003,0.01867154086393076,-0.03289773597765655,0.001605131471206005,9.75162387875508,0.014018873189301933,-0.004585596515063137,-0.004942663829151901,2.3345260312811362,-0.564277258115157,-1.0674982416475451
24679,2.833,0.9998069844239236,0.00568268307834141,0.0021331097163511384,0.01868557874698186,-0.028569480027407848,0.03912662209037075,9.770201022147472,0.003969056908938087,0.002070948426198496,-0.005131105819309433,2.333065050046586,-0.5606199496118892,-1.0680319636816569
24680,2.842,0.9998069240936227,0.005700618018811148,0.0021444160205543045,0.018682049367870046,-0.027619400710597573,-0.03180321057150523,9.773304581362316,0.01463733395323525,0.003262887301562274,-0.009361184594284224,2.3347719161020892,-0.5647678352673494,-1.067735944363609
24681,2.850,0.999806893193105,0.005691366916739796,0.0021453219501940033,0.018686419129972456,0.00011410281111093643,-0.019690561980003178,9.744791912668058,0.008026719845667486,0.0008075223101762269,-0.007453337701574326,2.3345687940812723,-0.565309406423736,-1.0733479246234894
24682,2.858,0.9998067154857909,0.005698162840684074,0.002140269705897468,0.018694433806417127,0.016165203431189216,0.005112991926835184,9.739819354608338,0.011905788597149358,-0.000623136830881763,-0.006590714731870682,2.3389418773460364,-0.5640609434050804,-1.0703979122972853
24683,2.867,0.9998066016897869,0.005707781613702663,0.0021540518909028243,0.01869600243427798,-2.3844902697594876e-05,-0.01788576393876347,9.74479539606841,0.012610951397646862,0.0038919748594889955,-0.008200987191143138,2.3330541729613965,-0.5630473383707539,-1.066544046616828
24684,2.875,0.9998063013997962,0.005717764238517364,0.0021540040110820577,0.018709011734807823,0.03730663198499938,-0.003750109119882347,9.756535122829474,0.012699157382083834,0.0005589706365699191,-0.005391369925823279,2.3404297801878804,-0.5655558539544729,-1.0735468973676563
24685,2.883,0.9998064331260624,0.005721045802229757,0.0021579636436315996,0.018700510890952246,0.041433108067209366,0.03402095710827337,9.775092399673074,0.011028847240439375,0.0015233014192334974,-0.010600212052166188,2.338905981869645,-0.566944140676914,-1.0654876361579753
24686,2.892,0.9998062551311744,0.005727854759547548,0.0021529010783427212,0.01870852472478384,0.07469412888661991,0.011267557799262667,9.76827194251425,0.011908806463390565,-0.0006256486755559655,-0.00659091668920313,2.3326226224787754,-0.5687364927612377,-1.074306244657169
24687,2.900,0.9998059648678695,0.0057323418176290514,0.0021743381776393677,0.01872017963065452,0.0648743392682962,0.010285908071313741,9.72801723566776,0.011376158180162799,0.005704483684907589,-0.005841980363487433,2.3284745848462576,-0.5621473108912238,-1.0746432893266433
24688,2.908,0.9998057837210822,0.005746321276403969,0.0021799491942958247,0.01872491525138307,0.06876854397942736,0.0481150481059719,9.746564101380015,0.013673101081793307,0.001906349612704318,-0.007377387751222828,2.3365455920586164,-0.5577715209792791,-1.0765791006701992
24689,2.917,0.9998056397307199,0.005739893389323913,0.002184823610118602,0.01873400470582275,0.05135124515833527,0.09671718646001622,9.748379616718697,0.00882290165327078,0.001986168995330467,-0.006254987579480549,2.3414314535950433,-0.5633911380913162,-1.0769783426224098
24690,2.925,0.9998055842026643,0.0057435358061894695,0.0021747393986494487,0.018737024901538592,0.06859773660144887,0.049846436099364864,9.746556602251333,0.011120054731396786,-0.0018119488077829884,-0.00778999526273832,2.328697473100837,-0.5596781997652911,-1.0717352059296728
24691,2.933,0.9998057243277796,0.00574656468601348,0.0021780647818251957,0.018728230816618625,0.058995739359617085,0.048800710072808014,9.706296998156526,0.011033400003047759,0.0015180174593343255,-0.010601188443697706,2.3396970898326743,-0.5697060575192147,-1.0735128480260976
24692,2.942,0.9998057884552266,0.005754199010690375,0.002173640672015532,0.018722976563504933,0.019206363031765896,0.05137837366583914,9.758344225181931,0.012092973826640213,-0.000464239871594262,-0.009776172180771755,2.3355044878485596,-0.5623265390527955,-1.0677537687737222
24693,2.950,0.9998056739842205,0.005756766269875629,0.0021768925653635786,0.01872792166343125,0.019166567862715807,0.052312811064912465,9.758339338048923,0.010855051410143465,0.0013516397304867553,-0.007416588378590583,2.3426522088246,-0.5621704899840393,-1.0769810084201896
24694,2.958,0.9998056462482048,0.005747341492203701,0.002177451945380578,0.0187322315544077,0.02449722664701283,0.018223687742107603,9.780063668735323,0.00803386788548291,0.0007994947692484503,-0.007454789413981119,2.336292382423082,-0.5599570980259697,-1.0753394092390687
24695,2.967,0.9998057161243259,0.005747689566042507,0.0021619578238752206,0.018730189751976364,-0.022523270207600483,0.0038593848633797162,9.728079804255675,0.01033238698341881,-0.0029992073867208683,-0.008989086302336639,2.338920699275229,-0.5606153137933262,-1.0675008849775054
24696,2.975,0.9998058081933415,0.005742254704985624,0.00216817609385488,0.018726222955769777,-0.008697404148787207,0.04343839034399882,9.78685398522571,0.009006274891799067,0.0021469034793179663,-0.009441479503820958,2.3435912176450246,-0.5628542027534927,-1.0718403310572944
24697,2.983,0.999805826129344,0.0057414469723301685,0.002166733909873256,0.01872567992485056,-0.012974491591380448,0.00738819217661076,9.76833294032682,0.010066028904161499,0.00016517731118704997,-0.00861600747229175,2.3347988207652772,-0.5628495669349295,-1.0714163336207423
24698,2.992,0.9998057703725275,0.005745113854250333,0.002156631030741962,0.018728698278202494,-0.012907813088461716,0.008249846043018379,9.768332339682516,0.011125888499546788,-0.001816510151135503,-0.007790459040118536,2.3343253885759836,-0.5548118327011541,-1.0734493767473041
24699,3.000,0.9998056743297609,0.00574726777605941,0.002159499363012527,0.018732833571673647,-0.02249806364245376,0.007160025095243653,9.728077993309784,0.010858420209045901,0.001348498010985695,-0.007417714825062334,2.340928891588473,-0.5636167244385191,-1.0750266093621998
24700,3.008,0.9998056925030467,0.0057463915007744774,0.0021575487721055436,0.018732357206700384,0.030964611686413186,0.04517705650893306,9.734787961574497,0.010067908579011194,0.00016317450793911376,-0.00861644650830064,2.3329171153009813,-0.5631864129276473,-1.0811932172179757
24701,3.017,0.9998058284699375,0.005749461811004353,0.0021605167708049966,0.01872381408018608,-0.0066007897840943035,0.03286651049263627,9.723062604928746,0.011040387738999694,0.00151018732754713,-0.010603316314290952,2.3287075877012993,-0.5682366439719191,-1.073118819863781
24702,3.025,0.9998058007276609,0.005740053808692928,0.0021610583926742733,0.01872811897168655,0.002910693294434108,0.03563510518320214,9.763313183814521,0.008037877350635924,0.0007952252332586546,-0.007455903061837044,2.3294351953401162,-0.5601734127360465,-1.0724575854672618
24703,3.033,0.9998055234598139,0.005737152463621056,0.0021711079447934694,0.01874264205358796,0.02421498601462792,0.025522121446167192,9.78004804987623,0.009620285053065586,0.0031647156409841865,-0.005059065797976333,2.333291117801461,-0.5637704555979938,-1.0655588159927631
24704,3.042,0.999805495504696,0.0057277485265221865,0.002171645289284122,0.01874694674245878,0.026308156266312086,0.011407649928681108,9.716278539204856,0.00803882057274536,0.0007942596177959344,-0.007456011557196773,2.3314042618443565,-0.5611707924054021,-1.074631144462521
24705,3.050,0.9998055131220237,0.0057270042514317235,0.0021696672857272137,0.01874646358598117,0.047736930998997396,0.0013161547320715544,9.733017276337128,0.01007104042484413,0.00016029709158541398,-0.008616828990628357,2.3355062046794957,-0.5633053754478987,-1.067988620482881
24706,3.058,0.9998054086136318,0.005729319650882007,0.002172718950455378,0.018750975858060404,0.002479635617608578,0.038660758529543995,9.763301792190102,0.01086253342369978,0.00134484874700937,-0.007418621431548009,2.335554812680749,-0.5572647184621159,-1.0746378903276237
24707,3.067,0.999805065888456,0.005730786815327649,0.00217514432524907,0.018768512285790472,0.06359233886506184,0.027053691383666693,9.727993518904121,0.010681799153402342,0.0011826597618279,-0.00423332177590834,2.333772061190493,-0.5664466097968769,-1.0645532579021102
24708,3.075,0.9998049149502101,0.005724566454449245,0.002180690197975218,0.01877780526505701,0.06761585556488597,0.06469447582787764,9.746476215206355,0.008831558622031369,0.001977394085816204,-0.006258191673994247,2.3326335673403857,-0.5653325855165516,-1.0758034331113953
24709,3.083,0.9998048936734649,0.005744270691190563,0.002178755892154874,0.018773144744032893,0.10501480884125113,0.07885853972583375,9.758186403864476,0.01492887487222776,7.522632731388761e-05,-0.009740285273050247,2.333353443506099,-0.5658046193944914,-1.074084581663425
24710,3.092,0.9998049579694125,0.005751963825317314,0.002174278354803195,0.018767883353481167,0.06753909548907111,0.06676731499657647,9.746462769896288,0.01210680786025032,-0.00047727633709576927,-0.009777993113655011,2.32556689923601,-0.5548512371589406,-1.0776637181833144
24711,3.100,0.9998051796784311,0.005743234694071162,0.0021745518089803656,0.018758711785714324,0.039632893234360464,0.05642839993759881,9.774996193798406,0.00822425018132994,0.0009507422095467124,-0.010642415586648732,2.329653819671674,-0.5677089802712219,-1.0689662241318563
24712,3.108,0.9998053484287929,0.005726121195177508,0.0021782052714224135,0.018754525081555812,0.05139481054848821,0.0441768724387368,9.751488004294373,0.006192174453969184,0.0015842814328210339,-0.00948190981086601,2.336531382976184,-0.5567764592192052,-1.0746353872711492
24713,3.117,0.9998055355716771,0.005730713507920556,0.0021685296970402534,0.01874426423937434,0.03538564396768129,0.020878787609098077,9.756520658861929,0.011318657182770052,-0.0016647424328392535,-0.010976321392174027,2.3269988523179146,-0.5653070885144544,-1.0731591268465266
24714,3.125,0.999805553715868,0.005729875659980473,0.0021665429742801427,0.018743782312248748,-0.01390771080158717,0.0213801112060864,9.76831105270648,0.010076978579137747,0.0001545594465329136,-0.008617904101206206,2.3358304766712945,-0.5658509775801226,-1.07894919675661
24715,3.133,0.9998054415320735,0.0057323572793135675,0.002168803292399112,0.018748745428884578,-0.006229236910642698,-0.027473971549257164,9.72634521708547,0.010868020329106626,0.0013398744588467052,-0.007420130582928727,2.3326391583799264,-0.5619217245440208,-1.0765682522699536
24716,3.142,0.9998053878598575,0.0057289142604172,0.002147986335760746,0.018755055385103057,0.007627414769398916,0.012260766035852888,9.785057883249925,0.009375801018056495,-0.004358197588899532,-0.007000935218096429,2.3362512347892515,-0.5613685638412265,-1.069710670888187
24717,3.150,0.9998055281586844,0.005732071113018358,0.0021514150228301695,0.018746216618007048,-0.017861507362398457,-0.012979031153116426,9.749849998226384,0.011051411056681256,0.0014980040477371487,-0.010606357038160734,2.335843307804891,-0.5609846105159856,-1.0807044153934882
24718,3.158,0.9998055001902759,0.0057226972539482415,0.0021519204145061884,0.018750513698076864,-0.011555699419800324,0.009752542556662197,9.704553190490843,0.008045925954668715,0.000786661072466482,-0.007457885783667596,2.3335871071812377,-0.5623728972384267,-1.0726505082471869
24719,3.167,0.9998053216010054,0.0057366713787765705,0.002156828098318176,0.018755201741304493,-0.004337352822295069,0.027610079654491554,9.808552186613799,0.01369413352408671,0.0018893081729661255,-0.007383817837690289,2.33086858867095,-0.549878246267852,-1.0681500111551676
24720,3.175,0.9998054622884355,0.005732677115101531,0.0021498027523548374,0.0187497290494714,-0.018095255538206772,-0.010390054667284853,9.749852668878539,0.009290637755513264,-0.0010357245920350588,-0.009816353183041998,2.3389293512063305,-0.5645329772830202,-1.0686844149126955
24721,3.183,0.999805615512647,0.005728563136523144,0.0021431710891345133,0.018743574137588356,-0.008408632229478252,-0.0075635515936630735,9.790104373850406,0.009291303355281028,-0.0010363692596479831,-0.009816494020277745,2.3350372960511234,-0.5672369463932819,-1.0706404583849933
24722,3.192,0.9998055853983675,0.00572636267868238,0.0021543375636934666,0.018744572717518112,-0.045974592792624815,-0.020029327415829662,9.778402922718948,0.009810995633673228,0.003315662991231678,-0.008249193908934442,2.3331412628956594,-0.5682876379761134,-1.0784574036517312
24723,3.200,0.9998055128658362,0.00573757952908021,0.0021544496193976084,0.018744998561413387,-0.006384075932222827,-0.02079484444338928,9.726361691211379,0.012906986668817524,0.000700469096487082,-0.008582138296549576,2.338664242362978,-0.5581577922138012,-1.0658169864489004
24724,3.208,0.9998055309837345,0.005736769340718161,0.00215243589191698,0.01874451150592444,0.0031829653338809696,-0.01777752577678166,9.766614112169043,0.010083506797248268,0.00014811517241863822,-0.008619201510217552,2.326950905136759,-0.561826690263477,-1.0666002530484078
24725,3.217,0.9998054315984158,0.005739225743612202,0.0021559983934278503,0.01874865075404698,-0.014252876012462641,0.030721973995827965,9.768285641916444,0.010874058049374599,0.0013342843064100122,-0.007421921825673502,2.3308640366981437,-0.5640331284937018,-1.0675273298117942
24726,3.225,0.9998054013912406,0.005737035290804469,0.0021671539028459545,0.018749645834886204,0.0390120392745266,0.0688449036433756,9.774919129122448,0.009813332387287925,0.003312986742363008,-0.008250122640054626,2.335520667923504,-0.5606384928861419,-1.0699671015921708
24727,3.233,0.9998053110393719,0.005768385584018971,0.002167914849391328,0.018744756344786825,0.0507322159686388,0.05711103633256296,9.751424308499834,0.017769648294793345,0.0006136723300791302,-0.009706368670508704,2.339187677446464,-0.5657721686645497,-1.0706240257766027
24728,3.242,0.9998052834149531,0.005759035678658525,0.0021683954650308463,0.018749048634665377,0.033284603321641335,0.10580707220898626,9.753072958939594,0.008051546935390539,0.0007806435994934258,-0.007459095902142254,2.3411604148300484,-0.565309406423736,-1.0732997380530696
24729,3.250,0.9998053386527402,0.005767029497307205,0.0021641008165700017,0.018744141482408307,0.0410581910976874,0.05687837655609592,9.711163574001153,0.012122178211259788,-0.0004911087182801382,-0.009780191905190876,2.3380134575610163,-0.5651000454415039,-1.0769871033200706
24730,3.258,0.9998051883655745,0.005760854572426205,0.00216960237482334,0.018753418285982554,0.05059153418837298,0.05984230532212692,9.75140865405222,0.008842239739725482,0.001966783952276054,-0.006262233985604688,2.340647619614281,-0.5586854559144987,-1.0699481659273058
24731,3.267,0.9998049646611742,0.005759231517205391,0.0021669562240072,0.01876614483378915,0.046419409840131085,0.023715037205887635,9.732994846484676,0.009904421362235016,-1.2638555865937755e-05,-0.0054337791254204,2.34190716177074,-0.5643514312121669,-1.0752566401675343
24732,3.275,0.9998050261041428,0.005774164998334701,0.002173079284540708,0.018757572387967585,0.03444552147121027,0.03755004429756514,9.756474105497078,0.013887712492450084,0.0020370073437275147,-0.010572552753155062,2.325800783184515,-0.5482458299239557,-1.0762597767826176
24733,3.283,0.9998049405465665,0.005769007443165731,0.0021648084312300133,0.018764674690858282,0.06778685758223989,0.014876460555271302,9.749760048786905,0.009116072695460163,-0.001201083885478027,-0.006630931726611081,2.327720580867405,-0.5648049218158544,-1.0716936698865098
24735,3.300,0.9998044881423593,0.005772960797218161,0.002170161978645018,0.01878693192130083,0.021568396453036497,0.026658340872297667,9.738881461497119,0.010787999813169566,0.0012508187711769362,-0.005830307504684978,2.3255275362095364,-0.5562650208834786,-1.0722791029309884
24736,3.308,0.9998045584094952,0.005773602197026879,0.0021544321542976597,0.018784805651330217,0.04626417212380681,0.028166716388102787,9.73298372129597,0.010364190834515558,-0.0030266210775628686,-0.00898829830041354,2.342105133298748,-0.5608733508704709,-1.0689401047801783
24737,3.317,0.9998045475445025,0.0057859472394755015,0.0021417241598592107,0.018783038665194405,0.040965304295024436,0.0638861600564612,9.71112039396185,0.013190484783811168,-0.0024760069580864502,-0.0089521125503869,2.3409415193928087,-0.5616799128318469,-1.0767540138308858
24738,3.325,0.9998045979371644,0.005772033383385488,0.002150568125591386,0.018783626674953285,0.03542709684760073,0.09946434151021402,9.689252646201902,0.006994161811754225,0.002753481585086875,-0.008289686245010315,2.3404034177360544,-0.5596619744003202,-1.0699406792257016
24739,3.333,0.9998050586983174,0.0057571971185134884,0.0021415748135830276,0.018764672656640606,0.029840172881661128,0.13477561891370488,9.66738277067493,0.006663091357619753,-0.0014473292349560152,-0.013040291036489526,2.331869160711284,-0.5635819557992956,-1.071430796332214
24740,3.342,0.9998052005559424,0.005753335800213513,0.002134687955243856,0.018759082488122317,0.00675687504020906,0.03287693596389816,9.785010972067534,0.009304754529823982,-0.001050454735848661,-0.00981785417414338,2.3362278654525657,-0.56377972723512,-1.0665138921334667
24741,3.350,0.999805492245418,0.005733114113592375,0.0021332280556856475,0.018749891106896958,-0.017848704045742375,0.00260070360586856,9.899163096812018,0.00541704013019527,0.00037583989773261025,-0.010683497779097063,2.333129397576051,-0.5592386166172929,-1.0768343023137652
24742,3.358,0.9998056488030228,0.0057580874518745415,0.00212363717181335,0.018734973061806093,-0.04187105908433664,-0.09436641781420298,9.867506840477382,0.016205589559475982,-0.0017734274848089943,-0.012102883302364567,2.332086508758638,-0.5637913167815278,-1.067764847318733
24743,3.367,0.9998053744170766,0.00576227035682642,0.0021448087122170516,0.01874591482569558,-0.05161932869570468,-0.09540093828196605,9.827269435211342,0.011400307064469987,0.005679044580835041,-0.005861752130890319,2.3364970857219944,-0.5623474002363296,-1.0699437379095522
24744,3.375,0.9998050693418533,0.005772626549574583,0.0021449806278988886,0.018758975429301206,-0.00020770700117184095,-0.10902261452357669,9.751774198405213,0.012737638641034246,0.000533599119316615,-0.0053991048695026175,2.3310916348988,-0.5708478967109185,-1.0652635375112163
24745,3.383,0.9998045990893875,0.005777379297390889,0.002152367977761295,0.018781715583309728,0.05390883349166637,-0.014072982392666866,9.691129193039375,0.011490077601626672,0.002358434920484615,-0.0030424578615666047,2.3414012847110324,-0.5609104374189758,-1.0728514284204527
24746,3.392,0.9998040869541966,0.0058027673056344,0.0021601489433613896,0.018800248876664052,0.09753586773465002,0.022237795873396218,9.657457899714554,0.016354379254406828,0.002271995659689284,-0.004166966738254176,2.3404046431879433,-0.5677205698176296,-1.0701083133617295
24747,3.400,0.9998039821818169,0.005805189857705683,0.0021631014316065337,0.018804732816338387,0.11508144276117986,0.09936901360987592,9.734415909831663,0.010887871081211687,0.001320829452822693,-0.007425601403431393,2.3296685879095738,-0.560647764523268,-1.0709864264934341
24748,3.408,0.9998040413757159,0.005813202221293192,0.0021586275401667965,0.018799623822383916,0.1150412300613046,0.10031116121917813,9.73440672288413,0.012137239367848726,-0.000505891899062879,-0.00978226823389989,2.3338041841229105,-0.5664883321639449,-1.0689474736761164
24749,3.417,0.9998041824593066,0.005809296556123101,0.002151511870992809,0.018794142892663946,0.04424521118463348,0.11143486412644624,9.729396980536151,0.00931141431364928,-0.0010579197094257287,-0.009818294416963365,2.3286653840566305,-0.5591482181553121,-1.067345625850365
24750,3.425,0.9998046398758974,0.005801846837783433,0.002153333237564529,0.01877188887315908,0.043427046646164376,0.055588725816505154,9.796649075476711,0.008434755881006183,0.00107069071875718,-0.013835330171124552,2.3370029966699115,-0.5653001347866097,-1.0723535853513326
24751,3.433,0.999804857859196,0.005786215475666317,0.0021436949484778737,0.018766205892244908,-0.01550108738010627,0.053541093145699235,9.768185317250108,0.006486160124309994,-0.0016104342644479473,-0.009854288048659688,2.344004312066298,-0.5659305356425874,-1.0615534595268186
24752,3.442,0.9998047898566728,0.0057975828937735265,0.0021449709311979095,0.01876617467543285,-0.04100205706162494,0.028084579031210255,9.73305164263812,0.012929040730599747,0.0006808250314841469,-0.008586914321330767,2.328686901009539,-0.5577112553379586,-1.0702890101171318
24753,3.450,0.9998046398174769,0.005791454116876945,0.0021504267102523938,0.01877543404616049,-0.029015360331160055,0.13976599803556355,9.788061814108193,0.008853154404866195,0.001955625894659124,-0.006266459084667123,2.337284336420524,-0.5692548848248088,-1.0774413001756238
24754,3.458,0.9998045350466102,0.0057868035977776625,0.002142303419235192,0.0187833740422943,-0.017141916403260425,0.12760363386236429,9.764595565590541,0.009128602291539238,-0.0012115990409100777,-0.00663196371096791,2.3360254042518465,-0.5548002431547464,-1.0722162684399716
24755,3.467,0.9998045531600424,0.0057860806714703315,0.002140206057941576,0.018782871690485026,0.03224774730199087,0.12885322248771885,9.75279919273566,0.010104006079052923,0.0001275430071527988,-0.008622964678648152,2.336218891583468,-0.5645005265530784,-1.0652863230986391
24756,3.475,0.9998047293477935,0.005769061278726253,0.0021441215918878735,0.01877828129376766,0.016231955780245288,0.10547633419900586,9.757914830909982,0.006213715997540181,0.0015530979134151198,-0.009489337750913726,2.3335191226606393,-0.5647261129002814,-1.0633506520285694
24758,3.492,0.9998052349202289,0.005747596715363185,0.0021542743626503697,0.018756771046057885,0.04300190855254107,-0.0008861833900529608,9.757403049367552,0.007721482884388413,0.001902935235904589,-0.011065168042293568,2.327241201812364,-0.5653047706051728,-1.0729132190601771
24759,3.500,0.9998052902091634,0.005755836806194936,0.0021498149024894763,0.018751808134587367,-0.0009749792825314448,-0.09681602037035195,9.751902977874625,0.0121457604062663,-0.0005124345567028349,-0.009783523068210644,2.3396936561708017,-0.5677483847290083,-1.0730431446077804
24760,3.508,0.9998053082753122,0.005755127985896246,0.002147707377371735,0.018751303938521962,0.04205993863799478,-0.11723785998185932,9.78550382549113,0.0101073454292815,0.00012499807090759818,-0.008623450120123964,2.3328277663244203,-0.5647794248137573,-1.068970837358735
24761,3.517,0.9998051480257266,0.005749317723073205,0.0021532712302297246,0.018760990112032715,0.0005389336132373728,-0.16679554177980913,9.755533241129418,0.008856717691741378,0.0019525340744256745,-0.0062676714187685275,2.323230922024895,-0.5742031278606922,-1.0586968739967024
24762,3.525,0.9998051660883097,0.005748614233160237,0.0021511589118019636,0.018760485411154038,0.020398099424257996,-0.1050284930432008,9.768724944502289,0.010108578713044715,0.00012381933499589122,-0.00862361824938192,2.3330506037466834,-0.5630427025521908,-1.0660558004197163
24763,3.533,0.9998048472079445,0.005759453463692268,0.0021516685779487867,0.01877409165923422,0.014795681056871022,-0.06939415848532582,9.746799289819664,0.012749604348669157,0.0005260920885920412,-0.005401373589201012,2.3330650331024807,-0.5608640792333446,-1.0680296458343075
24764,3.542,0.9998047427063648,0.005761919154411659,0.002154587408887713,0.01877856497753916,0.034650977738897075,-0.007432104420797301,9.75997312696721,0.010897919637011736,0.0013123721776186195,-0.007428360536546555,2.332796066994629,-0.5586344619103044,-1.064634567768462
24765,3.550,0.9998046443846488,0.0057644277206635175,0.0021579622335352894,0.018782641958417466,0.044881765567109363,0.052203173412364266,9.73289095359488,0.010898559498987584,0.0013117555301268731,-0.007428495295537563,2.3384108971746027,-0.5622964062321353,-1.0645587522389757
24766,3.558,0.9998048598871224,0.005756002625216422,0.0021589407633117656,0.018773639888189586,0.015351072195136038,0.11349262382110652,9.757826313534672,0.00825883450674437,0.0009076161231861999,-0.010650974452490029,2.3311563551985763,-0.5640957120443038,-1.0741168687850102
24767,3.567,0.9998046765042379,0.005770360707615431,0.0021645634664900965,0.018778350368451498,0.05265880509331644,0.12779499168761538,9.769475197148177,0.013727913477138993,0.0018621280484738656,-0.007393562897810145,2.334478321317452,-0.557379045163804,-1.060971817712317
24768,3.575,0.9998049397506663,0.005763349810222859,0.0021523578638148644,0.018767887594461772,0.001662435292230209,0.07606444616436905,9.699268221800324,0.008537024545917432,-0.0022611030690648454,-0.011014856553830374,2.3326178786444887,-0.5599408726609989,-1.0736573178660775
24769,3.583,0.999804843707385,0.005765794212763261,0.002155614178463208,0.018771879071146785,0.01127900822296042,0.07912352786071107,9.739506186475957,0.010901057917875831,0.0013095856935939753,-0.007429195039961597,2.3330758085230405,-0.5599014682032125,-1.0695036558150401
24770,3.592,0.9998050133514531,0.005748803791054684,0.0021591007781842464,0.01876765345223152,-0.011086784530853393,0.03399083782985899,9.790045620108945,0.006220822269801979,0.0015436106681282458,-0.009491484646471947,2.33773932401625,-0.5601780485546096,-1.0728851522794005
24771,3.600,0.9998049122223384,0.005758403125571585,0.002172660638271874,0.018768533114688124,-0.015290919960689065,-0.0022049408344546966,9.771758319752735,0.012665815264513547,0.003836584097310027,-0.008226269054423094,2.3340965365115527,-0.5660626564716362,-1.0755416483440312
24772,3.608,0.9998049569388745,0.00575174690718717,0.002191837546279796,0.01876596216936455,0.028092045459324266,0.03386178866706679,9.738016160611393,0.008773279104789046,0.005260737657996409,-0.009093548884710959,2.3313676886037626,-0.5738191745354515,-1.0696281544292374
24773,3.617,0.9998046853865383,0.005763805484270751,0.0021781588764786656,0.018778318598152287,0.01767827961215871,-0.02398611905647203,9.765135198586115,0.013033637403627915,-0.0026451130144911498,-0.005765109344087971,2.333048751362907,-0.5640169031287308,-1.0658024059317628
24774,3.625,0.9998046576200886,0.005754558248042031,0.002178536742564828,0.01878258869829002,0.05517801740969064,-0.009693828755725682,9.77679093068389,0.008075576765133444,0.0007554010937606064,-0.007464703478476845,2.33016188799726,-0.565293181058765,-1.071671187313878
24775,3.633,0.9998046223036089,0.005752715056947702,0.0021896474487919015,0.01878374121046918,-0.003920435357528653,-0.011776211152026298,9.748326403933003,0.009839736907706184,0.0032825366529296456,-0.008262144898968147,2.3362832730011434,-0.5626309343155713,-1.0740932974254465
24776,3.642,0.9998044407657422,0.005766954029546781,0.0021950578704676444,0.018788405660635152,0.033290896105708914,0.0026203866416356822,9.75998034090807,0.013734418019900219,0.0018571095463483771,-0.007394939461158302,2.337234655464327,-0.5650397798001836,-1.0706452568209974
24777,3.650,0.9998044102438651,0.00575780611050145,0.002195359470356437,0.018792799751686927,0.05073305868608812,-0.044081183202858656,9.758530803445831,0.008077265450707739,0.000753675899863193,-0.0074649365643614605,2.3318744806451432,-0.5640771687700512,-1.0721585299331833
24778,3.658,0.9998039850033575,0.005771204865589217,0.002200193250228933,0.018810739365254556,0.05063498293555018,-0.043199468617999136,9.758535259280777,0.013546853006185314,0.0017107237947476344,-0.004207849139426902,2.337001076509714,-0.5672508538489713,-1.072090919473982
24779,3.667,0.9998037505213082,0.005777055842310836,0.0022079601345997555,0.018820493653598478,0.0011100440481649372,-0.042695984574099385,9.770315635805515,0.011694865226594707,0.0024948475918313475,-0.006235492071739683,2.3419036095001324,-0.5641026657721484,-1.0747707118177718
24780,3.675,0.9998036914837078,0.005788147370573095,0.0022083167936168004,0.018820180193254727,0.054299946273931775,-0.0041830685736424095,9.776799760705368,0.012950160294359114,0.0006629173836859432,-0.008590302054814652,2.3406740498425265,-0.5636028169828299,-1.0735636554586576
24781,3.683,0.9998031905975774,0.005798988101548832,0.002194314776258903,0.01884507337650941,0.06466811224268257,0.05558900803874478,9.749634112205484,0.012850542479353574,-0.002793887922094605,-0.0025772660298109752,2.332838185918773,-0.5689435358341882,-1.0703961725451316
24782,3.692,0.9998028576568129,0.005822396829902456,0.0021834356815375387,0.0188567792862625,0.0807628426829804,0.08081572842038176,9.744450296847317,0.015870121420928095,-0.0020993080226868023,-0.0057302497552154195,2.331624450509905,-0.571882362928779,-1.0713537742101298
24783,3.700,0.9998025670507097,0.005819921624948796,0.002193753108205254,0.018871748154081488,0.12445201966558873,0.1170402149704552,9.710665443829251,0.009654983163721199,0.003132391116697623,-0.005076783806133031,2.3326084642286586,-0.5670090421367975,-1.072369484800167
24784,3.708,0.9998027062427763,0.005823290125408713,0.0021971872204726082,0.018862933230386094,0.11231678155082257,0.13082070576184704,9.734076326583887,0.011100180370898168,0.0014435352233764128,-0.010618822057995364,2.339688437901573,-0.5657883940295205,-1.0723293180909075
24785,3.717,0.9998027175037684,0.005822837430335851,0.0021949194256950183,0.01886274012583326,0.09072462529839655,0.14228183435810687,9.717240576410555,0.010124150356404335,0.00010768570487116141,-0.008625827205023513,2.33355624358892,-0.5699015110457574,-1.068428562303907
24786,3.725,0.9998030254519263,0.005831639112636363,0.0021907768114239026,0.018844170966055406,0.06288720502536557,0.13207479602862923,9.745827690862622,0.012357424302002224,-0.00039055224925006233,-0.01297348384333423,2.336245830134866,-0.5620939989777479,-1.0689713480504712
24787,3.733,0.9998031147755571,0.005819519380229424,0.0021863178777722617,0.01884369638408294,0.0533342905225161,0.13052733710672132,9.705574761531292,0.007295585835065923,-0.0004446646624086284,-0.00866060685919531,2.3377376241294194,-0.5589550825380512,-1.0726526184175913
24788,3.742,0.9998032560198089,0.005815732494190579,0.0021790879548782382,0.018838208073760274,0.03118663169582026,0.08543459916414671,9.756183256479298,0.009339150337954863,-0.0010860008800888704,-0.00982059049097988,2.3372023292026496,-0.5679276128905801,-1.066223226878799
24789,3.750,0.9998037903526874,0.00580376089296568,0.0021889727677580698,0.018812377683851394,0.035036435850845794,0.12311831563586105,9.774401252547337,0.007397695157911217,0.0030065553589344912,-0.014675667198758782,2.3316281213892482,-0.5704222210186098,-1.0718559274913377
24790,3.758,0.9998043471981499,0.005791926129562814,0.002153422725090338,0.01879052117315324,-0.030018799633593118,0.09910097507319296,9.791360478876465,0.007259836783165659,-0.007831075043484688,-0.013763985081605689,2.3383822417922673,-0.5637240974123626,-1.0606388755779852
24791,3.767,0.9998045532425286,0.0057839557906617855,0.0021548307066232577,0.01878184963058544,-0.07107999372066545,0.04923357168681712,9.761501109739395,0.008274882171522367,0.0008876189738580311,-0.010654870272768102,2.3323721124322705,-0.5577413881586187,-1.0734358400814588
24792,3.775,0.999805013837202,0.005769287774095832,0.002145631712372133,0.018762885948788565,-0.059108979462064545,0.03689834825809699,9.738086602115718,0.006702276122456783,-0.0014978076142737227,-0.013043300023219555,2.336014086619925,-0.5635750020714512,-1.0706680873440597
24793,3.783,0.9998052345897963,0.005760882226912218,0.0021463789740684015,0.018753617787249065,-0.07104015180086351,0.050437918706332865,9.761495251176044,0.008276141447293993,0.0008864512133015487,-0.010655235266058041,2.3386567481073457,-0.5632752426272384,-1.064791819260341
24795,3.800,0.9998054222054473,0.005743334121978702,0.0021475999437768037,0.018748857464720957,-0.0694087878174892,-0.020208009176420186,9.765308605963027,0.008181690339814378,0.0008149192550017468,-0.009061474594794679,2.327991246862088,-0.568257505155453,-1.0753212818141642
24796,3.808,0.9998054633948202,0.005722698739079713,0.0021454745476772014,0.01875321369729834,-0.020126061112486094,-0.018760806830525775,9.753532856134653,0.005256489287084894,0.00019218614665763664,-0.007501742297432413,2.33915905595234,-0.5667116006018664,-1.066708784810311
24797,3.817,0.9998056021013182,0.005726105901052353,0.0021488755143725764,0.01874438721470755,-0.046262136968261085,-0.10086789912537467,9.785974275179695,0.011109044892412006,0.0014356640667163444,-0.01062168935587037,2.3408608731796643,-0.5664581993432847,-1.0657221174488833
24798,3.825,0.9998055639317527,0.005717285166745753,0.002149994511249936,0.018748986773538544,0.018877027958543638,-0.07543505302807468,9.76900134602416,0.00808798840731053,0.0007428606082463923,-0.007467865209186821,2.331366581760609,-0.5640516717679542,-1.069476745224655
24799,3.833,0.9998056277043043,0.005725279055311626,0.002145259358178156,0.01874368834641922,0.052365179381796814,-0.09809926265681948,9.762437655588883,0.01217755810626636,-0.0005404435764897225,-0.009787775226064582,2.3372440359919464,-0.5584598695672957,-1.071928454192209
24800,3.842,0.9998056033255913,0.005716092063560737,0.002145588206924192,0.0187477545727003,0.04669331880448843,-0.06265151244197217,9.740401898017032,0.008089012868438938,0.000741782951626596,-0.007468146089186594,2.331081130583921,-0.5679044337977646,-1.0638266130880727
24802,3.858,0.9998053949010185,0.005721217758116127,0.0021512658699081835,0.018756653468561243,0.08590682720968373,-0.029388260671876675,9.761132081028688,0.010920696395821248,0.0012926013388857463,-0.007434403888673515,2.330165524988393,-0.5643212983915066,-1.0721687049003872
24803,3.867,0.9998054508915284,0.005729584497244824,0.0021466552623389335,0.01875164260169331,0.1314519749130822,0.025720824758453976,9.736400969920748,0.01218076566507367,-0.0005434304004896032,-0.009788173102559142,2.3253257921375545,-0.5626680208640763,-1.0780795779530405
24804,3.875,0.9998054979287423,0.005715821924808982,0.0021550979075075664,0.018752366362484018,0.08829169360134437,0.04757699317345752,9.702719879982286,0.007023715098051729,0.0027138427437542107,-0.008303317892303066,2.3301548681765687,-0.5635750020714511,-1.0707109198510996
24805,3.883,0.9998053949444846,0.005718400063632234,0.0021571961839944756,0.018756829296006514,0.06987719836443271,0.03959827411326574,9.771572206103045,0.010922903868763089,0.0012906828518966823,-0.00743487806012331,2.3326014274638633,-0.5655349927709388,-1.0714068994900394
24806,3.892,0.9998057016121198,0.005727278411366205,0.0021529841563745155,0.01873824872068999,0.032449211078355515,0.027001911039983954,9.759946174514445,0.01237536579576222,-0.00040692463192217227,-0.012976646520504242,2.336748917408694,-0.5543003943654279,-1.0709949345785106
24807,3.900,0.9998055277225428,0.00574152722531755,0.0021583037390507354,0.018742553869194715,0.010851395563831426,0.038591110461351885,9.743099755281575,0.013755807441429437,0.0018409798742503255,-0.007401601358183859,2.3362837474360854,-0.5557953049148202,-1.074158197151228
24808,3.908,0.9998054999489161,0.005732356602866623,0.0021586073681212617,0.018746807032304687,-0.014673244909238206,0.012966725059516045,9.708082322705708,0.008093498866000803,0.0007371414581801871,-0.00746906640473241,2.3357624413183813,-0.5689365821063435,-1.0696423869959442
24809,3.917,0.9998053672876304,0.005748147559580251,0.0021507326739839856,0.018749951771813208,-0.005081459547511525,0.016297830423503877,9.748319359574642,0.014039402929772613,-0.0013281242514166995,-0.007760208539839939,2.332309397013217,-0.5613222056555952,-1.0648567639217619
24810,3.925,0.9998051421966573,0.005746718504895054,0.002147956614504976,0.018762706252832346,-0.038535865075791424,0.04074343026905146,9.754862342863747,0.009948082786466113,-4.4109827467243e-05,-0.005440815572716053,2.332832815152598,-0.5691807117277988,-1.0696614854021147
24811,3.933,0.9998048639672004,0.005744140634123545,0.0021586674283862683,0.0187770868570593,-0.0189441118303288,0.10265829778693561,9.767786532865786,0.009666236946940295,0.0031233172021319705,-0.005082953546150834,2.3281948433178465,-0.5608803045983155,-1.0697742012800653
24812,3.942,0.9998045161068576,0.005745869197047807,0.0021609412278553153,0.018794810254763133,-0.01912199755201979,0.10348785708458741,9.76777743281529,0.010734714752431887,0.0011490025660381728,-0.00424764568994323,2.3269878057916737,-0.5701757734878731,-1.0716480313082044
24813,3.950,0.999804650109396,0.005749535021529975,0.0021639639265247563,0.018786211081255066,0.0047129783125512414,0.07845471622688961,9.720992863972219,0.011120784968137518,0.001422568000049989,-0.010624572949524978,2.3355294215192353,-0.5630913786471036,-1.071164538611457
24814,3.958,0.9998046222234225,0.005740377477102679,0.002164252727191907,0.018790461868539075,-0.017495728311847675,0.03352603356943582,9.771697353993723,0.008096543364539749,0.0007336452938442332,-0.007469722097753685,2.3367181215927966,-0.560852489686937,-1.0667822600246282
24815,3.967,0.9998049327134534,0.00574218408131787,0.002149656732513549,0.018775058448811176,0.006541520014193493,0.00836155601797706,9.724924065054923,0.010619520296011948,-0.0029410802108054018,-0.012175439823188906,2.33571294674734,-0.562036051245709,-1.0628718399621604
24816,3.975,0.999804980004998,0.005728444727506403,0.0021580676717044196,0.01877577221139892,0.012255938540322173,-0.025505345017779502,9.747016470098762,0.00702918105751034,0.0027062821032237433,-0.008305816915640767,2.3309000168950607,-0.5599292831145911,-1.0724491951878512
24817,3.983,0.9998048338898244,0.005722498027519535,0.002163707927466619,0.01878471492652751,0.06142483200527664,-0.024233848865122993,9.73524708537917,0.008883364420793332,0.0019267493838230716,-0.006277089169679886,2.3381791536596617,-0.5637774093258384,-1.0662554915325646
24818,3.992,0.9998047294815764,0.00572510434029125,0.0021665084816755863,0.018789154519673383,0.011940343891627542,-0.02405296193663777,9.74702055592959,0.010930930385820742,0.0012832468667125364,-0.007436870847010506,2.342119139051919,-0.5647979680880097,-1.070856004011036
24819,4.000,0.9998044999987865,0.005723880788492544,0.0021642561676837443,0.018801993674523135,0.07081140914954018,-0.020100368631533857,9.77548908946794,0.009952817441382234,-4.762393863610821e-05,-0.005441356115235248,2.330206384572437,-0.5670600361409918,-1.0777580398463302
24820,4.008,0.99980456393937,0.005731945604389049,0.0021594585169123917,0.018796687594057542,0.02774866936332949,0.0017820875159112,9.741777002490677,0.012194222650960283,-0.0005558716848718248,-0.00978972136454274,2.3365022362148027,-0.5652839094216389,-1.070648293037028
24821,4.017,0.9998043619032368,0.005710324764121098,0.00215625394180171,0.01881437427310519,0.10251893264990813,0.02968694239315256,9.764992910118792,0.005073704195168335,4.340800069321155e-05,-0.004315102506334748,2.330883972372957,-0.5596642923096018,-1.0702544051481973
24822,4.025,0.999804668566,0.005726432005436091,0.002162623557531947,0.01879243862479886,0.03152818379657717,0.04032460211439676,9.75990324299437,0.014153383748273744,0.0021025727298266896,-0.013781702879383115,2.3332987137217245,-0.5571882274558245,-1.066597890265419
24823,4.033,0.9998045576762526,0.005707148767457887,0.0021787607720173403,0.018802337733333174,0.06478429179792244,0.017687069091896716,9.753384473440878,0.005769659810670224,0.004540551162138093,-0.005954741965207174,2.3320311689864806,-0.563963591215255,-1.0601947134161505
24824,4.042,0.9998045926809493,0.005728422530064437,0.002163290293613942,0.0187957922021006,0.005809771106112486,0.015412161290152052,9.724915915185795,0.015314207268545252,-0.0031751336660266064,-0.010113148524920523,2.3345398675932563,-0.5706431715472498,-1.0693909624049096
24825,4.050,0.9998045996180489,0.005728328507867907,0.002161617195940027,0.01879564434110585,0.0059337695939253015,0.016444455951073543,9.724914145552562,0.010150269033839775,8.418159828138099e-05,-0.008630646108250968,2.33623020921539,-0.5557257676363736,-1.0668345041945508
24826,4.058,0.9998045410921674,0.005739564423536688,0.0021618599831457652,0.01879530188961862,-0.006082937126773364,0.030357481677797792,9.748285140553683,0.012984102705189812,0.0006349049628313173,-0.008597821776849207,2.328415506418337,-0.5647562457209417,-1.0665617307534558
24827,4.067,0.9998043202200617,0.005745371331552485,0.002170031957776072,0.018804332981136856,-0.010043213759657625,-0.0057068535605116245,9.730172962243422,0.011721521876681294,0.0024731886344158205,-0.006245886460546526,2.325489873069894,-0.5589017706245752,-1.0671270215404716
24828,4.075,0.9998043085539237,0.005758054459608852,0.0021570867104066774,0.018802563196936788,0.019168590798871194,0.058981316972574215,9.783249089080407,0.013270157416406043,-0.002534943240263097,-0.008953750298175267,2.33768437395851,-0.5547353416948626,-1.0653683288658529
24829,4.083,0.9998037312537389,0.005751642964935043,0.002148511703538226,0.018836174552328624,-0.023768818201440476,0.08080345976672815,9.74951118242979,0.008784810531571225,-0.0015142360702659974,-0.00025707846833232485,2.3328456801744055,-0.5638260854207511,-1.0714213397336914
24830,4.092,0.9998035486995984,0.005773210570222973,0.0021644419717713526,0.01883744245784505,-0.006163806805457547,0.034258542518108566,9.748272163333993,0.01553614505215856,0.004351066122750757,-0.008210478581394832,2.3318658626022515,-0.5596712460374463,-1.0709796356926917
24831,4.100,0.9998036167988306,0.0057741326290241335,0.0021488010583125892,0.018835336003681064,0.009596985181273355,0.059404905481685956,9.742996396492558,0.010438999453905045,-0.0030887969643522543,-0.008986561254328493,2.337920420761006,-0.5683973288592385,-1.0642602523322728
24832,4.108,0.9998036335633986,0.005780797005700303,0.002157146052842502,0.018831447642478155,0.01917276895772622,0.06284626358959443,9.783225015471997,0.011919237955299268,0.0026026663665937406,-0.009436133558094176,2.3333146396350926,-0.5591621256110016,-1.0687764553736274
24833,4.117,0.9998036492673079,0.00578049812570773,0.002155370373950793,0.018830908946317528,-0.022123168576880046,0.013023791430415623,9.753537880666878,0.010155772108603935,7.810072037859724e-05,-0.008631684027978218,2.3290290190749023,-0.5602800365629981,-1.08369081737642
24834,4.125,0.999803665926312,0.005787169052236918,0.002163709333300948,0.01882701879190044,0.03286644773962574,-0.019959804081615944,9.763918291535783,0.011920766089247642,0.002601147841972967,-0.009436578257292957,2.3296944081500373,-0.5743537919639934,-1.0745184735202098
24835,4.133,0.9998036284478715,0.005785309984217013,0.0021733879514088967,0.01882846556866528,0.016822504185007723,-0.04316536687618636,9.769200983992395,0.009872122581457157,0.003245065407635841,-0.008277251046657339,2.3306645008361446,-0.564335205847196,-1.073629874116136
24836,4.142,0.9998035692771823,0.005796580289001096,0.002173599627905273,0.018828116799563446,0.03247381972233716,-0.01813830886571319,9.763923159518642,0.012992232569309327,0.0006272292765719344,-0.008599326240249784,2.3411248074034434,-0.564042400130828,-1.0684288653186982
24837,4.150,0.999803216654918,0.005805642257393204,0.0021865174106306877,0.01884254829028662,0.07590715268760452,0.01810020265951988,9.729999215424067,0.012512370691919756,0.0036633519643373053,-0.005056139559084011,2.332606662677197,-0.5672508538489713,-1.0721230438542617
24838,4.158,0.9998031890567506,0.005796540362989918,0.0021867479047487847,0.01884678766720938,0.0579790018494322,0.06646340588418885,9.731191403885559,0.008109598572138152,0.0007195149860012353,-0.0074725643294364175,2.3313797348322027,-0.5545468418961648,-1.0712760029611703
24839,4.167,0.9998032599668691,0.00579742573977268,0.0021710110553233076,0.018844572837048334,0.07962590488829667,0.056788590065680954,9.7480638097601,0.010445670335862406,-0.0030944145103721527,-0.00898610949963223,2.335791537247447,-0.5611615207682759,-1.0736225276880176
24840,4.175,0.9998033219419513,0.005812732231135342,0.00217678606975452,0.018835901365607317,0.07966766379669457,0.05778700320537528,9.748057603362971,0.013975397960920899,0.0019512790966351747,-0.010597313384349825,2.33136971042859,-0.5704036777443575,-1.0699047273906839
24841,4.183,0.9998032566667289,0.005824192805891729,0.0021768302516546718,0.018835820842720324,0.051758917352016764,0.047788302665821535,9.776697644726346,0.012996333466416791,0.0006234658653583884,-0.008600118261595058,2.333357232994178,-0.5626355701341346,-1.0746029598760782
24842,4.192,0.9998031987210343,0.005828313160603411,0.0021663860810589883,0.018838825978242137,0.010659891329738097,-0.001996323309167616,9.747051514211678,0.011232674341910035,-0.0019003979377177822,-0.007794462969477783,2.3352121354599165,-0.5627522147451041,-1.0611595941058076
24844,4.208,0.999802669509162,0.005837491354079647,0.002163539837199182,0.01886437999028564,0.01360168980193042,-0.017872480962692176,9.758142708059207,0.011384719401453114,0.00021623499971768002,-0.005427535094663262,2.3351023552330012,-0.5556021692975592,-1.079540146605774
24845,4.217,0.9998026731388086,0.005864047434408938,0.002170885461645565,0.018855105104261898,-0.0014040395662576729,0.013998122193862187,9.770398864147603,0.016814963789252638,0.002497213563083273,-0.010566609791450415,2.33381509509631,-0.5635726841621695,-1.070440026435644
24846,4.225,0.999802737855959,0.0058650348311541315,0.002155363922485524,0.018853146912919356,-0.02917661818389658,0.004013579593802013,9.799048785883205,0.010451712733136645,-0.003100265626274522,-0.008986051857785107,2.326696063390813,-0.5618127828077876,-1.065137299144866
24847,4.233,0.9998024649933103,0.0058623653071693165,0.0021658419530979287,0.018867241317705282,0.042202277301457106,0.05112201802699021,9.736435482615816,0.009682788300196355,0.003107440197240879,-0.005091303941813406,2.3270169356089503,-0.5619124529068945,-1.0756328076949764
24848,4.242,0.9998024049757819,0.005873676510210683,0.0021660154000885104,0.01886688384929167,0.0022455846364085883,0.05396070990655365,9.78842755845251,0.01300191972185834,0.0006178616040651494,-0.008601427414905745,2.340147915170011,-0.5691691221813912,-1.0683873292755357
24849,4.250,0.9998022497936149,0.0058678991584217455,0.002171127573816551,0.01887631511051165,0.02038090512885936,0.06333585863530183,9.719537645350227,0.008899728121293084,0.0019094568729119672,-0.006282937141447547,2.337728192769484,-0.566267381635305,-1.0713624675043316
24850,4.258,0.9998023128408738,0.00587607130369214,0.0021662294958581805,0.01887099557111758,0.0356529235749824,0.03230729729008775,9.781967416930838,0.01221947880958268,-0.0005806445653952072,-0.009792887751131287,2.3347915637271157,-0.5645492026479911,-1.070423616295073
24851,4.267,0.9998022796475269,0.005874338403680734,0.0021771646670215392,0.018872035235785605,0.029762412151921706,0.06770759917552839,9.759757232571783,0.009881506156517474,0.0032335879107542364,-0.00828155647755571,2.3408724958054767,-0.5532891072403828,-1.0673120197970831
24852,4.275,0.9998024207665914,0.005870748346894262,0.0021697429460978707,0.018866530117110716,0.010121794522458405,0.0072726090531026015,9.747049577974186,0.00938539881543763,-0.0011329541731395468,-0.009824878337596609,2.3372405006654438,-0.5579669745058218,-1.0714448436897956
24853,4.283,0.9998020891752124,0.005872287819138852,0.0021723516498983113,0.018883315518188802,0.0379136968344217,0.01918070887836867,9.718391977207109,0.010756714749366474,0.001133580246947873,-0.004253378799565163,2.3284604265961417,-0.5604198602667836,-1.0727065294696414
24854,4.292,0.999801813804704,0.005876684629588637,0.0021933081894249928,0.018894101983815362,0.050953853413291166,0.05983272398597644,9.776635581327652,0.011450851560271117,0.0056264845298532136,-0.005900171284534602,2.3321022652309558,-0.5682065111512589,-1.069920233953448
24855,4.300,0.9998018739010122,0.005884988154218395,0.002188139171388604,0.01888893605833871,0.04119558269658348,0.05816532561038781,9.736400266246374,0.012223680656683215,-0.000584496729671212,-0.009793122377399703,2.3291445258941996,-0.5620661840663692,-1.0660936268138066
24857,4.317,0.9998017846668241,0.0058944421080625335,0.0021991031386651124,0.018889438177297747,0.04872620418282047,0.04367377012361125,9.767619947033532,0.011446789615904897,0.0019208534471080651,-0.008442579590919866,2.33602345020344,-0.5572392214600187,-1.0719489668679223
24858,4.325,0.9998018099276509,0.0058940016833538365,0.002196856911930255,0.018888499920831026,0.04668600355193509,0.026460427646722327,9.758614692645656,0.010173593273940103,6.007491612199884e-05,-0.00863422599246852,2.3284568743255334,-0.560171094826765,-1.072220601119879
24859,4.333,0.999801949256272,0.005897606282906831,0.0022000450133774817,0.018879626729117048,0.02505842652989141,0.03770142253531761,9.741711502417381,0.011155652041877327,0.0013832839939520811,-0.010633246565422683,2.3347867690605133,-0.5564859714121185,-1.0697677359619335
24860,4.342,0.9998018523918653,0.005907330072040129,0.002213202848627621,0.018880178451659176,0.04266614167150002,-0.00882651216510377,9.74061786370129,0.012723635145370716,0.0037781983803111307,-0.008252005728334484,2.3465119716063403,-0.5618660947212635,-1.0706075707003924
24861,4.350,0.999801838858145,0.0059201437445808025,0.0022001552715658714,0.018878406466029566,0.018572097622722238,0.01828475891022203,9.787270340649536,0.013300928663879247,-0.002560213950673222,-0.00895364520336016,2.33962060587792,-0.5659444430982767,-1.0630503224984336
24862,4.358,0.9998022132670098,0.005888630573919835,0.00219663178409124,0.01886884164854609,0.012881916796001999,0.05340674267061925,9.7650261128344,0.0026476957100170086,-0.00027151793054380107,-0.01072829319050976,2.3359572672343027,-0.5593506254096998,-1.0628955515952097
24863,4.367,0.9998019397857102,0.005885873944983919,0.0022069399245209045,0.01888298453117645,0.046357173569527094,0.030524587991928424,9.758604393995995,0.009690277340963858,0.0031007732238592573,-0.005094548664627073,2.3286774865937097,-0.5647794248137572,-1.0690011770512216
24864,4.375,0.9998018799300274,0.005897376286133305,0.00220746675186028,0.018882503326162498,0.05615883336700256,0.09002742261836441,9.731012608854025,0.013014677350137737,0.0006070828950243786,-0.008603385811600717,2.3335243239857633,-0.5669302332212246,-1.064062160698093
24865,4.383,0.9998017766800695,0.005892940164060902,0.0021995167972156935,0.018890281349365705,0.06198986147704408,0.05646789286166782,9.75325520919166,0.009196685369329988,-0.0012673488299239446,-0.006635625084760987,2.3384896401716553,-0.5592247091616036,-1.0753303005909771
24866,4.392,0.9998017498779934,0.005883996175578875,0.0021998415346098144,0.018894449638221147,0.04043841029534694,0.06752525863243995,9.736343022626329,0.008125071681745448,0.0007027299253678616,-0.007476035384673592,2.335285253529219,-0.5635796378900142,-1.0711616876045518
24867,4.400,0.9998018129133321,0.005892227859858658,0.002194892621444754,0.018889123654697613,0.024671845380909236,0.04424145988855964,9.741684983846527,0.012233584104568457,-0.0005932830827736527,-0.009794303942161062,2.3438389548497542,-0.562370579329145,-1.0723314282613114
24868,4.408,0.9998016662217614,0.005879203070375457,0.0021896114158126267,0.018901555314187087,0.05001773153059589,0.07183179499267021,9.776559614601922,0.007144207175634475,-0.0006208945794276884,-0.005476762430658618,2.3343371352868565,-0.5655697614101622,-1.0750562531538246
24869,4.417,0.9998020538297081,0.005869381121831321,0.0021719954282273723,0.018886131393289284,-0.0066236753542098644,-0.002588760620065338,9.752381010129119,0.007831395326374276,-0.0035425460320724013,-0.012206416901395099,2.3306324287360427,-0.5635610946157618,-1.0692426118841778
24870,4.425,0.999802113095433,0.005877740047129835,0.0021667808105644377,0.018880992631868525,0.0030893784696437517,0.0009225428223833482,9.79260867671634,0.012235690191512147,-0.0005951188650322859,-0.00979494379068423,2.3418575994232795,-0.5584274188373539,-1.068476821744353
24871,4.433,0.9998020845556244,0.005875886406434046,0.002177560468806766,0.018881840682854287,-0.03434304715802121,-0.011955204016897068,9.781052923448184,0.00989244769084955,0.00322119543938641,-0.008286480653656999,2.3386779431222577,-0.5664767426175371,-1.0676911644274703
24872,4.442,0.9998020144193016,0.005858331021812739,0.0021808317136341317,0.01889062978787198,-0.018780169585389122,0.012809684258681692,9.775695888029851,0.006073371233101162,0.001347858906063296,-0.006317829358575839,2.340151399664198,-0.5703944061072312,-1.0688639862359006
24873,4.450,0.9998020324012876,0.005857945263077746,0.0021784233260447312,0.018890075578514413,-0.01634716867667933,-0.0022741966057273073,9.712154121332922,0.010183238765625458,5.1168111576460746e-05,-0.008636037440453399,2.3379746875782206,-0.5579692924151033,-1.0716836127249718
24874,4.458,0.9998020939698946,0.0058663362832191545,0.0021737181532077605,0.018884754205901754,-0.006782287464132103,0.0013438805146818342,9.752381154261194,0.01223885658766775,-0.0005977812488864438,-0.009795250988194339,2.3387032834514554,-0.5613824712969157,-1.0711575626015892
24875,4.467,0.999801988852019,0.005869096969662163,0.0021763783989724376,0.018889154702449874,0.04625558111747085,0.040199382874775626,9.758569818248008,0.010967428885823806,0.0012489157144453167,-0.007446347638478646,2.3330697261044526,-0.5703920881979496,-1.068671619083351
24876,4.475,0.9998018009668275,0.005876695509098601,0.002171068560449176,0.018897346234013238,0.02465339183106119,0.05145823381353183,9.74164958254433,0.012040997457527501,-0.0007216398700773018,-0.006605400554864436,2.3345283242116452,-0.5569556873807769,-1.0678119001665811
24877,4.483,0.9998020952654728,0.005863969731076954,0.0021797931999062775,0.0188847203677913,0.03660305424127736,0.039200884329695235,9.718336866311398,0.007257322189299738,0.0027887290411472447,-0.011508878334465273,2.3311939166735884,-0.5629237400319393,-1.079255043091431
24878,4.492,0.9998020748693991,0.005854818303281034,0.0021795383090942033,0.018888668620093706,0.058038374425378056,0.02951207562437025,9.735253292984249,0.008131201576623677,0.0006965656880347172,-0.007477604188523457,2.3372187126068544,-0.5633100112664619,-1.0684643738654396
24879,4.500,0.9998020462164912,0.005852982961758425,0.0021902992259311294,0.01888950928606121,0.057877681614290584,0.030247163352056773,9.735251994695945,0.009896762873738524,0.003216581557485432,-0.008288203858372159,2.326507031843693,-0.565058323074436,-1.0726767678723508
24880,4.508,0.999801861013561,0.005860504128217809,0.0021847210029831746,0.01889762417137884,0.021651206724533367,0.07027698776508381,9.805165545566048,0.012043735681460697,-0.0007233189205234703,-0.006605502282745277,2.3353122598570377,-0.5601965918288621,-1.074855983945781
24881,4.517,0.9998016805233525,0.005860714553052946,0.0021686328968326635,0.018908957638309055,0.03015846727479471,0.020974443696637344,9.763924903556026,0.01027929113350745,-0.00324429178118217,-0.005794892005084281,2.336973132779792,-0.5584251009280722,-1.0682683924016638
24882,4.525,0.9998015850108692,0.005856195541664232,0.0021606426324059904,0.018916321178997147,0.06396500204858731,-0.0015835507595362102,9.757540948401951,0.009206466322896416,-0.001275214592015314,-0.006636569876876639,2.339402529234049,-0.5762326558386266,-1.0666166040758933
24883,4.533,0.9998016797248053,0.005851229140544832,0.0021663161658152523,0.018912202708117828,0.03650064014547944,0.043891104331305796,9.718317201491972,0.009116207907303919,0.002014313237474073,-0.0094789546937302,2.3294148530067815,-0.5704013598350759,-1.0696748817944746
24884,4.542,0.9998017514891803,0.005846899854460266,0.002172268662005541,0.01890906476058782,0.0144147096006285,-0.0008632236105352491,9.76930015767716,0.009116862354056364,0.002013690908494144,-0.009479090750936106,2.3357573416578874,-0.5652676840566679,-1.0689447854105165
24885,4.550,0.9998012464713153,0.005865179568938442,0.0021688471818974552,0.01893048665329803,0.02421714051850028,0.05864974049817263,9.741610036600528,0.014685225764073719,-0.0002953806757056335,-0.0033851707861526545,2.3448781219555097,-0.5600104099394456,-1.0808917764330883
24886,4.558,0.999801222341863,0.005856130398186665,0.0021688053764406454,0.018934566900668037,0.014328613738840703,0.0010359832440323736,9.76930026695858,0.00813517641166959,0.0006920659457178388,-0.007478606716479387,2.3387281662898154,-0.5628796997555898,-1.0745613788972759
24887,4.567,0.9998012865397378,0.005857254503000791,0.0021531747859805783,0.018932613171823376,-0.022882612549885686,-0.012039789865833319,9.757760457346356,0.010483742239658799,-0.003127181853690645,-0.0089851202682804,2.331129670808753,-0.5628402952978033,-1.0704666115434183
24888,4.575,0.9998014278702645,0.005860961958553015,0.0021561203006027502,0.018923665045413172,0.014499340440667651,0.002677707411771863,9.769299704724476,0.011175850828957508,0.001361247524980015,-0.010638969642694531,2.339009895754845,-0.5612194685003149,-1.0797024042106018
24889,4.583,0.9998015678897565,0.005864656608330575,0.002159214857857604,0.018914767755615482,0.014388276697271357,0.0035888594193802937,9.769299576700027,0.011176738502127121,0.0013604038711644746,-0.010639154086861924,2.3274873577389985,-0.5618892738140789,-1.0731880073338307
24890,4.592,0.9998014670135699,0.005867326409601538,0.0021612027447954728,0.018919044400108276,0.030001484308788646,0.028618847640618676,9.763905973460869,0.01097656911380322,0.0012405429221306458,-0.007448861978620714,2.338642081534077,-0.5688716806464599,-1.0627855239828587
24891,4.600,0.9998014858699621,0.005859817854437323,0.0021481225581154715,0.018921864506565064,0.045767885960317514,0.05353798150908546,9.758508053339932,0.008429936566827367,-0.0024801599720600297,-0.007826186412227824,2.328933994338276,-0.5665045575289157,-1.0706920291218742
24892,4.608,0.9998012475641657,0.005858975432121926,0.0021456251831196856,0.018934995870030454,0.04586898832545379,0.05428966085844558,9.758503426403923,0.00999444738904973,-7.962204235533421e-05,-0.005447927829558047,2.3341131571332285,-0.5580272401471422,-1.0778152451935625
24893,4.617,0.9998014787178877,0.005872804679207889,0.0021329581407254026,0.018919931508739402,0.04009320737972674,0.08964997126637221,9.736165870843962,0.013529273338025383,-0.002462251127208662,-0.012145616783242929,2.3331026115215985,-0.5594479775995249,-1.0731701379880776
24894,4.625,0.9998017062193353,0.005871664220494386,0.002143642019808412,0.0189070515702278,0.06163999448236444,0.0803448647051159,9.753089960157192,0.010105972222797162,0.003325150043516512,-0.011482951930081404,2.334593914137104,-0.5633888201820347,-1.0767841907820668
24895,4.633,0.9998016781770739,0.0058698649924361235,0.002154360977782325,0.01890787476305753,0.008356046895769494,0.04316653582461049,9.746958379632632,0.009905277047893617,0.0032064834530413566,-0.008292518155018512,2.3338421861446546,-0.5589689899937405,-1.07414591201362
24896,4.642,0.9998018237649282,0.005866299935144114,0.002146353463941039,0.018902192682413024,0.008269829624494846,0.0439518757859923,9.746954942949419,0.009416861593430543,-0.0011645626190278228,-0.009827860592714973,2.3262519359361717,-0.5687063599405774,-1.0711790462585686
24897,4.650,0.9998018416414584,0.0058659821100886765,0.002143881403886959,0.018901626299315712,0.02625487755120246,-0.002707077428769945,9.746009086803246,0.010199253321532922,3.575566785344694e-05,-0.008639067234613296,2.3313431107592932,-0.5679276128905802,-1.0662660593858388
24898,4.658,0.9998018009600922,0.005857408649224026,0.0021439748314895607,0.01890642570119775,0.026225743798821203,-0.0019605196919098315,9.7460093429604,0.008141662363976664,0.0006855051158617763,-0.0074802964316770535,2.3345472771283635,-0.5667463692410898,-1.0704045403567226
24899,4.667,0.9998016959127454,0.005860231382678602,0.0021465806550328963,0.018910809861870426,0.0454964383653124,0.060151911483779553,9.758470796626076,0.010982100245617863,0.001235752514568171,-0.007450442456439683,2.3321349981511545,-0.5594595671459329,-1.0743978922320303
24900,4.675,0.9998013906679941,0.005870857364765205,0.0021460032409629814,0.01892371322542129,0.0513156182381429,0.026738896628283236,9.780817732346677,0.012839153231652817,0.0004678511497880204,-0.005418719799356907,2.334079368202191,-0.5562742925206048,-1.0731931312524456
24901,4.683,0.9998016857345967,0.005858188627915343,0.002154643647766923,0.01891106393120798,0.04528797574329535,0.061943797183591574,9.758460554740449,0.007270601079299201,0.0027685910102568517,-0.0115145711662948,2.332658501011062,-0.5660974251108595,-1.0792142029491296
24902,4.692,0.9998017535973494,0.005866414882869907,0.0021490460924339966,0.018905562170437384,0.04519500379559423,0.06274198714316281,9.758455888996492,0.012261409379150812,-0.0006180236303637664,-0.009798360762799151,2.3372812077525422,-0.5629028788484054,-1.0770133180095947
24903,4.700,0.9998017264126678,0.00585746041560517,0.0021491242888098273,0.018909766908127547,0.029490855978290053,0.03943901051399527,9.763869817311138,0.008144404950653229,0.0006827322068509372,-0.007480853759542173,2.336227899340776,-0.5632914679922093,-1.0665185278281655
24904,4.708,0.9998017896473418,0.005865888980253195,0.002144152639436977,0.018904374464738232,0.0415495337700158,0.027198045918094074,9.740588717438206,0.012263011289704471,-0.0006194491110532162,-0.009798627502364425,2.3318765871904965,-0.5594410238716803,-1.0724466921313767
24905,4.717,0.9998021751844,0.005863366948751412,0.002137025569446374,0.018885564494669806,-0.02343405172458643,0.0031240161522194856,9.75776607553099,0.009626136025222826,-0.0010554877013587154,-0.013019419866792828,2.326988331058931,-0.5626077552227559,-1.0717198845760338
24906,4.725,0.9998022282458917,0.005849783495347812,0.0021449113481286433,0.018886073782460218,0.010166093670071435,-0.019505497723617427,9.751434646952736,0.007070732254102812,0.002649183259005961,-0.008324913232949583,2.332125854841007,-0.562621662678445,-1.0731471447237093
24907,4.733,0.9998021233183134,0.005852627783844471,0.0021474996050062844,0.01889045265902504,-0.011589453312634083,-0.008542375707326359,9.734490540596834,0.010987208458939997,0.0012315473494349826,-0.007451706043890944,2.332132772997067,-0.5658046193944916,-1.0740935051023917
24908,4.742,0.9998018473499473,0.005850046129958506,0.0021574289696903964,0.01890472153063531,-0.008144799357743936,0.029513245632392042,9.752335545323664,0.009709359816474465,0.003083963189113233,-0.005104615479431389,2.3396456242691213,-0.5654886345853077,-1.066472681572915
24909,4.750,0.9998019872874627,0.005853804322221881,0.002160459066648608,0.018895809260744342,0.013272986041058485,0.020138748794478325,9.769281057505836,0.01119171379120171,0.00134495584289743,-0.01064285865531463,2.3325569817210012,-0.5630357488243461,-1.0653270004996354
24910,4.758,0.9998018928197757,0.005864503160000764,0.0021292351302335632,0.018901033687105915,0.019659181495880394,0.04239131924273051,9.723626022909313,0.012653921774292391,-0.007077674810156795,-0.007296909979801892,2.3277276684645156,-0.5655465823173467,-1.0726632087386854
24911,4.767,0.9998016200312676,0.005861831630815363,0.0021394687794418794,0.01891513114222643,0.041420524238421845,0.03308117844421713,9.74057106177579,0.009710621993938197,0.0030826509547480533,-0.005105488616501403,2.336531518529025,-0.5548234222475619,-1.074653930049944
24912,4.775,0.9998017661180981,0.00586549738262491,0.0021421750332440816,0.018905964501006026,0.06645052935316148,0.060942174878589675,9.775350408723586,0.011193757191352351,0.0013423714592089443,-0.010643645030068873,2.335509689173683,-0.5645306593737387,-1.068465277443246
24913,4.783,0.999801861142448,0.005860608214361353,0.002147760957279904,0.018901821349423312,0.034949654918068764,0.013490715791412642,9.786224777049776,0.009134298303497133,0.0019931843618439214,-0.009485063650017422,2.333075537417359,-0.5638075421464988,-1.0694665702574508
24914,4.792,0.9998019977575173,0.005864575065873718,0.002151045894975992,0.018892989200555536,0.040962210570894254,0.03558932671340354,9.740564159429441,0.011195448695013639,0.001340839192687133,-0.010643946447068349,2.3376783254281333,-0.5647377024466892,-1.0645409278288624
24915,4.800,0.9998020155779801,0.005864309797219328,0.002148526989558117,0.018892415107294207,0.01929988600688554,0.04666606790210724,9.723607163781331,0.010211646882999895,2.437016363537493e-05,-0.008641037108259015,2.330140371044352,-0.5667301438761188,-1.068727803047111
24916,4.808,0.9998018260284441,0.005872116091911871,0.002143479413872542,0.018900593080492512,0.07206316750940314,0.030051954324165207,9.797730804774542,0.012069104311554982,-0.0007410871990262144,-0.00660871343779525,2.3352906920718137,-0.562365943510582,-1.071905646136966
24917,4.817,0.9998019659237836,0.005875900252145852,0.002146482659569795,0.01889167391624003,0.028825765909665943,0.05140395545138332,9.763816144196896,0.011197749409897416,0.0013382718593556748,-0.010644605313991634,2.331392142363173,-0.5557837153684125,-1.072973275414315
24918,4.825,0.9998019472817209,0.00586685288077119,0.002146377546984631,0.018895483914965115,0.019213043723918497,0.04929948276658682,9.723594339672387,0.00815268477231305,0.0006743562783253007,-0.007482741275289835,2.330393733176831,-0.5623474002363295,-1.0699883551043852
24919,4.833,0.999801855635014,0.005877326537098918,0.002114463511094986,0.018900675797979327,0.02540734834748047,0.01580486071142542,9.74599889690057,0.012662749229975519,-0.007082708997340846,-0.007295337050086625,2.3352569878613005,-0.5593923477767676,-1.067295121432596
24920,4.842,0.9998018315667296,0.005875634095685744,0.0021253503772432803,0.01890125407375925,0.04123205693215755,0.0408704891665008,9.74054229276427,0.009918910001439667,0.0031910554284766855,-0.008298951710383617,2.3323198166075696,-0.5654863166760262,-1.0662820991081587
24921,4.850,0.9998017265942047,0.0058785158699285025,0.002127905238930378,0.018905622700898173,0.025383936923557823,0.01757452140216683,9.745995924940443,0.010996061198041427,0.0012233342363842908,-0.007454235111585423,2.3360125222859343,-0.5603989990832496,-1.0704540962610454
24922,4.858,0.9998016206770574,0.005881551352247504,0.0021307798837653996,0.018909955640031166,0.025283487762986154,0.018469184966169637,9.745994531676708,0.010996722390494703,0.001222708186781696,-0.007454372065860408,2.341134086266432,-0.5589272676266724,-1.0696981556058138
24923,4.867,0.9998017159361732,0.005876687989720601,0.002136336414929526,0.018905803767038647,0.019014705488073907,-0.0019451332510553815,9.791670198127676,0.00914032492127993,0.0019859226608405466,-0.009487192765305932,2.3338134290976886,-0.5618614589027002,-1.0702121282685335
24924,4.875,0.9998019845630531,0.005877351969692656,0.0021345312929807172,0.01889159002744747,-0.02786807020899106,-0.01803617468790973,9.739953788010602,0.010422538656391742,0.00012944592046608354,-0.01183361049321445,2.3391840404553315,-0.5667440513318082,-1.0701265081900935
24925,4.883,0.9998018801358781,0.0058730697273324806,0.002126463014753781,0.018899356703028194,0.025110015411190362,0.020885455496405143,9.745990100666338,0.009233208520609762,-0.0012963399473334635,-0.0066384866515740056,2.3342980772542736,-0.5625892119485033,-1.0697133591537866
24926,4.892,0.9998016032432363,0.005877798431554276,0.0021475604441484153,0.0189101460066121,-0.012334865706536002,0.007749326683233771,9.734490289382986,0.011482882914663909,0.005594153599399011,-0.00592528577892458,2.330931885665901,-0.5636329498034901,-1.0768086432516173
24927,4.900,0.9998014207082879,0.0058853190455508166,0.0021420054657847096,0.018918086108423375,0.018603041399297006,0.0014664347213718195,9.791671073957,0.012076938201353457,-0.0007467993113453122,-0.006609569093572619,2.3247638467091725,-0.5698968752271941,-1.0680045648673548
24928,4.908,0.9998013502409142,0.0058971284641284325,0.0021415457533761227,0.018918184746663742,0.02474223450965289,0.02370849624135891,9.745984585090106,0.013063112342544828,0.0005661972189409401,-0.008613815122857478,2.3274892948433004,-0.5596944251302619,-1.0734529910585306
24929,4.917,0.9998012450862463,0.005900032965799167,0.0021440807658937833,0.018922548788772788,-0.009034199262393235,0.047954037977488144,9.752261520373766,0.011001391318066765,0.001218454790041444,-0.007455397425660325,2.338708010341637,-0.5704222210186098,-1.0718041715453313
24930,4.925,0.999801381311004,0.005896824944245214,0.0021362419087069774,0.01891723697300922,0.028226509550094325,0.06277672670749092,9.763751395615309,0.009441841117638839,-0.0011895700566816796,-0.009830106198886876,2.3301561783489837,-0.5704129493814836,-1.0708901432238742
24931,4.933,0.999801521329154,0.005900653774283197,0.0021391982770837736,0.018908306737451606,0.055957306089498955,0.07466680090242915,9.735023871393977,0.011208233852309167,0.001326754339599698,-0.010647359003997674,2.3316142511889177,-0.564544566829428,-1.0699585710392745
24932,4.942,0.9998016955256083,0.005906296408439493,0.0021289092980075483,0.01889849285143909,0.028230819176193373,0.06454585706529951,9.763739849403157,0.011506500929983442,-0.001844380878758977,-0.010988887140523637,2.336996400451847,-0.5574787152629108,-1.0714512640722877
24933,4.950,0.9998015013360914,0.005891868036329974,0.002136588322795454,0.018912398247698328,0.04029272510270049,0.05218774596960365,9.740492161158743,0.006877616649716834,0.0025230791558839443,-0.005139047874958589,2.3321186655792654,-0.5633447799056851,-1.0721636987874377
24934,4.958,0.9998016592850981,0.005910438571257925,0.0021156559161450666,0.01890060334235984,0.024723494326203056,0.028908651533213342,9.745970596989569,0.014648972083866289,-0.004465653583855336,-0.011301596434248117,2.326275694987274,-0.5606802152532098,-1.0744291355023234
24935,4.967,0.9998016325670424,0.00590155848423724,0.0021156594010031888,0.018904790637106955,0.06811091879690709,0.009548937198028984,9.779913374370203,0.0081618967561345,0.0006644930836045047,-0.007485118137947782,2.336520099232473,-0.565062958892999,-1.0730918418699362
24936,4.975,0.9998014498425348,0.005909125619600607,0.002109714176631428,0.0189127531911817,0.03439958784814226,0.033630896971640546,9.786178239158094,0.012083456277032511,-0.000751553349738469,-0.006610670624230011,2.3418447513455773,-0.5635379155229462,-1.0667192852601255
24937,4.983,0.9998013447964448,0.005912051087997743,0.002112230214069216,0.018917110738070224,0.04293271677458596,-0.015809071995307584,9.74518883425425,0.011006353383713282,0.0012139016548575886,-0.00745705892546824,2.3372631583497165,-0.5658092552130547,-1.0745442728558436
24938,4.992,0.9998011145555984,0.005911099305059536,0.0021096019822611843,0.01892986576460747,0.024809708336781217,0.032454804905767035,9.745959210300402,0.010021002545290548,-9.886613832904978e-05,-0.005452285815913997,2.3380084256769433,-0.5604546289060068,-1.0762987731240405
24939,5.000,0.999801132273728,0.005910903191551745,0.002107017130055204,0.018929279078866275,0.040315921341352215,0.001970440433602414,9.808640208684245,0.01022786506125841,8.212928417149538e-06,-0.008644180900390245,2.3264507546694326,-0.5530217985261119,-1.064978403238679
24940,5.008,0.9998013647601804,0.005902741673497925,0.0021074330125143413,0.01891949762849863,0.03429833258565268,0.037022490540071354,9.786166349242214,0.008370899287836705,0.0007689610118272304,-0.010677581876862508,2.3340005743728227,-0.5600783784555026,-1.0624146293583963
24941,5.017,0.9998011035190105,0.005914930944554736,0.0020937550342668278,0.018931011170760945,0.012753820287165062,0.04802995095462491,9.7691844396157,0.013165022513322624,-0.0027200225458313644,-0.0057645675915089095,2.3362764395656086,-0.5582273294922481,-1.0731585262835108
24942,5.025,0.9998010849250916,0.0059060406727142805,0.002094206145734924,0.018934718556186277,-0.0027969909236876555,0.024739249409660585,9.77468086342575,0.00816539375329084,0.0006605191863983633,-0.007486109627506705,2.3293869431650696,-0.561087347671266,-1.0658569904168549
24943,5.033,0.9998013034730333,0.005898101971544797,0.002094605975053427,0.018925606795205874,-0.01848718452463515,0.0012521261861569999,9.780181534821706,0.008372639267978502,0.0007667037249487793,-0.010678109313798059,2.3247532407296636,-0.5684181900427726,-1.0665537333601154
24944,5.042,0.9998012352864825,0.005910021609424579,0.002094762773575806,0.018925473128121224,-0.01243347044721329,0.023282973455788135,9.73446540449961,0.01307518989271519,0.000555740366767344,-0.008616852906839554,2.329411537953645,-0.5667347796946819,-1.0692214033076028
24945,5.050,0.9998009292410068,0.005920721192132826,0.002094267327072826,0.018938347175708845,-0.03668348997857684,0.050580389374243105,9.780920950545289,0.012869083341260985,0.00044874013395299506,-0.005425082086776956,2.3428927398234842,-0.5626541134083869,-1.076486341840586
24946,5.058,0.9998009439908381,0.005920667984595938,0.0020916285306693846,0.018937876748339154,-0.012495407163580394,0.02527082744092238,9.734460365784978,0.010232555315915496,3.5651632423418706e-06,-0.008645128037322432,2.3291584469268454,-0.5672114493911848,-1.067997936807918
24947,5.067,0.9998008388841089,0.00592361950650638,0.002094121106060904,0.01894222677955437,0.018701454175926873,0.07445669007222956,9.72343524430041,0.01101252944905203,0.0012080766262879974,-0.007458866115776455,2.3372937847245634,-0.5616984561060994,-1.0787337689362329
24948,5.075,0.9998006079722646,0.005922622117028286,0.002090869387305268,0.01895508139667267,-0.04632482373636365,0.05021803784965088,9.740695987717729,0.010026612954218715,-0.00010320427050370645,-0.005453319700520948,2.334743565713646,-0.5618011932613797,-1.0638577889549063
24949,5.083,0.9998007484565595,0.0059265062093147875,0.0020937659201347852,0.01894613559875564,-0.009129959810314274,0.06513707047794554,9.75216180018539,0.011221135444207136,0.0013120710271894386,-0.010651231069798638,2.338419684658544,-0.5642610327501862,-1.0657608249529604
24950,5.092,0.9998008982973339,0.005945440263512883,0.0020736678732443435,0.01893450304257111,-0.012517490894378262,0.028894173504766706,9.734450260460825,0.01466614459900589,-0.004479975318596278,-0.011301473223466984,2.3304022495550925,-0.5682181006976665,-1.0711533422607806
24951,5.100,0.9998008717687883,0.005943772708699046,0.002084240225033505,0.018935266542700984,0.040395020339004696,0.06812463491279443,9.74039331409028,0.009936197287985938,0.0031707910205110244,-0.0083072326217796,2.3351958706644473,-0.5656609090190349,-1.0589346720506125
24952,5.108,0.9998009915715229,0.005918913892709839,0.0020904231372823904,0.018936046103614892,0.0426868411713339,-0.0028538275067443177,9.745202316736377,0.004247058083790163,0.0020694024299643976,-0.008362643549356324,2.3316606679242926,-0.5643607028492931,-1.0763080894490775
24953,5.117,0.999801087561294,0.005914127381350522,0.002095891427233408,0.018931868573835407,0.06765369544046099,0.024901013251818246,9.779889509517208,0.009158265848875672,0.001964303850961027,-0.009493541529167149,2.3321096408778526,-0.5647979680880096,-1.0709291762105622
24954,5.125,0.9998009346663264,0.005908508798978535,0.0021006018389157863,0.018941173037245462,0.06749620970810809,0.02564340053066616,9.779888679144648,0.008950890254094715,0.001859639939755139,-0.006301480956848177,2.3354987273679684,-0.5681786962398803,-1.0669657711416705
24955,5.133,0.9998009077842891,0.005899673676443489,0.0021005600916924145,0.018945350129372016,0.10723177007450115,0.024244829737061283,9.72792657504696,0.008172451724905216,0.0006534207791099059,-0.007487607852067769,2.331331431824841,-0.5561931656957506,-1.0646684543687155
24956,5.142,0.9998006469325137,0.0059192490421776265,0.00209804041930287,0.018953287590896532,0.12282160653867087,0.04935610523598721,9.722395913986427,0.014942580281704674,-0.00021116717032484215,-0.006584751876724476,2.336712886379462,-0.5591366286089045,-1.0660661156604059
24957,5.150,0.9998007873719653,0.005915981995211575,0.002090306418581983,0.018947753072783118,0.08912839933518604,0.07357009375255805,9.72861124280722,0.009461206147294968,-0.0012093972545263246,-0.00983221618031722,2.332297057258667,-0.5591088136975257,-1.0631687628580146
24958,5.158,0.999800768624997,0.0059143634853587755,0.002101612795861565,0.01894799686208549,0.10464919986481298,0.09853258127409371,9.723073131677872,0.009939990273134308,0.003166870096465722,-0.008308622993173437,2.3367551408564466,-0.5674926655611452,-1.07184626321587
24959,5.167,0.999800987367592,0.005906470190064365,0.0021019613532314223,0.01893887607943644,0.12262968971599958,0.051900314133164496,9.722385083588096,0.00838323426460091,0.0007540163975674921,-0.010680418290868587,2.3367286428517793,-0.5635518229786355,-1.068221502295121
24960,5.175,0.9998007987551926,0.005914314276097613,0.0020965887414221163,0.018946978935245242,0.05766921207451362,0.027608242596230504,9.739668314359053,0.012100333557046195,-0.0007635824841666887,-0.006612629835033344,2.331109870686782,-0.5652560945102603,-1.06775807898581
24961,5.183,0.9998009391031005,0.0059110597695068825,0.0020888437217279317,0.018941443262483686,0.023993174097091393,0.05169641546236493,9.745878183515577,0.0094641650078267,-0.0012121804838961905,-0.009832495383926214,2.3377195408383833,-0.562349718145611,-1.0701789375691417
24962,5.192,0.9998010772716388,0.005907973790768387,0.0020813456794979354,0.018935937587589498,-0.007109490233770625,0.004122688576321954,9.756955586942334,0.009464865914217161,-0.001212841208337415,-0.009832639976078385,2.33040444082097,-0.5623613076920189,-1.0714530936957207
24963,5.200,0.9998012958826283,0.005900091333923514,0.002081682084964069,0.018926813608371847,0.014544826900643907,-0.0052139384495655736,9.77395395341544,0.00838571065496297,0.0007510075481402259,-0.010681184130702199,2.338715267379799,-0.5687225853055484,-1.0727968888710002
24964,5.208,0.9998011851347294,0.005896090373262808,0.002073451638765135,0.018934812378339348,-0.06593649811526214,0.0015085178852851946,9.72850066833412,0.009257192706400205,-0.0013158179415857594,-0.006640387415504304,2.3340874270896146,-0.5687364927612377,-1.074295536530409
24965,5.217,0.9998008349706757,0.005905330959312435,0.0020861165632781844,0.018949025723917354,-0.028799166082260727,0.016508266259767333,9.739953790717616,0.012580393626484703,0.003611846043073191,-0.005090783993103354,2.3317767169549515,-0.5583347024660915,-1.0587850700016432
24966,5.225,0.9998011393340653,0.005900696146284477,0.002060514269972816,0.018937208142641156,-0.01920670706281283,0.020474709840667002,9.780158797754478,0.008991120181245352,-0.005593440804555823,-0.011355246832976207,2.3384380051670517,-0.5574485824422507,-1.068266955664301
24967,5.233,0.9998011124388817,0.005891887441388737,0.0020604468659022367,0.018941377644342762,-0.06228475036776574,0.04127365103811023,9.746154708582845,0.00817866157739749,0.0006469543269179533,-0.007489379434138704,2.3374353659459004,-0.5735286867283648,-1.0647033931106353
24968,5.242,0.9998010900896896,0.005905407744857717,0.0020478345024407887,0.018939714588296085,-0.046618994296242236,0.0663215287779114,9.740598253523979,0.013395432814026585,-0.002630635893840485,-0.008957524163153218,2.3348288879846573,-0.5667950453360024,-1.075529340738603
24969,5.250,0.999801186998489,0.005907838076876407,0.0020638615744180203,0.018932099753385813,-0.025058438165146555,0.057261288897566195,9.757594526522595,0.010933384721899874,0.004467994617965397,-0.010318953584266712,2.33408604914078,-0.5628750639370267,-1.0741070417682372
24970,5.258,0.9998012457525637,0.005916498883801635,0.0020582276461355124,0.018926904964539124,0.008551911593657669,0.03501317037095343,9.751392848348896,0.012317079038105028,-0.0006681029385623765,-0.009806495445950596,2.330336507132688,-0.5639821344895074,-1.062160191019151
24971,5.267,0.9998014643837141,0.005908638944778578,0.002058538106620744,0.018917775314913277,-0.007036380847622887,0.011676930684002034,9.756949523009851,0.00839089813063405,0.0007446012472832648,-0.010682593276466356,2.3352529780998554,-0.5657350821160447,-1.0667466112044013
24972,5.275,0.9998013095375574,0.005903290534243239,0.0020642492169131036,0.01892700406891493,0.008437735441785145,0.03656084843774965,9.751387265996748,0.008959555524151976,0.0018514030914065322,-0.006304856782058474,2.3321208399010387,-0.5577321165214926,-1.0724611323750286
24973,5.283,0.9998015382585349,0.005924642946946093,0.002061890789092662,0.0189084983061316,0.06378187253922385,0.05960177393105288,9.693862768006232,0.015376467112129174,-2.011141397959409e-05,-0.012972720869588342,2.3345097156533514,-0.5679183412534539,-1.065266366050302
24974,5.292,0.9998015992631388,0.005926184349554294,0.0020462294405915503,0.01890649081670224,0.07948501656123237,0.02957567194935138,9.756634440383166,0.010554793045180635,-0.003185481860013491,-0.008984399599909801,2.336680085682842,-0.5688600911000522,-1.061579185992426
24975,5.300,0.9998015732671189,0.005924573350292439,0.0020567443115848574,0.018907229465167416,0.061279619653116395,0.07777674991315282,9.757248330704916,0.009949289156741233,0.0031564570280862244,-0.008313317709609538,2.338237859317271,-0.566539326168139,-1.0742860574640665
24976,5.308,0.9998016149353566,0.005911531688278856,0.0020652593461237454,0.018908179964901472,0.06973784890630366,0.02797772011305625,9.716427818005899,0.00710296082676174,0.0026053495443114512,-0.008340097168182528,2.3372563588023914,-0.5609173911468206,-1.0736141374086068
24977,5.317,0.999801832761274,0.005896511806684494,0.002054950987927385,0.018902474233515563,0.04542896681957993,0.05485439772963874,9.762811157863617,0.0066290660456507795,-0.0017741195425529277,-0.00986052422848097,2.336527898481997,-0.5555511752933648,-1.074158730310784
24978,5.325,0.9998019842157906,0.005893071653082875,0.002046976187236593,0.01889640053420016,0.0455464023841844,0.05551328703436876,9.762806887613865,0.009476690503793734,-0.0012240537338997467,-0.009834042119528433,2.3331025776333885,-0.5599362368424358,-1.0731655022933788
24979,5.333,0.9998021678409089,0.005898572986480219,0.002036588110372566,0.018886088165924183,0.0050239922286483525,0.004856599589774425,9.733749192201072,0.011547031061807869,-0.001882067005884072,-0.010992527173264993,2.337270178170407,-0.5675274342003687,-1.0755045403186219
24980,5.342,0.9998024289720753,0.005899481668079481,0.0020339788397358127,0.0188722565599977,0.01118109418298086,-0.02844443677676085,9.756339363974874,0.0104666451916416,8.041985628860617e-05,-0.011842487648470179,2.3379991129257442,-0.5660580206530731,-1.0750248471422263
24981,5.350,0.9998023235629243,0.005895346175166072,0.0020257996006729333,0.018880011324954253,-0.03811913925474537,-0.028660586694522924,9.76809612614192,0.00926798252592184,-0.001323916850296671,-0.0066415252833758745,2.3349730671303934,-0.5669093720376905,-1.06185434468433
24982,5.358,0.9998021334193896,0.005917713471399898,0.0020417697730606885,0.01888136259654123,-0.019255244735914587,0.03388723562047769,9.780121430491313,0.015647809806915977,0.004253954666979783,-0.008262397863654672,2.330184935395949,-0.5675204804725239,-1.0748239269689606
24983,5.367,0.9998021939358149,0.005919169689646097,0.0020258795980791474,0.018879413210455494,-0.02271834370119689,-0.0023977344044638564,9.76251673421877,0.010562288673377489,-0.00319120966190172,-0.008984476106595935,2.331389917209084,-0.5621287676169713,-1.0726688882846762
24984,5.375,0.9998025306133214,0.0059155202764717115,0.002031181696557166,0.01886214992978052,-0.04090938726312135,0.04576105834770347,9.763097787402081,0.009388313710458658,0.002039647586139453,-0.012693333910384835,2.332393053285607,-0.5646048324707483,-1.076300417538348
24985,5.383,0.9998026268203554,0.005910817523864022,0.0020365602913324315,0.01885794425425717,-0.003867649980841503,0.06070904099799657,9.77452327741425,0.00917766124090541,0.0019421304544408329,-0.009500451598458486,2.3335873952310235,-0.5582226936736848,-1.0726899116521258
24986,5.392,0.9998024041310287,0.00591691488113506,0.002043668177291252,0.018867067405560066,-0.0014088905771936608,0.045218875976595935,9.71113479079822,0.011814464056301714,0.0023957052272434603,-0.006281280103635914,2.329691753916998,-0.561166156586839,-1.0741553910799624
24987,5.400,0.999802422085989,0.005924038021036271,0.0020515580099635827,0.01886302399530286,0.02004375180680489,0.03619693859000374,9.728150998039187,0.012026979828417115,0.0024912536862124763,-0.009474540166942349,2.334080322548399,-0.5682389618812006,-1.073323679830884
24988,5.408,0.9998025579049336,0.005928160659831263,0.0020539475689133496,0.01885426788098724,0.05104658819549229,0.030346003466542405,9.785370766433923,0.01125082629125847,0.001281680745336648,-0.010659123497871922,2.335531460288168,-0.5594317522345542,-1.0714434294202528
24989,5.417,0.9998022090773044,0.005937458124978915,0.002066574641098672,0.018868454743546575,0.031837691743692643,0.02493847310883704,9.704967137567813,0.012593604587696122,0.0036027905879540724,-0.0050974441372549535,2.332617353377232,-0.5675088909261162,-1.0735854645982479
24990,5.425,0.9998021817615248,0.005928780490999203,0.00206631756049888,0.018872658491155634,0.04116802386092156,0.028976170511264648,9.745166191768647,0.008192075790983043,0.00063385315602942,-0.007492279063401783,2.3430904233017062,-0.5633262366314327,-1.070130403048291
24991,5.433,0.9998021553675279,0.005920030931734198,0.0020661951619359025,0.01887681630376184,0.09997099917705794,0.03388659662689846,9.773615689787265,0.008192539185239708,0.0006334178089385641,-0.00749237441873896,2.337502141958714,-0.5628727460277452,-1.0738379330405747
24992,5.442,0.9998019726384466,0.005927808066406618,0.0020607522256864677,0.018884647205172616,0.0377272969608617,-0.006896208610779259,9.727589882034621,0.012123667138633026,-0.0007790230710243334,-0.006615553660588651,2.3296731284146,-0.5723729400809716,-1.0716075391163336
24993,5.450,0.9998019461931225,0.005919062640755087,0.0020606252468050126,0.018888803813164,0.09047657543845918,0.032346302409489,9.733409718745373,0.008193517198211112,0.0006323072452369996,-0.007492642797911679,2.3313578959412973,-0.5606222675211708,-1.068288579594766
24994,5.458,0.9998018324866053,0.0059224339810011635,0.0020629812456087987,0.018893507894181805,0.05393604828042471,0.07266391335975399,9.802922580621347,0.011042588931578669,0.0011823839179544405,-0.007466776986234807,2.337009813161341,-0.5699478692313884,-1.0732860386459189
24995,5.467,0.9998018064913837,0.005920872305146561,0.0020734451347085093,0.018894227504339643,0.053025797546176597,0.019759448719532183,9.721984636232515,0.009960819075896583,0.0031441225104200847,-0.008318032468387573,2.3414047692052202,-0.5621357213448159,-1.0733280853808178
24996,5.475,0.9998021063854863,0.005923497594918034,0.002057918116336902,0.01887922711381583,0.05640348426820619,0.057978854587837345,9.739542284663276,0.010785990372221109,-0.003105610968306609,-0.012177120902694663,2.338646159071941,-0.5615524278213612,-1.0633433056004509
24997,5.483,0.9998020010401267,0.005919406324502867,0.0020497051336432724,0.01888698106606069,-0.008310683753266011,0.03354381887879293,9.756897847674672,0.009278352146582144,-0.0013320573284690822,-0.006641862726107297,2.335272693501303,-0.5645399310108649,-1.069443554525263
24998,5.492,0.9998017302136291,0.005924273153097447,0.002071103354975376,0.01889745433476562,0.025333902677419484,0.011252193721064003,9.75075989473427,0.011515606117686416,0.005561358998744533,-0.005951067787692562,2.3365059070941463,-0.5638237675114695,-1.0711504463182357
24999,5.500,0.9998017909063576,0.005925785598651312,0.0020551699353541413,0.018895508514356316,0.03136325185296677,-0.02199704335259145,9.773408092880539,0.010575522475223179,-0.0032017744706151316,-0.008983738362764834,2.331815486937748,-0.565465455492492,-1.0640885605967423
25000,5.508,0.999801847857735,0.005934723209200775,0.0020502351248204843,0.018890225425395795,-0.011798036714411568,-0.0011643378874519653,9.739342205578355,0.012342585545185612,-0.0006899405799949148,-0.009809721303474527,2.3347705381532537,-0.5589064064431385,-1.067547449601437
25001,5.517,0.999801743081415,0.005937822146091501,0.002052607253192306,0.018894538972678922,0.04090362791431994,0.03823427218955855,9.745135381016475,0.011047142561619256,0.0011782625368365479,-0.007468063135345067,2.3418681037381583,-0.561370881750508,-1.0699137461674966
25002,5.525,0.9998016452225289,0.00594089876443343,0.002055475414231764,0.01889843784595071,0.013114168116134393,0.02812296912798602,9.773916910169344,0.011047815082737228,0.0011776314683917713,-0.007468201365559416,2.3379545146859364,-0.5657559432995788,-1.068924087525678
25003,5.533,0.9998016625964318,0.005940890930538136,0.0020527243609124116,0.018897820166914894,0.03462093376222576,0.07414054224739378,9.722467105123721,0.010272105253362097,-3.291299329385026e-05,-0.008651977396176059,2.333831258227149,-0.5621287676169713,-1.0726510414067432
25004,5.542,0.9998017573576571,0.0059363637892740845,0.002058174752750274,0.01889363612939746,0.0008212091890007555,0.04297506778362884,9.797071574790923,0.009189599157168306,0.0019282631155350038,-0.009504010023314854,2.327937640864972,-0.569164486362828,-1.0679883174680898
25005,5.550,0.9998014079938103,0.005945698037151212,0.0020707754615583345,0.01890780625650991,-0.01168582947599992,0.11213149876229547,9.751731946886888,0.012602353930301026,0.0035961161461143076,-0.005101530080297695,2.3365188398923733,-0.5574926227186003,-1.0729195720392097
25006,5.558,0.9998013807530594,0.005937088854844591,0.0020705853237798087,0.018911972309179455,-0.009077625825571265,0.04145264289759684,9.75686676803705,0.00820077149924672,0.0006248175021127591,-0.0074941446055400065,2.3313612787708546,-0.5633123291757434,-1.0687513294710351
25007,5.567,0.9998015994214665,0.005929333267730903,0.0020707790106876834,0.018902821894273034,-0.024656159375419408,0.01792642649971876,9.762495866703604,0.0084153385287209,0.000715955729939887,-0.010687854295877524,2.3396867041265312,-0.5650536872558728,-1.0720921485343995
25008,5.575,0.9998014137155397,0.0059444261644270935,0.0020757992766335985,0.01890735273239197,-0.02810610478221661,-0.01856339121688192,9.744973791960168,0.01390165745301441,0.0017247746789523372,-0.007443500453738381,2.3367446365415683,-0.5645492026479911,-1.0704093387927265
25009,5.583,0.9998012649484029,0.0059388303440047205,0.00208075533624744,0.01891643092524748,-0.040420457660783254,-0.004440403632830863,9.768127911474044,0.008978568934099459,0.0018335499931821128,-0.00631111324340285,2.3350091998242557,-0.5606083600654815,-1.0667970706865308
25010,5.592,0.9998012044943885,0.005943594152652543,0.002070283670794356,0.018919278676557145,0.008940172831269081,-0.0025285668382766203,9.756382812315307,0.011360612515098435,-0.0019988258510473117,-0.007800025226211973,2.3381787639452454,-0.5693923906193125,-1.0662021810435296
25011,5.600,0.9998009770828618,0.005949831778728614,0.002077752979896068,0.01892851469384215,0.04610582560395412,0.012701188689238333,9.767787940197357,0.011829721979685341,0.0023829154175079815,-0.006286192420545032,2.3318600851775555,-0.5657675328459865,-1.0701893202132906
25012,5.608,0.9998007300584001,0.005934358620308377,0.0020988737709413873,0.018944083280794357,0.05179950350177202,0.03437089106928571,9.721950569349,0.006598053779282953,0.005664109777881915,-0.00482311854327892,2.335538513997069,-0.5606616719789573,-1.0724083325777298
25013,5.617,0.9998008700351546,0.0059312697950841785,0.0020909755488289225,0.018938535762312962,0.04893476163776948,0.05151544865772023,9.785293005213909,0.009503070395678808,-0.0012499443186807329,-0.009835729956669767,2.335267322735129,-0.5647771069044756,-1.068708867382246
25014,5.625,0.9998009330830159,0.005940061230279378,0.0020856917176422015,0.01893303380262109,0.06720528897606778,0.06012034110221646,9.716299949536074,0.012354286331771843,-0.0007003194697548115,-0.009810630718254457,2.3301746852426466,-0.5609150732375389,-1.0734217702560573
25015,5.633,0.9998009065200053,0.005931367934451192,0.002085514196772099,0.018937181066281797,0.08887222559885681,0.0510523491369368,9.73334436009612,0.008205684242351234,0.0006198673409061568,-0.007495061999236592,2.3404009214762844,-0.5699131005921652,-1.0695992065384738
25016,5.642,0.9998011212969156,0.005930989259694944,0.00209625418221579,0.018924770493608658,0.09487393086071585,0.01769730160404249,9.756041848773915,0.010187986668586873,0.003220321512974895,-0.011516771044979161,2.3328547387640284,-0.5618846379955158,-1.0726604980052656
25017,5.650,0.9998010946769175,0.005922301043936708,0.0020960728111104584,0.01892891734763278,0.07304736310711733,0.028351716782435206,9.73899014563137,0.00820686715814746,0.0006189011163118274,-0.007495206358121932,2.340939667009032,-0.562654113408387,-1.0765006193429325
25018,5.658,0.9998010806481916,0.005935632969346497,0.00208230794147153,0.01892700160084953,0.05762487290800512,0.005027988080471083,9.74464013260713,0.01344181502178415,-0.0026638904206586923,-0.0089578689018814,2.3269968135489814,-0.5689667149270037,-1.0728802360377305
25019,5.667,0.9998009316573507,0.005930058183697175,0.002087245024153881,0.01893607338498696,0.05765842501973543,0.005942187658560181,9.744639416607127,0.008983516049674145,0.0018288889148956357,-0.006312691664319063,2.3363506814221693,-0.5685781257832,-1.0833143468341868
25020,5.675,0.9998011036901994,0.005935904198280647,0.002075729581532193,0.01892642195220264,0.07316169344544009,0.030989738691669926,9.738981252444221,0.011583727247236207,-0.00191585103608213,-0.010994108982462019,2.3319044123116828,-0.569975684142767,-1.0762529942722496
25021,5.683,0.9998007537751064,0.005945275765759795,0.0020883037142587087,0.018940576400829332,0.03923659693535635,0.05507287638522232,9.745061623974825,0.012611177891080986,0.0035895787997699373,-0.005105382686190719,2.3426009635344136,-0.5547793819712123,-1.0699709739825485
25022,5.692,0.9998008176194129,0.005946831643583004,0.002072230808161748,0.018938483055279336,0.029729849782986817,0.05269047795206863,9.704862829018204,0.010594320955604693,-0.0032172955185057993,-0.008982915434105026,2.3374734357440645,-0.5650328260723388,-1.069911102837536
25023,5.700,0.999800546165052,0.005944373605717409,0.002082283533110635,0.018952477563314297,0.05140696167126365,0.0436340185637141,9.721915491927248,0.009760981899931511,0.0030382995192763857,-0.005130819949756314,2.3372011037507607,-0.5598690174732707,-1.066055592742771
25024,5.708,0.9998008112280132,0.005945493739900931,0.002080361324949165,0.018938349155984104,0.026907047457486698,0.07088512088529253,9.768181898001142,0.010502615901456784,4.114860694811172e-05,-0.011847960793294988,2.332854586267083,-0.5640818045886145,-1.0726396373791216
25025,5.717,0.9998007054212763,0.005941477604118346,0.0020720907403620737,0.01894610046849053,0.03583627591510561,0.021053515671603556,9.72757669195538,0.009295922050135984,-0.001346223241416232,-0.006642586902193861,2.3370034372166435,-0.5589527646287695,-1.0724138493824154
25026,5.725,0.9998008509379703,0.005945546406655377,0.002074601038017854,0.018936868066558126,-0.025702681966142973,0.03398153159657556,9.762450485899898,0.011279458773268762,0.0012512070417570798,-0.010665835098387269,2.3326568180683354,-0.5646303294728456,-1.0789839869346698
25027,5.733,0.9998008682770498,0.005945609350416501,0.0020717865061069575,0.018936240983432048,-0.004078621663777668,0.02498782243897709,9.779508095389454,0.010288758164855376,-4.841262125345611e-05,-0.008654364297250413,2.3357485880621556,-0.5628147982957062,-1.0677473483912303
25028,5.742,0.9998010075426924,0.005942607843898232,0.0020635697838260717,0.018930726567637873,-0.007513906171727317,0.04330430792791141,9.693447846435504,0.009514256152129941,-0.0012609650357176152,-0.009836917922190554,2.337669775161661,-0.5593552612282627,-1.0633713049777682
25029,5.750,0.9998011479567931,0.005946750965221213,0.0020662089873659502,0.018921719733082112,-0.01022182265996293,0.06071789529991376,9.75676476806531,0.011281794899889553,0.0012488657015069522,-0.01066651025305514,2.3486467511533315,-0.5612967086534981,-1.0620518357554944
25030,5.758,0.9998012153364878,0.005955683538652378,0.002062301472915171,0.018915775371490366,-0.02573141088241111,0.03746384799328513,9.762437668436696,0.012367852504850521,-0.0007121253295208437,-0.009812576010407643,2.3325764937931877,-0.564770153176631,-1.0679961296523048
25031,5.767,0.9998009450319225,0.005960422898686888,0.002082927108850964,0.018926306739654352,-0.004251950751534425,0.028578405452326282,9.779498189683022,0.01153150992540226,0.005545557942265105,-0.0059624689048218245,2.333788275153647,-0.5642703043873124,-1.0667712264152573
25032,5.775,0.9998009581540832,0.00596074961774623,0.002080471886701297,0.01892578069462664,-0.01724625236226461,-0.011340080393230938,9.721862556308308,0.01029253389655724,-5.183115327575677e-05,-0.0086548847516258,2.3330220839171893,-0.562517356760775,-1.0621544665375204
25033,5.783,0.9998008530695477,0.005963937684715011,0.0020827695226747897,0.01893007447987557,-0.0078069549354391685,-0.007102258372884821,9.762054194334807,0.011068142598788503,0.0011598678295876058,-0.00747287150849788,2.330873434169869,-0.5572090886393585,-1.0688128450303553
25034,5.792,0.9998007544955834,0.005967163228929452,0.0020855871121566484,0.018933953614064997,0.0075758009812734,0.018014135207922763,9.75636766393534,0.011068819653057003,0.0011592347877885567,-0.007473010172018956,2.3245326454055926,-0.5635657304343249,-1.0697754752761224
25035,5.800,0.999800324772324,0.005981225802996181,0.0020900702444545246,0.018951705185099536,0.04133972250918824,-0.004049645983485874,9.750314703835274,0.013704731776722174,0.0016237242662334287,-0.004254461632787216,2.3397346343635816,-0.5687782151283058,-1.078648704485169
25036,5.808,0.9998006601830729,0.00597059388307331,0.0020845006821455,0.018937971461649557,0.04750183780033939,-0.037237383892679436,9.773077235798883,0.007660175360621084,-0.0005201775674259546,-0.011873939047410314,2.3315662192872373,-0.5622848166857274,-1.0633881080044092
25037,5.817,0.9998003968383041,0.005997473378956877,0.0020918216450387848,0.018942573142097,0.05070600439824061,0.0012088773477483912,9.790505543479835,0.016776286063088137,0.002257672315389075,-0.007424918315299375,2.341623749362985,-0.564544566829428,-1.0698853988397485
25038,5.825,0.9998002969675204,0.006008626033479243,0.002060285893435862,0.01894776553808365,0.05689398164816647,0.023238529245582663,9.74461801614607,0.012779588383146107,-0.007148035822468258,-0.007272632462627715,2.3362887115437387,-0.561417239936139,-1.0748372559578607
25039,5.833,0.9998000258205909,0.006006200443856915,0.002070309823466692,0.018961744186887227,0.05084591782787833,0.05820702681715477,9.721842113005643,0.009768670074913577,0.0030312585212002767,-0.005134726031884402,2.3379408139266564,-0.5574369928958429,-1.0670499095471082
25040,5.842,0.9998000539196684,0.0060133314253895224,0.0020781842145972886,0.018957140548286164,0.06010148156928537,0.06250027742713982,9.762026504900708,0.012065320388041293,0.002451728076308914,-0.009486916186000333,2.3301654233237623,-0.565786076120239,-1.072154797816291
25041,5.850,0.9998000712330102,0.006013438037229162,0.0020753289335780044,0.01895650640961861,0.004428354580957795,0.09630143273025397,9.750982921656837,0.010299026459640714,-5.8582683747700795e-05,-0.008655987280498422,2.328429834109505,-0.564042400130828,-1.068521669083951
25042,5.858,0.9998001633180517,0.006009066525217445,0.002080310592568219,0.01895248945473605,0.038235158645690444,0.07403526584844325,9.74493998922812,0.009213637952389468,0.0019001790223727882,-0.009511386153878093,2.3362847187263984,-0.5675158446539608,-1.0742910635770158
25043,5.867,0.9998002603505746,0.006004519531683506,0.002085515176845217,0.01894823935263776,-0.03894649462149337,0.06263934638917167,9.785492254605106,0.009214313070276748,0.0018995484235618551,-0.009511524252384473,2.3321063936011353,-0.5601548694617942,-1.0704849691130878
25044,5.875,0.9998003994695651,0.006001592293247324,0.002077323754771053,0.01894272515932638,-0.03624881823077422,0.04674007499615701,9.722190100538379,0.009526752209108865,-0.0012735544006391689,-0.009837787673763301,2.331356128278046,-0.560375819990434,-1.0680467743435595
25045,5.883,0.9998002936556428,0.005997631575053138,0.0020690101187306976,0.018950472783264487,-0.01445890052921994,0.03768699181005323,9.73926577018375,0.009309026516454039,-0.0013568169429125148,-0.006643348943336445,2.336997693680157,-0.5645607921943988,-1.0716281695977128
25046,5.892,0.9998001839754338,0.005993139805059307,0.0021058569342303508,0.018953621409614593,-0.02076991044720424,0.017650598652450816,9.785162150374413,0.009366372820509825,0.00945600962758263,-0.007678949217996675,2.3359820653521384,-0.5620685019756508,-1.0662877786541496
25047,5.900,0.999800244362169,0.005994821895338165,0.0020897911406245378,0.018951682162256286,-0.01829016231673871,0.0017889471826467984,9.721867098114817,0.010615421064334067,-0.003234539866588997,-0.008982062422723798,2.328152063573605,-0.560092285911192,-1.0639222004567717
25048,5.908,0.9998001859585781,0.006006899691603466,0.0020900003103348588,0.018950915861537746,0.0067513245703524185,0.030412638279320937,9.756337500006886,0.013157711619031367,0.0004873188145070961,-0.008632755332046712,2.3335907272282657,-0.5616451441926235,-1.073145707986347
25049,5.917,0.9998000806054457,0.006010133472036816,0.0020922580719578755,0.01895519910614254,0.0034427140585111594,-0.006070442275514576,9.738950337002429,0.011078931229497753,0.0011500721278044266,-0.007475430459622386,2.3352925444555908,-0.5613917429340419,-1.0721590406249193
25050,5.925,0.9998001391138795,0.005996788658644805,0.0020998368013993803,0.01895550155122706,0.04317104968909517,-0.0075966137792122515,9.687026732110589,0.007138976706327815,0.0025582724646370535,-0.008355284467645472,2.338881387081071,-0.5612967086534981,-1.0621232232672273
25051,5.933,0.9998000337434739,0.0060000277565734625,0.002102090527892151,0.01895978398826941,0.08963451780576089,0.011021157842514341,9.738578174670277,0.011080195909773155,0.0011490922247476532,-0.0074755969352297185,2.3365575590428547,-0.565355764609367,-1.0782161090922608
25052,5.942,0.9998001309347578,0.005988410486142074,0.0020969508473811264,0.018958900807656113,0.06194833743477588,0.0008002640565979855,9.767400978633068,0.0074526567997588175,-0.0006153997259841731,-0.008680629140107513,2.339471276239375,-0.5628936072112791,-1.0760207634252312
25053,5.950,0.9997997801073574,0.005997859014264151,0.002109469860608857,0.01897302088313779,0.11441086880626472,0.040283592441405544,9.77303785090338,0.012629413976236395,0.003575931619185755,-0.005113647270911993,2.337015251703936,-0.5687341748519562,-1.0740299971783334
25054,5.958,0.9997997500035802,0.005989355102676986,0.002108894455199762,0.018977357097607055,0.10476658215688278,0.03767715975417874,9.73285038826082,0.008227788771895556,0.000597349162887369,-0.007499611550076394,2.3333165259070796,-0.557699665791551,-1.0690344855562792
25055,5.967,0.9997999696840983,0.005981737870696201,0.0021089299769117744,0.01896817983031162,0.09846463927135138,0.07237426326490891,9.710029311471475,0.008447875250427533,0.0006772930025525194,-0.01069452216776881,2.3384395864451477,-0.5603804558089971,-1.068483264594665
25056,5.975,0.9997999535959579,0.005973033236647978,0.0021089798057415034,0.018971765011555963,0.055303814938792786,0.037850738956406955,9.74458136423131,0.008228820038007222,0.0005964848360878862,-0.007499821119452071,2.3284549711094416,-0.5618776842676712,-1.0719602530898777
25057,5.983,0.9997998482082684,0.005976287768383289,0.00211122139304236,0.018976044146834285,0.055230679203944776,0.038638329482059836,9.744578689561479,0.011083856732254625,0.0011460635086554473,-0.0074763446881848435,2.3420714629764445,-0.5574114958937457,-1.064334215770507
25058,5.992,0.9997998737136258,0.005976390715384491,0.002108682273292827,0.01897495020562278,0.015301055877450813,0.041788281073305504,9.79649532283321,0.010310758967310242,-6.886163390341528e-05,-0.008657395626172614,2.3352783523172636,-0.5601525515525124,-1.0702176450732188
25059,6.000,0.9997998910321892,0.005976549806416665,0.0021057825245611684,0.018974309589381778,-0.012646115473617237,0.08640856753141309,9.75656822405113,0.010311444047555298,-6.950041119828061e-05,-0.008657535533152438,2.343088994520556,-0.5581971966715878,-1.069934954744071
25060,6.008,0.9998001215436793,0.00596881559973287,0.0021061426309697436,0.01896455548645648,-0.034533847848618626,-0.012033265100278598,9.727596742844982,0.008451143770755298,0.000673584277644027,-0.010695249608119198,2.3367501936928985,-0.5616266009183711,-1.0711695222565865
25061,6.017,0.9998000162193937,0.005972080906252966,0.002108375796629441,0.01896883150986755,-0.021929847766137503,0.02973285488216157,9.78513036456692,0.011086432304568386,0.0011439411407399337,-0.007477008519736265,2.3450578915837452,-0.5616358725554973,-1.072085335265837
25062,6.025,0.9998003274368851,0.005967582819658313,0.002082241005013786,0.018956726636890874,-0.058874500072783865,0.01608544895745905,9.773775611064936,0.009080463971099661,-0.005673380824374641,-0.011343125977175614,2.3306071222950555,-0.5681671066934725,-1.0657808494047576
25063,6.033,0.9998004610630593,0.0059568557814508784,0.002108646913044479,0.01895013286205945,-0.037234117988817254,0.007007400640696679,9.790870437479107,0.007824746118857816,0.007016878767055535,-0.01004850601289106,2.340632885264592,-0.5652584124195418,-1.0679325992604265
25064,6.042,0.9998004685709684,0.005957423172235491,0.0021062772907910034,0.018949821909287057,-0.019329175721761526,0.015219419665456228,9.721853339094126,0.010314970365075936,-7.228460601739997e-05,-0.008658083268864919,2.333802585900709,-0.5638005884186541,-1.0687288468984033
25065,6.050,0.9998006082900629,0.005954500599462637,0.002098225103987857,0.018944261316939416,0.00561775465724559,0.04376155764716832,9.756287472464479,0.00954231938155661,-0.0012878457287936508,-0.009838823196468196,2.335033387954309,-0.5721149030038267,-1.0701058552408946
25066,6.058,0.9998004111093622,0.0059628380960702896,0.0020925396592965566,0.018952672243362553,0.027398755677599067,0.03489272296126056,9.77338247968466,0.01217743250617646,-0.0008162642702224318,-0.006620649997637997,2.3364903708951945,-0.5562348880628184,-1.069025191699062
25067,6.067,0.9998003846667838,0.00595426834368013,0.0020922433975951466,0.018956793668962777,0.030169816113669975,0.018950661614989768,9.71011415505445,0.008234790714876645,0.0005907093066654922,-0.007501252193634193,2.3304061576519066,-0.563340144087122,-1.071687945404879
25068,6.075,0.9997999171691221,0.00595238532300934,0.002088715384327569,0.018982413061217004,0.02111153712542388,0.07044735001724652,9.750521954266894,0.009875394885120266,-0.00022972927514672915,-0.002268379690838804,2.337270584828929,-0.5616683232854393,-1.075560168655006
25069,6.083,0.9998001443540492,0.005966980728362971,0.0020754048746238238,0.018967318872641574,0.03345571060372992,0.05814187055301862,9.727434198387224,0.013709676178207711,-0.00262111346452613,-0.012153833106734242,2.3257800850249732,-0.5636004990735483,-1.0734283983154944
25070,6.092,0.9997997872048772,0.005954247132016806,0.0021005803195188024,0.018987364443110787,0.06126302528583769,0.01527960720075336,9.76739338383843,0.007385043038546218,0.006857734702080473,-0.0036610024617644717,2.3321651670351646,-0.5619402678182733,-1.0785248064339874
25071,6.100,0.9997998472297354,0.005956010533329766,0.0020844532619746056,0.018985427899411798,0.06429750510462016,0.05352060313796935,9.784710913872638,0.010634572961330607,-0.003249695675727437,-0.00898152483578807,2.3348556570950048,-0.5668298139752257,-1.0791911872169417
25072,6.108,0.9998000226940826,0.00594680376526788,0.0020965921680552407,0.01897773556487802,0.06109011684112278,0.016785334870503512,9.76739199472259,0.008143588239696842,0.0038374355381702164,-0.010374562566310466,2.334045325109576,-0.5581832892158985,-1.0685362496010886
25073,6.117,0.9998000399380201,0.005947002922600915,0.002093657696772036,0.018977088649767607,0.06688446967212625,0.038244273625892715,9.721446729687543,0.01032090969454818,-7.793079823206417e-05,-0.008659111210187725,2.33699969856088,-0.5613894250247604,-1.0719024247118103
25074,6.125,0.9998002674345059,0.005939352160453458,0.002093787873157451,0.01896748233548959,0.017504832683765743,0.03777027340461011,9.73317767945608,0.008460262893823057,0.0006631062233358736,-0.010697289059307257,2.33555255363845,-0.5640980299535853,-1.0743288675032865
25075,6.133,0.9998002846616424,0.005939557129740391,0.0020908488782250107,0.01896683427908942,0.029717810420919238,0.02526289180129977,9.710101179114382,0.010322305578544968,-7.904979518606475e-05,-0.008659359043982177,2.3406473485086,-0.5625915298577849,-1.0699110803697163
25076,6.142,0.9998006279825636,0.005936153705346365,0.002096316283250228,0.018949190560531008,0.011454486945625956,0.018643934032877826,9.779121435178284,0.009456485732147414,0.0019530775899689345,-0.012712888998001244,2.330426110270824,-0.5587271782815666,-1.0744173385886315
25077,6.150,0.9998005217071787,0.00593227695365203,0.0020879434956658947,0.01895693477750461,-0.016218345748411626,0.008440422504575136,9.807962402955,0.009328938435896392,-0.001371508957028203,-0.006644222620022578,2.3311406156703636,-0.5594363880531174,-1.0719637999976446
25078,6.158,0.9998005044797497,0.005930728305996538,0.002097713946601935,0.018957249272963144,-0.035213838552331254,0.002118051077129457,9.727601518242983,0.010008344722387095,0.0030921714797880325,-0.008337948648845784,2.3344868376957133,-0.5632497456251413,-1.0621368048687125
25079,6.167,0.9998005643032677,0.0059325195904617115,0.0020815669924658573,0.01895531347755671,-0.01350119975842026,-0.006761928274481527,9.744712030880454,0.010641351725103589,-0.0032544343880582765,-0.00898141335334256,2.341627606627484,-0.5603989990832495,-1.0704130484417989
25080,6.175,0.9998005839347524,0.005932888557540912,0.0020794216389024445,0.01895439797883388,0.011497407934130734,0.021896317735642896,9.779114643652921,0.010325765949555681,-8.208917381604429e-05,-0.008660027842467886,2.3377394087367755,-0.5589574004473326,-1.0728967415161472
25081,6.183,0.9998004003460779,0.005948063286682055,0.0020841291552691848,0.018958808417833914,0.017367482037078476,0.04356182104977281,9.733153731437758,0.013955664544253288,0.001683603404978252,-0.007457741414473456,2.339173603916873,-0.5628240699328324,-1.0686988551563474
25082,6.192,0.9998004236975638,0.005948261339030331,0.00208143008924711,0.01895781131878999,0.039007905601500754,0.0348428444326147,9.75026289438546,0.010327307998616015,-8.364720656821389e-05,-0.008660252028738453,2.3244791071848976,-0.5634961931558782,-1.0624517823194453
25083,6.200,0.9998003185636877,0.005951585727358471,0.0020836148810528163,0.018962072046771063,0.00500618673364898,0.058697651627356705,9.756209377615177,0.011100441649107685,0.0011321129790359261,-0.007480680365439676,2.3292240707405147,-0.5731563229495319,-1.0769748631181022
25084,6.208,0.9998006072764271,0.005962013665033088,0.002078030602501664,0.018944177774762334,0.03262518757560745,0.07062795777183913,9.727354373902156,0.01263631121310215,-0.0006777482054823787,-0.013013235664305966,2.335046202143801,-0.5674926655611453,-1.0718587560304236
25085,6.217,0.9998004136187102,0.005940632741073967,0.0020748977087224527,0.018961450629919618,0.06660962746617577,0.04837446990823595,9.721403484009594,0.005164725129209164,-4.2795862239090056e-05,-0.004330327929165875,2.3318622256111188,-0.5606431287047049,-1.0704821181061825
25086,6.225,0.9998005580152781,0.005967307900145117,0.0020639748790133726,0.018946647103470448,0.05444183152170247,0.06254304247000729,9.74445902685834,0.016584626602999517,-0.002085887186584094,-0.012132345435943312,2.337434191326326,-0.5647377024466892,-1.0645427125166556
25087,6.233,0.9998006927366261,0.005956624047131106,0.002090306187185595,0.018940011968532,0.06648889282092309,0.050255306549832006,9.721394771770841,0.007834625302389125,0.006998905333953809,-0.010058503969855862,2.3338295922285286,-0.560417542357502,-1.0724231432396325
25088,6.242,0.9998005867623895,0.005952911676600204,0.0020823023474390843,0.01894765339262052,0.03861753068720997,0.03999185513586237,9.750244688116258,0.00933618872420482,-0.001377145432756809,-0.006644677068411361,2.3359788689077368,-0.5566930144850691,-1.0658505250987231
25089,6.250,0.9998006837498113,0.00594848547743856,0.0020873779368673806,0.018943366841283792,0.01688221270109613,0.050432490482415646,9.733121406656094,0.00924274385333459,0.0018681200445670365,-0.009520201192144761,2.3391915855432783,-0.5608942120540049,-1.0711586289207011
25090,6.258,0.9998008334818171,0.005945557932543765,0.002079742959985231,0.01893722205486556,0.03544188465393679,0.003979472968606276,9.732980903427968,0.009561081460667689,-0.0013057195238371675,-0.009840490637813249,2.326291654788852,-0.5621658541654763,-1.0766123363052305
25091,6.267,0.9998008505972805,0.005945811413368591,0.0020767625129107293,0.018936565925664037,-0.004396299621377299,0.0071138895842582555,9.784889530283786,0.010333774480080953,-8.927857180331719e-05,-0.008661307521103017,2.3342789379523987,-0.5554839559241997,-1.0670952226428028
25092,6.275,0.9998009190699708,0.005954675841187054,0.0020707959043605806,0.01893081791130703,0.007895363623511842,-0.005247780849303195,9.761835487787776,0.012420242066294107,-0.0007569970256825476,-0.009818578654342712,2.3369922890257726,-0.5652862273309204,-1.0708888467599973
25093,6.283,0.9998005697007454,0.005964214927201366,0.002083254958809643,0.018944894170833237,0.007781605907297653,-0.004227536513388437,9.761836074783767,0.012650918163721051,0.003561130231680309,-0.005124009462031183,2.336484796799759,-0.5594016194138939,-1.068262690387853
25094,6.292,0.9998006302277033,0.0059661590863024465,0.00206738135680863,0.018942826514813268,-0.001686571403110866,-0.006903665558679517,9.72166115254976,0.010654247264597913,-0.0032648664870117503,-0.008981192941475815,2.3362152376482297,-0.5657165388417924,-1.0647864876647808
25095,6.300,0.9998007650488556,0.005955490062342518,0.0020936880147427385,0.01893617744788766,0.007618364825634815,-0.0025263794822697233,9.761836790272712,0.007838069645069771,0.006992868546649884,-0.010061772352183675,2.334317335164884,-0.5679855606226191,-1.0723477205962164
25096,6.308,0.9998006477823014,0.005952049863656558,0.0020856296477581204,0.018944338085139397,0.007390261593062129,-0.0018271032963131397,9.761837120955134,0.009341348227477753,-0.0013810270778537778,-0.006644925314490607,2.332565464211051,-0.5693947085285942,-1.066487351961332
25097,6.317,0.9998007883178314,0.005956415767976003,0.0020880495438800628,0.0189352802816524,0.01050539250735017,0.03656334532261223,9.779071920396781,0.011334322888871535,0.0011949817205460323,-0.01067877749037048,2.3254971131639506,-0.5574462645329691,-1.0681174210187911
25098,6.325,0.9998006778795192,0.005960007428381401,0.002090343170043936,0.018939727784186584,0.04439085120854685,0.01452695204781884,9.773152007438496,0.011110548504551608,0.001123743407801714,-0.007483033044457728,2.331824765800737,-0.5603503229883366,-1.065357850883858
25099,6.333,0.9998006949792848,0.005960285877382084,0.002087340914472124,0.018939068591302274,0.01952746501943527,-0.012496497678887534,9.738793044053693,0.010339644658131761,-9.464550077398382e-05,-0.008662092469133414,2.3283959265697307,-0.5639983598544783,-1.0638833302113888
25100,6.342,0.9998006239593303,0.005950430607708942,0.002100709970524624,0.018944437804736307,0.06237908497653488,0.02345955950099366,9.704115016044566,0.00793446820800848,0.003745840190925512,-0.0071864411607394495,2.3365096118617,-0.5618753663583896,-1.0716572352941423
25101,6.350,0.9998008502266087,0.005965169352617761,0.0020872836295114366,0.01892933933859046,0.05642032403256181,0.0037374315185154257,9.750107181866412,0.01374373100601348,-0.002649396137842794,-0.01215499819362818,2.334750094155289,-0.5705991312709,-1.0647508388445541
25102,6.358,0.9998004841578583,0.0059528536289785135,0.0021134406458750755,0.018949637991822223,0.03762265249946339,0.05180099254204588,9.750192989904123,0.007391069081398974,0.006848629512396215,-0.0036724725702717994,2.339846792241531,-0.5673860417341936,-1.060593399740985
25103,6.367,0.9998003001110359,0.005968100909264601,0.002118097147955042,0.018954032127545085,0.0372741165999255,0.05267064633099428,9.750189672194773,0.013972710354537341,0.0016709417396925446,-0.007461717197363263,2.3413405911168064,-0.5610757581248583,-1.0645489252222027
25104,6.375,0.9998003136755378,0.005968766682728056,0.002116459007150383,0.018953289948049512,0.03720663959412501,0.053661006985988406,9.750184527105223,0.010343386092390277,-9.802408538079488e-05,-0.008662348839633783,2.3315717594944627,-0.5596063445775628,-1.0641459736209196
25105,6.383,0.999800128465515,0.005976833856986269,0.002110546418213971,0.018961175364473098,0.00016151600198045403,0.039956350464883154,9.738870871262996,0.012206208241923922,-0.0008356633680568649,-0.0066233044200827386,2.3383911478849457,-0.563979816580226,-1.0618571732234154
25106,6.392,0.9998002263076546,0.0059726727986138695,0.00211654253807719,0.01895665852645283,0.01239100958599214,0.027520970111833545,9.715832280778534,0.009253864110566277,0.0018556724142537537,-0.009523316806452294,2.3372239647642936,-0.5647817427230388,-1.0691828360770113
25107,6.400,0.999800366767926,0.005977073558318302,0.0021189297011213522,0.018947594552373857,0.021712734098535927,0.03203432826314712,9.7560025681717,0.011342509968246636,0.0011866238003650595,-0.010680341484245483,2.337009830105446,-0.569703739609933,-1.073288356493268
25108,6.408,0.9998001646670291,0.005963216547398696,0.0021263596376876032,0.018961787228059152,0.006209134884991522,0.00851907764712311,9.761834396413121,0.0069412894285967395,0.0024547057694224114,-0.005170624793259,2.32546431246733,-0.5671697270241168,-1.0636304913508114
25109,6.417,0.9998003051796666,0.005967623788246957,0.002128740979144703,0.01895272251714135,0.027783502038098415,-0.0003599245416910496,9.778974787414592,0.011344042478770718,0.0011852159356431243,-0.01068055423855425,2.3447686848071903,-0.568169424602754,-1.0659214606113008
25110,6.425,0.9998003515552818,0.005970027601522843,0.0021132399899684387,0.01895125370833524,-0.0002293412502886934,0.044040044389175505,9.738853258527072,0.01066784744904185,-0.0032753060179891566,-0.008980300504733014,2.330446966403636,-0.5668112707009733,-1.0772703268087742
25111,6.433,0.9998000803106117,0.005967743499236049,0.0021231534026158677,0.018965169866122993,0.03378271724241605,0.02194221799507873,9.732962884106673,0.009801821126276568,0.00300362802181193,-0.0051496909067588505,2.3345330172136167,-0.5664836963453818,-1.0684538734156246
25112,6.442,0.9998002543491192,0.005973963737206084,0.0021118674115594327,0.018955294161265075,0.021460018248747388,0.03612774430025942,9.755988827909036,0.01166669292034647,-0.0019907479334554537,-0.010998279693315498,2.3355395361196982,-0.5716498228537316,-1.0725481525455656
25113,6.450,0.9998003147909155,0.005983065918774161,0.0021061904336371674,0.018949866175142754,0.0586399854717474,0.051761905271006305,9.76728428104726,0.01243858331300234,-0.0007727842327417464,-0.009820257276346585,2.3318409967079967,-0.5579298879573169,-1.0675781372443545
25114,6.458,0.9998003282270423,0.0059907588339548476,0.00211369318438399,0.018945891027201872,0.033782243056534794,0.024794245429438224,9.732956039564165,0.012118849719703737,0.002399909534223946,-0.009503625180584077,2.3457579676274873,-0.5645237056458939,-1.0676579512602586
25115,6.467,0.9998004685141828,0.005995187460431647,0.002116053349624777,0.01893682139000809,0.03363493658537225,0.025748792731355743,9.73295407063293,0.01134897515653135,0.0011799936412338664,-0.010681916040230619,2.3322734845927204,-0.5644495325488842,-1.0599441699351024
25116,6.475,0.9998006045712796,0.005999946667837788,0.002119487117234638,0.018927744536724533,0.048875632530917305,0.05093734976041184,9.72710050432898,0.011349905056809547,0.0011791322057666338,-0.01068210490222418,2.337453906727773,-0.5635425513415092,-1.067239655837517
25117,6.483,0.9998000079675736,0.0060013470380967425,0.002121098473368342,0.01895860867877392,0.05517635812680486,0.017969688512462223,9.750098455576895,0.010669750652624037,0.0009808080369394072,-0.0010930704129901866,2.331655263269908,-0.5650861379858146,-1.0755687666113616
25118,6.492,0.9997999791668226,0.005993006967348824,0.0021205154902041333,0.018962830473503486,0.02109784997960491,0.04165640335959424,9.755967575896507,0.008264010049828298,0.0005618803507577559,-0.007507165777297434,2.334982955981165,-0.553005573161141,-1.0632070774760218
25119,6.500,0.9998000385014116,0.005994943494815512,0.002104259906872586,0.018960900698934007,0.033492771551530444,0.02910634073343919,9.732945099110426,0.010675482001121487,-0.0032816950157095203,-0.008980131618872863,2.3362576954544743,-0.5711430203365684,-1.0705944493884372
25120,6.508,0.9998003044751168,0.006003585675045514,0.002112474891130336,0.01894321990425305,0.02123502655351973,0.043365669050693896,9.75595983281394,0.012350543000157782,0.0024605635660181007,-0.012701560984831831,2.3377070824750974,-0.5618452335377293,-1.068474711573949
25121,6.517,0.9998004016272805,0.005999249428218758,0.0021174565776323883,0.018938909416047978,0.01801533648608613,0.006655161968445986,9.738801701749736,0.009263706899377404,0.0018446823016169218,-0.00952633305678885,2.3314112986091526,-0.5626448417712608,-1.0755937297726486
25122,6.525,0.9998005435431365,0.0059964853360154795,0.0021089885895979707,0.018933236954974387,-0.012991396821832764,0.06792043578565311,9.761814969817648,0.009586133381508578,-0.001329649944787183,-0.009842172697988398,2.3374878820439675,-0.5626100731320374,-1.0718872660994767
25123,6.533,0.9998005605462483,0.005996838935219521,0.0021059229631783926,0.01893256830613479,0.00575967494850329,0.021557378816951907,9.761814587764224,0.010357210133707405,-0.00011056009201873497,-0.008664615540470237,2.3338505161377596,-0.5675251162910869,-1.0752854028491725
25124,6.542,0.9998006527583275,0.005985418604968213,0.00209997957019871,0.018931972796053548,-0.015943787255445867,0.03186006560878817,9.744658601807844,0.007497121672978397,-0.0006611667197491384,-0.008685673770749703,2.3250672964563703,-0.5638701256971008,-1.07611678861564
25125,6.550,0.9998007076968375,0.00597949358189827,0.0021181513764672354,0.0189289191491185,0.005610663589034714,0.022953162895157243,9.761811492342561,0.008943890764807222,0.005015957562173319,-0.009211806915041332,2.3374517832383153,-0.5684228258613356,-1.0669491757919745
25126,6.558,0.9998006732608897,0.005971288888994123,0.002117382091762231,0.018933413563175547,-0.03167336335242829,0.008952985237191591,9.750523678156092,0.00826855615608675,0.0005578203984021812,-0.0075081200496141245,2.3323678315651453,-0.5679901964411822,-1.0728502442956747
25127,6.567,0.9998007335106802,0.005980442787250857,0.0021116643173346053,0.018927980594505223,0.005389744574948337,0.0244967756568572,9.761807866661817,0.012450803661030557,-0.0007827527306886015,-0.0098215896270405,2.341218798549661,-0.572709786073689,-1.0812862648849344
25128,6.575,0.9998008580203288,0.005985212139836199,0.0021132884013721023,0.018919713253332613,0.027107289578787185,0.01590177890720955,9.778963762786162,0.011359128343273378,0.0011699907222755713,-0.010684303848791174,2.331168898282387,-0.5633795485449085,-1.0758326840169496
25129,6.583,0.9998008328128685,0.005983983322441415,0.002123408257928174,0.018920300940047974,0.05454914660472508,0.027718096846860378,9.750079144771687,0.01003885027112966,0.003059646568947483,-0.008350390889091982,2.336997592015527,-0.5660255699231312,-1.071614262513617
25130,6.592,0.9998008468803614,0.005984428954063544,0.002119904942056236,0.018919809471635893,0.04212691108157532,0.04188274203393746,9.773083080083277,0.010362333384542202,-0.00011476937129063634,-0.008665200340601809,2.327943418289668,-0.563068199554288,-1.068778632947491
25131,6.600,0.9998009869373558,0.005988911820864906,0.0021222136237561925,0.018910728796827564,0.05438240791268005,0.029437695115903703,9.750075036571863,0.011361699162328234,0.0011675548084162635,-0.010684775509823677,2.3355654356043622,-0.558499274025082,-1.0760910396822125
25132,6.608,0.9998008448361732,0.005983478846332033,0.00212654983741252,0.01891947228543989,0.054260753046460254,0.030270455980301633,9.750073163196543,0.009042046320192529,0.0017749075298756337,-0.006331545265066581,2.3321007178410698,-0.564786378541602,-1.0697085607177828
25133,6.617,0.9998009848758554,0.005987968535902614,0.0021288519056781754,0.018910390362089455,0.054139102517369135,0.031103272850917265,9.750071219585017,0.011363338242402368,0.0011659810959899796,-0.010685058051255357,2.3333515233459017,-0.5677553384568531,-1.0738219157860747
25134,6.625,0.9998009510614346,0.00597978139761118,0.002128168183982615,0.018914845261559197,0.020022871480684972,0.05478660475331986,9.755904941613313,0.008273394254519164,0.000553292252026234,-0.007509004250875241,2.338229139609749,-0.5635981811642666,-1.0730932561394793
25135,6.633,0.9998010111069925,0.005988965930598339,0.002122425617250984,0.01890940998597768,0.029335475832239607,0.004679275793494278,9.71578957744392,0.012458070847580728,-0.0007886241752431448,-0.009822258440091713,2.335810659605217,-0.5685109064140348,-1.0762383463516525
25136,6.642,0.9998010642576671,0.005991087215663194,0.0021057893520375613,0.01890778766582609,0.041930286074769375,0.04703443872210449,9.773060490618589,0.010690401764090633,-0.0032925743314091227,-0.008979732612894333,2.3376826910157837,-0.5532682460568488,-1.065138112851393
25137,6.650,0.9998011182656146,0.005977999928097262,0.002113371417197351,0.01890822818088036,0.03252576121737182,0.043961916981219956,9.732892613977493,0.00718160516058653,0.002504595041530971,-0.008372849446445405,2.3345354287528606,-0.5574532182608138,-1.068783756866106
25138,6.658,0.999801031904867,0.005981227446576787,0.0021159899827154125,0.01891148081427016,0.020067482387080306,0.0580472734081527,9.755885995574026,0.0111375331971935,0.0011012778959326127,-0.007489156909609832,2.335242660170133,-0.5601061933668813,-1.0653351831021007
25139,6.667,0.9998010488299104,0.0059816298341662955,0.0021128829668501633,0.018910806135832438,0.0017362329343339818,-0.0029772764047488825,9.744679080219713,0.010368746935976766,-0.00012045161812535779,-0.008666242393729965,2.3330902548229426,-0.5574787152629108,-1.0714798190769808
25140,6.675,0.9998016444811599,0.005972110384669969,0.002107970172610698,0.018882850740117734,0.0200450657914084,0.059670159957939985,9.755876248799835,0.00796694559112577,-0.0005502941332613725,-0.015080731934366553,2.33357267782544,-0.5645515205572726,-1.0706766628325957
25141,6.683,0.9998012955307103,0.005981766771645042,0.0021203533127588333,0.018896878663761146,0.001642394197132155,-0.0013942223320044006,9.744679453423032,0.012678201342209875,0.003542401838067406,-0.005135993425096781,2.3318509757556174,-0.5684413691355881,-1.0689432083996684
25142,6.692,0.9998012597759284,0.005973682247220141,0.002119901245802843,0.018901377981096285,0.01676952702968569,0.023738160783509283,9.738777269296266,0.008277917097741125,0.0005489708952325678,-0.007510019185467166,2.3375001879103072,-0.5653117243330176,-1.0735706314685254
25143,6.700,0.9998015635686233,0.005976731328872772,0.0021038048560666923,0.018886137071575344,0.023330260688480604,-0.009281101095022778,9.76185176183787,0.010926478373755707,-0.003237141731541963,-0.01217669058338408,2.334527663391547,-0.5664767426175371,-1.0677215041199568
25144,6.708,0.9998012923111977,0.005997040050038264,0.0021004309633953474,0.0188944328643583,0.0017292244593959353,0.0012934134934657485,9.744679453847935,0.015098098438545975,-0.00030438714661710256,-0.006606224455764943,2.33360148570472,-0.5609266627839467,-1.0746174001197304
25145,6.717,0.9998015113034096,0.0059896882113491335,0.002100177053549219,0.018885202855499075,0.01700424667424967,0.026535381166157522,9.738769642498909,0.008510032230749483,0.0006063007893426834,-0.010707709844778285,2.335085904052376,-0.5611962894074991,-1.0772897282297362
25146,6.725,0.9998014911754891,0.005981146782640804,0.0020990831392417838,0.018889096759975865,-0.00479166131464233,0.036726022799957,9.721593196543171,0.008280168378623066,0.0005466817870975869,-0.007510687618830377,2.337968588215528,-0.5687040420312959,-1.070849258145933
25147,6.733,0.999801466304392,0.005979962815872226,0.0021091572463474047,0.01888966585248519,0.026236402977463286,0.03180731623622757,9.778927337914544,0.010049354658233308,0.0030486219341420767,-0.008354876420006305,2.3343388860060026,-0.5660603385623546,-1.0752957405576817
25148,6.742,0.9998016751136516,0.005972877645206316,0.002108736417218115,0.01888090048952174,0.03193947531078372,0.0530027486585733,9.732849520942409,0.008512122492458652,0.0006042272652239833,-0.01070802757960481,2.3352438178456025,-0.5691413072700123,-1.0654935458487311
25149,6.750,0.9998011659042417,0.005991938300706495,0.002105037543381722,0.01890222602926508,0.026073327686281615,0.03351999370630147,9.778922056508101,0.014871357543977868,-0.00036506405800222484,-0.003409458487128768,2.331347340794104,-0.558411193472383,-1.0668447016295748
25150,6.758,0.9998014672903731,0.006002448685750614,0.0020999727881899667,0.018883504126122483,0.0166886459001251,0.030787258943419427,9.738757677614354,0.012702078972329214,-0.0007416572208582093,-0.013021305901306516,2.3325427895826745,-0.5617965574428165,-1.0633856049479347
25151,6.767,0.9998014424710038,0.006001275870083128,0.002110035380298862,0.018884069252294768,0.016592364661168837,0.03171206152600377,9.73875487317338,0.010051928188676593,0.003045793117822747,-0.008355950090147593,2.3399755211886717,-0.5641351165020901,-1.0782027126999012
25152,6.775,0.9998012938807807,0.005988874501042914,0.002104273113909149,0.01889651214351373,0.016496811066568143,0.03241646140872542,9.738752714701299,0.007283714118753863,-0.0007365953233002981,-0.0054903088066396155,2.32794518595292,-0.5633146470850249,-1.0690204381986974
25153,6.783,0.9998012678115853,0.005980514852121295,0.002103781433222016,0.018900593327521684,0.0012285386807574503,0.008761337108452527,9.74467567257098,0.008284123379188294,0.0005427853290893054,-0.007511456903708039,2.340175209547615,-0.5616358725554973,-1.0721210290217036
25154,6.792,0.9998012068424618,0.0059928998457808025,0.0021031717686787656,0.018899963394342908,0.03821296196071464,0.02443925469438184,9.755929887093453,0.013243011591492304,0.0004200193522636315,-0.008648232556021826,2.33264842029881,-0.5570507216613207,-1.0778352247097198
25155,6.800,0.9998012236510551,0.0059933512246758995,0.0021000222555584485,0.018899281295263082,0.0011763564931335678,0.010594737727054998,9.744673859242031,0.010380288307161551,-0.000130840814190803,-0.00866813186519715,2.3389401435709956,-0.5633262366314327,-1.0701607427407775
25156,6.808,0.9998010835891739,0.005987915186695155,0.0021044026682972504,0.018907924662464565,0.028706771442638713,0.022312759790038172,9.715766959027453,0.009054405544545494,0.0017635845010025052,-0.006335764537577165,2.330901072905899,-0.5704291747464546,-1.0725936508503855
25157,6.817,0.9998013840305894,0.005983094402631488,0.0021226910348866096,0.018891512767857308,0.03785236197993847,0.026939384849035856,9.755924707674874,0.009192244691011126,0.00505028701467713,-0.012419651615706517,2.3360300803097136,-0.5645723817408068,-1.0728559238416657
25158,6.825,0.9998011867030223,0.005984411448802589,0.002105861494282705,0.018903418585193725,0.018963598340398888,0.07486691864734969,9.755773627564771,0.010477073225760818,-0.0033630507815513074,-0.005781728755387647,2.339599326142482,-0.563963591215255,-1.0601393880945575
25159,6.833,0.9998014069175034,0.005984291895807691,0.0021161108177588104,0.018890660425037224,0.028368090484120256,0.024694764541159108,9.715762192283206,0.010288565937358576,0.0030970039670851052,-0.011555173280963603,2.331614183412498,-0.5655210853152496,-1.0699492996498772
25160,6.842,0.9998013740489654,0.005969077816856413,0.0021058306223339543,0.018898360701598307,0.09000299511313566,0.013475082687199609,9.681070253820545,0.006519286225801427,-0.0019625146023054367,-0.0066664995731508195,2.333354172102617,-0.5553070456719096,-1.0741842490994464
25161,6.850,0.999801795443155,0.005954739616182497,0.0020634013442295002,0.018885266205176738,0.2466163556064235,0.13060557153989436,9.547602382386552,0.006637686050647882,-0.009479021887717664,-0.011661199115218932,2.336996163234376,-0.5608965299632864,-1.0714188142093972
25162,6.858,0.9998022743209444,0.00596336236092141,0.002039235302473083,0.01885980093748117,0.6433443061330136,0.14470690454593024,9.752532519173457,0.01227217637332298,-0.005149821526589913,-0.014509668985329223,2.333284504639293,-0.5561931656957504,-1.0646541768663689
25163,6.867,0.9998026620394329,0.005983369718615047,0.0020627393072475456,0.018830331176726403,0.3855692093763713,0.09856336357908778,10.052734016320265,0.015156185451896642,0.006200786881979921,-0.015581347966771715,2.3389256803269873,-0.5659931191931895,-1.0681822616314878
25164,6.875,0.9998035690823815,0.005956110337848646,0.0020452313894384977,0.018792685500993618,-0.019452590564863925,-0.08199562529426599,9.716573752827943,0.0035878073539111067,-0.0035742728108237795,-0.017454881807975477,2.339875786505967,-0.5610757581248582,-1.0645596333489624
25165,6.883,0.9998037872208296,0.005956757972407201,0.002010478686816531,0.018784623200755288,-0.21997783503680837,-0.12586247311328205,9.597093048948434,0.010275641351349138,-0.00770894391878476,-0.010465950011641014,2.3358074292726054,-0.5636236781663637,-1.0757964571015273
25166,6.892,0.999803119187426,0.005977420236453906,0.0020254425089936755,0.018811988014401083,-0.240200936163021,-0.11372991164079932,9.878683354265752,0.01532298040061497,0.004030151002595754,-0.0019267439419748266,2.330140540485402,-0.5642888476615647,-1.0687509815206044
25167,6.900,0.9998026027639308,0.005959823643537745,0.0020139787592514066,0.01884621707837817,-0.2932359449457213,-0.04292928412056907,9.884284150186748,0.00605734250626634,-0.002073892053743916,-0.0002717295179322875,2.3389385114605847,-0.5611267521290525,-1.0699374802683659
25168,6.908,0.999801848477234,0.0059780273912514136,0.0020102955257197217,0.01888082842236846,-0.34456712677635815,0.06378712400736267,9.608121460253924,0.014651650569241777,-0.000423303995111529,-0.00021478212376668104,2.334253512902676,-0.5617988753520983,-1.0636172352319373
25169,6.917,0.9998010554623844,0.006001673908836583,0.0020301291164894894,0.018913169548363723,-0.25481016506433346,0.17489298076848042,9.854108156053565,0.01609303895951601,0.005251690874470482,-0.0007522779166790429,2.332294832104579,-0.5654538659460844,-1.062864375728376
25170,6.925,0.9998006987941076,0.005997335643837916,0.002022276009493271,0.018934229736933865,-0.18746774237180602,0.23937789349443978,9.853392874781692,0.009156270613670966,-0.0014712213010876893,-0.0034503369278398254,2.329625655668386,-0.562056912429243,-1.0651135650439965
25171,6.933,0.999800915783877,0.005982864367753502,0.0020113928667682694,0.0189285084043722,-0.07338478755245337,0.15729898611613968,9.663746326638456,0.006757800270463648,-0.0019149579205822635,-0.00986480667481346,2.3325907537079345,-0.5650328260723388,-1.0699467965934029
25172,6.942,0.999800934212384,0.005997948802951374,0.0020295555299419217,0.018920820874174925,-0.02997337227398083,0.08426193294332994,9.618020889370204,0.013929223260418866,0.004859970642670302,-0.010365442585549445,2.333296590232267,-0.5620685019756507,-1.0663074102198762
25173,6.950,0.9998014835886826,0.006001400751168628,0.0020585223422872564,0.018887537919469795,0.033300710942571726,-0.033828142088082255,9.871280856974073,0.011203624402800922,0.007588985291833701,-0.016471199569901975,2.333105418251583,-0.5704384463835809,-1.0735540810544693
25174,6.958,0.9998016920992022,0.005987226643193996,0.0020477003504149544,0.018882174556176187,0.07955951013438914,-0.12428409137246788,9.762483184804442,0.006760663133439094,-0.0019172022396994105,-0.009864687259417125,2.3377696962295214,-0.5597291937694853,-1.0770398806495496
25175,6.967,0.9998017511714503,0.005996556027860551,0.0020418400240130854,0.0188767200440807,0.14430059254590877,-0.15271563348633974,9.66470860195328,0.012492174478797352,-0.0008176132465260142,-0.009827242820871798,2.330131973274826,-0.5591505360645938,-1.0675790408221608
25176,6.975,0.9998011243972232,0.005996277174986132,0.0020564552820466326,0.01890839246902324,0.1905530780360125,-0.07791096157179209,9.79618561916567,0.01036559144178834,0.0041508028306383015,-0.0007916133168112287,2.3381224189945646,-0.5583323845568099,-1.0584945450204608
25177,6.983,0.9998008549609115,0.005994123222992374,0.002066263204807047,0.01892224782066523,0.22943448697348068,0.029536943499895437,9.755096278317637,0.009832510873692149,0.0029779386863722345,-0.005164637822212241,2.3306471630857324,-0.5569881381107186,-1.071258178551057
25178,6.992,0.9998005969488087,0.005991905850807694,0.002076796725198482,0.0189354250135315,0.1508278818562416,0.12601411882921773,9.65713146492623,0.009833018048919395,0.002977472083261998,-0.005164740245295753,2.337695098546754,-0.5545051195290966,-1.0668353853045378
25179,7.000,0.9998004917534082,0.005995502507377302,0.002078762578163638,0.01893962474473387,0.1288394493150956,0.19132765126466117,9.719986603067195,0.011164454173017308,0.0010781025702413804,-0.007496006833562314,2.341868035961737,-0.5623474002363296,-1.069904474778099
25180,7.008,0.9998005995142677,0.00598401180358301,0.0020736095002317485,0.018938135000223264,0.08887839947408548,0.19456659462487674,9.771844790941934,0.0075316933558503265,-0.0006968421977684237,-0.0086896816099478,2.341121356797465,-0.562328856962077,-1.0679568440530318
25181,7.017,0.9998012287129772,0.0059835563336545685,0.002065586301178939,0.018905911003076092,0.0091958997819214,0.0901147028994523,9.715456892633666,0.010100034022184493,-0.0012701786300713805,-0.016242040011526543,2.335512987282715,-0.5684413691355881,-1.0689164380827683
25182,7.025,0.9998011988719321,0.005982737390397438,0.0020760579615169837,0.018906601252093046,-0.02420673097613389,0.004631613905893896,9.710457610369971,0.010069499154320592,0.0030268023886632234,-0.008363627911405913,2.341861016141047,-0.5606292212490155,-1.0689442073153208
25183,7.033,0.9998017481013286,0.005994189150061195,0.0020705413902771617,0.01887450789590344,-0.07871967494456437,-0.07028372311790884,9.837645683388732,0.012968858301777955,-0.0007226935341082377,-0.016223785068206962,2.3364630765175898,-0.563768137688712,-1.065291491952894
25184,7.042,0.9998015596470328,0.0059802914225237196,0.002078505563900488,0.01888801886073932,-0.10341743683803743,-0.09777626131516608,9.803489131232343,0.006969606525173922,0.0024253470926084097,-0.0051845324779121104,2.332111713534995,-0.5606500824325495,-1.071212702714057
25185,7.050,0.9998013330429186,0.0059869786458157355,0.002085639780837774,0.018897106630457548,-0.04189984180996457,-0.10887667485563318,9.768833908913491,0.011935693710138999,0.0023001257183425648,-0.006322307178129545,2.3391738072461337,-0.5598945144753679,-1.0687266693245394
25186,7.058,0.9998008694864473,0.006007735089938296,0.00206882393068414,0.018916882956179524,-0.027457087994736805,0.025626609665127642,9.773542737736411,0.015228189860263138,-0.0035499536337559303,-0.0037203205034340653,2.3372363892393686,-0.5657744865738313,-1.0708824263775052
25187,7.067,0.9998005188754323,0.006010306839827848,0.002070591457908511,0.018934395134850922,0.049569042715432735,0.039126305722674726,9.732885471121186,0.01093474043025532,0.0010240113345920537,-0.004299277097662007,2.3401390260214385,-0.5686692733920726,-1.0671713494774548
25188,7.075,0.9997999937890165,0.006007479196096958,0.002080621885946738,0.018961899318361633,0.05807125956220871,0.09795546735169698,9.703675706333838,0.009602580360253053,0.0029239735591636397,-0.001968780769475595,2.3308573388154494,-0.5576764866987354,-1.0666111014486535
25189,7.083,0.9998002195260688,0.0060298074885776695,0.002077413224712273,0.018943252402096933,0.06736744734588081,0.10299701143442569,9.743814394801248,0.015606437896738254,-0.00022980149239037686,-0.013008012317871683,2.3343279580884975,-0.5692201161855853,-1.073800869950805
25190,7.092,0.9998004355308414,0.006015499534208537,0.002066393121669308,0.01893760537030663,0.039870271838124506,0.09300478840606312,9.772739747348583,0.006771186980316212,-0.0019290572653571582,-0.009864741418526411,2.339893175088695,-0.5676904369969694,-1.0669382824560893
25191,7.100,0.99980065508765,0.006008280975994923,0.0020659906202471568,0.0189283472278304,0.03706873277729757,0.05592352634056082,9.75580462500925,0.008541191738154695,0.0005697611506935163,-0.010714506523608053,2.3430923773501133,-0.5608872583261603,-1.0703977046203403
25192,7.108,0.9998005889067375,0.006013744332362913,0.0020553419004228726,0.018931267007756422,0.022023523099633374,-0.022709222214911184,9.681800924209485,0.011504179397400987,-0.002104346437846272,-0.007804608796676652,2.336024658711224,-0.5655419464987836,-1.0721142831566006
25193,7.117,0.9998006867078728,0.006009602639776485,0.002060115700177144,0.018926897735241702,-0.015055270188163234,0.01833896245057681,9.750594376555762,0.009309255706124352,0.0017938146413737379,-0.009540694821373073,2.3352918666913878,-0.5711569277922577,-1.0720663267309458
25194,7.125,0.9998004475050667,0.006016648507372435,0.0020670992351000516,0.01893653110154284,0.021759025295214694,0.03414655253271561,9.761800081313876,0.011941271862175402,0.002295153813986656,-0.0063244700474702036,2.3291497611075336,-0.5637820451444017,-1.066809771178029
25195,7.133,0.9998002184049364,0.006016168163412528,0.0020636724899510783,0.018949149160998845,-0.03424571032669494,0.06717565458010136,9.750287690016771,0.010172459572279188,-0.00020454655568038395,-0.005474463781679061,2.3315929206211656,-0.5632961038107724,-1.0670406830933505
25196,7.142,0.9998000263925069,0.006009547246029385,0.0020816757615410653,0.018959409101139094,0.017743393587808333,0.10720335246416125,9.755474173422225,0.0087436051106722,0.004919228662036485,-0.006036995079622452,2.3355616291721786,-0.5619124529068946,-1.07557034362221
25197,7.150,0.9998001668710197,0.00601424861015782,0.0020837705518393958,0.01895027806192031,0.051635775830030234,0.08526017836468675,9.749761622328272,0.011412968495779953,0.0011148400646091377,-0.010697197301241954,2.336505805429516,-0.5652885452402019,-1.0711365392341399
25198,7.158,0.9998002169654054,0.005978938179950768,0.0021042721470513055,0.018956542218997494,0.06372057404130714,0.07239756549537878,9.726834407197437,0.0019110399810677741,0.0057677820470264035,-0.006941755915055034,2.3313489220721997,-0.5613430668391293,-1.0670610105599385
25199,7.167,0.9998007678509216,0.0059904632942517225,0.0020986790265082145,0.018924441882705242,0.10423739781509771,0.01658565492339229,9.744372304758418,0.012986191781298182,-0.0007415957877537327,-0.016225595511083372,2.3313344927164015,-0.5635216901579753,-1.0650871651453473
25200,7.175,0.9998012276337948,0.005970105716071178,0.0020776905814906812,0.018908893715508218,0.17556945913794075,0.009550375535395297,9.74987413450114,0.005245463149595054,-0.004387938374492895,-0.012212656905599048,2.336015617065706,-0.5672392643025637,-1.0708774427323757
25201,7.183,0.9998016916338855,0.00596397299897452,0.00207742516286848,0.018886310830382915,0.17290370916555697,-0.027583868765651342,9.732970517524121,0.00878525560021172,0.0006089049632035231,-0.013914294485012746,2.333497656540046,-0.5654306868532688,-1.0604142213038503
25202,7.192,0.9998022280993363,0.005968730645071693,0.0020618851785394045,0.018858090348704327,0.15203909149425593,-0.07131527796310269,9.785162507025703,0.011220492853939865,-0.0032435043518658497,-0.015375703043548041,2.3436288638405625,-0.5604615826338516,-1.076990094600462
25203,7.200,0.9998022445661965,0.005969327494009716,0.0020586146738112206,0.01885738569605821,0.07165133706107472,-0.06672871584393741,9.739518216572131,0.010414535022841016,-0.0001609742692574474,-0.008673752057372334,2.332002530548251,-0.5651471527740269,-1.0562771546025094
25204,7.208,0.99980185397373,0.005970478949006593,0.0020742227288336537,0.018876010486417023,0.03435666905763299,-0.025639420529328143,9.808279553410186,0.010611122152369916,0.004194595123297291,-0.00399665464882846,2.331167350892502,-0.5599594159352513,-1.0756210107812845
25205,7.217,0.9998018320871107,0.005984629269177593,0.0020602579712003387,0.018874217993343517,-0.07180726477205525,0.059733019783976035,9.739033718578495,0.013617019228396877,-0.0027874770602099273,-0.008960890222579275,2.3387139233191743,-0.5623728972384267,-1.0726130298035272
25206,7.225,0.9998017310870326,0.00599617987433967,0.002027272643813894,0.018879473189558665,-0.09616254581219567,0.08763435148694966,9.784861467184554,0.012947484454232104,-0.0072354076558622075,-0.007240660745836124,2.3372169618877074,-0.5628194341142694,-1.0682248864615822
25207,7.233,0.9998014626067032,0.005994085272197628,0.002037035198490185,0.01889330036937376,-0.10259632452500357,0.12220114621281784,9.761591170416377,0.009846464297325242,0.002966461768756368,-0.005171432741126518,2.3357534674492832,-0.5696573814243019,-1.0684148179611168
25208,7.242,0.9998013490262921,0.005998096373685813,0.002039330708182686,0.018897789695128495,-0.11514700370784142,0.13646808269805863,9.784491979009301,0.011183783065104718,0.0010621603421586891,-0.0075010556221224885,2.343559009992082,-0.5640331284937018,-1.0674345260465414
25209,7.250,0.9998014053015808,0.006000355643091859,0.0020228359800949693,0.018895867901179336,-0.13006359445961527,0.05777922168060243,9.710595009054396,0.010751948276667549,-0.003340763230072799,-0.008978792200774447,2.33599613888173,-0.5650166007073679,-1.0682129492744048
