packet_counter,timestamp_s,q_w,q_x,q_y,q_z,acc_x,acc_y,acc_z,gyr_x,gyr_y,gyr_z,mag_x,mag_y,mag_z
53197,0.000,0.571184681462865,-0.2791630842486139,-0.5932622881978944,-0.49381766823106443,10.387974725700987,1.1437922552649695,1.8127373076066409,-0.24371600716277236,-0.09973771213960415,-1.2752266373578911e-05,-0.4472899190807217,0.5234383039125364,-0.3656873104688107
53198,0.008,0.5711549650734874,-0.2800838903912258,-0.5928381442206222,-0.4938400094891751,10.08044112901458,1.0465985237811708,1.7459137447497879,-0.17044352298707732,-0.05261979089120994,0.144669932702874,-0.4429297686141847,0.5183556221383228,-0.3609681724216326
53199,0.017,0.5716826362725101,-0.2811831651756208,-0.592331662590196,-0.4932121171458251,9.892450697161635,1.3538255541302253,1.6242789805922142,-0.07298074734800462,-0.03002110365365599,0.33105218071514403,-0.45077584880303145,0.5201085697648603,-0.3564031684899021
53200,0.025,0.5724371684516665,-0.28261258513372645,-0.5922396904918936,-0.49162787136729397,10.497140261839201,1.801833718700964,1.0542981795811863,0.08305510307872066,-0.15861375200241767,0.5046734311934283,-0.44245147945819296,0.528867103316594,-0.359599531890732
53201,0.033,0.573360946693541,-0.28432794231667907,-0.5928039871152367,-0.488874502183258,10.989789460528867,2.430098101761728,1.0979955095575666,0.3004347577913334,-0.3407218523368758,0.6791476405088377,-0.43993922858080897,0.5219387575445806,-0.3692817092292535
53202,0.042,0.5755172954312417,-0.2857509126207711,-0.5928279514361768,-0.48547016241154445,10.834681670687358,2.9837181569847266,1.4348803908063719,0.45538639984800633,-0.10191126545266492,0.9085466227580605,-0.4412202368578619,0.5269001588892616,-0.3610368042643062
53203,0.050,0.5778872825461253,-0.28768016512999744,-0.5925697241833081,-0.4818169084243002,9.462790947997327,3.06196703985509,1.8527767757494003,0.40403134280044295,-0.11142022204699792,1.0607240833309062,-0.432402770754598,0.5280837204480335,-0.36489011431738777
53204,0.058,0.5791663993420708,-0.2898986207981087,-0.5920893559698183,-0.47953651172746165,8.848088672579069,2.820182354457753,2.3547217138429457,0.06552332256196235,-0.17063081056485105,0.8013991542151742,-0.4254882559628579,0.5313995471400205,-0.3756140092585252
53205,0.067,0.5801172672819781,-0.29123243462371584,-0.5913237586830657,-0.4785225570872969,9.439040174384605,2.6089368748808557,1.4924716374031386,-0.04921761088437662,0.013989473815368489,0.48542327328067714,-0.4199921303264126,0.5403435134342791,-0.35930015634060936
53206,0.075,0.5808032536396283,-0.29192146869039615,-0.5907253140012366,-0.47800945605438094,9.9646426948728,2.636531056893045,1.2921211340762375,-0.0315453636611105,0.06528856254518271,0.28140552631914195,-0.42337834231012317,0.5337102912879154,-0.36365677586529005
53207,0.083,0.5809734977361196,-0.2924720624889162,-0.5906465466687434,-0.4775631314287433,10.02082739934784,2.628153132927788,1.1527859798383762,0.0010739639966542648,-0.059694526963342764,0.1564781516885062,-0.4255430874118631,0.5385511613499553,-0.368113410776423
53208,0.092,0.5806371993501799,-0.29280479782354496,-0.59123624153036,-0.4770382582176684,10.044085361164356,2.856867391938637,1.0851730084811295,0.08250801344995151,-0.20286037670712997,0.028655266630628146,-0.42285465306506076,0.529757859158998,-0.36849858290323206
53209,0.100,0.5797575456058437,-0.29244405623916725,-0.592317694047731,-0.47698785267703625,9.638373668044986,3.0211040445782906,1.160458657686834,0.12824917139352163,-0.23445612893463463,-0.23233415371083996,-0.42357583940318927,0.5370678403469704,-0.3700382109784276
53210,0.108,0.578563786449349,-0.29137808701367085,-0.5936522565571325,-0.4774303652913907,8.980676261426895,2.843611762447552,1.2140067670715473,0.16135720482612878,-0.19566861797425855,-0.455593962631349,-0.4326592107227444,0.5307853716490138,-0.36320853363613237
53211,0.117,0.5772246584969044,-0.2899060616205406,-0.5949927211043974,-0.4782779849539223,8.548318182439008,2.7047509873883713,1.3331683688545735,0.14982270259017552,-0.14231627439251926,-0.5853781250196226,-0.4365623801806128,0.522236199079512,-0.3636442101807106
53212,0.125,0.5759681296735001,-0.28834199766264085,-0.5962085198940411,-0.47922333706747305,8.51060740824369,2.3716367045068614,1.1694635610004505,0.1397294361864183,-0.09463625327018746,-0.5940396229671447,-0.4448061710887268,0.5172794335533943,-0.3714704717724857
53213,0.133,0.574840185239643,-0.2870355661152844,-0.5973975846140899,-0.479880684249515,8.586069271529471,2.0818877957883783,1.110838543129683,0.15209496646233583,-0.12415881667516705,-0.5004277836994065,-0.4387290115543396,0.5256146093221009,-0.3678428149091916
53214,0.142,0.5738991506638821,-0.2859158079312052,-0.5985632142934592,-0.4802228588239047,8.543529235744542,1.8961611042682558,1.1130561576207987,0.18211872212322866,-0.13707844450772178,-0.4080116699358108,-0.44165199066974353,0.518281449041313,-0.36877118813645493
53215,0.150,0.5732135052947992,-0.2847206256542529,-0.5995936540247898,-0.48046632840179465,8.219023132744901,1.8616939031268327,1.1372425503854096,0.20920214563457668,-0.0813887219808847,-0.36557076523616405,-0.4485269052175388,0.5197972207742395,-0.3634643583105341
53216,0.158,0.5727560089131085,-0.2835241073219291,-0.6003844987471149,-0.48073182595435343,7.889973427357605,1.9093706420693888,1.280393723684337,0.19420280610608745,-0.01320456679557022,-0.3260442500048124,-0.44697270079782325,0.5221226215247157,-0.3756829835850628
53217,0.167,0.5723528457518007,-0.2826678781250163,-0.600859291454169,-0.4811228559415052,8.19339257297423,2.0497772866312,1.4865837502658419,0.09727225441143937,0.005666273468516846,-0.2649089472782297,-0.43947235872136914,0.5222107020774148,-0.36635098051834536
53218,0.175,0.5721743541850415,-0.2819627162177058,-0.6009310519992495,-0.4816590140536562,8.629312614795698,2.0758191889502493,1.3519783741961011,0.024462009678273226,0.08631158373338248,-0.2091885543685404,-0.4438532581797622,0.5112063258376697,-0.36823178655635225
53219,0.183,0.572402730074773,-0.28119149850033237,-0.6005094891670214,-0.4823637726803781,8.524315607185482,2.1992434340042197,1.2744192687487383,-0.01968781615700749,0.23030384364745893,-0.15904224226877559,-0.4368087224924024,0.5161352764524088,-0.36334392558621453
53220,0.192,0.5726906210683682,-0.2805526510025784,-0.5999379647115273,-0.48310464813903753,8.443557692747623,2.259901818099509,1.1891905140118375,-0.056411806118085744,0.24724630741785827,-0.1282265827741439,-0.4490151225888367,0.5205296096386058,-0.3634748812281688
53221,0.200,0.5729590446145345,-0.2799082980597814,-0.5993599422851045,-0.483876985871072,8.600317725769518,2.284806021112463,1.1140122766532854,-0.062081500134708846,0.24720924929309937,-0.134380661854618,-0.4474596418849165,0.5155288038361385,-0.37586809418077327
53222,0.208,0.5733221054267648,-0.2792265264342308,-0.5986706749977581,-0.48469344256161023,8.694935285729363,2.4231387027259106,1.1920439341634035,-0.07000216535757342,0.28428551676629243,-0.12769782501090896,-0.44554253232327584,0.5116690880784834,-0.3709342691497191
53223,0.217,0.5735120923936897,-0.2788817921857039,-0.5980143707966131,-0.4854767123006348,8.870139205727911,2.3548122828303497,1.2351229030695625,-0.11893798994556964,0.21223564265232872,-0.09662999349777507,-0.4402324620629151,0.5088183415365917,-0.3625670064991732
53224,0.225,0.5735382295079371,-0.2786118926240935,-0.5973601893400375,-0.48640530093015694,9.26281439500469,2.089633195390885,1.1383211434622822,-0.16122433921067836,0.19060722929430107,-0.12575735223373352,-0.4499581750589155,0.5143823288258713,-0.3680624126681708
53225,0.233,0.573602996171892,-0.2781338728437162,-0.5967013791619403,-0.4874101103442797,9.374319066330775,1.8841677230376053,1.041904527540001,-0.14151906771662234,0.22560719290716533,-0.1603472724395228,-0.4440096584713131,0.515242951847615,-0.38023500647832364
53226,0.242,0.5737393425892526,-0.27753189602626016,-0.5960054897392512,-0.48844310789896267,9.340679120800866,1.998030114277132,1.1340130590575463,-0.12832882834822879,0.2583778594252951,-0.17176482810750518,-0.4443408486191725,0.5209715106958853,-0.36832806982591243
53227,0.250,0.5740164482669434,-0.27690427754952823,-0.5951361236718073,-0.4895325653055918,9.614894152253099,2.319378872701305,1.2752986343542874,-0.1435137429645213,0.30807350206702316,-0.15371972031335315,-0.44115493498218855,0.516316822523262,-0.36996969147485315
53228,0.258,0.5745010770012782,-0.27656543250127746,-0.5940690755686999,-0.49045082069734947,10.17820478625099,2.6146866379424805,1.294702420363634,-0.16772002852139423,0.3196186952393075,-0.05201361207765163,-0.441361558441298,0.5167564056712601,-0.37510269692701914
53229,0.267,0.5751150188573377,-0.27666201214117775,-0.5929822520972498,-0.4909917461835715,10.758866330220654,2.719353158041664,1.1832311264872528,-0.16655560957642151,0.26229635713608496,0.07902296938318601,-0.4362455346680258,0.5155496650196726,-0.37358889065527723
53230,0.275,0.5758557763295616,-0.2772358618552392,-0.59203460176198,-0.4909434102682253,10.908285617465886,2.7628570746058836,1.0388378976109287,-0.12281619055399697,0.1653070297948146,0.2317726414076261,-0.44184955553923005,0.5206624796145463,-0.37514335186019515
53232,0.292,0.5773455426824045,-0.2789854992813263,-0.5907066974906588,-0.4898007891737094,10.6117488346673,2.797312725736261,1.2952545003380393,-0.05549953371225356,0.05451421110966449,0.32786881338896373,-0.4452674668527312,0.5201742203716355,-0.375163701794603
53233,0.300,0.5779420827348928,-0.2799785268715069,-0.5901557059663542,-0.4891944564386127,10.226444513738974,2.8607395515809166,1.4988733355094712,-0.06391681032868649,0.0033066894594130894,0.32252841781521546,-0.4370188812780148,0.5170677546618808,-0.3679933205359674
53234,0.308,0.5781859925733562,-0.2811294063042606,-0.5896872857439022,-0.4888109245249813,9.865589395658318,2.761253507620383,1.4069668109095368,-0.13144843051975263,-0.06281068090292437,0.26841955663002104,-0.43873450092924965,0.5236685260783026,-0.3670919028347292
53235,0.317,0.5781343500137832,-0.28220235056867105,-0.5893677732244207,-0.4886390636780339,9.78434136092452,2.4849751869968855,1.1697105947618045,-0.1539013133133832,-0.09994267931131813,0.18212939201624184,-0.42778256027288625,0.5210271405186427,-0.36234775669062474
53236,0.325,0.5780188847511342,-0.28302025931970376,-0.5891555012142446,-0.48855859124024764,9.642839569351171,2.2991386475550413,1.0886095359972618,-0.12343552300341303,-0.08827335150900077,0.11948404921104487,-0.4358299609310881,0.5224803287009673,-0.3636411739646799
53237,0.333,0.5779890252290039,-0.2836507943716607,-0.5890516851879847,-0.4883533820343087,9.556588264239217,2.0380442287511213,1.0099626119100384,-0.06155250001500956,-0.07646161459401689,0.11162791543676084,-0.43171173635637455,0.523498569553857,-0.35922588988758447
53238,0.342,0.5781351238646071,-0.28426262148343107,-0.5891262098735544,-0.4877344045906998,9.596323328699835,1.9113985042371997,1.001037691281925,0.0331088321029041,-0.10408219214829093,0.1749087107764251,-0.42535896366375603,0.5225150973401907,-0.3599025859112284
53239,0.350,0.5785093702108783,-0.2848701701079986,-0.5892089385242227,-0.48683541523189605,9.55361623591786,2.0856729700422436,1.206087082144195,0.09004856368129807,-0.09090324978941536,0.23791777155611293,-0.4282486168152831,0.5324734178156675,-0.36538974207430114
53240,0.358,0.5791058864364818,-0.28551209400014904,-0.5891694526302418,-0.4857968428897507,9.719588025485384,2.252655203976408,1.4718308349602798,0.10659807900388393,-0.057889347963908266,0.29777957200322663,-0.43232643929678916,0.5221249394339972,-0.37533177921890754
53241,0.367,0.5798393587832237,-0.28622273096896833,-0.5890493561456808,-0.48464803961935604,10.04075284926477,2.2660039730783947,1.4708797936075082,0.11273065690684915,-0.04205112082725544,0.34326242723502004,-0.43089510167899225,0.5285163498681871,-0.3707429962506682
53242,0.375,0.5806599136271529,-0.2867570115550963,-0.58887899101099,-0.48355559657228275,9.97479818851524,2.1352629584527123,1.4806090216575183,0.12952929739058025,0.0005458162551874074,0.3255040362757249,-0.426462634992416,0.5367680809027576,-0.3759162637499399
53243,0.383,0.581461832540386,-0.28712890067438646,-0.5887289938939096,-0.4825529022241601,9.594917970717388,2.201271747904962,1.555491861701815,0.14005811531092174,0.02172634264926878,0.2853902864985921,-0.4267878389099938,0.5258865538549351,-0.3648282058719972
53244,0.392,0.5821628338143977,-0.28754385804240756,-0.5884891785197114,-0.48175247938383614,9.313515951870372,2.2783198228181454,1.706557415094114,0.0881240418984975,0.02795103349301276,0.2593994735534275,-0.41995589049159543,0.5224733749731227,-0.3642575385537817
53245,0.400,0.5826892330112243,-0.288056631330309,-0.5882604680718873,-0.4810886161439184,9.370611886396333,2.217791166617621,1.6063365700436048,0.044025199606405524,0.001293404059783109,0.23202892505625888,-0.4299325879690424,0.5321968374642704,-0.36881764042128773
53246,0.408,0.5830821518465316,-0.2883964379337965,-0.5881567688242963,-0.4805354451768154,9.395006568777685,2.18062108947748,1.4882112427355114,0.05751292452435651,-0.0079945320865192,0.16910282235738539,-0.422858018950513,0.5326920504350258,-0.36803815087431235
53247,0.417,0.5833022261606181,-0.2884664006824282,-0.5881842335537454,-0.4801926238835674,9.324487371397629,2.289307549244638,1.6643539014771076,0.06786787711280316,-0.003009357278543076,0.07130615812197133,-0.414826730590835,0.5305273345718691,-0.36454067217120595
53248,0.425,0.5833533481557079,-0.28856801291625467,-0.5882515736488401,-0.479986936506352,9.304695922601438,2.1977667705912274,1.697321621933274,0.036879939466983404,-0.027386532497481433,0.035558999420455616,-0.4235435978620364,0.5387350253300901,-0.3744486516838793
53249,0.433,0.5832514219559459,-0.28876190075462616,-0.5883340110875398,-0.4798931494161903,9.304878274420286,2.091327411537799,1.7725053699757907,-0.0010040016045858328,-0.05272873905411536,0.013072388006107433,-0.4199012509040706,0.5382722630892764,-0.37173189158816583
53250,0.442,0.5831287665659706,-0.2890909695135714,-0.5882861518610301,-0.4799027573139113,9.273529687592099,1.9993793616171163,1.6704903862301352,-0.05073427883967289,-0.046989188263034845,0.025954101652797348,-0.4176635232858693,0.5306509329106834,-0.37725880739698225
53251,0.450,0.5830514423166472,-0.289718148247494,-0.5880516633990782,-0.47990587760736864,9.277437844107556,1.8984938381680085,1.649990580749543,-0.10956528991458767,-0.04887502670849097,0.08630884199565125,-0.41841350055917287,0.5345801859467852,-0.3748600160323925
53252,0.458,0.5831750861718663,-0.2904523501077103,-0.587531823406304,-0.4799485468987367,9.445924931296071,1.915033871873452,1.6230047027822176,-0.14850518385967018,0.00837177183268644,0.14092854295949245,-0.4245871644436525,0.5244171403076395,-0.36528648279487314
53253,0.467,0.5836590681917269,-0.2914434427743911,-0.5865974138205952,-0.4799023711968563,9.84706578949205,2.062098527266546,1.3302731830730918,-0.19379225000614567,0.0811800215655546,0.25974055878653496,-0.4212005796896306,0.5364212141260218,-0.36098085591187784
53254,0.475,0.5846225524768742,-0.2928676571725721,-0.5852685617925918,-0.4794848455320614,10.482966221236762,2.2851672379536048,0.9721095570278442,-0.2125456353973634,0.1253216370210099,0.45740575116944626,-0.41308842484344205,0.542208469853223,-0.3685454056063154
53255,0.483,0.5861028589618221,-0.294658210575319,-0.5836874847775034,-0.4785069464192152,11.262933133464875,2.5480678029087938,0.6389955951648014,-0.17651705880705332,0.1507557942161996,0.6633745248985803,-0.40431387403725993,0.5422270131274755,-0.36652817205730853
53256,0.492,0.5879061903952809,-0.2964233932900421,-0.5821232520521181,-0.47710795699253583,11.899139939459813,2.646917780280409,0.6173681709621809,-0.08841570747636111,0.16494751625803744,0.7557667246872259,-0.4013769061127899,0.5453914265692693,-0.3675133802135537
53257,0.500,0.5894791533957291,-0.2979312811917472,-0.5809314956516768,-0.4756783332875325,12.303792920027508,2.651792620320581,0.6643747938683648,-0.022328882710593207,0.10949221655435451,0.6689561905898759,-0.41232356072350385,0.5470493399152627,-0.3729806242639284
53258,0.508,0.5904917144719829,-0.29901105878065926,-0.5803971842334609,-0.47439543674099327,12.588860356650228,2.6434346342931687,0.6858515626444751,0.0515038523475844,-0.0016528280326786123,0.47720637470966304,-0.41120100973086976,0.5476650841686593,-0.3595495660990857
53259,0.517,0.5909450251595745,-0.2995978019442217,-0.5804969947579839,-0.4733374836058206,12.671804507206993,2.6198324091756144,0.9679080077355926,0.12038360698626062,-0.09369740942288354,0.26480200492688183,-0.404803299916342,0.5512621270306065,-0.3663733786862648
53260,0.525,0.5908351633904726,-0.29981189151827103,-0.5810352193005882,-0.472678234466014,13.016820329848098,2.5480648786167586,1.2704344924359376,0.12569581469834934,-0.16284057235521332,0.06140276745156857,-0.40353153661406804,0.541673852424681,-0.3733536290587952
53261,0.533,0.5903593779065394,-0.2997047148471372,-0.5818449821508271,-0.47234447764539855,13.634775998010197,2.3641466160098012,1.4485529669339279,0.1289990199423654,-0.18945635795334592,-0.09216398103284153,-0.4055538363451128,0.5471351025586804,-0.36389809835914694
53262,0.542,0.5898097408503408,-0.2994873319320936,-0.5826663209375625,-0.4721565058911462,14.279829140256773,2.4854679195705964,1.6901650063689067,0.12015142297692667,-0.17960649292076264,-0.13598492106175172,-0.41190278566144234,0.5517758832756143,-0.36374441624285486
53263,0.550,0.5895154183994731,-0.29972610464747423,-0.5831567528596168,-0.47176692895578576,15.09061403634045,2.7099394249952997,2.0193979148763637,0.06544595986485566,-0.16293585855210407,0.00827013537109108,-0.408415308549247,0.5516854848136336,-0.37324023145742863
53264,0.558,0.5896224148049585,-0.30074938811878366,-0.5830898153045575,-0.47106420028892515,16.116148884047035,2.900360132213173,2.152209966890555,-0.03396362092623779,-0.14323355256539147,0.2501949069441374,-0.4075651573263375,0.5564885191802766,-0.35594439180842347
53265,0.567,0.5901771172454616,-0.3025633593516172,-0.5825310556028394,-0.46989781135470654,17.43563105312944,3.233408197722401,1.9321803139437754,-0.10256988695458305,-0.13463595522752803,0.5117504787786333,-0.41093991612528613,0.5605830929222609,-0.36186773520781046
53266,0.575,0.5909636965258942,-0.30515052193833175,-0.5820565975618343,-0.46781960795156563,18.164278331951646,3.2722720013944477,1.5763128533708803,-0.056149871960952016,-0.27170338795456594,0.7688317461042599,-0.39797621394096633,0.5549356608988453,-0.3651375596455123
53267,0.583,0.5915565408842548,-0.30828871420010373,-0.5822562378467218,-0.4647543449205012,17.941448754180662,3.1823513968204766,1.3078125959220164,0.06589758856314129,-0.5280460656422857,0.9099057138611013,-0.4063027969721125,0.5657121328821058,-0.36163837783551755
53268,0.592,0.5916854289476292,-0.31152798399569887,-0.583364840049281,-0.461025087986449,17.10622822092453,3.1553625047561167,1.3110039305002303,0.2115583419216444,-0.7840618550907407,0.8972637570286929,-0.3994493316008056,0.5637359168176471,-0.3640110947840689
53269,0.600,0.5910934701582242,-0.31473164019609956,-0.5853849754235617,-0.4570305621554624,16.62863430395516,3.3213286045384267,1.6905691956570925,0.29959571111160643,-1.0271518350503008,0.7776178648143177,-0.40510116410032443,0.5742821666351416,-0.35902522496966277
53270,0.608,0.5894416006190066,-0.31750710504403584,-0.588289225831616,-0.4535015154072779,16.523348518089843,3.207504404966609,2.019231621025398,0.30987583594260526,-1.2184715864322788,0.4679280960545318,-0.4087613401877503,0.5750122375902262,-0.35930307192716654
53271,0.617,0.5866489223302342,-0.31906900703008895,-0.5921015144512283,-0.45105854084161895,16.727698523437894,3.2751659511551265,2.2717535027011873,0.3360236359480454,-1.286176432514012,-0.052629073683868315,-0.40620087230336044,0.5739538431326584,-0.34218323422577995
53272,0.625,0.5825965217202218,-0.3191649816284675,-0.5967809301704339,-0.45007502570850466,16.95817291740765,3.3216525378676547,2.574347008837037,0.328220513833737,-1.3130207854590654,-0.6681085878453769,-0.4257014993402911,0.5704966239744963,-0.34644365206180544
53273,0.633,0.5776237781846641,-0.31798119133313674,-0.601901995096169,-0.45050274264790513,16.967347103849836,3.661629830856961,2.605477336290135,0.27817590066205916,-1.2535548202703106,-1.1822915354122518,-0.4359659578690391,0.5688016240799978,-0.3450376454263442
53274,0.642,0.5724775836744262,-0.31656743938913046,-0.6068228647530551,-0.45146481958375867,16.725202425116912,4.417188198022433,2.720947020031027,0.19748465561449996,-1.1859999925315055,-1.2906361643984312,-0.45206320461289684,0.5621892631171684,-0.3472899608292745
53275,0.650,0.5679863059821528,-0.31648416123299905,-0.6110733363866063,-0.4514628550199179,16.815065568514147,5.135936989245754,2.6771912251700183,0.13518185066519428,-1.2186987649796752,-0.8432909645837787,-0.45429763412206636,0.5658998835339119,-0.3422142056599805
53276,0.658,0.5647565218185875,-0.31873362906880065,-0.6145898625856384,-0.4491528087087624,16.587228123435374,5.330786897224933,2.3267477998748403,0.1784879842728305,-1.3712331480440536,0.0051421021789303445,-0.45800764366263425,0.5686478929205233,-0.33567514863671366
53277,0.667,0.5627684380209703,-0.3234762876883007,-0.6177858896504198,-0.4438416057780893,15.613551205833557,4.920715756791312,1.9365531985554596,0.35025370466802985,-1.6507427762111744,0.9337263156929082,-0.45319304781173275,0.5648298995299361,-0.3263256915781334
53278,0.675,0.5614858682491022,-0.3298101522848163,-0.6211664928473714,-0.43601728333876333,13.796235430822891,4.21744345652612,1.8364997646228853,0.5872732685341506,-1.9427741254386781,1.5659514066781943,-0.4585502858244156,0.5823910069097537,-0.3282407014086302
53279,0.683,0.5601230122634533,-0.3366237145804204,-0.6250340863818331,-0.4269415378899354,11.76643071502134,3.559739013790179,2.252495977405475,0.7550772773930339,-2.170734616726424,1.7557352412099507,-0.46614363081266946,0.5794939021822307,-0.3248504891822484
53281,0.700,0.5545022151373821,-0.3486206227542288,-0.63489181646762,-0.40976009588616236,9.661046080499823,2.827864319503545,2.5151735899402397,0.7808008198763103,-2.404713624956214,1.331897138312344,-0.4565202559000975,0.5909092975117033,-0.30535587476411263
53282,0.708,0.5502827406973481,-0.35334080108191307,-0.6405608454944038,-0.4025183061686791,8.016626658617913,2.0091265921292587,2.0067467297385146,0.6961292557770843,-2.4740363876363487,0.7576147881960441,-0.47093878364763503,0.586045248356848,-0.3034618296084847
53283,0.717,0.5455611225747766,-0.35768968788992245,-0.6466190726106666,-0.39535417494732683,6.7813636282181955,1.3710586615908984,1.5049407628334333,0.7270323078372315,-2.55844598037393,0.6070192421777786,-0.4768763384295224,0.5888326622012457,-0.29278874209990735
53284,0.725,0.5406196339676707,-0.36213514542486874,-0.6526899359327032,-0.38805205237047136,5.332602525242725,0.7401393162233386,1.1523760328975958,0.7184085646528169,-2.616086031270227,0.6182872238539238,-0.47354179533862556,0.5967537518240514,-0.2813641419538521
53285,0.733,0.535772767709751,-0.36699484075880506,-0.6582953821614292,-0.3806698281476884,3.7748810513090554,-0.23495552222324032,0.6041289183388855,0.6427982642388826,-2.5868571326848255,0.7430303556413393,-0.4796630617337736,0.5958004124310453,-0.27895825677372876
53286,0.742,0.5313454609565825,-0.37246845287859803,-0.6632561631168455,-0.37286795895944375,2.4173055770138085,-0.9035252553577632,0.33544710086160723,0.6102605698352626,-2.534141960886733,0.9904351437786459,-0.4814216814026156,0.6000155174556707,-0.2721747062336555
53287,0.750,0.5273043298976392,-0.37887487238518036,-0.6675161077512868,-0.36445331750292503,1.286462907296827,-1.2304605978307177,0.07695608347638574,0.5627746810006511,-2.523557260438484,1.314174859405852,-0.480519488516581,0.6089015360178902,-0.2619978398477103
53288,0.758,0.5234530901166207,-0.38670985166686894,-0.6711459390832719,-0.35498659344147454,0.10684636471073292,-1.3628650930001338,-0.02471792300738101,0.5160632113500437,-2.6393601497985366,1.7496637908414123,-0.4741944731687286,0.6194292425611324,-0.2588775051198787
53289,0.767,0.5198137178197227,-0.3959212555986424,-0.6742558090953558,-0.3441208538185379,-1.2308986398354067,-1.4944383045473015,0.23060020872423212,0.5470618736699876,-2.7902497946537306,2.2115571719821596,-0.47600878843593414,0.6183453511014673,-0.24447514588288685
53290,0.775,0.5162988839593207,-0.40585317445947994,-0.6771688601085902,-0.33190510406252616,-2.917689640288709,-1.858960631739924,0.5294825789085358,0.6735791834905798,-2.9375078507128705,2.5232563556847643,-0.4613941246000604,0.6259574096429341,-0.23980157901055477
53291,0.783,0.5128625628542393,-0.4160716066061817,-0.67980909087512,-0.3189294745900347,-4.696225992186071,-1.9109168022400018,0.6770187168009274,0.7486965859714872,-2.9882483819065833,2.695840043331106,-0.4505088298799952,0.6402490485163956,-0.22594068658843022
53292,0.792,0.509760881639296,-0.42635286083181345,-0.681793389872231,-0.30581833682333043,-6.73293637874791,-2.1599338807179653,1.1817452166044398,0.7470154127624706,-2.87346396953953,2.814575213009098,-0.4412059870236286,0.6512024307519464,-0.22939489496278687
53293,0.800,0.5073469096116662,-0.4361697889371147,-0.6828244237097175,-0.29343795751663926,-9.050158210993057,-1.9226525268466592,2.0247252539442813,0.6846485300107503,-2.534188272715651,2.801294961490854,-0.4327590571505929,0.6569448970559062,-0.21595897095848055
53294,0.808,0.5050332526799802,-0.4449345455403127,-0.6833407237743356,-0.2828782761257616,-11.557366416693533,-2.1714850430233983,2.3862773619255964,0.48581974404034467,-2.188086468786488,2.4719010975424784,-0.42426192105410354,0.6660402766003576,-0.2093909435766303
53295,0.817,0.502436405924606,-0.4521573575923839,-0.6837965250311321,-0.27483393955620977,-13.2535326503875,-2.426758842037171,2.933226117444583,0.22205218518158945,-1.8476217295013377,1.9073476928738278,-0.4229568487320576,0.6734993531292416,-0.2209276590376207
53296,0.825,0.4989056919393511,-0.45800835318134486,-0.6846142304139041,-0.2694899153612395,-15.510402498493542,-2.817743571983255,3.6749793488103295,-0.13860515159967962,-1.6552836931854216,1.2585620656652672,-0.4026191049350751,0.673963684132445,-0.19758836874751995
53297,0.833,0.4948196064226592,-0.462785141389184,-0.6850790830416975,-0.26767540041599885,-18.474618860261238,-3.7835256018871806,4.652987019978889,-0.6774275424060915,-1.240769184024267,0.6716945632712122,-0.4060419295239141,0.6798297487752191,-0.19693661341734287
53298,0.842,0.49089648196958946,-0.46667091778796316,-0.6845955105277515,-0.2693842709700552,-21.377161492820576,-4.288656583292628,5.310970039112829,-1.198185578849562,-0.6484046983016111,0.22937180914663266,-0.4144600358533947,0.6834005454881774,-0.18091761816051685
53299,0.850,0.48837473240830964,-0.4691304657481318,-0.6827692159244315,-0.2742862093470805,-23.400412099282008,-3.7180776054324456,5.493001305111212,-1.4861759140518784,0.1931750162517201,-0.12749575219587775,-0.4164467789901497,0.6868624004649024,-0.17632600665319195
53300,0.858,0.48829450092603016,-0.4696898283287208,-0.679272317402858,-0.28204443681818525,-24.057917303981483,-1.8244775301315923,4.9601600967037145,-1.570439865971602,1.2396185777999587,-0.4182251076712436,-0.4162922480264805,0.6816074442569616,-0.16406707439591794
53301,0.867,0.4912396974066319,-0.46794406914801256,-0.6740007776275122,-0.29229242138404765,-24.152173819094934,0.32374648370738407,5.149239601904777,-1.485538693039005,2.3789075383430145,-0.6668739387125995,-0.4104277604815801,0.68037984242184,-0.16474502194779922
53302,0.875,0.4975576123951528,-0.4631866973508648,-0.6670843239132549,-0.3047835470198965,-23.272577433595,1.7692298337927457,5.704649286530072,-1.2340946753545838,3.5869902682240054,-0.9920862221253345,-0.41332176227665324,0.6791128361289318,-0.1696373109356905
53303,0.883,0.5071300033789178,-0.4551097534273153,-0.6588063263463952,-0.318854977025912,-21.15459540827012,3.250192695738144,7.426119835043495,-0.8292290454457043,4.690210623597305,-1.3109018594755826,-0.409770242628884,0.6760094374753505,-0.1878937435300848
53304,0.892,0.5188395607412195,-0.44380571723523227,-0.6495154724613513,-0.334621646927523,-17.74844930031943,4.382462248904987,9.904991887461614,-0.5531170911838147,5.590387497304281,-1.7511536192553359,-0.4094683517393518,0.6595762618315476,-0.19579272532223072
53305,0.900,0.5313238792018035,-0.42997653100131034,-0.639025334168518,-0.35279135543383294,-12.885974135366894,5.440063216288568,12.164146219069377,-0.6294609915199709,6.321792316056279,-2.24244350259358,-0.4178077137919496,0.660774479992901,-0.22394325281302213
53306,0.908,0.543029450345349,-0.41421697483748443,-0.6279800739946806,-0.37307417557336614,-6.910063156720023,5.571119722957019,12.99924863174231,-0.8396724503874401,6.66103861486772,-2.8152861189543685,-0.4008688762796039,0.6462479831351102,-0.23662188058513486
53307,0.917,0.5520184870926292,-0.39530629187577115,-0.6179244280680524,-0.3964567147976723,-1.1310185389048595,4.389584683906833,14.323285010124925,-1.0859167782679446,6.7239283099605185,-4.030532542886488,-0.4082597587873084,0.6289271187050771,-0.2609272664478647
53308,0.925,0.5574309766859357,-0.371999704807903,-0.6085515589708237,-0.4249140218067388,6.146822326672633,5.186439734250296,15.451560837074998,-1.5432397379516234,7.01733572188278,-5.756619735217499,-0.41670789169180394,0.6058514492777848,-0.27419862329036804
53309,0.933,0.5606573569341251,-0.34665118033385384,-0.5973849937084755,-0.45675754682403724,16.16534485253526,7.755695971926454,16.355151002900502,-2.148973292060736,7.459081255651326,-6.560584573482814,-0.42872187065540585,0.5797210572918233,-0.300651583603598
53310,0.942,0.5648111372263178,-0.322368867693963,-0.5836501000160864,-0.48622963007003056,29.958521673114976,11.813554955025824,14.921557370525022,-2.149740820206895,7.609790421796048,-5.772280235048931,-0.4254324612595243,0.5490518725973164,-0.3164507762483073
53311,0.950,0.5734487001135445,-0.3025476668013326,-0.5678734651551939,-0.5070909437406563,47.33583043311971,16.809223917826348,13.93032808350845,-1.4225628928125769,7.309777260737699,-3.3051173495530426,-0.40479639450789245,0.5276433881531435,-0.33392019594885686
53312,0.958,0.58796659738836,-0.28926924629450423,-0.5519192623617356,-0.5157554763042672,68.34272649481154,18.701412877365883,12.652104466313846,-0.22897153384415417,6.413599674273183,-0.021858806745156317,-0.37521906420512935,0.5222238603862123,-0.33877984115385334
53313,0.967,0.6070375370598143,-0.2824276466414668,-0.5374881970971005,-0.5126855673746104,87.94182924233172,17.80261823812045,9.556059829553778,0.9414111804655287,5.170410339406723,2.9238914152160627,-0.3384699942373222,0.5030125425351379,-0.35615233208618763
53314,0.975,0.6246090275633454,-0.2831407867958571,-0.5261110241025618,-0.5028936745046109,97.2502611371591,12.840188672186287,6.733947920115005,0.9947094062639303,3.1251112432868644,4.467602738329349,-0.302748129867356,0.49949273982637393,-0.36660073414193156
53315,0.983,0.6344286336676618,-0.29011761948881654,-0.5202035567337414,-0.49266655580249347,91.82813193448534,7.125278479327844,3.250550446694783,0.2394507188027588,0.5516421023833842,3.9963377805008324,-0.28878567961459395,0.505291585099983,-0.3729018358365498
53316,0.992,0.6338730966130771,-0.2996537759408055,-0.5209209521911895,-0.48688178598381654,77.88411457330699,5.7523177154197755,1.8706159496323924,-0.6584201595413145,-1.7278556170249562,1.9352125087058238,-0.28473235025703203,0.5227522732338015,-0.3596092928852915
53317,1.000,0.6235674852496038,-0.30888431823769097,-0.5268734243384747,-0.4880148194595861,62.47419820634489,5.956213544189469,0.2879141358734887,-1.5858118008984634,-3.18380235227702,-0.6776567113794091,-0.29661233920793434,0.5351696840511928,-0.33759564829825056
53318,1.008,0.6078848297778761,-0.3158034804227991,-0.5361452672117136,-0.4932468427929875,48.70214098684368,5.189372153231562,-2.002941860282128,-1.7812442622117395,-3.766212626545731,-2.465329948973494,-0.32960333384528306,0.5498615016148659,-0.3333373131187472
53319,1.017,0.5922561636103126,-0.3208217599902303,-0.5467814476020861,-0.4973289490272337,39.043518967157304,4.956459141337836,-3.3960374119267818,-1.1914844540683718,-3.821648235882348,-2.64229540924832,-0.36606057669170455,0.5619304768931317,-0.3224871435864983
53320,1.025,0.5796479128381671,-0.32636161335743347,-0.557581162063518,-0.4965880004399893,34.42371988785439,4.617824713288716,-2.8100247714346036,-0.3734098024875098,-3.8865616376628402,-1.548781082051847,-0.39053787691098374,0.567140643677831,-0.3139258556121541
53321,1.033,0.5698038595100442,-0.3342012622187583,-0.5684976607236935,-0.49035037245885243,32.77718322298912,3.2795611690525344,-0.7745702459852594,0.2837250681168102,-4.256654766583916,-0.16221715825736827,-0.40899038119699715,0.571964539228008,-0.2945738984118183
53322,1.042,0.5610633067873194,-0.34409050223169485,-0.5800696215057578,-0.4799259591405591,30.916756570102184,2.3111738055712654,2.2192442472644425,0.7457939585110349,-4.773984003431713,0.7566903500705366,-0.427877344360247,0.5806249714430246,-0.28258628910133576
53323,1.050,0.551531416546573,-0.35542867852070925,-0.592273693169779,-0.4676488248955448,27.415575749210976,1.340575697595381,5.168212504000239,0.8196949007876999,-5.299824514150117,1.0614892295542364,-0.4317061770530787,0.5942699840955378,-0.2597929697581941
53324,1.058,0.540551367339872,-0.36774752830785695,-0.6048249032136914,-0.45470079298699945,22.52158569211768,0.12352603534313938,7.5999265596592265,0.6995641713705419,-5.712053678719326,1.091359568713447,-0.4564221897756746,0.6004497156382138,-0.25197510715670834
53325,1.067,0.5287163934785439,-0.38131801871242166,-0.6171384115991928,-0.44067644003406947,17.278740107787705,-0.13658699377512543,9.31158891647588,0.5952286012989237,-6.046674101520754,1.3411792103172302,-0.4600074475221671,0.6060384507826989,-0.22910351416324518
53326,1.075,0.5169251208811417,-0.3967629404872435,-0.6288746712386792,-0.42412761797880677,12.51448727510086,0.5125940570486213,10.185521394263013,0.6777810833708439,-6.397421914348004,1.9889868542629705,-0.4660354072914543,0.6177327443728502,-0.20606359113289283
53327,1.083,0.505785012905885,-0.4137377313002414,-0.6396741822127485,-0.4047462798207968,7.694983302013266,1.4741399819461394,11.197566977962984,0.8888440358598348,-6.620682106359959,2.7271531586076687,-0.47083074651157575,0.6215986647114582,-0.1846494352382864
53328,1.092,0.49538181142667465,-0.43127475856901276,-0.6492878311119753,-0.3834374210986376,2.540126349673948,2.60138128118647,13.036135243209143,1.0771226040650888,-6.612243858526503,3.231840389968466,-0.4585694878340809,0.6416211803424716,-0.15862499025064145
53329,1.100,0.48503926854428236,-0.4480513990912893,-0.6577096531775249,-0.36249808807697953,-2.5633728030932046,3.722673036875172,14.718696095743537,1.0074063773915558,-6.354717471818947,3.2050625680456375,-0.4486519081490895,0.6544364519407928,-0.14597794498837371
53330,1.108,0.4740214070080737,-0.46331030751415997,-0.665095839119577,-0.343940095707155,-7.983176903213939,3.941487765780207,16.166639366064903,0.6410721627967978,-5.949177084362245,2.744337432185308,-0.44122173039133145,0.6721945816095427,-0.12704790298857246
53331,1.117,0.4620324311511863,-0.4772759059924064,-0.6715230328036461,-0.328314724826417,-13.226916614461715,2.7430004178007135,16.691933842863996,0.13008636156929423,-5.556149909285563,2.2409650784238395,-0.4365114944486859,0.6819404740466141,-0.10342266471940738
53332,1.125,0.44964107054167723,-0.49084907325853516,-0.6766568734560654,-0.31468328612755114,-18.557352045330244,0.7013262198984924,16.65520199319251,-0.2978408290996181,-5.2207168380879105,2.0773394093798605,-0.42665333207371675,0.6872642183861096,-0.08264770393696531
53333,1.133,0.43713635774304094,-0.5048398551730131,-0.6801076727190333,-0.3024931055028197,-24.744702035606895,-1.4734589958232485,16.462101943189555,-0.7158734135688081,-4.916106787377714,2.1872625062827593,-0.41828837553034526,0.6948222158672087,-0.05799834233053272
53334,1.142,0.42455230196586713,-0.5189643074008753,-0.6819778800213551,-0.2921259346600223,-31.211622856382782,-2.850035109995491,15.754990018178207,-1.1529731257402467,-4.55781417907941,2.208046812820869,-0.41524225978717166,0.7074397160297059,-0.040516488508010595
53335,1.150,0.4119820091354997,-0.5317104988871338,-0.6830482813425232,-0.28460466418682906,-37.479933383279324,-1.6894487157407854,14.717844220108027,-1.534476719796652,-4.013365964275663,1.8030420656920585,-0.40517733840025244,0.7142769141928464,-0.014627065052197215
53336,1.158,0.4003472753721764,-0.5405152958932969,-0.6842864726370413,-0.2816332675189713,-42.436037150937594,0.7386464480739987,12.999711797079224,-1.7694736329523644,-3.0214122737275106,0.7575875953930555,-0.39949651291612776,0.7154852236068239,0.009818805921035696
53337,1.167,0.3910037717983241,-0.5438362320187617,-0.686341433528295,-0.2833613237642803,-46.71803714537217,2.3867669586413633,10.927954959475246,-1.669389240338415,-1.7261692058565759,-0.5312814276746,-0.3974010116750856,0.715861474057328,0.023747566881512853
53338,1.175,0.3862919947423118,-0.5409257030483521,-0.6889102315115194,-0.2891030465048696,-49.63184068297266,3.685390833908352,9.672829759709229,-1.1167952832494716,-0.05413660292191352,-1.6777530417667954,-0.4125916436366179,0.7047010487488267,0.03106723017307354
53340,1.192,0.3957899999167161,-0.5197245013235875,-0.6892433628465807,-0.31333736684572305,-48.179880753482934,4.379312632016476,10.446229520622195,-0.4009618930957157,3.1043380010844372,-2.5447295948501343,-0.4415289239136139,0.6855082741720049,0.015167643012782644
53341,1.200,0.41006081504855985,-0.5039207507456637,-0.6845260416582981,-0.330663126491691,-40.70048926282366,3.5727494185706044,13.554010635686101,0.04989584281260938,6.192314907903728,-2.5515571723887187,-0.46260697093017006,0.6740673818404352,-0.007096205815754269
53342,1.208,0.4290151435235632,-0.4859443205071511,-0.6761505966662472,-0.3501778042968718,-33.38623174991142,3.2461589637607697,16.086656010906708,0.18408259460418044,7.749615550609562,-2.293339187416672,-0.46698392712370834,0.662984945832009,-0.042914225088174586
53343,1.217,0.4505051367668016,-0.4667169898851961,-0.664616332879441,-0.37081734475225286,-25.55395344359767,2.9276354082542446,18.447565263206137,0.16161873557261358,8.726552623632259,-2.0220407651097885,-0.467167586624824,0.6545323058368346,-0.08458635535429285
53344,1.225,0.4723409361517199,-0.4463875129723255,-0.6509725241849708,-0.3922588444559881,-17.58090317117316,2.9136156402081324,19.704686311201247,0.004755825476455012,9.192090480420218,-2.01114783341904,-0.47624300491807964,0.6545145117094741,-0.11224240147460575
53345,1.233,0.49235416557278106,-0.4246799783456746,-0.6369902656829867,-0.4140986513628924,-11.36290974648995,2.4612496022027823,20.241735372727256,-0.13162857865839656,9.124948133225717,-2.406468367982863,-0.46764770866082717,0.6324022024592056,-0.1524998680358219
53346,1.242,0.5082651023463056,-0.3998650937107523,-0.6243391631261273,-0.4381496342068066,-5.783553926986514,1.1971233122567706,21.725090795079407,-0.3974019792647088,8.883782853154496,-3.687206854542404,-0.4757432022409749,0.6040584185151748,-0.180612274408106
53347,1.250,0.5178410798685863,-0.3707488432647736,-0.6122301698654199,-0.4685724387167137,3.9139352445782367,-0.023424158819818422,24.398489288912394,-1.3939674672674023,8.951364920473667,-5.819396556913323,-0.47991643789369465,0.5764261622519762,-0.21090018720474812
53348,1.258,0.5238016970518975,-0.34173903294960456,-0.5966220812078595,-0.5028800132630288,22.444754587178736,4.4069102834654625,23.763378261430628,-2.6982661565179313,9.196190347138266,-6.3714389172107495,-0.4862831248628041,0.5514746960062239,-0.24171790470948465
53349,1.267,0.5333903440932694,-0.3190673762871836,-0.5755304156354943,-0.5314654183441404,46.838386583006276,11.649324447833598,18.509353420992714,-3.0193023963784102,9.1385574264965,-3.852838781661419,-0.471983210182115,0.5390851001002112,-0.2607842252359215
53350,1.275,0.5531204836525214,-0.3060911687766057,-0.551194510815542,-0.5445645399838185,71.35196122584053,18.610051425007153,12.885843086368725,-1.7246727504286608,8.492728386469459,0.9961545587348046,-0.43494296244523944,0.5290904422231212,-0.28459021024219083
53351,1.283,0.5823749497925039,-0.3022526815438851,-0.5281299742892323,-0.5390375354378996,93.4775300773017,21.060324543876124,9.750221155673763,0.430356585636621,6.965986724456229,5.800956349854865,-0.3813062040669679,0.5298444414179134,-0.3076444524662174
53352,1.292,0.6129721440956609,-0.30247758002366043,-0.5116842548666966,-0.5205301984201426,109.57434009005871,21.6652311079017,6.990216548020473,2.4741586592848033,4.733849763833062,7.787727442566644,-0.33352140709389105,0.532298076325767,-0.33173424452295264
53353,1.300,0.63147103692743,-0.30400361344329624,-0.5051694884168114,-0.5036168389836789,111.82346892702408,17.81227771692213,5.50008703592049,2.4328313713038496,1.7562695671094672,5.451825947085238,-0.30736287467441725,0.5393314771623421,-0.33649296247331606
53354,1.308,0.6311441339952675,-0.30494460660357875,-0.5085794530805751,-0.5000128087669518,100.77683007146226,13.964381889445193,0.5266553361611167,0.6957988467517624,-0.9353671517137369,0.34976017929015585,-0.2983264453574938,0.5378620636150467,-0.3369012681379788
53355,1.317,0.6198803792042056,-0.3051949041287556,-0.5189208358879908,-0.5033145657069739,84.2732271564686,11.347213490954447,-3.766190909451811,-0.03327837066558583,-2.701716972213478,-2.611250762851857,-0.3212930156096064,0.5361763353576746,-0.33461157287354676
53356,1.325,0.6065498568836607,-0.30629478879364963,-0.5328384039273639,-0.5043451286295969,69.06633994544394,9.258835006102359,-5.064384704014042,0.4038996093033141,-3.7618281434302596,-2.6933288254241337,-0.35154783204825846,0.5356648970219482,-0.3372694694507791
53357,1.333,0.5950564193438944,-0.30934544433165223,-0.5480402581662089,-0.49986511110297654,56.75430484888698,6.380382961290853,-4.054374195167398,1.121932388560313,-4.357593184405629,-1.5239559386145434,-0.3710994163255902,0.5437489894413547,-0.3345592562541023
53358,1.342,0.5859742422162516,-0.3152195959212694,-0.5630935668602854,-0.49009838682338386,47.46156810652545,3.349417743636249,-0.6104663922951171,1.5875565489820187,-4.772664905138763,-0.10493200962565633,-0.3900023901227335,0.5531626717042716,-0.3203814925986646
53359,1.350,0.5777260856968409,-0.32399911576332413,-0.577919597512314,-0.4767243246376207,41.97483777160645,1.353525342601684,3.114954517268236,1.7079361980680838,-5.240441540745499,0.904363920257727,-0.41049979971191897,0.5665782113379104,-0.32187950347029687
53360,1.358,0.568569492126126,-0.3348461894909411,-0.5931768901530095,-0.46124607206483753,37.295577535963076,0.535714966332569,6.448086575735271,1.6974277873224686,-5.8426890127782,1.340672468629871,-0.42455797488594066,0.5701814587808105,-0.30248383265293455
53361,1.367,0.557765567650595,-0.34756243087562294,-0.6089525575380279,-0.4441561784498028,31.715163165451553,0.5367225582065567,9.352131736361775,1.5966185991510922,-6.475205998846308,1.5950140059831954,-0.4449293225086359,0.5795997768622904,-0.287828530927145
53362,1.375,0.5460970344982976,-0.3620175463998363,-0.6245614769728518,-0.42502268938528215,25.755226119842614,0.6189412343094766,11.402376301264255,1.578067834547816,-6.951403761398463,2.042692802853825,-0.45456446235601583,0.5841424562425072,-0.27231597669579477
53363,1.383,0.5347524075159736,-0.3787244557664283,-0.6390506892077208,-0.4027677567574525,19.96124227581017,1.2250261660469945,13.472789374438621,1.6695175651486136,-7.256325602672991,2.91287233885118,-0.4480875194452187,0.603335230819329,-0.2565805808124896
53364,1.392,0.5238153947839124,-0.39758380768827883,-0.6517692485568902,-0.3778113215443006,15.044561305311955,1.7870836419701939,15.134693667818228,1.6816567893138994,-7.437931701277233,3.7920629729915016,-0.45701553501628095,0.6293960855268436,-0.23760479660616252
53365,1.400,0.5127470849107768,-0.41789872740638767,-0.6627409992413942,-0.3510348251557689,10.043597201753949,2.975498071801551,16.923950221775872,1.6157002677766659,-7.5455035354531415,4.399470869977625,-0.4516081144804045,0.6460239655502971,-0.20915664202828085
53367,1.417,0.48834090235608185,-0.45869393654764146,-0.6796056539551864,-0.29876276671068,1.2857005145609028,5.809122878532748,19.953958128460684,1.1784907794056512,-7.366896650653533,4.504387729560998,-0.4321471961082035,0.6742650123390473,-0.16606652847045103
53368,1.425,0.47434231344877303,-0.47567314897144464,-0.6864447473013336,-0.27843856399942996,-7.2026140687522675,8.624813122362799,21.909585816088903,0.30837788863667726,-6.575300997184838,3.3201602140441917,-0.413754624211519,0.6857059046706172,-0.14382231120764066
53369,1.433,0.459225710093348,-0.489690093108083,-0.6931903124867982,-0.2623024029160103,-11.43611212613664,8.509043782576596,21.43724847528799,-0.18457705831870977,-6.058906376277905,2.3019639877513436,-0.40856669215655905,0.697418741535021,-0.11874730775034822
53370,1.442,0.442998697468225,-0.5017040909350203,-0.7000875710241773,-0.24884242419247735,-15.839137192341681,6.498995033135235,21.670708696399938,-0.5356590860143721,-5.819653342065832,1.5910340741825617,-0.40213719957154537,0.701535745222929,-0.09652100476893054
53371,1.450,0.42576955718234855,-0.5124250704551138,-0.7070623276761027,-0.2370731872799416,-21.932483675691138,2.999382366523802,22.26468173195779,-0.8013268854074493,-5.70423048817933,1.1274855489567814,-0.4081818477389289,0.704218104002765,-0.07119821349964954
53372,1.458,0.40754888904370173,-0.5223797329324107,-0.7136689244067566,-0.22737630482706742,-29.604297440716046,-0.3795525373483523,22.63167067836138,-1.2205373836617088,-5.542397859866887,0.7799198400057763,-0.4027642787143804,0.7127757990625011,-0.044138308550575135
53373,1.467,0.38850457283129375,-0.5307797943967836,-0.7201036766738067,-0.2208793824469561,-37.6210871748256,-2.069682737836137,22.724030431019717,-1.7332786539429013,-5.165543474978838,0.18363569131219912,-0.4078629660170696,0.7120797475997479,-0.014625835991779726
53374,1.475,0.3695996645811815,-0.5362697855132811,-0.7268290938928992,-0.21801438796062336,-45.203834909596395,-1.6752326767485952,20.459395982693874,-2.0639995630075223,-4.552406094028483,-0.679904001825034,-0.4129311286095422,0.7140297175152177,0.010711047570722582
53375,1.483,0.35386216041690144,-0.5383442329011591,-0.7330966529374295,-0.21802833710112995,-51.82806182398468,0.5328685414688298,15.556754179434117,-1.8828719798721913,-3.394835287247115,-1.296381219538961,-0.4208724199201719,0.7068727183398281,0.02830033607784156
53376,1.492,0.34416580716976775,-0.537401038494547,-0.737551829740697,-0.22083323899792628,-55.10270826618422,3.3506438105951335,11.524198843640535,-1.435160043668746,-1.6618735802691518,-1.5024241592282468,-0.430069209737606,0.7122126880442945,0.05064495290229578
53377,1.500,0.34232403463715905,-0.5337345626611223,-0.73893815752795,-0.22784220697640034,-55.318221199015326,5.220399640956785,10.38532624367732,-1.1024285005497048,0.6731629269966483,-1.4983254116275584,-0.4344649621544233,0.6929264479493185,0.05079593846261368
53378,1.508,0.348307752813679,-0.5270856281115633,-0.7369754158725945,-0.24027002802584502,-52.166352981181596,5.277901688634515,10.272596439223957,-1.0011377452041066,3.197681005129372,-1.593598538551028,-0.44810625213926253,0.6911781361413444,0.046562128202182564
53379,1.517,0.3608929773054181,-0.5173258933698981,-0.7320957121576105,-0.257227617531845,-45.62576326705099,4.480946689985043,11.112881584565503,-0.8756321707978062,5.360343590758119,-1.7520709926063636,-0.4538076232859824,0.676812324170873,0.02492677506992887
53380,1.525,0.378322761211855,-0.5045191410674046,-0.7249395564928707,-0.2771190431521566,-38.346770440219935,3.770096049459406,12.878164941446501,-0.6683543679831728,6.973025783212854,-1.9464569995254253,-0.4759243629733516,0.6698468918503548,0.01115837468738726
53381,1.533,0.39848985681616317,-0.4887264150118796,-0.7162082171146196,-0.2989951755827649,-31.027114804957925,3.527118113263747,15.485502014667059,-0.5176944493438689,8.025368753078338,-2.264426956874993,-0.4783594962079391,0.6509662154110454,-0.023106457376172222
53382,1.542,0.4195224008225139,-0.4696057938681746,-0.7066586939534234,-0.322652822447903,-23.68549221898862,3.1357742160643416,17.78618158237779,-0.46756245409568004,8.717714699044857,-2.842013075024733,-0.49248157580503377,0.6486469487729162,-0.06176466074901658
53383,1.550,0.44018991248275374,-0.4476904774793426,-0.6962304885403141,-0.3479499736307792,-17.415927973082024,2.560985960884748,19.604663365986998,-0.5771820659048884,9.139694481885904,-3.406609775906494,-0.499811815550827,0.6307590161843992,-0.09436559626794855
53384,1.558,0.45999462186021933,-0.42452948392136314,-0.6842243248961897,-0.3741881055852649,-11.706974125703024,1.6285791686939977,20.27460472866381,-0.8294054432316204,9.37898612340259,-3.6107770623005964,-0.5097349341632134,0.6098209968557766,-0.13965275030932206
53385,1.567,0.47903544541475923,-0.40020958176612775,-0.6707146150457107,-0.4006235612928287,-6.769734433613339,-0.057663895711194235,21.00818740025428,-0.9471979065257182,9.535642339386303,-3.737942580296654,-0.5216785001228679,0.5953184282376934,-0.17573776813900055
53386,1.575,0.49640569240943494,-0.3746846791476041,-0.6554477727834392,-0.42846353043029956,0.6819476659784973,-0.39040946863418774,23.573068194409917,-1.367242364415269,9.727855105060254,-4.078086258263075,-0.517266865868843,0.5808181775288916,-0.2114590887879705
53387,1.583,0.5115650413548505,-0.34922997654128707,-0.6379936656678054,-0.4574972289712142,13.32384766865997,1.7135896591887874,24.034900406732266,-1.988108999227952,9.737550029374184,-4.237879303769456,-0.5086861514643337,0.5543300783666787,-0.24972184930845137
53388,1.592,0.5249328171571433,-0.3239206890363195,-0.6197267256114893,-0.4852419089985566,28.1979285728219,5.937090542391009,23.32006858308851,-2.0470258194910373,9.436590976746102,-4.185936782836404,-0.5011296495425246,0.5352284513987294,-0.2814699603395763
53389,1.600,0.5395811058341974,-0.3004528718485445,-0.6001843573784502,-0.5082903099439573,44.996179690148765,13.991608623570745,21.271062647137448,-1.6217519384749348,9.198876921763155,-3.079246804277682,-0.48192353099207424,0.5274471854797091,-0.3037182264910108
53390,1.608,0.5613035203081853,-0.2846376264440346,-0.577714280141705,-0.5197749418953331,67.87975859302979,17.88658202611485,20.86354732489047,-0.7649827912444056,8.787061432994834,0.5882308871922739,-0.43503215636519504,0.5188060456858368,-0.33918463980032676
53391,1.617,0.5902668866539966,-0.2775899280990954,-0.5548672222249247,-0.5163828037784892,95.86459812136647,17.703298713324653,20.285473590968454,0.592824135358129,7.699574669054885,4.715531576093664,-0.3752669931623492,0.5205041126365088,-0.3656212595987002
53392,1.625,0.616219628987223,-0.27625762209327714,-0.5371304989871251,-0.5054165827751004,115.64110453594633,13.260459242244972,16.563842802238252,1.2347165675041167,5.3417220204936795,5.810409135176264,-0.3230998171174141,0.5295654726886287,-0.3880326474636964
53393,1.633,0.6282122838839641,-0.27812945052227106,-0.5285833027094843,-0.49859104206374105,114.29441350473311,10.578450144871162,10.165259287857742,0.3957927414739751,2.100608044634073,3.281299780030396,-0.29744535472986133,0.5146457508684711,-0.3906333437397587
53394,1.642,0.6262690047176445,-0.2827210421630863,-0.5289951025691898,-0.4980161920118683,98.42561162743877,11.761225114961801,3.9912638128864377,-0.6850021944604037,-0.9032468801417752,0.39541219283397394,-0.3053231511926038,0.5222995317770058,-0.3817297523704061
53395,1.650,0.6159193879687708,-0.2878627853698409,-0.5355114329828394,-0.5010048198051171,79.70918774680744,12.510523655327724,-0.04754158400727087,-1.0760018637120314,-2.690016887733276,-1.5017026260500639,-0.31817853581936806,0.5254376990698107,-0.3598792914338195
53396,1.658,0.6018737126785553,-0.2929532825885087,-0.5461283274881392,-0.5036568853119723,65.12186132526442,11.882751835201573,-3.170999105755291,-0.7922319086192153,-3.779880927049973,-2.201849911856125,-0.3551045178531113,0.5360163996172472,-0.35170413827717606
53397,1.667,0.5878090723001939,-0.2987857374555506,-0.5589087852363976,-0.5028205916629741,52.41529125531944,10.718161640749083,-3.8336704884005126,-0.17896600961116402,-4.436053793229225,-1.7627413525898965,-0.3840009283581129,0.5454092206966298,-0.3397966547082678
53398,1.675,0.5764491813964777,-0.30600172855194324,-0.5721391765627143,-0.49671525649278464,42.83956231415869,10.296119484567603,-2.9111399170391445,0.5888099981231096,-4.686726936590946,-0.5506895683918981,-0.4131636676820321,0.5435998941004433,-0.32485485766641237
53399,1.683,0.567876455121684,-0.3150423784588183,-0.5856691783432738,-0.4850322103037649,37.802353061809846,9.737738077628004,-0.6385715379388212,1.353506288571698,-4.991634805553655,0.77666413586987,-0.43542808923326054,0.5431742184081345,-0.3184213048998967
53400,1.692,0.5603444824962265,-0.3253612781815202,-0.6000555093938263,-0.46913482629436,33.98646872827279,8.84736616450052,2.5970127649243846,1.9543393783472567,-5.429030335768451,1.5758488870708915,-0.4406483712501584,0.559409622616113,-0.3056732370451498
53401,1.700,0.5528709122508138,-0.33645579092183364,-0.615238469300589,-0.4501254058979399,30.417480983642413,8.238265495545047,6.098884452312368,2.397727385574543,-5.8710074834673565,2.04601274605052,-0.44650533065121617,0.5662429341075825,-0.3060250923765269
53402,1.708,0.5451772377827152,-0.3484393609803793,-0.6308089957245037,-0.42831273858739916,26.611928121783077,7.2112405277232385,9.249537132955009,2.719618090300523,-6.274277914366864,2.48570983303281,-0.4634715133734819,0.5725037924751133,-0.28960581131619806
53404,1.725,0.5285894213393173,-0.37529276229482894,-0.6615133264989583,-0.37702610663131236,20.168918259822252,6.120229545817056,13.289003797451075,3.0464564663640745,-6.823358272543035,3.1589290467505857,-0.47248328688156516,0.6003824962690487,-0.25917246640918884
53405,1.733,0.5194192067516259,-0.3900343056298964,-0.6758145472855193,-0.3483556024618893,12.274254225363832,4.982863918661514,16.90041909335786,3.1883234896188517,-7.219876515668544,3.758773399538589,-0.46792620395375395,0.60952191608985,-0.2479946551594696
53406,1.742,0.509445789169804,-0.4059240682608372,-0.6881843782380463,-0.3195197963395088,5.695023687734936,3.3144731660173097,19.22354388275241,2.8383586250597226,-7.226997716285812,4.083769259863185,-0.4645451932951673,0.6183592585571567,-0.24292652696526526
53407,1.750,0.49864605538765433,-0.4228977516114957,-0.6982168238368043,-0.29155251677788613,0.49885276285544417,3.804348600350535,19.90794779992242,2.3042184701376773,-7.081488170222764,4.3260145622218875,-0.4667020557066883,0.639376835948244,-0.21506366515837647
53408,1.758,0.4872910495655083,-0.4401039352535052,-0.7059373657386127,-0.26553416887804154,-4.059033703532891,6.053477981468277,19.835470368333638,1.7315776777361593,-6.713085221395827,4.335376462400423,-0.45500243618385455,0.6511205547802,-0.21240390273295023
53409,1.767,0.47524063694216434,-0.45583632740971636,-0.7123685265703451,-0.24267398287501665,-8.56936803393874,7.909046130014581,19.351801579934524,1.2093115779259263,-6.255015312361466,3.817212757236911,-0.43690391656264377,0.6633587374360198,-0.18333297694041586
53410,1.775,0.46255285363537796,-0.4686814437857342,-0.7185146309078742,-0.22387337272666039,-12.94513446346861,7.5879222548549015,18.084058908905497,0.7510603782370427,-5.702136052524992,2.8617654973322004,-0.437995554410475,0.6764482714764566,-0.16759496019497025
53411,1.783,0.4495117740503956,-0.47923139600188913,-0.7244192340538959,-0.2085502515196611,-17.85851523533087,3.9078080391999146,16.78750101837401,0.3481024634781586,-5.2248275408663645,2.0981055111111617,-0.4291225973179385,0.6854455496841909,-0.145641290381162
53412,1.792,0.43636436242189924,-0.4892215986491527,-0.7296496458692697,-0.19457585900143573,-22.81762436872494,-1.0155077963546453,15.502718196663256,0.1264235693048249,-4.9752229912007,1.9287277473493099,-0.41948715375649753,0.6907414791123078,-0.12779759146918412
53413,1.800,0.42347877256601807,-0.49915209390651777,-0.7339657907321354,-0.18112739817506646,-28.73710326067637,-4.3634497702138955,14.601599730008175,0.028854020130803747,-4.780672249611187,1.9876794229080519,-0.4107888157993886,0.6984277107507846,-0.11535491795010282
53414,1.808,0.4110098828134278,-0.5082316067790528,-0.7376015376121566,-0.16945643042580957,-34.50110563533364,-5.376517439632687,13.342790060166575,-0.1789596910177532,-4.374841001872344,1.7597053032265604,-0.40948928496439807,0.7086525907936403,-0.09273579339896655
53415,1.817,0.4000475395880693,-0.5154013165245558,-0.7405896069389301,-0.16078085423435312,-39.23365502252525,-5.157808007600019,11.401339436254563,-0.36871985271414476,-3.6053920982474286,1.275210148666204,-0.41492261174109407,0.7099543657257716,-0.08424233731770968
53416,1.825,0.39161578124733126,-0.5201788307278555,-0.742980446109897,-0.15501974273937327,-43.39675207803146,-3.7598252955195752,10.303398147328176,-0.3692702437742708,-2.631392115102961,0.750703516654694,-0.4052588855676299,0.7113071346620976,-0.07026752242503685
53417,1.833,0.3866314405411458,-0.5220578991513999,-0.7446679528229168,-0.15310558173114416,-46.22395153849186,-1.1105282196170727,9.47705455115338,-0.3865112217729856,-1.3603023711396216,0.09821204009843701,-0.40087194904664014,0.706433813870116,-0.06921254870354666
53418,1.842,0.3855217184039504,-0.5199249453482772,-0.7457699105005268,-0.15772855301274152,-47.70279411965563,1.3456694341134259,8.925025079026348,-0.7236165933402666,0.3675414236064063,-0.9885992646362142,-0.41432397026688805,0.7113488570291655,-0.0659393400993835
53419,1.850,0.3889827341925374,-0.5126912633128488,-0.7462367924016873,-0.17020796305935393,-46.93026849170284,2.017290170182011,8.299867647414342,-1.1251637500391976,2.432985313740893,-2.3579899602342174,-0.41773909179450935,0.6996259993807435,-0.0663413152528336
53420,1.858,0.3972139737482163,-0.5006128432571422,-0.7455062396554141,-0.18928361487460013,-43.19546054701911,1.8093750870404632,8.659849103828702,-1.3211840769860883,4.417701968612076,-3.4751650899724633,-0.432079876247193,0.6834299996305517,-0.07508206545559595
53421,1.867,0.40966174511632614,-0.4850394733234834,-0.7427155466761121,-0.2128087888972834,-37.75019838927326,1.9062175597945505,10.241704500684328,-1.379067711656309,6.075649191860215,-4.075114422778385,-0.45519660639899895,0.6728327558088629,-0.08564923659784401
53422,1.875,0.4248754663200298,-0.4664656888094425,-0.7378544828930498,-0.23971099548727456,-31.151944891756646,2.878815978055759,12.86972542470838,-1.4700286022780784,7.316290421317897,-4.542321446173556,-0.4814194342357924,0.6597061352199209,-0.10549310795303626
53423,1.883,0.44085186232645385,-0.44513244778031313,-0.7314781882988906,-0.26915868824798744,-24.635208348575183,3.741076390833135,15.573749485069321,-1.648519131515016,8.064959693426259,-5.074538125973296,-0.4943638548092421,0.629121144406442,-0.13825868632760496
53424,1.892,0.45607388031260254,-0.4217030286710111,-0.723864675861944,-0.30030501551853145,-18.5467812541871,4.636550870727594,17.6156181422393,-1.8856721317260916,8.3752469033072,-5.5289610140207595,-0.5088608192801111,0.6201354557451154,-0.15903278846788013
53425,1.900,0.4695922160544529,-0.3975104904892613,-0.7149382875951453,-0.3321623180051833,-13.290064293703452,5.051477973045154,18.96911419283205,-2.197090958737135,8.360238600828271,-5.731835346165941,-0.527974199268288,0.595739468111439,-0.18286837557444685
53426,1.908,0.4815949548742601,-0.3738533754632231,-0.7040547638048662,-0.3641522245683643,-9.272958711167744,4.726517908741428,19.946617267865015,-2.5770443991178196,8.280943451689465,-5.582350420162318,-0.5372900753076822,0.57154588773215,-0.21102910879063633
53427,1.917,0.4938932368959118,-0.3525317784471124,-0.6896223033941458,-0.3952365043802865,-5.957199308443504,5.391510999125384,19.563447135392515,-2.9733172397131473,8.452289749899109,-4.736991984448641,-0.5396101422697047,0.5445316936316293,-0.22763648626049984
53428,1.925,0.5083775009625446,-0.33389460713792757,-0.6711473407880043,-0.4238253824306396,-1.4498001158940972,6.760160590093154,19.924831659075082,-3.0657806202772475,8.81057667153838,-3.4398208100680825,-0.5342784182237645,0.5396266712565979,-0.2556291250511317
53429,1.933,0.5241968180974793,-0.3152204388895836,-0.6499195531850388,-0.45106357111885775,6.419375857169343,10.473251030421913,21.584134999067462,-3.0132356101332998,9.252624923421328,-2.922091569177402,-0.527961776945178,0.526897911448586,-0.284761069468191
53430,1.942,0.537685031104181,-0.294371611230633,-0.6280529320494082,-0.4793638246385709,20.043290887592,16.34783345224932,22.134646710357554,-3.1556170843969222,9.291472718063343,-3.5963769187086916,-0.5143211973329216,0.512948503533297,-0.3138278840147039
53431,1.950,0.5467179726113891,-0.2708883753355935,-0.6072506181181221,-0.5088866605904444,37.542207629168324,21.667033327340743,20.30450125396979,-3.199094125118598,8.87806288879309,-4.7422264497205315,-0.4956348036220794,0.48909408705600727,-0.3317766489412185
53432,1.958,0.5559673998328829,-0.2500294444514857,-0.5863948310059695,-0.5334103761643805,55.385249411528676,26.316351541616193,17.686237182141475,-2.800766943659897,8.265060613634327,-3.682821349896141,-0.45881192087666256,0.47906466053969404,-0.3592462651136197
53433,1.967,0.5734574808336159,-0.23763692693398333,-0.564601780819018,-0.5439669454381669,73.95234923781682,30.40530396949133,16.91658721615505,-1.557000187283188,7.580073175319913,0.47200628368591835,-0.4311186398010196,0.46525432718129855,-0.37356218185476564
53434,1.975,0.5987433559550273,-0.23371525188754563,-0.544436831276774,-0.5389546469640637,93.44527556975807,31.560337298359237,16.78819401112375,0.07263087619996485,6.386060753035099,4.662610447033234,-0.3853208062380636,0.46799613198695716,-0.3930302303886346
53435,1.983,0.6187784831482347,-0.23399084802053535,-0.5309803948702099,-0.5295481962001918,104.49855436628742,25.478695674143577,14.06409025540404,0.6190053716274062,3.938600308863707,4.7623584662704825,-0.34407641989161575,0.4680146752612096,-0.39077563336311577
53436,1.992,0.6234822077389146,-0.2342885839518731,-0.526961615540049,-0.5279112158405588,98.76640373489893,18.872295193975585,9.470380714923433,-0.06368727315946347,1.0571274989847657,1.1068410046568111,-0.33941122145567965,0.4662709992717985,-0.39438734584193585
53437,2.000,0.6162557664017538,-0.23450382520122195,-0.5308582518154449,-0.5323779698879659,82.24659394438662,16.296107608400973,5.084743284860871,-0.5122434587657078,-1.2561254025967599,-1.7916085749508321,-0.3470464312065012,0.47734491278999036,-0.3852702965491247
53438,2.008,0.6042717300861203,-0.23482090280253753,-0.539190516093729,-0.5375764198514543,65.29757392643111,13.499202370961692,2.575462451720627,-0.3285688385831696,-2.4800416528637483,-2.7583495851143662,-0.37437741584817136,0.47073718764572386,-0.3871164613934361
53439,2.017,0.5919794575268311,-0.23658664946570476,-0.5500643598359319,-0.5394592470234587,53.397285582953444,10.285249161808888,0.12834503330161245,0.2034555966649023,-3.2632640930702705,-2.2850978273414126,-0.39807123791289467,0.4661149502030422,-0.38553667531985963
53440,2.025,0.5829241329403644,-0.24143524219047174,-0.5619548574666778,-0.5348973894437685,44.62507363062648,7.3711057023864415,-0.18502618799788217,0.9450418450530901,-3.7649903310396793,-0.6103351931070305,-0.4145232021145674,0.48625874626358856,-0.37266366556263913
53441,2.033,0.5776234181240401,-0.250385267870719,-0.5736533962457587,-0.5240039937287843,39.60990201923848,6.139068404739009,1.9551120717348667,1.4304194386677072,-4.136909341519164,1.3124745578018446,-0.4313523936730078,0.4862378850800545,-0.37498391690738153
53442,2.042,0.5734969086372139,-0.2624313110685428,-0.5852312856015947,-0.509642467919924,37.33234240873293,5.651618967988847,4.18108078095491,1.5437164871516085,-4.573099430914858,2.372086751873836,-0.44310707039453734,0.5041080235412108,-0.3701121997082887
53443,2.050,0.5679951233150623,-0.27623204776032795,-0.5979249345969431,-0.49352119333184213,35.256918169706985,5.794089927486585,6.300027076350107,1.5991972801873517,-5.240176593194237,2.611723816534053,-0.4598559050694494,0.5101595209265095,-0.35002696963447866
53444,2.058,0.5604995215537049,-0.29088485719078305,-0.6120122600067258,-0.47609587248434143,31.305476781754223,6.325277618059051,8.30974489838102,1.7048000955612885,-5.911185195816751,2.5800232131624328,-0.47142732766855483,0.5251789128457741,-0.3368254682284996
53445,2.067,0.5514419066446717,-0.3061420416083345,-0.6268433901338659,-0.45744533903129037,26.083914702831656,6.348338653104824,10.204576108963224,1.7779235364792094,-6.388877025898234,2.593588633790843,-0.4888837495869458,0.5287566632865771,-0.3201401371243589
53446,2.075,0.5416743762281414,-0.3225063107559828,-0.6412764474972481,-0.43742778552091177,20.77136779710482,6.340888507909383,11.973530132424685,1.7450952921592402,-6.674709309897379,2.89460440616589,-0.5007559054001143,0.5511741169465132,-0.29919801667286433
53447,2.083,0.5318447484302284,-0.3406761392887369,-0.6544101617938057,-0.4157261981491107,15.682177346366837,6.192847061926384,13.048835693899079,1.6313768480581188,-6.836787280867354,3.4806657141500255,-0.5006234729652508,0.5618177189538333,-0.2839161442120706
53448,2.092,0.522176014146873,-0.36054273549042976,-0.6658050778699958,-0.3924853429330737,11.120154788930131,6.436305859006053,13.987454811308966,1.5020542008409403,-6.894946511556915,4.1067592277685225,-0.4998298361340724,0.5752394631684248,-0.2588894900665033
53449,2.100,0.5123833133138356,-0.3812438963672818,-0.6753294158486896,-0.3688449698853128,6.538862522639249,6.779407589361793,14.851132266978285,1.2759776139140646,-6.795872876914744,4.439810090166088,-0.4953327690362852,0.5939787471415593,-0.23950188951250745
53450,2.108,0.5019753168730386,-0.4015841989057282,-0.6833436732895964,-0.3461102954471866,1.9292355396185088,7.287597561886404,15.670217398597352,0.9836954819716525,-6.595009168157808,4.360871328458807,-0.4867495155756766,0.6149986424419283,-0.2113163783441566
53451,2.117,0.49072575601401647,-0.42055401363036626,-0.6903034216345357,-0.32527486850894954,-2.5548785358752246,7.441438170508941,16.05731310676906,0.6651072357776159,-6.307612016999887,3.942227241678717,-0.4746952870158127,0.6296016303060102,-0.19036931047229352
53453,2.133,0.465831621138227,-0.4533486439258084,-0.7027126728201312,-0.28925906598817114,-8.405323549013412,6.252272854578249,15.585968567983185,0.314568939904667,-5.922933555951281,3.174625898380578,-0.46645179091363953,0.6614883960516206,-0.14910492195308794
53454,2.142,0.4532775078167192,-0.46799824208557206,-0.7081553659075498,-0.27209028657529005,-13.620547811068615,4.597869233470567,14.063166810676982,0.3017191603461255,-5.647849903997966,2.8636758818383914,-0.4485513275409621,0.6690278502584672,-0.12633894231116302
53455,2.150,0.44118171641555876,-0.4818927766277436,-0.7130591392610631,-0.2543318872082251,-17.557386148405627,3.459328600636554,13.774945331178278,0.5003335790246318,-5.518369343567878,2.8888991074665364,-0.4423507941613343,0.6860651806092586,-0.10619025471550082
53456,2.158,0.4287808387757207,-0.4945440031513877,-0.7179008407403303,-0.23704768319921946,-21.83894707588437,1.664940840785327,13.66141214945148,0.5099493497102552,-5.438250730251698,2.6163115981542058,-0.43610477597211067,0.6898592457601382,-0.09226360392542791
53457,2.167,0.4155570906577477,-0.5051494985044094,-0.723020457477243,-0.22221095075223188,-27.09392681151211,-0.7438306671592275,13.092589590520314,0.21169282228919964,-5.1875451115514135,1.9353643973117693,-0.4235211315748036,0.7058736994394769,-0.07694170502886007
53458,2.175,0.40272086099996224,-0.5138859366712409,-0.7276406624765702,-0.2104191495981982,-32.464041814405924,-2.797963997790955,11.646488270625543,-0.1140863480757555,-4.603397116831117,1.3972535836075584,-0.41580679039234303,0.7089307399074273,-0.06348563876709101
53459,2.183,0.39182281692123,-0.5213967954160467,-0.7307080102530824,-0.20170787198761225,-36.81313272910424,-3.228588454239104,10.1726328479274,-0.3744513759312876,-3.6637811987078366,1.1847685872816835,-0.4110787930966576,0.7174328051444059,-0.042290042246738296
53460,2.192,0.38385700945655976,-0.5271011757516184,-0.7319739939173361,-0.19756573346871642,-39.96234091048253,-1.5267836082017134,9.017791204880442,-0.729815478254001,-2.3215726548821145,0.8205327122171605,-0.4146274721262317,0.7100339942568425,-0.02442218841343427
53461,2.200,0.3788505351164597,-0.5296144706502617,-0.7320665938560202,-0.20014816181983813,-42.030029121130156,0.9201682980614304,7.899343349403377,-1.3040137191570733,-0.6789589793913745,-0.05068785019234971,-0.40828688669121765,0.7134610805943442,-0.023431743999474983
53462,2.208,0.37718137187904804,-0.527451414327391,-0.7316742680337646,-0.2101951087174238,-41.8249945312988,2.0059517104448186,6.0539869230113545,-1.7999464645280878,1.1369881229940317,-1.3096861762138645,-0.42453370157092146,0.7119260164402734,-0.0052240760706960465
53463,2.217,0.3791815466152344,-0.5209711405543995,-0.7306237204482899,-0.2258304774254934,-39.833684660332594,1.2426751306476118,4.855696832316324,-1.9653332116487252,2.775586038422359,-2.2872683715553754,-0.42983977353761804,0.695239439537889,-0.014138280228962654
53464,2.225,0.3845891351288458,-0.5110092158280329,-0.7287033044241987,-0.24485153175122082,-36.69636433307725,0.07114345082147633,5.266788755188982,-1.8690427466595798,4.074922520373313,-2.902706206872524,-0.4496151441070973,0.6879155508942273,-0.014213304519741671
53465,2.233,0.39283298625853363,-0.49836522480269546,-0.7255064249356954,-0.2663733751552282,-33.27348512027776,-0.30727894758378754,6.672178412415347,-1.7876855604454378,5.152308852276007,-3.2681928047445163,-0.4636988955479573,0.677562436693994,-0.024716760060986127
53466,2.242,0.4032354829623626,-0.48346576319192724,-0.7207765432679882,-0.29007443144132566,-29.61474651447631,-0.1458004036634615,8.87728508789598,-1.7978017115918403,6.088156329309143,-3.538048501042722,-0.4855579359270805,0.6603250169980968,-0.04033901095550945
53467,2.250,0.41511444466952063,-0.46638289836646096,-0.7145064723139127,-0.31566990822620994,-25.919751261603103,0.5461051696202754,10.968041462493622,-1.8508211934659924,6.859716012194568,-3.8082576507274704,-0.4995635543586703,0.6442549334960006,-0.061530572344178955
53468,2.258,0.4278106340241273,-0.4474810143834283,-0.706768103048275,-0.34237063497881365,-22.361049694446468,1.374360635212914,13.035514760765771,-1.8820221397016565,7.418367286984472,-4.00011309126985,-0.5196996163837666,0.6235811558254757,-0.07906086534970554
53469,2.267,0.44123318654227733,-0.42693363688701047,-0.6976343384923003,-0.3692523182656938,-19.13583390600747,2.7538148659254915,14.978438848708256,-1.7794348275481968,7.8319907453876105,-4.083747034682346,-0.5329409806832005,0.6035632760130254,-0.10460420289141195
53470,2.275,0.4550935231194022,-0.4051203818998858,-0.6869915008145875,-0.3959924736564847,-15.423764973089531,4.365588254548483,16.862747341824992,-1.7121167284936172,8.170329177831288,-4.08516365409738,-0.5461624431960318,0.5874259731417643,-0.13286998007482273
53471,2.283,0.4694498233457758,-0.38264119989464884,-0.6742749023831229,-0.42255879060792656,-11.507643773706254,5.0684645237911985,18.4181140506212,-1.7569498329583182,8.516344198056276,-3.9230640621608486,-0.5444500695416836,0.5800240247294213,-0.1667251650742028
53472,2.292,0.48507417527563446,-0.36077880890056063,-0.6585720609136381,-0.4481345067197117,-6.731118756342481,6.319754429751029,19.158788291722267,-1.848997179801365,8.903203831494414,-3.3033910152008055,-0.5464456781267512,0.5531496543326859,-0.19431861513863807
53473,2.300,0.502916836291826,-0.3399204333225641,-0.6395747922073174,-0.47167026613619406,-1.3087079380072266,8.73293762442987,20.582657837204458,-1.7980570616921405,9.33976012320178,-2.3801922043859998,-0.5371407897452974,0.5366824591965519,-0.2314504378442823
53474,2.308,0.5209275604834038,-0.31866252618190316,-0.6186197024249631,-0.4943665997089893,7.447572996248045,11.214666429149869,23.512228767010104,-1.8273852244734794,9.577192644957838,-2.156380614415293,-0.5128821634100614,0.5328311954605252,-0.2768941080076001
53475,2.317,0.5350783574199985,-0.2951943425000956,-0.5977180038701887,-0.5189264296854517,20.04074381571086,12.06591487605721,26.499946425000253,-2.124111196795664,9.41144725408498,-3.1819314285150653,-0.4951344904698572,0.5138106953174304,-0.30002295370194876
53476,2.325,0.5443770386520601,-0.2694639879591731,-0.5778619938836754,-0.5450856033746767,34.261554963321686,14.430388742748395,28.31028051654983,-2.284478432693733,8.983339187667445,-4.389599554891716,-0.48102202605819255,0.4952436857780232,-0.3268450518862345
53477,2.333,0.5544849218444234,-0.24647529200893895,-0.5561908460068029,-0.5678451766939024,50.78682378359662,21.724908079961104,29.80518975944176,-2.349570918778149,8.748099934009533,-3.347179472188739,-0.43913417296821017,0.4684481242968608,-0.3458170727969709
53478,2.342,0.5726655265579498,-0.23230134090311005,-0.5313144372071765,-0.5794784297296532,72.29056556140114,26.19439423518777,28.790784772131765,-1.9657239928583423,8.34690505489584,0.5989773351775858,-0.3948433421844376,0.4546424267570286,-0.359523384571059
53479,2.350,0.5986302517694636,-0.22661138337949355,-0.5090142546638876,-0.5754942146870183,94.04988551863242,26.31100478528715,24.683721139335482,-0.3191520293086973,6.902896126452826,4.737235536689743,-0.3357459415112657,0.4416803777270772,-0.36140987520111895
53480,2.358,0.6217825979695154,-0.22664347596104173,-0.4960432726209377,-0.5621033778177167,104.90292817004817,20.624731978786603,18.745077534288548,1.1531824171006326,3.898422356706122,5.855968089498309,-0.2995576308844862,0.4323292790147624,-0.36886960236222127
53481,2.367,0.6323613164242384,-0.22818998801733706,-0.494703277803049,-0.5507423733378168,97.8154885424652,14.846013600357528,13.595548289864933,1.5515735445052141,0.6019669324638188,3.365969493608619,-0.2840279883849715,0.42732540615612175,-0.3557681833256495
53482,2.375,0.6302346215516641,-0.22952642224287098,-0.5023343441680178,-0.5456941908792017,81.8810634024167,12.003737713346395,10.897628691663455,1.3010341457973267,-1.8664099154590965,0.19109850655414942,-0.2906232291807755,0.42659765311031866,-0.3553211701569094
53483,2.383,0.6206923001929066,-0.23019210713698585,-0.514778013646064,-0.5447533927931855,67.6602897797592,9.645505546221493,7.558862942309724,1.114729158281391,-3.1540729877928793,-1.7592172027166013,-0.3050160946611191,0.4314663380837372,-0.35693756227503765
53484,2.392,0.6084000122872408,-0.23145645995272804,-0.5299911223801328,-0.543494933180875,56.663874744973015,6.83210126754908,4.517643189545756,1.2718420811876932,-3.996399452248543,-2.160906899434559,-0.32880674721042563,0.4405694205029253,-0.375509772269751
53485,2.400,0.596634906127456,-0.23473408166527635,-0.5462588274180222,-0.5390064871250895,46.07150805480113,4.060629060719618,2.9033430463434877,1.5612594429158875,-4.534555318062997,-1.4289455661531454,-0.3627373606559806,0.44715628446365774,-0.3763086719485669
53486,2.408,0.5881732197744911,-0.24127909181880272,-0.5619078715463286,-0.5292411617452647,38.07462389144727,2.1268018143629104,2.62954541261179,1.9025924583276985,-4.74387115240883,0.209772180731884,-0.39255807951992727,0.4633175155746263,-0.37155279671473457
53487,2.417,0.582637113674553,-0.2518602489613125,-0.5761967868048038,-0.5148763653907137,33.525781171482755,1.6071217082230356,3.840929788314116,1.9625610213952929,-4.956626008796608,1.8547214606251954,-0.4152091876846124,0.48644261024372343,-0.379018538035822
53488,2.425,0.5776171387974666,-0.264724944321608,-0.589529635178246,-0.4987323471241412,31.190183104378438,1.8352801039974147,5.000116465544762,1.8064945025581136,-5.142428778311813,2.5354033011709802,-0.43090479866828324,0.49166204866554897,-0.36941650890669453
53490,2.442,0.5633876996447186,-0.29241397810960285,-0.6167357851713869,-0.46553768546078317,27.129945798332113,3.0111191810218347,6.775223050132979,1.63503267514615,-5.6292668794216345,2.4715098106878433,-0.4696828662498295,0.5226912584455892,-0.3416722589115711
53491,2.450,0.5548794727837693,-0.30680786345090705,-0.6304613824280363,-0.44776796544061276,21.3504789638114,4.220464922984922,8.714744131582533,1.6486587518935947,-5.987821514395499,2.5331080381705244,-0.47808628906193645,0.5321026227992243,-0.3276618767795764
53492,2.458,0.5465334948816413,-0.3222478919003879,-0.6433703566770453,-0.42840637167001505,17.814505624780733,5.157053646807227,9.7516227026588,1.6792185823381565,-6.095262213760352,2.989437197041588,-0.49332884955418294,0.5442040488074318,-0.31323871602952574
53493,2.467,0.5388356805500331,-0.3389579457335398,-0.6549542448984593,-0.4071836900954787,14.417356089578796,5.899282379081612,10.375121758755316,1.7173225610541927,-6.099175943666955,3.592556926531109,-0.4849454369494638,0.5605275335681095,-0.2911140279132284
53494,2.475,0.5318060394676063,-0.357066372529797,-0.664848583635771,-0.3842685295879696,10.902249791159127,6.596855439451248,11.220233758317072,1.6975217270181244,-6.058725570368176,4.2407907979929345,-0.48288845152964227,0.5716964813668453,-0.2719165440678922
53495,2.483,0.5250876110721369,-0.3761072310258287,-0.6730681393884747,-0.3602854857037372,8.111691813473843,7.248488542632798,11.495726630391252,1.6234540229989465,-5.976986518048389,4.694484138335541,-0.4759219980192377,0.5830747901478129,-0.25634753079237743
53496,2.492,0.5179173515009172,-0.39508632006743366,-0.6801216605075736,-0.3363078108195977,4.9283614013439125,7.7525419639606605,11.666832061302644,1.49015694805975,-5.897931248716103,4.75681728598196,-0.468976366753434,0.603025450591098,-0.23793016499141867
53497,2.500,0.5098376924089967,-0.413033763109023,-0.6861989727303925,-0.3140057447799692,1.1168323253652226,8.366759288664415,11.821568908269494,1.1761991588099259,-5.681524799064726,4.399934574009883,-0.463920533727561,0.6346132060393875,-0.22818264181503137
53498,2.508,0.5007641137587862,-0.4291194586939062,-0.6917298708018189,-0.29428146115942433,-1.92711013830865,8.38173191565617,11.280865669444774,0.8359854758115932,-5.374104498656438,3.7658777060428146,-0.45010800743685153,0.6403626260711919,-0.21397508538360424
53499,2.517,0.4909780866845649,-0.44344821418953484,-0.6969737252301297,-0.27662578705990587,-4.373602532306373,8.067506555931752,10.796603184144377,0.6050742840115242,-5.1194243260953085,3.206919673610394,-0.44150345729670004,0.6596457991099944,-0.18870282646647885
53500,2.525,0.4808273913144128,-0.4564200201946008,-0.7019332637980981,-0.260337239174665,-6.674194847321007,7.402256533308937,10.257391746932635,0.47665200935281854,-4.9035302552231785,2.82961349767836,-0.4388732202843552,0.6609383024049997,-0.18112696808226592
53501,2.533,0.4707881599329964,-0.4681619901281253,-0.706565869746613,-0.24484184931377462,-9.228895337429673,6.777527785845517,9.449307158528208,0.4741916900732763,-4.686209352957098,2.5752753049920596,-0.43125552448115223,0.6858503641929655,-0.15445041981401317
53502,2.542,0.4611533779210513,-0.47864833625374575,-0.7107696032712663,-0.23030393678600536,-12.103315539906843,6.057882283634959,8.959793574031131,0.4727839402364647,-4.379978340834686,2.329388136585941,-0.42785202557934365,0.6844041297384857,-0.15245854231236336
53503,2.550,0.4519297674646381,-0.4872856821798352,-0.7148995041397764,-0.21732659340861443,-14.587294434475039,5.13402187313614,8.66754405009978,0.45055975253329067,-4.021665298166844,1.8764851496998944,-0.4128022251020309,0.6979448364733287,-0.1405133414441516
53504,2.558,0.44265982259924436,-0.49434652179788063,-0.7192981748925744,-0.20563057515592106,-16.514074803646846,4.624164304851205,8.407477239449854,0.4075237917803103,-3.816573288426,1.4348128059042575,-0.4129305812788596,0.7000647629132439,-0.12295502112692114
53505,2.567,0.4330868374489501,-0.5005581545821748,-0.7238217961954666,-0.19483154893939175,-18.89631239841163,4.187333874033315,7.971592835238103,0.31084330348047595,-3.7368500605421624,1.1655607380480735,-0.41597212938495154,0.7072905502201885,-0.1076638997445498
53506,2.575,0.42375100203512356,-0.5061004589763455,-0.728201850325936,-0.1844437011124107,-22.48122748489932,3.5719816995202787,7.101778407718883,0.33007869621235836,-3.593173381317442,1.0350925228207088,-0.40650080064405986,0.7083319701658936,-0.10076812155044221
53507,2.583,0.4158559593497074,-0.5107485372568408,-0.7318407575015495,-0.17495387512967708,-26.00436022189441,3.0022363152796556,5.882354324129839,0.4054805383159493,-3.1208817845801313,0.9462240343122745,-0.4058026955928307,0.702761029148769,-0.09607111812546526
53508,2.592,0.4100736867377441,-0.5143383964102496,-0.734349976647589,-0.16740877283205022,-28.800526341491683,2.4327186592674064,5.4286747582824875,0.38005174476183207,-2.34828257405791,0.7999186166784064,-0.40222022891204845,0.7138511680319318,-0.0851631115042699
53509,2.600,0.40682597180005625,-0.5168745359073258,-0.7353791355324143,-0.16294437646978213,-30.703230899746732,1.703120458765667,4.76288501345388,0.19270947633058103,-1.3335403957507361,0.6071087290446466,-0.4056114727798324,0.7118633624210653,-0.0888314008329203
53510,2.608,0.406468833172848,-0.5178775722973915,-0.73487137348241,-0.16294162208146945,-31.89982707707203,1.1512458171461593,4.253539464731864,-0.1495040905398813,-0.053986729893963255,0.2186309993454961,-0.39854761140544204,0.7123724828475101,-0.08658717269460947
53511,2.617,0.4088438034852961,-0.5167600112995783,-0.7331688398027059,-0.16813472995098674,-31.577002193043125,0.16246028238403906,3.536050647947195,-0.5707424673034615,1.2798295361606271,-0.39143857757148104,-0.40391125377470866,0.714804507424938,-0.08762610669377956
53512,2.625,0.41363539884490247,-0.5131730543944647,-0.7308181248221517,-0.1773810629613785,-30.22272795858375,-1.012926179308656,3.0035192527952934,-0.7728716565227166,2.3763687967821694,-1.0337108120713399,-0.40412346827335854,0.711833229600405,-0.09199429298738712
53513,2.633,0.4203037324229357,-0.5070195939072735,-0.7282391491887616,-0.18958809428411194,-28.569566365856147,-1.353560875526473,3.2407990381624763,-0.8208251175924696,3.2120035572273733,-1.6627890476912697,-0.41700412417307026,0.7054093684362733,-0.1000846796616953
53514,2.642,0.42855430264183064,-0.4979716022517648,-0.7256484296879616,-0.20445011501434762,-26.87944432194988,-0.6454178303406936,4.24118260142828,-0.8058153556986534,3.9474191656665507,-2.355132897402223,-0.4206741043907421,0.6934562886220854,-0.099021383064254
53515,2.650,0.43796361847212767,-0.48581218264605486,-0.7230785274009783,-0.22210771103027915,-24.89128810643143,0.5695084814319145,5.690409124451241,-0.8393748183289017,4.647499066173608,-3.1254847990739396,-0.4330130216425654,0.6859863716936856,-0.11442262193025533
53516,2.658,0.4481780117247396,-0.47045021153032085,-0.7203581685894654,-0.24268740639754455,-22.65486380777939,1.9953223262408268,7.333550366178654,-0.9293776910588523,5.316146110477374,-3.919198534967496,-0.452380735053536,0.6689281801593604,-0.1368647905537601
53517,2.667,0.45878980419696275,-0.45236159451175273,-0.717159894557668,-0.26563619673104044,-20.36984316086996,3.6376521997644535,8.941702972772989,-1.034223701345295,5.876212998799957,-4.564668077233236,-0.4615181855253186,0.6494588252311413,-0.1560352235352252
53518,2.675,0.46971337513371497,-0.43256076980418284,-0.712743944592642,-0.2902698659754888,-17.65630338752713,5.784075371276262,10.652782323892806,-1.181134110083625,6.352116264815331,-4.885285805201264,-0.48480453681668895,0.6324168590617868,-0.17679708547353182
53519,2.683,0.48100381763949906,-0.4120228013143548,-0.7066848958326407,-0.3153870584144331,-14.203510519376081,8.120175020341632,12.191965718358002,-1.257878213058467,6.7086423525025145,-4.867249858508788,-0.5027486779711761,0.612726553604928,-0.1935882183826481
53520,2.692,0.4934112900372416,-0.3918927807395162,-0.6983899317373434,-0.3394360772162319,-9.590583344548417,10.40675453539678,12.981851614721391,-1.1780950045905838,7.008012484481372,-4.365312737448059,-0.5094181538673863,0.5912693930658425,-0.21638410818572382
53521,2.700,0.5077305691232745,-0.37293137552185,-0.6874213177338442,-0.36136379211841685,-4.441921591864131,11.511504780370732,13.389143372063634,-0.9931340731168099,7.34769020587332,-3.5085046596915834,-0.5048081922591469,0.5853739447492999,-0.24583756824167374
53522,2.708,0.5238590268030717,-0.35547221064525647,-0.6740904302422448,-0.38054345264600115,0.7630263844103046,12.122242976165174,14.571061498727063,-0.7582576892019741,7.543289838961738,-2.557430994999496,-0.5024463384989273,0.5661162687125945,-0.26834416212398465
53523,2.717,0.5405187122839639,-0.3388026339122551,-0.6590293800026505,-0.3984125665918766,7.516128800077274,12.01287753876746,16.736037000800554,-0.7546971648416105,7.661143117019628,-2.0650350261921524,-0.4799737787070838,0.5567496937822007,-0.30324972137491707
53524,2.725,0.556046565512243,-0.3222003056580954,-0.6421660996878785,-0.41787782954773656,17.47341718952447,11.624833469049324,18.0197110512254,-1.281426051726821,7.837928049614098,-2.2202201398033297,-0.47103597594988056,0.5431278602225033,-0.3235643312888399
53525,2.733,0.5693745713588664,-0.3042712468311818,-0.6238629382944251,-0.4404845514480078,30.411962101568516,10.830189070830208,18.713701717340175,-1.9083792718143995,8.0737049898789,-2.9423723787696994,-0.45327513299397787,0.5338563195726536,-0.3484947525670534
53527,2.750,0.5900144681157161,-0.2650432123814939,-0.5867379988214345,-0.4872099585637037,57.17528426141863,13.838596695640934,18.39429380025251,-2.0448315010394333,7.9042623800369745,-3.6046948235734155,-0.41809884083613935,0.4964009307192002,-0.38450569419889463
53528,2.758,0.6013825284862695,-0.25169285556139087,-0.5690070350617465,-0.5012192683258051,87.32053794955098,19.98652658378028,14.72856671159443,-1.4318140959796304,6.572002956710395,-1.3353171811073803,-0.3918871205458519,0.4726021440646678,-0.39654017943847447
53529,2.767,0.6143459141926056,-0.2466990302341872,-0.5552117416516632,-0.5034467281932526,98.51841741594657,18.3994539667548,9.428358086496567,-0.4392354086433993,4.48473301584286,1.4269621625214854,-0.36156430264249634,0.47571092768370427,-0.40318445692720906
53530,2.775,0.6237794970541338,-0.24675433366623453,-0.5492705334833037,-0.4983104643882081,94.31759639377768,12.122032277137428,5.695259312125553,0.5437608350167374,1.7991593787213485,2.2646744459657553,-0.33728263018840143,0.4750766401560554,-0.4183828923499935
53531,2.783,0.6257544378392239,-0.24832987997336703,-0.5514277953375527,-0.49263682441134715,80.95126658860617,7.948448831212571,5.003934107293911,0.9059599418504833,-0.5968254945642801,1.1450366508337213,-0.33103491211234654,0.4776477392903765,-0.40468877542172976
53532,2.792,0.620109760255212,-0.24941288946826448,-0.5590896409179783,-0.49058726973039285,66.41607435842708,5.053538952284447,3.88437390858923,0.68315134764044,-2.139653383398498,-0.7054166766375392,-0.3436927644780045,0.47247234114490055,-0.4098594894623205
53533,2.800,0.6091449057315074,-0.24937095968827055,-0.5705414822574937,-0.4911608955412948,54.33519572078598,2.7295779829718327,2.7525479951268346,0.6166155283254269,-3.1154678429660376,-2.110111921941484,-0.3698826742892727,0.47622236601943063,-0.4008085410213217
53534,2.808,0.5957043692245665,-0.24948819269311748,-0.5844717288130826,-0.49120743521625454,44.9580280603322,1.9685486466051614,2.049124691788202,0.8064428690542302,-3.8612774507438683,-2.4608704972657036,-0.4113763282862307,0.479384461551943,-0.40236268545450754
53535,2.817,0.5830776126891417,-0.2515205133093423,-0.5987082144507809,-0.488166368069836,37.00430075141769,2.321172189265351,1.8695003847040763,1.056935334008411,-4.211668884938227,-1.6773629757305752,-0.4255916831806364,0.47579437241784034,-0.39486361358104716
53536,2.825,0.572928017200607,-0.2575823528854865,-0.6120381551096276,-0.48043117642234834,31.862201887633873,3.2761403723398668,2.25519033544705,1.2216182001176437,-4.495710127630832,-0.10279708011500342,-0.45280629685365154,0.4798511104644279,-0.3792307980775615
53537,2.833,0.5655199436147833,-0.2677522487679878,-0.6240472127535186,-0.46803953135198206,28.58422299295392,4.810630821313957,3.5946718474917425,1.3707483810852166,-4.6921777909038855,1.538541156987475,-0.46480765476907215,0.4867377338693731,-0.3740124393369859
53538,2.842,0.5590469201362913,-0.280344430301717,-0.6354125300054211,-0.45290667713894783,26.276158917196064,5.820356519658894,4.871832476200883,1.4458701603170945,-4.917834305233535,2.413804823888609,-0.4829618936889061,0.5000366288920423,-0.36206351506276085
53539,2.850,0.5520915776427499,-0.2934801795954808,-0.6468924245165627,-0.4365712601438943,23.717282896671012,6.505805595361931,5.889229403489312,1.5386134379034577,-5.152188841444492,2.5985232010422346,-0.493332361180426,0.5138608697061269,-0.3461561468969536
53540,2.858,0.5442543621245778,-0.30655268369144784,-0.6587557923234483,-0.4193488374971927,20.696856297491376,7.111023676780243,6.802129249215398,1.6618615192010817,-5.392999026071031,2.580146014647964,-0.5027199840964423,0.5157134874317714,-0.3311045578540791
53541,2.867,0.5359925357178899,-0.3197144608597709,-0.6706476039724386,-0.4009070421654887,17.398886934624212,7.589850645840296,7.748497294255017,1.8164224025183986,-5.566518716668532,2.7094904346309234,-0.5082330929369242,0.5246875865466899,-0.31169741560563596
53542,2.875,0.5278871946296274,-0.33357830009705636,-0.6819609359603288,-0.38077540529101006,14.100807018687615,7.780230190579537,8.259596355220893,1.9566814382652415,-5.666806419390757,3.094567313762483,-0.5076195476719788,0.5350963305696806,-0.29543316352768256
53543,2.883,0.5202633137767102,-0.34849545304068064,-0.6921811043629825,-0.3588346726709805,10.85240407958322,7.5293870980953095,8.722865754158184,2.06255961528848,-5.6968191957482786,3.629655454953714,-0.5109704809232352,0.5536378431069908,-0.27121789316460554
53544,2.892,0.5131107116957159,-0.36418435196236176,-0.7010664926600733,-0.33554869720828,7.4192313496649565,7.0434454397186945,8.962488940772891,2.117091331352063,-5.635998381612942,4.076583854331526,-0.5034511914063867,0.5695711699614749,-0.2644777811611542
53545,2.900,0.5060851915155428,-0.3799979788245925,-0.7087627123655357,-0.311664455108616,4.120997736802066,6.808045916245398,9.413904482295449,2.119616060376426,-5.531630486724159,4.288230295826209,-0.49839674779712917,0.5811402964504222,-0.2545401945021212
53546,2.908,0.4989546732631153,-0.39566225858302057,-0.7151958082016628,-0.2880808343028942,1.059949928986431,6.711891200903247,9.467622149973536,1.9827928379690465,-5.3606544457610354,4.335728835009107,-0.49578629943897623,0.605897058316524,-0.24425737228077388
53547,2.917,0.4916175164071816,-0.41112082594994476,-0.7202947101639213,-0.2654569918870901,-1.9253439080158197,6.5371480117821745,9.098584290758748,1.7305630996634649,-5.127792291545903,4.302427456312268,-0.48198196758853157,0.6221556416173178,-0.22892886779258875
53548,2.925,0.4841322904463001,-0.4264227526420811,-0.7241513312182515,-0.24368916855536402,-4.516685143826885,6.461590980030781,8.805853953862862,1.5073176436251734,-4.916521492326761,4.291825936633374,-0.4654496858678651,0.6332318730447911,-0.21939101130968272
53549,2.933,0.47659302691241906,-0.4410324920791191,-0.7271383430893852,-0.22275380499143949,-6.522537336682966,6.795397977544347,8.65121306347968,1.3855346391085237,-4.693552083681053,4.162836873809612,-0.4533271169611967,0.6553147986212913,-0.20779247445077353
53550,2.942,0.4690540172420578,-0.45408502613821156,-0.7297025960501817,-0.2032959401064678,-8.60159765618827,6.874520936996477,8.734847112040619,1.2806805180246292,-4.406978075431452,3.7720741333836236,-0.4434170145877327,0.6632567494276311,-0.19412257984729542
53551,2.950,0.46122523445987534,-0.46501927910711105,-0.732502702141296,-0.18565598431463462,-11.081557522251938,5.969789717613724,8.687569866100329,1.175799623766844,-4.171561417340166,3.1575643265415327,-0.4311011616787036,0.6727098361483342,-0.175566283478862
53552,2.958,0.45288936844228594,-0.4738153060435969,-0.7359097349114978,-0.16978556408967568,-13.56285723702769,4.270972657163567,8.696216292541239,1.0676305855937127,-4.034537022875211,2.500149700721963,-0.4259770675502267,0.684920953039667,-0.1751564512055573
53553,2.967,0.4440386381903056,-0.48087015909745673,-0.7399515804804729,-0.15512974063066245,-16.32746366026454,2.3869223342483488,8.77664872905876,1.0051395591500838,-3.9745599247323358,1.9656309206914566,-0.42114925085131183,0.691584308006691,-0.16761552327288992
53554,2.975,0.4347964227596684,-0.4866210820331887,-0.7443145343582854,-0.1419431830672167,-19.85286968788052,0.8371116873632171,8.70521782347315,0.8473983612538295,-3.8614874876487186,1.5307937049553595,-0.41067621481504724,0.6952787030584636,-0.16415582602823445
53555,2.983,0.42584937061703476,-0.49172599563473424,-0.7481661908670593,-0.13078688621410098,-23.84960473984868,-0.16871471533191765,8.645943699009912,0.5666149651956882,-3.4883264186110376,1.2760697527628417,-0.41128925303667085,0.6976381233012711,-0.14709163913105178
53556,2.992,0.41784199022495827,-0.49608634587290756,-0.7511021241258403,-0.12309349201709655,-28.11191532673142,-0.5225595582843187,8.571554666610147,0.1008765116886759,-2.794890439596607,0.9379067135047968,-0.4108421832992034,0.6954942686216484,-0.14145237786253526
53557,3.000,0.41141612523752663,-0.49844979587365995,-0.753368672089109,-0.12132690057336573,-31.681657280746037,-0.8287108994094009,7.504412768890165,-0.6051611256663587,-1.6659562062962858,0.12384637646946943,-0.4131178282186235,0.696816904737314,-0.13073861295296205
53558,3.008,0.4077337704169251,-0.49775701210921464,-0.7550389175961563,-0.12612439206168952,-32.81151163316732,-1.723132321387667,5.279149366935903,-1.187100589032427,-0.22869172237235877,-0.907302644710259,-0.4180091791299602,0.7004904386055525,-0.12958845892628904
53559,3.017,0.4073792643008172,-0.49421280834900566,-0.755871429661329,-0.13584629882058946,-32.227681576910975,-2.090760709636645,3.9006730741920874,-1.4340249694140472,1.1402102075925171,-1.6909012789271003,-0.43002052756078246,0.692008485405216,-0.1230034603099256
53560,3.025,0.4102002452959194,-0.4883641482411808,-0.7556787999146509,-0.14894887992659356,-30.313886623602468,-1.6651784461330383,3.6279397739523094,-1.483127106348893,2.299196842717566,-2.2041174839907893,-0.43492849909379505,0.6876466029489605,-0.11957970943372129
53561,3.033,0.4157182556297586,-0.4804593396081442,-0.7544813610876078,-0.16460568243790324,-27.58430904803148,-0.9861953634098364,4.505229412400739,-1.4662829858717368,3.2624894572355374,-2.6043419373824706,-0.44538458709406303,0.6709901588672366,-0.1253577917544209
53562,3.042,0.42305117622219907,-0.4702301345915839,-0.7526811385958235,-0.18270858332626375,-24.1762361378016,-0.02732696946246523,5.643329744678624,-1.496575086123026,4.034723749456638,-3.1227992174153836,-0.46149582264698674,0.6685465447434011,-0.12569652577384274
53563,3.050,0.43145202289630685,-0.45760366149801485,-0.7504296620168079,-0.20323228898882015,-21.316575353583314,0.49811913259481894,7.157387347756765,-1.59317041169998,4.652947301510002,-3.6953761740262854,-0.47603265846748144,0.6508231837138747,-0.14101647724131183
53564,3.058,0.44028614851184633,-0.4427299599201478,-0.7477488834931927,-0.22585370763481488,-18.94271952220958,0.9813998199882539,8.663710243592316,-1.7168896032818646,5.126855130362966,-4.2463749067997,-0.4911053707906428,0.6414628133644338,-0.14982748123323558
53565,3.067,0.44908297341204134,-0.4260527442784046,-0.7443615924196768,-0.2504583035450886,-16.58835365495494,1.80064230807732,9.921540459150373,-1.9267590739033826,5.5018189732777145,-4.6991475552658395,-0.5007082623407153,0.6165924739435359,-0.17212409122982864
53566,3.075,0.45777409929264473,-0.40818786461025186,-0.7397988372527668,-0.2766283094717264,-14.398998879208253,2.5365896572505644,10.759213923862509,-2.1632480216985543,5.849935760150024,-4.963676008955874,-0.5250355653451969,0.5971926562937636,-0.18408148189780257
53567,3.083,0.46648016400213393,-0.3894650642706034,-0.7337743778299886,-0.303790030688057,-12.793816464248698,3.3740321981168795,11.854673722184408,-2.3402317127696346,6.162370785421948,-5.074282885473544,-0.5419925132806341,0.5767560545168492,-0.20232326110503301
53568,3.092,0.47532029041117624,-0.37006820308324934,-0.725944245085298,-0.33185102021495677,-11.094581831300223,4.502524362162108,12.83696015885457,-2.543889145971053,6.527097650544993,-5.111855953168466,-0.5536038174173157,0.5517134406622243,-0.21706401470139022
53569,3.100,0.4848849063944598,-0.350586581123173,-0.7153338522003074,-0.3609337287972272,-8.601537730169499,5.845822074619658,13.349071923874233,-2.8669127095704083,7.061335250300444,-4.9295707895488245,-0.5497499663332823,0.5385242365226803,-0.24327969311901324
53570,3.108,0.4955897338513474,-0.33154144289034326,-0.7014163145069402,-0.39049486691996566,-5.098036912810422,8.1042023824118,14.22800774280688,-3.1884036800524687,7.644228934984411,-4.525638218611075,-0.5540357678023033,0.5090849715725766,-0.2581693079278386
53571,3.117,0.5065859328385519,-0.31200347958680424,-0.6846307639190189,-0.42107628580992534,0.7628697872197627,10.406284298663525,15.414118456404369,-3.5461676097574855,8.158249120093792,-4.466778402331123,-0.5477971578683568,0.5035379587951597,-0.27662705358156886
53572,3.125,0.5160945378828043,-0.2910663225627166,-0.6659690193246858,-0.4532241047617264,11.383043165310257,12.535202905794291,17.16834924464549,-3.937781206895611,8.405586963493137,-4.890450575591884,-0.5412260645582411,0.48518031023798436,-0.3071686414131355
53573,3.133,0.5225803239502997,-0.2697306544221628,-0.6466769084944918,-0.485761417884334,26.8714947868923,15.764848378192132,18.541872132493847,-4.233420681872013,8.074176690954008,-5.2899338255697925,-0.5274452477852726,0.4657503597675518,-0.3220212210665779
53574,3.142,0.527148146482454,-0.25043503333965556,-0.6271556124058189,-0.5158226086206008,45.6615293679589,21.51810262065822,18.00198824799369,-4.251541265871793,7.399608584952289,-4.874368119286485,-0.5206875683554908,0.4411195141495462,-0.3446888210254794
53576,3.158,0.5454489038060004,-0.2340170890620097,-0.5859712544777028,-0.551687578516685,74.42404124819124,28.64165896158178,14.384629736689131,-3.6598075714184017,6.091663592186865,-1.058306347790521,-0.46318973702306476,0.4353399612970817,-0.361548848902483
53577,3.167,0.5636022443132492,-0.23872667318991594,-0.5700855902213007,-0.5480552029994564,93.04478080621622,31.695376325002734,8.359429167461327,-1.144389649734187,3.756502683338021,4.474156390421023,-0.4198717602993944,0.4488744634509717,-0.37576602142942617
53578,3.175,0.579620077475799,-0.24567263932454214,-0.5622602048104931,-0.5362359388932498,90.12981245934876,27.77360469147576,3.8393509273294204,0.6138033418368117,1.6120956952847405,5.10763941342027,-0.39132798911874056,0.4447497568883272,-0.3728324554685537
53579,3.183,0.5858651712448625,-0.250337875084134,-0.562934838023197,-0.5264953158009915,78.49539413951507,23.26789184507119,1.7484917852985045,1.1513365962018658,-0.4526658549332911,2.7292782248277283,-0.38055646744293076,0.46009283649151195,-0.3768059231655503
53580,3.192,0.5820064216839562,-0.25124294881146236,-0.5704179274314921,-0.5222728155436767,64.61432328310822,18.081050111043233,0.27755889999973604,1.165749952121655,-1.9381386042789097,-0.2564103918806042,-0.3815932738417569,0.4660307563220143,-0.3685685049022069
53581,3.200,0.5716013842709741,-0.24845702497801403,-0.5824872464241223,-0.5217754037819573,51.75813985554667,12.217714793570618,-0.08977404681902562,1.335406325313263,-2.766395999854158,-2.3875445768712478,-0.4091597237100269,0.45574949730950914,-0.37160230221685103
53582,3.208,0.5583187710467505,-0.2437690161920848,-0.5966571308203168,-0.5223572387579758,41.69234415508531,7.409147211513937,-0.2619497403587786,1.5309795717620387,-3.146972585978721,-3.2932667807500793,-0.44774215677023416,0.45112262404826453,-0.37061962829577905
53583,3.217,0.5456309887594616,-0.24003358312897305,-0.6103664454447352,-0.5216545843283643,34.435459371350255,4.405461567813427,0.2620405969635683,1.5662089304140407,-3.195611010399673,-2.884170612797858,-0.47656809796264854,0.44723972919779376,-0.3683519049122428
53584,3.225,0.5356493058262762,-0.24112583199881799,-0.6224242613460588,-0.5172293429403633,31.162244001344018,3.3811400002663268,0.4127925386482995,1.4414545097461173,-3.420126481628613,-1.2562454248267652,-0.5058947318337513,0.4443495781981156,-0.3643881606037991
53585,3.233,0.5289795243616847,-0.24760673245339285,-0.6328296159824331,-0.5083288758130571,28.640160010609986,3.6373643746795534,1.5961173364873655,1.4162093315684683,-3.655182990551328,0.6269626979153848,-0.5267705616232139,0.45159159087003103,-0.3475184597404489
53586,3.242,0.5241472851131549,-0.257878593956172,-0.642560083391251,-0.4958677177634437,26.33249081580031,4.332888203449133,2.5660692391615756,1.5134056028596554,-3.9804375152775457,1.9174485822741836,-0.5276012359419774,0.4500101685303289,-0.33408081845180876
53587,3.250,0.5196276117319666,-0.2701981146296969,-0.6523141633987326,-0.48110950542023356,23.329649101679447,5.08740552217096,3.9896117657595624,1.6356012064492829,-4.323722835973902,2.550624650645731,-0.5460366790595833,0.46921685056284,-0.3170627221320871
53588,3.258,0.5148653904503867,-0.28391610248073157,-0.6619789936016374,-0.4648538356286685,20.36941469681121,5.92335607814391,5.424293499302709,1.6737546449471716,-4.616353272530774,2.9344133655510345,-0.5458560452819884,0.4800419986410133,-0.30837449117965204
53589,3.267,0.5102738285765194,-0.298944024100794,-0.671102565482276,-0.44707318967635806,17.81902372913393,6.629303650881545,6.6516153945835015,1.707630276930921,-4.774272939560444,3.3816042217930864,-0.5486974305941943,0.49660265929530173,-0.2870665858448646
53590,3.275,0.5062382021483818,-0.31549433802795335,-0.6793315593512061,-0.4274281668623829,15.536122861861623,6.91265025923942,7.397714692904195,1.7708902616747835,-4.880544055924626,3.9813215920721228,-0.5421678136120599,0.5032752858994519,-0.2785366727034203
53591,3.283,0.5026255656655677,-0.3336036315158636,-0.6865722393153516,-0.40582597006635784,13.087470136266434,6.362607558384604,8.10613351765218,1.8349681797598456,-5.00469608912839,4.586846028791563,-0.537447366880647,0.5315634400207253,-0.2563082063255845
53592,3.292,0.498984698424521,-0.35298402554112496,-0.6928371557327676,-0.38261367472569696,10.253962275714605,5.624049818649404,8.885590006182161,1.8539357905674692,-5.149831365486757,5.067803502061113,-0.5418687247408872,0.5547928406074925,-0.2526545566271569
53593,3.300,0.49488889681004355,-0.3731537084172531,-0.6981406102006014,-0.3583866321409357,7.103971452714019,5.070570618623636,9.690006511663977,1.8030269210831504,-5.272856327443068,5.357117343120793,-0.5295711469843746,0.5838017940467242,-0.2315983339625556
53594,3.308,0.4900239908096401,-0.39340108833310855,-0.7025067642002163,-0.33406035140713936,3.911641340759937,4.8860135283487915,10.303296020204005,1.6616634851625394,-5.305172360062597,5.402919280583298,-0.5045389563254439,0.5924946769916825,-0.21587175746949222
53595,3.317,0.4843513071721846,-0.41290182450894647,-0.7059038202937573,-0.31083064690029993,0.36148958765171635,5.181489737321415,11.08964233909821,1.408586115890862,-5.165115064443058,5.176343809246913,-0.48704139352937725,0.6214085961503705,-0.20478710340202325
53596,3.325,0.4775564056025602,-0.4308267136309854,-0.7086876479104368,-0.2899828270588819,-3.1289526428245273,5.351679145915966,11.30280866108444,1.0273774364421273,-4.92149640778235,4.615903429626542,-0.4828083792641044,0.6360231735608604,-0.182676530046767
53597,3.333,0.4694791798694032,-0.4472685818601404,-0.7110287092047356,-0.2719895035412568,-6.377843262227118,5.217036563663811,10.881128293694072,0.5435528515141145,-4.689697839523593,3.998140847803297,-0.4607210798642276,0.6559668802763007,-0.16488088289828995
53598,3.342,0.4602959439406879,-0.46280869265213614,-0.7128963126983585,-0.25634860120245706,-9.130817552218959,4.505927214240683,10.385152414100013,0.09110487560123844,-4.504253087204225,3.563165303662139,-0.4555064973076553,0.6659360411512936,-0.1434515009878907
53599,3.350,0.45022279955736844,-0.4775167782810079,-0.7144778498671661,-0.24248414230222193,-11.654489413198876,3.33500050584267,9.797969329682592,-0.24028934940627308,-4.379273660238054,3.205550218175985,-0.4346470407344473,0.6854007602609494,-0.12468364918945793
53600,3.358,0.439321238516799,-0.4908577957575554,-0.7162799335616812,-0.23021409711174107,-14.704390978612208,1.4381631658516671,9.767268316886183,-0.4513383302412946,-4.271948535573079,2.727375977218485,-0.42430419631468314,0.6904850107975529,-0.10341455498696807
53601,3.367,0.42755649071772917,-0.502299481046708,-0.718705799987404,-0.21989236378240723,-18.170353306740036,-0.4007196059724969,9.536730031078141,-0.6584359494653615,-4.1519872597844,2.077409742582632,-0.4163201095955374,0.7025423965294109,-0.09346018776911386
53602,3.375,0.4155168990374043,-0.5119775237059021,-0.7215252792550105,-0.21124865261177722,-21.78316744871671,-1.9424222769972441,8.900492050011257,-0.7827672718374488,-3.9326925023587043,1.54134727031449,-0.4095536833261783,0.7065388689346778,-0.08392650122480992
53603,3.383,0.40438809158523703,-0.5206659094011922,-0.7238118678333415,-0.2036508339170013,-25.327560469421794,-2.4016339275962815,8.305529897604714,-0.782387191415106,-3.5473255768769842,1.3809067693165762,-0.40385256634103434,0.7172427365833183,-0.06225638038231616
53604,3.392,0.3955774332310132,-0.5295100590151078,-0.7240732588849618,-0.19711800396689289,-28.41966881568519,-1.6933605337892312,6.9008495145098205,-0.7887854627930693,-2.819558402336202,1.677989091378441,-0.39005980628408715,0.7210646166455766,-0.04534492708797937
53605,3.400,0.39007521248693894,-0.5383476263161148,-0.7217027167727822,-0.19279095011400385,-30.726660504716484,-0.4832405147582268,5.777375889761975,-0.8749456253764689,-1.7204393127776347,1.9684927163645791,-0.39071926124108547,0.7232401729082494,-0.021931221780993822
53606,3.408,0.3883020492452687,-0.5457067221282916,-0.7173355599539749,-0.19197756744327735,-31.83000702172309,0.9179633776983841,4.660254322916324,-0.9553667188451622,-0.36014541353755747,1.8284512199257283,-0.3716566961843141,0.7300503053069032,-0.024542269943011057
53607,3.417,0.3902376724674632,-0.5499787990013796,-0.7120506904743126,-0.19550369262812645,-31.344988872184004,2.7519006940030026,4.144217419271019,-0.9776243510405155,1.0800656467478578,1.1956347106440806,-0.3638514755795117,0.7310360954298509,-0.023517938928798457
53608,3.425,0.39519170519801466,-0.5503710699699228,-0.7066841939052337,-0.20374653755918992,-29.40314093280046,4.263625993430088,4.057432452151334,-1.0310937720971818,2.4176445484320244,0.258064724283245,-0.3609126213830547,0.7356629686910956,-0.024761177267695528
53609,3.433,0.40270405578214863,-0.5467563026687671,-0.7016237923478482,-0.2158959076963058,-26.874196075453618,4.528771052353062,4.444253013967949,-0.9689649320927218,3.5463251202336976,-0.6993505630001878,-0.3696944800597136,0.7332124008394155,-0.025778739948985396
53610,3.442,0.4121114847162718,-0.5392479383609515,-0.6970450587225756,-0.23130925456811063,-24.20125026428123,4.100883718895438,5.5740378271037345,-0.8743306025687735,4.455298708284487,-1.6255623450062702,-0.37421549807008303,0.7293974745050017,-0.0418900058115082
53611,3.450,0.42273577182584193,-0.5284397485076565,-0.6925901791273715,-0.24972933987077015,-21.450799042584844,3.7583217914168965,6.8821032464499705,-0.8932078743315671,5.231415211853406,-2.4181889394714924,-0.39516709340573253,0.7195743419147471,-0.04805385253165808
53613,3.467,0.4463758939820864,-0.4988543566240442,-0.6820995999648045,-0.29433489068874963,-18.004752243266786,3.455152293533317,9.06672230981889,-1.0362960114417594,6.248388295424331,-3.2915519449439317,-0.4205357196138069,0.6870015454904018,-0.08455375368323013
53614,3.475,0.4586231833182665,-0.48096577395359663,-0.675441604683278,-0.31955490713039625,-14.707543608709871,3.900762469254815,11.001219273567704,-1.2358416187411407,7.049115792475269,-3.903633860278549,-0.44113603662983847,0.6780158568290754,-0.10537247301833834
53615,3.483,0.4710292589576364,-0.46207928581310537,-0.6670925425025374,-0.3458348024212872,-12.17586109693547,4.716046050565232,12.326808048505479,-1.4089048579137282,7.452763433882952,-3.967388694171919,-0.4523100636915181,0.6640262953091082,-0.1131343905117079
53616,3.492,0.48343587850307146,-0.44322924609336684,-0.6566034824872365,-0.37243718070179693,-8.561330004482002,5.272304645888817,12.926317724885864,-1.6411722901732482,7.729692768836921,-3.7569574917180475,-0.46092367242129284,0.6428016748450701,-0.13716749115725907
53617,3.500,0.4962896688286572,-0.4244112202778238,-0.6443326102298911,-0.39800398001849896,-4.145526063937962,5.823044232267833,13.545819123059259,-1.5903811806170105,7.88648679881623,-3.40035846401891,-0.463185140866661,0.6371967143356142,-0.16179077834765326
53618,3.508,0.5091379143827766,-0.4049877408783289,-0.6308598464477507,-0.422823093049735,0.5122343829194204,6.512388570946887,14.488011162577124,-1.5172585492956263,8.011210049558658,-3.281851244816243,-0.4683790536755779,0.6164580352052056,-0.1860476521573525
53619,3.517,0.52142609040913,-0.3838980318450478,-0.6162633800090509,-0.44828180851554644,6.804364433359195,6.786065337981579,16.105810879351317,-1.580928726133016,8.296007268319737,-3.5573911757091725,-0.4591214516551816,0.6129922935568092,-0.21671099711150218
53620,3.525,0.5325287713900544,-0.3614091553535225,-0.6008822026991508,-0.474064456111054,17.93053818107392,7.873898257017641,17.554324955254003,-1.6493698479904348,8.401017623925288,-3.8570528229160153,-0.4684855120932017,0.5888612967281223,-0.2382804066666822
53621,3.533,0.5431077642604213,-0.33926782493972885,-0.5850242835866986,-0.49767246957671124,33.346067129521934,8.942780287136854,17.526037066660958,-1.4777864742193563,8.156340460669064,-3.5523426605632364,-0.46242597160285914,0.5693131328843303,-0.265640374355862
53622,3.542,0.5551612019593863,-0.32156790001052,-0.5681516885263752,-0.5153579186802731,51.74062848451071,10.792460852119794,17.829534298755178,-1.2132826609080922,7.4621969121237015,-1.903558394165084,-0.4388099707973603,0.5529664690308371,-0.28997249935679315
53623,3.550,0.5718118921388591,-0.31146853584872697,-0.54989583736733,-0.5230994926693303,72.12879801900105,12.787237281136553,17.012201483503528,-0.6648158410223449,6.541059373310876,1.1186789788294613,-0.41158315292263553,0.544743302054537,-0.30727477314523133
53624,3.558,0.5933517527795437,-0.3086920355227652,-0.5321698121934346,-0.5190743835600639,88.29606181132634,13.718889990734409,13.636491484293023,0.33915485190248945,5.278816266022755,4.25737844952292,-0.3755954850010087,0.5448576287562251,-0.32068563540609285
53625,3.567,0.6140305432297998,-0.3117653588971939,-0.5186376411672093,-0.5067384435161143,92.15886610628415,10.854169242751881,11.077454094708592,1.0365254331135905,3.2185097593593497,5.743731152663636,-0.33433058688017564,0.557545415344061,-0.32123692052685454
53626,3.575,0.6235533883861966,-0.3163586183059041,-0.5119350485315629,-0.49901994202702926,84.757328851431,6.97546216727823,8.239814233463662,0.2165774100520576,1.00215525086723,3.369922827478365,-0.3064084367959967,0.555230035377603,-0.3334628835186229
53627,3.583,0.6184993003468979,-0.31837438178346944,-0.512757233477718,-0.5031663621613325,72.1785931228084,6.581655273332567,4.879416877587751,-1.093520881187567,-0.6595852501456754,-1.047218862966441,-0.32110380315365483,0.5677432296224301,-0.3270968513400291
53628,3.592,0.6033291767810346,-0.3174623729908372,-0.5198099540733124,-0.5147904018394739,58.46572222575506,6.824622264342997,2.3970239730422116,-1.6228877771731982,-1.8755260049280256,-4.222980913704991,-0.3441280569407482,0.5578312673325843,-0.31691641011193056
53629,3.600,0.5845816791255934,-0.314348341582326,-0.5305297079919503,-0.527245302978717,46.87111052957586,5.312270764713567,0.26628847752859697,-1.235441513023586,-2.5058388419511832,-5.348927949534871,-0.3798827220073345,0.5516276075502008,-0.3019810783882068
53630,3.608,0.5671406950103056,-0.31096365650095426,-0.5424870245453793,-0.5360605046062297,38.21267305758737,3.282877430694236,-1.2017572329655846,-0.4750647995482583,-2.757332193467917,-4.808599945815037,-0.412406688811973,0.5431526080777086,-0.2948136242508148
53631,3.617,0.5537335564231509,-0.31060104370574954,-0.5539283890508537,-0.5385809873578858,33.02356672930441,2.2895910602449256,-1.1831774798148547,0.18133451908060294,-3.038764816646558,-3.007886538351458,-0.4332583813036977,0.5381556889469126,-0.2812457543997804
53632,3.625,0.5444977691196277,-0.31544623313925874,-0.5642869800294835,-0.5344118800992426,30.779505077602145,2.4905921638106174,-0.022128684275247796,0.5650543488357519,-3.530096831409658,-0.814874086082287,-0.45725123669565293,0.5397085472283442,-0.27215788314249767
53633,3.633,0.5382635573064565,-0.3245724077000413,-0.5738122709791941,-0.5250376869418972,29.192253411437587,2.8759791492960107,1.2600955675722938,0.8440002366857553,-3.976954905712726,0.8881392450602736,-0.4680671926465446,0.5527447693553053,-0.2621060851755708
53634,3.642,0.5333581795060217,-0.3362262480687673,-0.5833669335743882,-0.5120195145457227,26.815539162337913,3.1085771653127563,2.6025282977050397,1.1330092153083215,-4.405935068391639,1.8640765326416209,-0.46914069637102446,0.5699613278676685,-0.24884870282062302
53635,3.650,0.5281373639708531,-0.3488834860705853,-0.5935225815142232,-0.4970736194547514,23.752222428370075,2.959234567989781,3.9187477734270817,1.325810312184867,-4.812399125771626,2.16090112253307,-0.47535763685511695,0.5791424700555375,-0.23335520205980365
53636,3.658,0.5220323736195698,-0.36162875630123104,-0.6043641827598968,-0.4810933153828948,20.20034731631703,2.9487008479906676,5.273156128175928,1.4689894709530256,-5.118983097661689,2.1351090641567114,-0.4866907027771121,0.5880655751662621,-0.21936160048663014
53637,3.667,0.5153336010034278,-0.37449180850991914,-0.6154485585533127,-0.4641230836862782,16.659160745715088,3.0458312705217185,6.35960441397408,1.5754020795491241,-5.338872337496232,2.1863407953151777,-0.4833583170638832,0.5906181310263308,-0.20764188460033356
53638,3.675,0.5085842589446045,-0.38790142050278226,-0.6261607040441797,-0.4458669221153201,13.592834947872678,2.9265986696301285,7.345785201733672,1.6531256626205155,-5.4772715207471965,2.449440770158054,-0.47511223322526075,0.6028964672868287,-0.20012928152759443
53639,3.683,0.5019657588067472,-0.4019460255039146,-0.6359907315410467,-0.4265976546595841,10.82276510304559,2.546577430416822,8.315855204560807,1.6485555231049032,-5.517313596947557,2.767061770366643,-0.4798353748340781,0.6183878930840332,-0.18859130624799245
53640,3.692,0.4953968178647899,-0.4166315303444063,-0.6446275565031326,-0.40676218379923085,8.178005010002959,2.3079927265721505,9.117581583802824,1.5420039496599953,-5.48868067299243,3.051943493192319,-0.4783285936080907,0.6372059859727405,-0.16092493659661566
53641,3.700,0.4886254994491857,-0.43182739477415755,-0.6520265440756846,-0.3868224505264885,5.6780607754626224,2.592607793642686,9.6363155299108,1.3582581931259852,-5.435229347262055,3.251652797435427,-0.4679433083261865,0.6366196253931125,-0.14546148627043276
53642,3.708,0.48146978332841683,-0.44731523952530977,-0.6584035948333816,-0.3668795858869542,3.2892088099896357,3.4898907803038983,9.916295993682748,1.190211938886224,-5.405813755879417,3.3674664586935505,-0.4631037842809337,0.6576727205703151,-0.13952204992271172
53643,3.717,0.47382907123516205,-0.4625657022806705,-0.6640397067125746,-0.3472322713042271,0.61860765664305,4.152040398643136,9.95994404759302,1.053779068635785,-5.342129558921407,3.336228190028981,-0.4508328684938138,0.6625452922154048,-0.11481863699074327
53644,3.725,0.4659069315019568,-0.47730188650844874,-0.6688686090485881,-0.32822008491759624,-2.431960128576025,4.525739279468647,10.130090725643711,0.9114753849523773,-5.184551596716911,3.249525228782302,-0.42674810136893787,0.6792573661198862,-0.10308165778827584
53645,3.733,0.45754047273097465,-0.49181574068593503,-0.6727732584694328,-0.3100808535125693,-6.213944542711008,4.278463679333316,10.045380341544893,0.6724083936387909,-5.030788724878572,3.191444911502883,-0.4287880607883922,0.6874272211827104,-0.09121039242391123
53646,3.742,0.4485999989795339,-0.5061937918982788,-0.6758545118945882,-0.29282514357707223,-10.1777959056647,3.5875612078280845,9.323404900006553,0.4147700122621029,-4.923030070713283,3.129571594022537,-0.4030320011464081,0.7017466749675506,-0.07431115686372315
53647,3.750,0.43909132235737613,-0.5200191299314627,-0.6785420038736797,-0.2763325245331564,-14.197922926620356,2.710077154709791,8.820151967442671,0.25295535277962455,-4.834681995470887,2.967920606646059,-0.39148045320185,0.7144151691342422,-0.0513961308002048
53648,3.758,0.4289089424572057,-0.5324271564398846,-0.6811916981281971,-0.2617944089678074,-18.503712662871948,2.051253774155694,8.903268060296282,-0.0065068506926053435,-4.603280277146134,2.495348294235667,-0.3812617844765892,0.7249591010424552,-0.04653837937778867
53649,3.767,0.4181004925530075,-0.542699660563108,-0.6838822385416952,-0.2509464890346545,-22.5027392496601,1.0690119404269467,8.524434714821611,-0.47263892149301096,-4.091321609453315,1.7297263763385677,-0.3768227397958841,0.7305895585540082,-0.0192136759131396
53650,3.775,0.40745071426087714,-0.5507936412106303,-0.686327238235023,-0.24405983345672272,-25.73605487965227,0.1989421673115976,7.207622244748484,-0.9041145596928477,-3.3913506370505244,1.0259621285227059,-0.3627264791594235,0.7411705770107262,-0.010421399909135824
53651,3.783,0.3983538941364607,-0.556851377130499,-0.6880551909411081,-0.24043870951487867,-28.09101204129701,-0.010728589598888305,5.6136453947745135,-1.082439785572394,-2.5053295402112736,0.5665643115195315,-0.36502717635825505,0.7415491453705119,0.0037193597696174303
53652,3.792,0.39197988266323536,-0.5610369237484897,-0.6885865013931696,-0.23966220368940663,-29.777310469076294,0.0558708583119314,4.479912272842427,-1.08100930126851,-1.453304559668113,0.31192611517100405,-0.3626632512207228,0.731883630611403,0.0143272137794281
53653,3.800,0.3889414934726038,-0.5633479859192273,-0.6878001538683385,-0.24144255994903022,-30.71815018854146,0.44860622391006216,3.8194006030818457,-0.954449530541313,-0.32160048097716815,0.14120866308665803,-0.3616703822416071,0.7357688433711554,0.012100159086008836
53654,3.808,0.3895117485492742,-0.5633273795805114,-0.6858958593724378,-0.24594660244204827,-30.494031276160662,1.4603911996355037,3.31487129415799,-0.766112366544928,0.8844986391565887,-0.12869812494808566,-0.35977645563149613,0.7321833900556158,0.02020526655094036
53655,3.817,0.39341792857632923,-0.5604766050759182,-0.6831614234143287,-0.25372973455192843,-29.216013166883602,2.32512851976737,3.3531247181120385,-0.6419261761088343,2.1259287587691804,-0.580063853283461,-0.3648884526992185,0.739976994667936,0.01814063220365452
53656,3.825,0.3999175961068221,-0.5545770700085105,-0.6801065260867128,-0.26450955165963347,-27.350442642956942,2.5717689367099474,3.6969787901822264,-0.5209173957317442,3.1785709761849885,-1.1541246200980653,-0.3748452768019481,0.7274568466952643,0.010861977262267366
53657,3.833,0.4088154624666113,-0.5453230627264333,-0.676834900481436,-0.2781855359237029,-25.083424949369117,2.6224886111602292,4.713003847517353,-0.37035862812619685,4.192626958293719,-1.7888182761710578,-0.382803413204114,0.7292823986564216,-0.002642230634281775
53658,3.842,0.4193868489884057,-0.5331346380042625,-0.6731337508160489,-0.2945727111732487,-22.59001136631038,3.0230186745388408,6.2403479195820815,-0.33714570453227916,5.067785963171881,-2.3569044838130444,-0.3988139766722302,0.7115706271733032,-0.016752274735731244
53659,3.850,0.4310404450694671,-0.5185716971447715,-0.66870300236114,-0.3132472254751904,-19.56959022080009,3.418774909960049,7.917292722382869,-0.38360670114963435,5.776214532291023,-2.7926915884271795,-0.40434402679255455,0.702426571533939,-0.028425470933735614
53660,3.858,0.4430005167921405,-0.5020242134071469,-0.6634991895806468,-0.3339027653384402,-16.589369819680492,3.9223096941855453,9.592199829186,-0.5195356170748636,6.310547462662558,-3.1918546868356894,-0.4239429923394195,0.6909671359281168,-0.05263159642395982
53662,3.875,0.4660635253240595,-0.4639510117884506,-0.6498213825719147,-0.3811383210532736,-12.527755800440431,3.958968823740037,11.447347098348157,-0.9135258330239269,6.976481063616228,-3.732765635868875,-0.45564100495932197,0.6620331047327868,-0.09165389815395741
53663,3.883,0.47687055107613724,-0.44303061631030555,-0.640660634550736,-0.4072742342268914,-8.216490110006852,4.2079883730357,12.393734001322303,-1.3913828953468277,7.581771439794339,-4.104428085534709,-0.4674202134046316,0.6295669321353928,-0.11682419425553174
53664,3.892,0.4875821532241046,-0.42129674059385713,-0.6297290306846312,-0.4338364301615684,-5.255271943838384,4.486369590885454,12.752977811045692,-1.546709131457556,7.888996396593099,-4.09579614347737,-0.4792158615627861,0.6173866972116123,-0.13974564070154208
53665,3.900,0.49842608577887104,-0.39858542170791267,-0.6172596465815223,-0.4600995841327546,-1.0485952187919183,5.228676126381898,14.176882871046315,-1.5335650827045944,8.161733506551146,-4.035529758797964,-0.4858526723152169,0.6036999621920313,-0.1670099173938029
53666,3.908,0.5087094932661994,-0.3748478632492126,-0.6034960608010744,-0.4863087861389436,7.485180199843185,6.427860091549878,16.484810774034685,-1.5998905511046386,8.340945963819184,-4.118351966701911,-0.4888061748610074,0.5882765049108838,-0.1971606760203894
53667,3.917,0.5176996935623205,-0.35124340344258587,-0.5891090655525734,-0.5114348518700333,22.469039604797153,9.350566004020697,18.65848053312617,-1.647674808052932,8.114819840524467,-4.061198436085186,-0.4935207255589888,0.5677935449483383,-0.22019568280907179
53668,3.925,0.5254189033272652,-0.330354000461161,-0.5750681235938472,-0.5330083147868648,41.46368948626087,13.833150278257683,18.99438804145019,-1.5428730167272398,7.254029798208432,-3.431869710694867,-0.4796955647077884,0.5443995728025806,-0.24111425436882233
53669,3.933,0.5345582616219777,-0.31513526870826836,-0.5602136379669361,-0.5487238897512186,62.1965539046575,17.897820574233982,16.895123151363254,-1.4270728720712862,6.341168039031719,-1.6704559275048974,-0.4663720678255898,0.5337188842467556,-0.2602039385778778
53670,3.942,0.5493926743417202,-0.3071051141042606,-0.5446684186925872,-0.5542476449652975,80.82685527956559,20.08507540447731,13.95185120029168,-0.6174929324914044,5.452836663096258,1.3892179094428339,-0.450432238019587,0.5297200939322072,-0.26981577225595865
53671,3.950,0.5699223138463302,-0.30716329678183674,-0.5309554076756144,-0.5467409078806712,91.38006403348278,21.067543776058386,10.720988649858914,0.7084545723383504,3.882554866233883,4.765799515484682,-0.4212246971265991,0.5341568986323642,-0.2908861430825544
53672,3.958,0.5885703584818277,-0.3126388398861604,-0.5216680120653459,-0.5326390655021452,88.4465694745257,16.772281653665747,7.400822528927531,1.256726982667148,1.8353101516259511,5.759233641740453,-0.3713794302395129,0.5465541974131132,-0.2962551082543186
53673,3.967,0.5960705824244185,-0.3171209906566934,-0.5194619651556083,-0.5237302786834137,76.94699716440704,11.974734109827365,4.9622554715974925,0.7948477734296348,-0.01961806005301508,2.9319651396109725,-0.36868125953888486,0.5494675275056072,-0.2979721525466754
53674,3.975,0.5906204365341233,-0.3178202161704409,-0.5244208194124024,-0.5245384774336777,63.520187008990916,10.62924905454024,3.023443839718336,0.010182044582296459,-1.4036500895827535,-1.1126893158378033,-0.3681981079398706,0.5528922959338273,-0.2972686637383118
53675,3.983,0.5769796449202358,-0.3142596660103802,-0.5343611995762129,-0.5317832829774116,50.33546574925106,8.515879468158207,1.7465289351662248,-0.21517776893981697,-2.0858795820636673,-3.975809583922595,-0.4021531920889401,0.5411995711060655,-0.2947201245847005
53676,3.992,0.559808543348257,-0.3079664977367214,-0.5470236972992262,-0.5408660699832871,40.69934574267843,5.352489679493448,0.3885232594443459,-3.692073420025267e-05,-2.4167992104059555,-5.243470788358291,-0.43134851183611345,0.5328404670976514,-0.2753215298904067
53677,4.000,0.5441343528760695,-0.30246816900513696,-0.5599556334792292,-0.5466996444975035,35.04856140734284,3.4739775817670626,-0.44937086676565713,0.4697663980519564,-2.6043729852350705,-4.531991455362901,-0.4672063947997616,0.5254771739962032,-0.2796644362509954
53678,4.008,0.5327999374117967,-0.30163638118911396,-0.5714072000969201,-0.5464737248162254,32.27836233852718,3.247664007606372,0.4666168633454872,0.8116394114803017,-2.9019257319858913,-2.442786884131037,-0.4785100543224745,0.5209337454690945,-0.26969344574905874
53679,4.017,0.5256609633495454,-0.3065319425312105,-0.5814930030183292,-0.5399857472741261,31.12290753914826,2.9792811142192233,1.405367942130354,1.0779119959066625,-3.3743666882222163,-0.21363959864505871,-0.5014677015378044,0.5192364276653145,-0.2686243659774062
53680,4.025,0.5211139343218882,-0.31525314319685394,-0.5911212912687868,-0.5288017985680356,28.964551530527174,3.301184491895146,2.4724467035078708,1.3940445448519068,-3.813654096690356,1.2759397274901223,-0.5040134871846508,0.5315796653856962,-0.2543548424080079
53681,4.033,0.5172042103896953,-0.326738576495567,-0.6010487113254672,-0.5142782845880413,25.899904062628345,3.7846896308919833,4.124873948944872,1.6136857921582188,-4.368926843873866,2.136166371767319,-0.5072935444647985,0.5427045729080822,-0.23983496056668702
53682,4.042,0.5127332611880993,-0.3396716511950832,-0.6115503973922801,-0.4977287250050644,22.835731229652595,4.008636547458815,5.744886194597347,1.7566887117544627,-4.865655341614009,2.477652400043722,-0.5090785774177817,0.552081168622494,-0.22943823834261118
53683,4.050,0.5074089771783568,-0.3529760575644733,-0.6224742643730635,-0.4800727266344854,19.492790936120993,3.920690466252375,6.687267730705077,1.8539138994466218,-5.175147826805796,2.526643828015245,-0.5136024542702818,0.5639685978299065,-0.21176063320107816
53684,4.058,0.5015510724192085,-0.36646058419568706,-0.6335549177539165,-0.46126058597708786,16.139694019580407,3.7827551121555385,7.798054957864532,1.9790316581043053,-5.3964345436718215,2.618307075303323,-0.5212592148622219,0.5731172892878339,-0.1996955639468014
53685,4.067,0.4953709941173507,-0.38036040193274345,-0.6442696332058949,-0.44141837587202,13.078050218570755,3.668041085090227,8.633180588203135,2.017703331121509,-5.538400451587518,2.7986332665908575,-0.5152599002873188,0.5913196379231447,-0.18541920464102096
53686,4.075,0.48901554376809797,-0.39473392165101845,-0.6541238216490431,-0.4209168029462007,10.002201514793649,3.5052545659200205,9.317826961484439,1.9581949206975502,-5.576960690314089,3.0121259369713838,-0.5082491704751027,0.5977574065429657,-0.1759069118824171
53687,4.083,0.48249995493182374,-0.409471175378728,-0.6629656398339816,-0.4000046380034497,6.830657884225847,3.3855077307983263,10.106546954567442,1.8636631738373708,-5.561332405545674,3.1965895807991807,-0.495884726508926,0.6130070206279964,-0.16399756751137723
53688,4.092,0.4756407227388907,-0.42388718765356637,-0.6709430595687019,-0.37936916826775186,3.7413500226713556,3.378991178768884,10.695373190793605,1.7400408229222406,-5.456924226688065,3.1687045969946737,-0.4957825307344928,0.6251548048218353,-0.14457950945922907
53689,4.100,0.46845361191495805,-0.43794796999255264,-0.67809506571618,-0.3590819835561262,0.7593737577522488,3.6361439737392667,10.89622782323755,1.6156658894564697,-5.350034991588059,3.126908705889401,-0.4814633310111379,0.638937323268852,-0.13288610360030248
53690,4.108,0.4607687614034126,-0.4522740425821959,-0.6842034121983553,-0.33912538928433417,-2.627803009928871,3.852116701123517,11.101533000897806,1.3902886574328115,-5.299760281867397,3.20270235095382,-0.47401211073541305,0.6512967863542043,-0.11683454614148664
53691,4.117,0.452712137994415,-0.4674248389247044,-0.6887546099530202,-0.31966048760709165,-6.02548099802375,3.929213486848713,10.678402697754128,1.0529690525007822,-5.209072466330282,3.425819525761422,-0.4626528246705871,0.6656069685019183,-0.10101709955532823
53692,4.125,0.44466865627842883,-0.4839811963080965,-0.6912186809415376,-0.30041425209394074,-9.358574499854473,3.360112801549057,9.817821666920263,0.708538800087041,-5.0630705911036715,3.873614112596869,-0.44832862695136905,0.6742558111705271,-0.09000738819773328
53693,4.133,0.43728979481590496,-0.5014937566917231,-0.6914683057609854,-0.28134183740979496,-13.165806767935907,2.4903156377057822,9.0805376827748,0.4985621508993095,-4.775195786094721,4.323840813369649,-0.42020043626380754,0.6942806447108221,-0.06362281540496645
53694,4.142,0.4302471289531592,-0.5186654493241377,-0.690289771774107,-0.26338866849013354,-17.02030233539101,1.9289936548692943,8.705322980169086,0.2926242522401872,-4.406203848302746,4.348720747778241,-0.3994778509658592,0.7162917150995939,-0.05952963052852403
53695,4.150,0.42274512733924285,-0.5341673181952082,-0.6887798141476357,-0.2480608818532569,-20.83477132511707,1.4951389501669166,8.145437834043298,-0.05206758344655802,-4.016306523202778,3.820134487273391,-0.3849872963278985,0.7357842491206283,-0.0378787034300468
53696,4.158,0.4145214300005652,-0.5474439375214086,-0.6875161440607493,-0.23621742314482494,-25.20044714972628,0.6891566573970682,7.3900322441925645,-0.4858727221067191,-3.5680249534968262,3.0305616281615118,-0.36112771038811003,0.742705641164797,-0.028736149105514135
53697,4.167,0.4060798935343398,-0.5581816223747033,-0.686668578424365,-0.2280759959200992,-29.362932580376437,0.0015751873110922882,6.224865477514069,-0.8557643537190152,-3.011455320786672,2.1846945318630757,-0.3539196529238783,0.7433445645110093,-0.01281924276027929
53699,4.183,0.39340902538368383,-0.5696642371417441,-0.6863164037291332,-0.22289412204157574,-33.093720805108774,-0.7255273989312143,3.832623530675908,-0.9740920901450683,-1.6954835303623343,0.8583293581261006,-0.33721888531868693,0.744508833648637,0.007068600291090954
53700,4.192,0.39124950636780925,-0.5700654260026331,-0.6863295092895463,-0.2256125850251994,-34.20030677139607,-0.21182736023924054,2.2764908049421577,-0.7730173609629937,-0.003089721224882887,-0.3118368737242439,-0.3409449732695686,0.7470335745973268,0.015807083048710313
53701,4.200,0.39261518739996165,-0.5667425156319414,-0.6861455705218114,-0.23207863247479263,-33.2911802252736,0.42041677551317413,2.125294169452877,-0.573432896141419,1.317933586353493,-1.0470574454209405,-0.3546066394759523,0.7345690564474124,0.014360612155765042
53702,4.208,0.39721995011012246,-0.5597434728057786,-0.6855106792116242,-0.24285523377653706,-31.034642406656832,1.1756348316886138,3.247666400550817,-0.527795946464489,2.6954748379134084,-1.8058543703851244,-0.35624188401972356,0.7420420404319857,0.004267219032590189
53703,4.217,0.40448303188605333,-0.5497348695116968,-0.6841158626550128,-0.25723634389994643,-27.714396018230204,1.0730891542426209,4.164121701206232,-0.5246227988577925,3.867269998750691,-2.3749716724640337,-0.3691552558955297,0.7271153648839833,0.0006521727895151167
53704,4.225,0.4138288523584318,-0.5372610046032017,-0.681813018357964,-0.27427595936586335,-24.513532102593803,1.0361666440765673,6.00338464977535,-0.5068733418320512,4.810263947548216,-2.7828092302105327,-0.3866548629368534,0.720177747474844,-0.010152841342282493
53705,4.233,0.42441870085902783,-0.5226407607158164,-0.6785595683663442,-0.2937214901535277,-21.699999994651762,1.3363028022405563,8.17606455779079,-0.5916389549996061,5.55776701843957,-3.1588976222307745,-0.40558626508681084,0.7002572198522191,-0.025484056563887327
53706,4.242,0.4357084584217664,-0.5064937788723979,-0.6739665989907673,-0.31526372241046885,-18.99006638003978,1.8489354047224977,9.965784891306809,-0.7869193471072012,6.188175991232386,-3.3986079621377954,-0.4234917942317717,0.6968749229379588,-0.047557070315083286
53707,4.250,0.4472250436640524,-0.4891577426925115,-0.6679387409316201,-0.33848530462390203,-16.519447745252076,2.385668811243835,11.691431692950976,-1.0156791377907204,6.664037716272649,-3.5667556189730334,-0.4382250711344939,0.672009219335624,-0.06940291255822431
53708,4.258,0.4585663117192484,-0.47030591945902006,-0.6606944371631275,-0.36333475003047755,-14.680510487049046,2.9848400294629567,13.34336143434299,-1.2364077535138513,7.0899786563386,-3.852166197413466,-0.4590583910055661,0.6691128637549931,-0.09174610135619472
53709,4.267,0.4694918386695663,-0.44948971020589795,-0.6521036540250896,-0.3902527876246554,-13.093719438635102,4.08416957639307,14.829648542041694,-1.51486407024391,7.57506917473907,-4.267440983229488,-0.47578014482008457,0.648443721903031,-0.10876316253550297
53711,4.283,0.49155364447541905,-0.4030988884939295,-0.6286266124656564,-0.44801214581509463,-9.228397707506723,5.905465266638185,15.87697151291086,-1.841066181152088,8.392589358540432,-4.5057178252229155,-0.4878212474404106,0.6117771008835933,-0.1649035759716745
53712,4.292,0.5040925809825885,-0.37824629295114054,-0.6133497186955575,-0.4760488779979568,-3.3544362822618505,9.41389299495985,17.499150340149825,-1.7487669496332898,9.123831813238038,-4.140844764407288,-0.4932542455229555,0.5866371348391429,-0.18985288251254664
53713,4.300,0.5172951603316945,-0.3538061591788786,-0.5963582955710185,-0.5015812019285879,5.976031245429788,12.318294558809596,22.20168851383591,-1.560957132044849,9.147063414750216,-3.5470799557419506,-0.4971451756110742,0.5689655169607025,-0.2253606274323923
53714,4.308,0.5285352239860489,-0.33138562793665205,-0.5795836670122005,-0.5243251429559137,21.997675303313667,13.24197369523898,26.762721707161305,-1.5499026023869593,8.352985277447646,-3.1712138009402966,-0.48524944713195944,0.5518887821521248,-0.24952734080679898
53715,4.317,0.537573918825673,-0.31079965142194943,-0.5645302081387561,-0.5438046547917892,40.09447674462137,15.48580297697215,27.05741669010447,-1.2854187515015958,7.3371590641276985,-2.9297990215131806,-0.4716964657771179,0.5358557851985337,-0.2666112628979285
53716,4.325,0.5479103666252074,-0.29468691841271466,-0.5485754392131772,-0.558586463990239,58.13806205504524,21.07245619211595,23.46294865929058,-1.2349678046289754,6.674285122672788,-1.4835077288239429,-0.4485421335059349,0.5170330564912632,-0.29458562527929144
53717,4.333,0.5652260680732035,-0.2869726346855738,-0.5296776681157592,-0.5635670029478116,70.74793389241114,22.711445647154484,17.45824227648544,-0.925227570081528,6.1339510775357216,2.0444255398100744,-0.41401080464920126,0.5105442938672481,-0.3091652292812604
53718,4.342,0.5939342424318721,-0.2888798497258995,-0.511243090481819,-0.5499282230653554,73.6053841345697,19.604543740617004,12.501829097943238,1.0232666555074157,4.878673292533894,7.282163645568555,-0.353615080368993,0.5106655742967808,-0.32166525346712194
53719,4.350,0.6283130695181395,-0.2964033998709362,-0.4966885332652972,-0.5202578323681553,68.13132015237822,13.548532577280426,12.241060587400112,3.1204256301105056,3.143733925490851,10.702646837639938,-0.2932387326081303,0.5144742960502419,-0.3315146912791086
53720,4.358,0.6539339164439414,-0.3026013932236275,-0.4882737713214673,-0.4923327675291582,61.04234734307855,6.134019409388154,11.987072761691111,3.240343131324269,1.4760670214701195,8.736851513263511,-0.25290998574542095,0.5175877154878413,-0.3375975503712052
53721,4.367,0.662354787332046,-0.30370422401068914,-0.48750360712945506,-0.4810302620960099,53.04184511564911,2.632807882297915,10.208570058542243,1.704018765958953,0.12979167142428982,2.9348424727691524,-0.2407508665337196,0.5005589076272845,-0.33099886610463186
53722,4.375,0.6556205402459816,-0.3000831159807683,-0.4931355709515766,-0.4867536742266081,43.73252827854787,2.835530928226458,7.599765249561922,0.056155833015511004,-0.8261289228171037,-2.5339790306838856,-0.254904014332223,0.4932257473464964,-0.33200933497038815
53723,4.383,0.6407446679280281,-0.29295879971037025,-0.5019877664251863,-0.5016270472706925,33.43573444120437,2.0061881925170755,5.39941046988635,-0.7067762765609307,-1.1961693079129105,-5.574239212369181,-0.26426940316659303,0.4811328438285231,-0.3199992289098281
53724,4.392,0.6229000804400617,-0.28440527633396023,-0.5118616572719943,-0.5187550215621402,26.458206861076818,0.6515712041227271,1.8480460521497872,-0.8522765474400793,-1.3735023545527296,-6.519419629146855,-0.308466903624245,0.47675010018873387,-0.31905992065535194
53725,4.400,0.6074244740169916,-0.2770541232721027,-0.5205704561129851,-0.5322432915175411,21.524421481483824,0.38420964419010445,-0.07765050413336762,-0.5594536022218876,-1.3144098120084284,-5.45824202212075,-0.3163259674436343,0.4714395141580357,-0.3127188374605993
53726,4.408,0.5968051180809006,-0.27317885667961544,-0.5268841443934524,-0.5399907977757029,17.352834859809946,-0.2587710237364056,-0.7658916601017076,-0.3177397656580459,-1.2044441249431772,-3.404514090456857,-0.3383698614472125,0.46518486037145784,-0.3030542713886794
53727,4.417,0.5908340522304621,-0.2725262491559748,-0.5311178001987581,-0.5427323912923747,14.160555697813292,-1.2104502112398126,-1.064208212706927,-0.09672608446773127,-1.0814133565337987,-1.544587293746912,-0.3508288950796092,0.4756940236404475,-0.30202434240938086
53728,4.425,0.5875600713987902,-0.2736480948755548,-0.5343823173652771,-0.5425176693492527,12.331257155856582,-1.3500482638177684,-1.2040854549589084,0.08567467432849207,-1.034454652882007,-0.48305279255651407,-0.3481019334438059,0.48198808188481185,-0.3076798061415229
53729,4.433,0.585013254642809,-0.27552462367465286,-0.53763507106984,-0.5411046146512687,11.089120488874395,-1.0749529432829883,-1.1817027005585699,0.18253983209812735,-1.120203349249491,-0.12556464750535398,-0.35079767566108494,0.48834935949834135,-0.30629496314699683
53730,4.442,0.5824872783516708,-0.2774181410108243,-0.5412896001540776,-0.5392154619088746,9.839906430648231,-1.1677998799429958,-0.8572317381742924,0.29476850275928884,-1.2068572823589954,-0.0806618457071476,-0.3603004665142963,0.49687071715646447,-0.3088869216137223
53731,4.450,0.5800047740920586,-0.2790334861461289,-0.5451368273714862,-0.5371783829259229,8.738865797290822,-1.7660362619941876,-0.43650062933286365,0.3812381392035246,-1.2029524459502985,-0.10528654692456718,-0.35936839279403765,0.49912583148160206,-0.3027975660247954
53732,4.458,0.5777065546628857,-0.28054998103883316,-0.5487756802888251,-0.5351561431602804,8.145128331687317,-2.673004813060664,0.142485328868516,0.3780566459119526,-1.1345323264133798,-0.08133351474990262,-0.36791784713565784,0.5076773219603855,-0.30220878545912083
53733,4.467,0.5757969172393156,-0.2823637176091104,-0.5518181482478667,-0.5331279136754699,8.15506912674406,-3.401082237268363,0.42385584827983885,0.28879441768999603,-1.0422733328343343,0.049684196724535924,-0.3727222606096771,0.5039133896301661,-0.31295112784120704
53734,4.475,0.5743508812779908,-0.2846248680385709,-0.5543291258466493,-0.5308756633217531,8.262308677996778,-3.8319224792029063,0.579568287952627,0.2209251519839393,-0.9795148158504065,0.2358497019769068,-0.3822459923162249,0.5192981916004188,-0.31267850885104315
53736,4.492,0.5711049244611852,-0.28994575174620074,-0.5588006915867683,-0.5267944697722866,8.312590068551739,-3.7337710527699737,1.035799066443682,0.09120839322808016,-1.0038566095957142,0.25725919149892945,-0.3878772736768238,0.5173660158123098,-0.31050390600449174
53737,4.500,0.5682216845756367,-0.2923530272037571,-0.5613534970640387,-0.5258669755715792,8.707897530141839,-3.061971263587988,1.2504693469551003,-0.07396155024628719,-1.099778177400173,-0.11383005511811861,-0.3964161559271453,0.5239505618637605,-0.31136132125135785
53738,4.508,0.5642129101422806,-0.29402011068326744,-0.5644972695024898,-0.5258885806583095,8.803105241687076,-2.3000014041968866,1.3883785602151075,-0.10800380324262725,-1.171666025588063,-0.5235268511356878,-0.40594044678916025,0.5312790863259854,-0.3110122132986658
53739,4.517,0.5590522568680278,-0.2952137244542692,-0.5683008640007007,-0.5266341794459043,8.825584569761473,-1.141369448622045,1.6222253259216288,-0.14266093968037463,-1.3004110542238667,-0.8819196415987942,-0.4213262659691448,0.5310419104323747,-0.31038996148662806
53740,4.525,0.5529299982788712,-0.2961150312648421,-0.5725698596962544,-0.5279659657873419,8.235953000406408,-0.134392187124119,1.8304660836780695,-0.19460432746294282,-1.4153928828607594,-1.1524185601703445,-0.43113131500587526,0.5249896639001842,-0.30503269464639765
53741,4.533,0.5462711170296803,-0.29703353861958065,-0.5769809557171692,-0.529577114662235,7.419133939032149,0.6941383283530749,1.9254991302197169,-0.2563336702582067,-1.486843303502105,-1.2693101266696032,-0.4499889056580531,0.5196953032344571,-0.2970630607124532
53742,4.542,0.5396834750697257,-0.2982107716358038,-0.5811595346328075,-0.53109855744713,6.60787109135939,1.5496172884914283,1.7275286963277554,-0.3016667971324045,-1.48887697168529,-1.1919236829299442,-0.4673721247866167,0.5236662786376268,-0.29039141234380317
53743,4.550,0.5339052419755635,-0.3001000576381122,-0.5847047917869923,-0.5319825696937326,5.842362434934545,2.216269638855499,1.3960678259226889,-0.3255340819129164,-1.4312090877880808,-0.8647982467020006,-0.4708777868544785,0.5188972637633154,-0.2784080091966835
53744,4.558,0.5295329760853443,-0.3030321018003941,-0.5873677201482025,-0.5317570251952828,5.189690454994719,2.548638000431018,1.0845041334473005,-0.31078161617721156,-1.3412091387163942,-0.3284445909261253,-0.4858323097134183,0.5206872979383577,-0.269988791634065
53745,4.567,0.5268555537506491,-0.3071388067817358,-0.5891260351123937,-0.5301127178285195,4.896640067468446,2.7702928157722515,0.9065228967015451,-0.2479124495678892,-1.2442163282487504,0.2962327295032571,-0.48382950511045464,0.5172045817780986,-0.276777511028393
53746,4.575,0.5258778304677041,-0.3120333132889026,-0.590165841308443,-0.5270597675531957,4.912886308887453,3.088794832310376,0.8836419965430998,-0.11015033586956716,-1.124574793749924,0.8589395657631512,-0.48585289474054827,0.5326774643010505,-0.2671728889715117
53748,4.592,0.528013189636571,-0.32245233608191975,-0.590429222046004,-0.5182855354717884,5.309568630841176,3.6427418881522557,1.3424627254311876,0.08116479773717622,-0.8641069421956732,1.3980902101643877,-0.4736795041463194,0.5412660413283388,-0.2625264403665102
53749,4.600,0.5297714668021336,-0.32709570100167007,-0.5900143952136718,-0.5140365831234068,6.229051656041882,3.5912304629580687,1.9064001863802211,0.11888319554136258,-0.6152880327106205,1.4293338306289747,-0.4758889152642874,0.5454324702580514,-0.26087304427169744
53750,4.608,0.5310520470620164,-0.33109998040970995,-0.5896311650079554,-0.510579685784005,7.136996389968231,3.1661186917930086,1.9807358736271947,0.052812351008311186,-0.5454445521438113,1.1808598496622853,-0.47714113260616503,0.5537745997546027,-0.2565665587465353
53751,4.617,0.531653523138846,-0.33421525280608105,-0.5893786312220752,-0.5082101191285097,7.68345907155066,2.6002917850780314,2.1551207809371102,-0.02853228885563051,-0.45786224170114426,0.821615159477861,-0.47545717839651086,0.5538070504845446,-0.25313634255219936
53752,4.625,0.5316363003271172,-0.3366607016908804,-0.5893646088358026,-0.5066278456256832,7.873482271612535,2.13944490387091,2.112380278053718,-0.0768640110911295,-0.42982290852972715,0.5350661781142361,-0.46543999958165577,0.5616099267339909,-0.25411383386207553
53753,4.633,0.5312175229305153,-0.33871182627830826,-0.5894684266037539,-0.5055781008984426,7.770074016622555,2.0502168082175896,2.110181410566567,-0.12146651840131038,-0.40768647747738557,0.3509848934467005,-0.471087003526362,0.5645812045585236,-0.24978848007550775
53754,4.642,0.5307003530695029,-0.340376033276723,-0.5894391107882518,-0.5050374499934276,7.67937970592445,2.2749015182915966,2.0739154363580568,-0.16905045030356464,-0.31643295138932553,0.23396479526779926,-0.47359082274601033,0.5644182017619226,-0.24125970065663493
53755,4.650,0.5303508184114603,-0.3417842853879586,-0.5891818468156936,-0.5047536657172352,7.715568269272435,2.658032958071247,1.804098891049952,-0.1870151240589235,-0.21046342229945622,0.2026690898342088,-0.46937497003394524,0.5577409393392095,-0.2501993337322848
53756,4.658,0.5302923956935223,-0.34311609355922973,-0.5886616322342454,-0.5045183883126495,7.750076463680177,2.9439285618510356,1.7315717585781798,-0.19175376321160148,-0.12390815299692266,0.24582536029228882,-0.46548427588346736,0.5665504668951378,-0.24805711334516467
53757,4.667,0.5305544955256446,-0.3444193001300578,-0.5877781435787063,-0.5043848995624475,7.949053915478288,2.9944874227832896,1.669940673980666,-0.21973020597209117,-0.020379298579630292,0.29653617700443685,-0.46095647526987826,0.5652293995418618,-0.2328736650825294
53758,4.675,0.53117108072679,-0.34590531864776547,-0.5865742715841752,-0.5041204394251599,8.616259939445658,3.0498935924317876,1.7411037187021454,-0.23317327392652454,0.035736365066264555,0.41124559317901055,-0.4750590779628269,0.5661317449306738,-0.24079838751772845
53759,4.683,0.5320390118895607,-0.3476061720975493,-0.585126100908937,-0.503718061004739,9.47032703278882,2.922497714685868,1.7929101182089064,-0.24908933832508096,0.06429860914098345,0.5082118612700738,-0.4662416118595629,0.5673153064894457,-0.24465169757080998
53760,4.692,0.5328734468831949,-0.34941623019998075,-0.5836406726877028,-0.503306817820207,10.129542620222342,2.8074449426478165,1.9335482613433042,-0.26899965510634477,0.04984755891653257,0.5256933690278838,-0.46775215544157395,0.5768966273675263,-0.2384056011817406
53761,4.700,0.5332065008889356,-0.351359533826459,-0.5824207954785845,-0.5030142367698199,10.591632594453854,2.626730925473664,1.9433687985698045,-0.31313068384320825,-0.059577257477250775,0.4438483428966661,-0.46310310319237197,0.5739531644543724,-0.23980861653681082
53762,4.708,0.532772296567117,-0.3533407449452572,-0.5816931671889691,-0.5029284812155673,10.788914853177385,2.602619572377025,1.9392771827048265,-0.35337914112749036,-0.21563086470816734,0.2891240881631961,-0.46065963868484905,0.5788334389741986,-0.24008124970442027
53763,4.717,0.5315421811484818,-0.35502067451825103,-0.5815217088649881,-0.5032452011130016,10.427297660417116,2.561784236017471,1.7067739557774377,-0.37301110827793227,-0.32521654367758035,0.049758065662152115,-0.46168396977628456,0.5845110038182748,-0.23355037528361888
53764,4.725,0.5296921612773399,-0.356079685701458,-0.5819340774008814,-0.5039704369024802,9.641957503566209,2.874184968873101,1.5048913669079242,-0.3351728685136232,-0.3738013481955174,-0.2126928227512494,-0.46172402751106606,0.5730879056140656,-0.22807072828997008
53765,4.733,0.5274445728566117,-0.3567607154554027,-0.5826921009154372,-0.5049692366893354,8.926685694971319,3.401407451291087,1.294705567119388,-0.31855018029301324,-0.4029061724106059,-0.37984796589909053,-0.4690403021480528,0.5818673003493333,-0.22918420382256957
53766,4.742,0.5252296865019694,-0.35714862024482974,-0.5834714375643758,-0.5061024807495204,8.454939526612856,3.5909162762623317,0.9971665606817601,-0.29542646573078696,-0.35316063463241865,-0.4338705191236945,-0.46812107650549617,0.5790119179888786,-0.22133731174941526
53767,4.750,0.5234600488213073,-0.357228721961332,-0.5841427369271306,-0.5071040133830038,8.042505467883315,3.4039367291241103,0.7351303719282527,-0.2127148178615507,-0.2518762441520213,-0.3978387356316342,-0.47445821133453275,0.573871288482626,-0.22279977742904097
53768,4.758,0.5221819218525201,-0.3572481240861239,-0.5846224405066657,-0.5078547236989972,7.822964034078334,3.031401715592382,0.635066661624888,-0.15053796867795072,-0.17352436302831292,-0.2971244050963822,-0.47805791410109777,0.571592995064673,-0.23134999556925345
53769,4.767,0.5212720162324299,-0.3573117542854853,-0.584892887950497,-0.5084329896528489,7.78035476352719,2.446511653610026,0.4736429822844865,-0.12501292553091106,-0.11715230676376294,-0.20695125808495413,-0.4793853730017354,0.575882273186308,-0.2167509364998045
53770,4.775,0.5206272358843302,-0.3573599905989531,-0.5850528210788172,-0.5088755397170078,7.792550127409945,2.131668158929031,0.5103521604705747,-0.09451679348944961,-0.07592682934489256,-0.14931079345806492,-0.4810548809114868,0.5782725753966678,-0.22215731595608107
53771,4.783,0.5201342826060235,-0.35760525637836105,-0.5850887534200147,-0.5091659447467964,7.970071171208966,2.025973369854568,0.44266462367749443,-0.0991895057866564,-0.07742532732988018,-0.07413770453214544,-0.48029399266478323,0.5772589703623412,-0.22604866008019825
53772,4.792,0.5198489606959595,-0.35799344182609494,-0.5850729374343356,-0.5092027214722984,8.010223582091065,1.9613899372491854,0.2681193302992684,-0.0694750360501489,-0.08133581138055879,0.007863677545761134,-0.47818968699569403,0.57591472391625,-0.21332428968105524
53773,4.800,0.5198135463041376,-0.35832986601473293,-0.5850121517476686,-0.5090720641600194,7.9056293123785055,2.12277972332856,0.35195612750854177,-0.0230444706028293,-0.04960687709583605,0.05519166338959245,-0.4832697136279448,0.5814694395684035,-0.21976227917620333
53774,4.808,0.5199805917433955,-0.358746030253464,-0.5848134838980155,-0.5088365739986026,8.037568444669542,2.368631839181188,0.4184656476210767,-0.017399652558946425,-0.022857265552112975,0.11694005631997208,-0.47304811956396337,0.5827318100427484,-0.21530469575162417
53775,4.817,0.5203059083761191,-0.35931304673966613,-0.5843966720983655,-0.5085827619885638,8.387138105048923,2.0968174256260763,0.25499356805716594,-0.046086322027719714,0.005552346654765459,0.17843118235804073,-0.4798732684350369,0.5812531248583267,-0.21680549851707662
53776,4.825,0.5208342732527189,-0.35992352795957255,-0.5839159676376692,-0.5081622344923044,8.514165282397036,1.796795900892531,0.11509461866307116,-0.018132050925434125,0.022225767449477303,0.2361599115006183,-0.48473988900495846,0.5812322636747927,-0.21903830015994624
53777,4.833,0.5215198077748046,-0.3605074527861075,-0.583421390496151,-0.5076129900778167,8.408779743871841,1.600385142453467,0.11603174966521486,0.01545662343731233,0.03742636273683191,0.2682568840378897,-0.46889608911410624,0.5822412328905561,-0.2155138434629949
53778,4.842,0.5222453941501544,-0.36093765382819437,-0.5829792181838068,-0.507069018481455,8.312759294138244,1.5523456721004,0.05718271640413908,0.04354073945975464,0.05623770650164568,0.24692808124009702,-0.47012029494964175,0.58273412795203,-0.21503915639954838
53779,4.850,0.5230096806143054,-0.36108806946535654,-0.5825412513051568,-0.5066773831555215,8.25960056519775,1.8830266135642493,0.34621170491791853,0.06085921614757412,0.1086014366414205,0.19278015700417372,-0.47037275904455356,0.5912902542493765,-0.213901450251789
53780,4.858,0.5238286030932855,-0.3611053586172844,-0.5820056497638171,-0.5064345349620396,8.758080248867854,2.2521079973503815,0.5674277594164532,0.049373102931432676,0.15806513204788206,0.17176880643409692,-0.4683887154968286,0.5746477176233418,-0.21812377490369375
53781,4.867,0.5245626043995787,-0.36124985573248003,-0.5814971638580315,-0.5061557707108159,9.697970863151617,2.4594548204060036,0.5342909959451563,0.03449149826584312,0.12386013627824365,0.1806159683964842,-0.4651769193192849,0.5828994486579123,-0.22330596584193205
53782,4.875,0.5251142345411614,-0.36118016692113797,-0.5811902850322471,-0.5059859487072791,10.212006361987129,2.307898488706215,0.6481135963730595,0.05423528826021856,0.10955290592272035,0.09763935933606051,-0.4694469880162481,0.5798810635008567,-0.2069499259156315
53783,4.883,0.5252743196258027,-0.3608247842195963,-0.5811159135466251,-0.5061587293106808,10.277295482111143,2.1242483343193195,0.8034826311748411,0.0357317287806321,0.09119138249738255,-0.053623170414038294,-0.4652103863123271,0.5892908590921022,-0.21872789100045262
53785,4.900,0.5246300314424834,-0.3598632805980116,-0.58136748662407,-0.5072214456056723,10.2822140322399,1.6549291749983395,0.7465764813033255,-0.017016811877606758,0.046565501880801,-0.1917914578416944,-0.47326181367607867,0.5841571833136944,-0.2194704801989639
53786,4.908,0.5244001716695831,-0.359401314626143,-0.5814016651084027,-0.5077472390935174,10.131207836121934,1.7306754097510726,0.7208777852385718,-0.021467839610539538,0.06750542714442015,-0.17005189432625017,-0.4683414346120957,0.5872821922977016,-0.22459150352831284
53787,4.917,0.5244482570337258,-0.35914644831391157,-0.5812465310234171,-0.5080554345059548,10.098565632076468,2.0497912227675457,0.5583564393856125,-0.015641359743606437,0.0855860896057002,-0.06247030938790085,-0.470289085828058,0.5882517570556784,-0.2253474217157245
53788,4.925,0.5248540294364185,-0.35919906688834685,-0.5809405381794492,-0.5079491797716269,10.083822057827488,2.3381242938045697,0.4631041137478951,0.017117800550416964,0.07948521931044697,0.08820644525458904,-0.4620459726841466,0.5834433377235805,-0.21742844622997579
53789,4.933,0.5256164361301969,-0.3593480286807823,-0.5806045197330176,-0.5074394032972003,9.943735709936428,2.5594205115504907,0.41834946904645504,0.08903016843572795,0.08574916966124846,0.19878912037236593,-0.46348555557452337,0.5868287016940144,-0.22088932759940913
53790,4.942,0.5264100186807967,-0.3595495097403347,-0.5803428984206797,-0.5067728904851303,10.003272339252984,2.853160386936861,0.6807523288819013,0.11627517257096517,0.06029891220750775,0.22218175338683577,-0.4605236539793774,0.5892282755415001,-0.22528530559338894
53791,4.950,0.526933664575433,-0.3597357370148936,-0.5802641493182854,-0.5061863586342322,10.300676293644303,2.8441707830384315,0.6532952005568654,0.10546408507457163,0.009200430965786969,0.16156950132952544,-0.46543533027994355,0.5829179919321648,-0.2213547657412781
53792,4.958,0.5271542226642325,-0.35947592495439523,-0.5804365284940868,-0.5059435949739703,10.43309637341774,2.5590084633443393,0.5774956894477691,0.11722014463026531,0.02038126868845459,-0.00297171321188473,-0.46152714588210686,0.5865776183447142,-0.22160510154538093
53793,4.967,0.5270961592829785,-0.3586780888007195,-0.5809820222548601,-0.5059442235069499,10.090688610373629,2.397360983690679,0.592249546445896,0.17131308137029494,0.02260250254555499,-0.17466694450069112,-0.46641213779285057,0.5790119179888785,-0.221324818934862
53794,4.975,0.526742254161089,-0.3577884166737358,-0.5815842966744009,-0.5062506814189376,9.94293525144383,2.3341787792895836,1.0083771693567936,0.12112247411264276,0.012272309632259736,-0.2670818034493205,-0.47081675094635494,0.5863497140882296,-0.21996174014428652
53795,4.983,0.5262749706222303,-0.357053455685809,-0.581903313363299,-0.5068885666260456,10.104505136832756,1.806839481888062,0.8612113964414441,0.011002497651789636,0.04224918804750254,-0.2753764448964946,-0.46245588760512335,0.580900053500638,-0.22815025346852888
53797,5.000,0.5260898641759596,-0.3565366411064547,-0.5820707014350719,-0.5072521827362907,9.976301382695496,1.3649507304690316,0.510794485559297,0.019425161952779508,0.025281839155233035,-0.08587863097168581,-0.4629475216941887,0.583834244776666,-0.22769339081519577
53798,5.008,0.526320183841534,-0.3567075972257311,-0.5820605935925254,-0.5069045467828995,9.349084784948396,1.3968350206845674,0.5058243068129009,0.05670191690318693,-0.01713494548939716,0.08719098775271109,-0.46953779838233967,0.5774845567095442,-0.2279254364530886
53799,5.017,0.5264491581505883,-0.3569759894509588,-0.5820228210750352,-0.5066249723275631,9.017571643555959,1.589514177135851,0.5745851867640226,0.022714700476789734,-0.033473820858801254,0.08297207176789452,-0.47197743951357346,0.5762615906929855,-0.22817581719283106
53800,5.025,0.5264213495588933,-0.35719415902791213,-0.5820169597110809,-0.5065068154463539,8.979430145711794,1.7827855507301018,0.523286292021505,-0.003306219796024221,-0.03927781327504114,0.03318873098068361,-0.4742168500745011,0.5853500165095925,-0.22241868536955475
53801,5.033,0.5264275884079582,-0.35726818231072716,-0.582023973042975,-0.5064400604954559,8.963683664037292,1.9214389075317002,0.45085319964879994,0.011943856067770755,-0.01372206727108388,0.01043183403460142,-0.4697797242741629,0.5835854793366474,-0.22822929042317128
53802,5.042,0.5264555881218337,-0.35702901179495794,-0.5821521405376838,-0.5064323091385495,8.74940200931364,1.900499678923055,0.4426139696560906,0.059540844232976446,0.017454008298687484,-0.04934812449187562,-0.4658842693452928,0.5838435164137923,-0.22673831467449201
53803,5.050,0.5263984507224205,-0.3563262255039219,-0.5824672007243662,-0.506624369898927,8.539474936122232,1.9879038782908336,0.5280392390492503,0.1046600663798576,0.0567672974399817,-0.16491910507892635,-0.47369676393236193,0.5809139609563274,-0.22676761051568628
53804,5.058,0.5261557635146854,-0.3556432412116753,-0.5828637582566639,-0.5069002237242064,8.960168956702189,2.4387198597890385,0.811626383068596,0.08430917606774611,0.025406164512892113,-0.2031812098373434,-0.4700014717973779,0.5718371246861284,-0.23129341871942313
53805,5.067,0.5258746267903885,-0.35522161554431503,-0.5831889728804626,-0.5071135007656451,9.638668462896717,2.407359004530376,0.5116392602571406,0.048338813916260756,-0.008297608849621435,-0.1565982833160895,-0.46635662857964294,0.5816254886371597,-0.22891813131093777
53806,5.075,0.5258265228204674,-0.35484460854795186,-0.5835908079708728,-0.5069650289072132,9.680520766574926,2.1074385549798973,0.3461062800004794,0.12315015009683197,-0.02258381853792601,-0.08420075077291808,-0.47119609032480014,0.5871848401078762,-0.23486608992118074
53807,5.083,0.5258281539423607,-0.35437306035720306,-0.5841842162447827,-0.5066096012760795,9.270953477337219,2.1128625892175363,0.42269947714101797,0.19154827447863695,-0.045667441259903956,-0.08165123239552734,-0.4612620200946488,0.5804465628969506,-0.22447484785652502
53808,5.092,0.5257355306880768,-0.35373756415956853,-0.5848841278276471,-0.5063422207261354,9.053067912136951,2.4071155928659587,0.7378186883553411,0.2045126870387294,-0.04458038802704149,-0.13703258823740178,-0.4673300871512027,0.5745410937963901,-0.22934629868609208
53809,5.100,0.525423127026141,-0.35298345807983866,-0.5855872090547188,-0.5063801304352055,9.276606139962746,2.4999627318938513,0.6489387689679138,0.15766592967163967,-0.034524038962936876,-0.2180705839744185,-0.4766054153565986,0.5742946462656531,-0.22965592207344493
53810,5.108,0.5249675170820196,-0.3520145141288936,-0.5862825322262977,-0.5067224884072734,9.48219684432172,2.3118885857734277,0.4730753516414623,0.12835291924088574,-0.0011872567406541802,-0.30340696790031135,-0.4753202787093656,0.5773848866104372,-0.23846556219803228
53811,5.117,0.5246441659466404,-0.3509585570985862,-0.5869971828472523,-0.5069624223419542,9.317214042800984,2.1678229144799506,0.42379709128321524,0.16728059716547677,0.01699770863114416,-0.28787569213909353,-0.47170704462457125,0.5689029334101006,-0.2317663435628962
53812,5.125,0.5246856610877589,-0.3499333302981944,-0.5875641142766571,-0.5069714321434731,9.214150998810648,2.3616313859401736,0.5708419373733401,0.20942684712497805,0.06274942121079968,-0.19802953816919497,-0.4689820709253853,0.5722697541062818,-0.23714987002829024
53813,5.133,0.5251846410782203,-0.349129351230418,-0.5878240402917607,-0.5067076933894327,9.404802795134216,2.569333264628547,0.7848304505359833,0.22210259920579753,0.11489971112790762,-0.05009801554546892,-0.47973673476204837,0.5683799055279664,-0.23548244904371574
53814,5.142,0.5258893038487382,-0.3487758612755186,-0.5878364807003251,-0.5062056011610963,9.978732850229312,2.3807361769600797,0.7684538894482281,0.18718138947389004,0.0988070461909787,0.08891623838197256,-0.475313529994356,0.5717606336798369,-0.2393887441032211
53815,5.150,0.5265970960940037,-0.3486683376334345,-0.5878463277459135,-0.5055319808607012,10.132734831131753,1.8792771568229043,0.6540407915827383,0.1806230890944432,0.05501993142358629,0.1459455824186354,-0.4730684775615728,0.5668154577001271,-0.24591764862710389
53816,5.158,0.5271950228296937,-0.34869812701426467,-0.5879136210552206,-0.5048094673221589,9.904339074069746,1.7347090952516167,0.7991004396897967,0.16807473712424245,0.01118519129519526,0.15253679989220548,-0.4682049009391072,0.5744089729673414,-0.24326845405495195
53817,5.167,0.5277057174006643,-0.3487991526192119,-0.5879180988200738,-0.504200491902339,9.67363616194872,1.8593993699312814,0.9006944543762602,0.12798443168254728,0.00803829609083443,0.1436732427959257,-0.47193350209386326,0.5664384581027309,-0.2341861807627552
53818,5.175,0.5281924537003997,-0.3489295651278917,-0.5878160440100799,-0.503719355234591,9.692196763475605,1.9672650974238513,0.8391843921007137,0.09139875790455133,0.025042339803440918,0.13744223671038086,-0.46699520917989484,0.5705168064797445,-0.2417577064670605
53819,5.183,0.5286166956378636,-0.3488985461205895,-0.5877120602530645,-0.5034170515993117,9.636631653184907,1.8776041522607203,0.7945003439072856,0.08066693040300571,0.05176925232343371,0.08556718052546529,-0.4756253266787647,0.5740458808256348,-0.23013471167203411
53820,5.192,0.5288485708293763,-0.34866474541451065,-0.5876733204828131,-0.5033807235378269,9.564145391546012,1.8115210308171306,0.6839579017220072,0.060121239857314386,0.06363284007131131,-0.005932156043024866,-0.47676574068906896,0.5732091860435984,-0.24112222100396843
53821,5.200,0.5288807321473471,-0.34847024295598095,-0.5878153174415139,-0.5033158188638802,9.623583040035262,1.9103164009798101,0.6088354099808906,0.0639328058722413,0.006034472754493662,-0.03588670169709298,-0.46772567438101226,0.5727116551635613,-0.2420280442551404
53822,5.208,0.5288475042592685,-0.3481707514532681,-0.588038775816803,-0.5032969731749696,9.614217634709844,2.1139061606462715,0.7510793005112655,0.07500025638952991,0.002951408175559452,-0.07216147232104717,-0.47235031822679524,0.5673222602172902,-0.24396394546997538
53823,5.217,0.5288047714463447,-0.347693672826259,-0.5882476196549776,-0.5034276130114625,9.639299089576737,2.1298213316882717,0.7599913976641857,0.07343634967867568,0.03821200846130751,-0.11498855568092903,-0.47213572607711146,0.5788357568834803,-0.23992100693215054
53824,5.225,0.5286171335820851,-0.347090628292717,-0.5884942884749272,-0.5037524136589488,9.794346333406159,1.976872723069303,0.8219856042405334,0.05417204514809428,0.0445458570872294,-0.1786995499701368,-0.47580191680670453,0.5700517263296491,-0.2393760885473624
53825,5.233,0.5281419866000029,-0.3467351260626617,-0.5887825181155546,-0.504158646366419,10.161000824675781,1.8259858200164094,0.9218687373238896,-0.007900384522202696,-0.023924017614413776,-0.19166963816026478,-0.47212015598994966,0.5717351366777398,-0.24205089724602288
53826,5.242,0.5274773852293259,-0.34661435233378857,-0.5891493147531806,-0.5045088539894216,10.378687633742176,1.6030752330394245,0.7534214066122606,-0.03574645587101504,-0.09430428872941464,-0.1822476118793497,-0.47063038382022443,0.5714585563263426,-0.24545559465169625
53827,5.250,0.5268776677872861,-0.3465884250284015,-0.5895627302742474,-0.5046703616173012,10.098581771627808,1.8823446534821555,0.7645203835287352,-0.009898249365868757,-0.1181175017697037,-0.1404594569870133,-0.4784982012353456,0.5686008560566062,-0.2379170744376575
53828,5.258,0.5263777009538677,-0.3467850494659735,-0.5899445274110904,-0.5046108401363456,9.68975122017829,2.3942790973953234,0.7519756371712637,-0.0015755569476069893,-0.14657642929207962,-0.06774719532404772,-0.4765007843426617,0.5646368343812809,-0.24396878884161913
53829,5.267,0.5260520887833263,-0.34702107511360725,-0.5902529959436225,-0.504427372466319,9.442964726931848,2.75190538812529,0.67557851631714,0.016800007276113856,-0.12764573996144815,-0.018129695932008624,-0.47749984288131975,0.574432152060157,-0.24089504120553917
53830,5.275,0.5259534060717632,-0.34731053376439364,-0.590415597969407,-0.5041406841866971,9.216061058381078,2.7691632444676837,0.5600784716073246,0.026534916367292598,-0.09328764135571949,0.04134015947108477,-0.47043625261261063,0.5710351985433154,-0.23861372750963894
53831,5.283,0.5261368964970985,-0.3474889975713604,-0.5904262722724394,-0.503813635902924,9.242522722456108,2.5597449368704392,0.5715453670917503,0.051488714663410734,-0.023838709297423714,0.07900332629908877,-0.48116259994904026,0.5636904487161196,-0.24081982623906814
53832,5.292,0.5265868688353718,-0.3475372263814877,-0.5903356958521595,-0.5034162413470278,9.35963824128075,2.223434481303028,0.6225377066357504,0.0882871110154488,0.03573261764288645,0.10953464440203754,-0.4831382626713448,0.572509247909174,-0.23774394596476414
53834,5.308,0.5273391702785636,-0.3479641700760646,-0.5902135445995241,-0.5024761761561021,9.696368203956775,1.7578438818629716,0.7046134945342234,0.07507971952964712,-0.004118305370201255,0.13132792599116974,-0.47553745731566865,0.5800355438072231,-0.2421546896850069
53835,5.317,0.5274334196353583,-0.348010384889532,-0.5903334568730313,-0.5022043105720315,9.542730363747268,1.4026866060453824,0.7126789899914032,0.06604269179014392,-0.030223541859281406,0.03173436891366424,-0.47088558139237646,0.5663457417314687,-0.24394396595381806
53836,5.325,0.5272965531183338,-0.34789763805700846,-0.5905626680911508,-0.5021566623683696,9.161164098967719,1.556194121544708,0.7625709655341052,0.047329409667484244,-0.03716649996716925,-0.05456818912561933,-0.4730947383487685,0.5741741149830122,-0.24232533756924543
53837,5.333,0.5269367664798268,-0.34776834322606826,-0.5907968478588758,-0.5023483931910177,9.148351089852348,1.8321579991197494,0.7425593254525874,-0.002739512678335602,-0.04752152571266171,-0.11542193711783659,-0.48188186612697176,0.5729511489664538,-0.24262212019161428
53838,5.342,0.5264286851663632,-0.34762495607693344,-0.591079852570574,-0.502647328881467,9.33719553097243,1.9019397053050688,0.5820094610948147,-0.02313853427675676,-0.0630428519838232,-0.1517353922406995,-0.4774769140913661,0.5704959452962104,-0.24403155592917652
53839,5.350,0.5259122795698364,-0.3472996351065033,-0.5914367208372412,-0.50299288553402,9.281327802231635,1.886993454344586,0.4692378357727861,0.0013898890881896238,-0.048055319816795984,-0.19191089729269906,-0.46944939827566196,0.565406309794152,-0.2400180168607663
53840,5.358,0.5254452958061537,-0.34680859256801494,-0.591806308855432,-0.503384876645183,9.070609525231935,2.0073154466162086,0.5175664142068329,0.020966704470838208,-0.01783043150861699,-0.21497728518441772,-0.48261984252782664,0.5697844176153783,-0.24186497294378514
53841,5.367,0.525136280566219,-0.3464753288147786,-0.5919760628443024,-0.5037371083959644,9.058154397288632,2.034470920302723,0.6366790659040547,-0.0035804053559903353,0.006137824570312416,-0.15275828220571805,-0.4798843984019725,0.5697195161554947,-0.24868078813762398
53842,5.375,0.5251226289944799,-0.34638268900988883,-0.5919278878895673,-0.5038716431898117,9.396081604021077,1.901158898933228,0.508164911832924,-0.00415453078610922,0.02797300537154413,-0.03575090930781839,-0.47771210821228494,0.5707284853712581,-0.2452562739570987
53843,5.383,0.5254058402765703,-0.34634015898841836,-0.5917846023380668,-0.5037739390944361,9.47089882307454,1.7943935564904687,0.4786707831455228,0.03652138986728041,0.05528771366674343,0.043009150581159464,-0.47846033476644223,0.5741671612551674,-0.24309696999636626
53844,5.392,0.5257071137994151,-0.3463363472965381,-0.5916420563189054,-0.5036296677487518,9.358588111581062,1.8753491528453652,0.6575086925386804,0.039705824519350445,0.04979929003965802,0.05782963987722691,-0.47753235552815365,0.5688588931337509,-0.2364475149424981
53845,5.400,0.5258917547899772,-0.34650460011251366,-0.5914141969661358,-0.503588792539793,9.496267385838742,1.9776443756259838,0.7312536985979206,-0.016409057668593695,0.031043617740479753,0.060928839624362414,-0.47337097843888737,0.5744599669715356,-0.23793522433038183
53846,5.408,0.5260129993388065,-0.34668803210897314,-0.5911709418807124,-0.5036215348799857,9.690364762325448,1.9129346057801027,0.5840781285821159,-0.036254342394484246,0.029113521351580452,0.04904948528295215,-0.4774534430900503,0.5743718864188364,-0.2472422417679927
53847,5.417,0.5261117778704004,-0.34683509128741796,-0.5909941295877332,-0.503624617577947,9.57443831816514,2.0639521485853694,0.6030613065035828,-0.021104668913516523,0.018809734683757025,0.03756981014600681,-0.47602665744506023,0.5666084146271767,-0.24203077745637994
53848,5.425,0.5261427904903415,-0.3470462679177881,-0.5908556811316862,-0.5036091897630371,9.568832003273924,2.31391838337058,0.6831807229279865,-0.02783751514060332,-0.004186646861615128,0.03905828457721025,-0.47189023097057503,0.5727301984378137,-0.24010539915917967
53849,5.433,0.5261408237687588,-0.3473264719301759,-0.5906963039431439,-0.5036050356860802,9.694103766398266,2.4881305289344136,0.6233000696180752,-0.04311941126433064,-0.014452426311390855,0.043584914904083866,-0.4787352138518312,0.5683474547980245,-0.2388930336723251
53850,5.442,0.5262126281342346,-0.3475682851421581,-0.5905186919657287,-0.5035714761525778,9.752081059022101,2.367846763479367,0.5547873997258819,-0.030358601952612745,0.0011839860826243938,0.053957696557673435,-0.4716067677305049,0.5736557229194411,-0.2454835940290136
53851,5.450,0.5263385366450143,-0.3478644682292574,-0.5903362375642343,-0.5034492856330868,9.736652201971461,2.205493005922174,0.5566438428685914,-0.020286879827608368,-0.0055219720350603045,0.0780985447698556,-0.4785069209428674,0.5715420010604788,-0.23672427311307
53852,5.458,0.5264521411343333,-0.3482025272095778,-0.5901653201313177,-0.5032971667456902,9.737399582806743,2.024359307676401,0.6254037589511414,-0.021176941913602643,-0.01557280490494273,0.08683923810561765,-0.47168381084072636,0.5693610598323511,-0.2349445795388216
53853,5.467,0.5265481945878965,-0.34844696921157214,-0.5900140781580054,-0.5032048250949664,9.675879634109599,2.003273957383475,0.6358874370662179,-0.016821670384302694,-0.004773275924080443,0.060727947548689855,-0.4728722736968163,0.5705399855725599,-0.23935930798854121
53854,5.475,0.5265106780464445,-0.3485697784804665,-0.589925640535863,-0.5032627088027729,9.608024771980439,2.040535170134617,0.6117870640917722,-0.026992774513037287,-0.0030600966375650233,0.0048266365067082175,-0.4775122673563952,0.5754248959109494,-0.23919545090504518
53855,5.483,0.5263798935413072,-0.34866615926147465,-0.5898720633180013,-0.5033955363114159,9.563384522488432,2.221709191413467,0.681732092136779,-0.03778729379781856,-0.011748276856369345,-0.02424722343421796,-0.4711293427238715,0.5717165934034873,-0.24399674328329685
53856,5.492,0.5262703830477448,-0.3488247189439768,-0.5898122937658107,-0.503470215110238,9.507337814605787,2.3151941811464547,0.5662978514327819,-0.0365062092898342,-0.01971500990618746,-0.0034189124670478545,-0.46483682307874796,0.5769151706417789,-0.23643120013977348
53857,5.500,0.5263070374397527,-0.34901163454219736,-0.5897227199637753,-0.5034072852612501,9.372210887198321,2.4325228484710104,0.5777662037194968,-0.01138840101549995,-0.011426641804896782,0.036356230325520926,-0.47166586310253084,0.5708026584682678,-0.2373997176084767
53858,5.508,0.5264559519443568,-0.34921561213200447,-0.5895490959390423,-0.5033134712910925,9.232919765421869,2.454825209991199,0.5926956271311801,-0.010008960443578224,0.011000399041718715,0.06515438222887586,-0.4796646727035851,0.5780523740149198,-0.24534008687992545
53859,5.517,0.526739447442497,-0.349404296741014,-0.5892942342499515,-0.5031843572753967,9.296471438847316,2.277601128522163,0.5608393438076207,-0.0011661964459554256,0.03812387413677409,0.08916318705331043,-0.46751369709983326,0.5722651182877188,-0.23762740809864213
53860,5.525,0.5270687259592187,-0.34964417429637523,-0.5890166475387661,-0.5029979109484705,9.542400219336544,2.2216723689801223,0.6457218871692133,0.0014613852573065048,0.037104224890746045,0.1126061536903648,-0.47311936702555346,0.5793332877635172,-0.23895628898379886
53861,5.533,0.5274376123083119,-0.34998199560695237,-0.5887418623399994,-0.5026979086906085,9.80001103103168,2.041277479340707,0.7082104534726252,0.009299190435453986,0.019850504412319534,0.14361458324250476,-0.47314995951219024,0.575710747899473,-0.2347714285981084
53862,5.542,0.5277424371691348,-0.3502970854441446,-0.5885465740370984,-0.5023871038644544,9.907946590054122,2.035332629947448,0.7741472209871625,0.017520729487636638,0.0035623940296700247,0.12867724427936544,-0.4756090279950851,0.5774428343424762,-0.23236426942192795
53863,5.550,0.527756973253543,-0.3505806367097956,-0.5885588578733002,-0.5021596012875692,9.979801339760481,2.0141925143283164,0.7645492332739398,0.010155839038770844,-0.05315272084296803,0.059160627182198645,-0.46482125299158616,0.5698145504360385,-0.23856109045364582
53864,5.558,0.5275413601853041,-0.3507249007789011,-0.5887274318882701,-0.5020878092621962,9.833466522984713,2.0559412066877507,0.678316144702402,0.004410558759949594,-0.07393800166489121,-0.01971574430650537,-0.4755844670947204,0.5713071430761496,-0.2357240466179772
53865,5.567,0.5271992855173876,-0.35081322542870574,-0.5889622145262954,-0.5021100517561331,9.480878729139224,2.099710210851794,0.7402232072927303,-0.004460266678215004,-0.08607889879460662,-0.0620035551045759,-0.4785227451916052,0.5749806769443883,-0.2345596150889576
53866,5.575,0.5268616778044518,-0.35098667318387944,-0.5891726183537691,-0.5020963587704601,9.229067945032423,2.1805645577826827,0.648059081253498,-0.012869080318025194,-0.09489703705516567,-0.04124145676881715,-0.4762631956266039,0.5731906427693458,-0.24307163641682902
53867,5.583,0.5266233425057463,-0.3512780862812462,-0.5893104113070418,-0.5019808764801568,9.098078793943476,2.207478112081151,0.6281338430436227,-0.013142685514001353,-0.09590534248875755,0.004773608491368075,-0.4683400058309456,0.5821531523378569,-0.22478695183253267
53868,5.592,0.5264656631339537,-0.35158823842204234,-0.5894018334515797,-0.5018217760003326,9.045002793408646,2.190184126750537,0.60484142207918,-0.008258364317450376,-0.08379385783037298,0.02825544724164972,-0.4758586853600118,0.5750084918557669,-0.23161050634056018
53869,5.600,0.5263311234519514,-0.3518529938336937,-0.5894395805883382,-0.5017329967740991,8.943573327373702,2.101334179174079,0.6013019046993997,-0.016735527268527305,-0.06324617413102504,0.01892260149854708,-0.4753147893344555,0.5793309698542357,-0.2392164742724947
53871,5.617,0.5265011113710062,-0.3523557239108687,-0.589166753407637,-0.5015222430076737,8.958326866990745,2.259119912060551,0.6571867414748379,-0.015131513679420065,-0.009390782899110326,0.06236831356624166,-0.4741852862975509,0.5772520166344965,-0.22673641218103288
53872,5.625,0.527013181325929,-0.35282058425658813,-0.5887409178949412,-0.5011575337454144,9.066399097265887,2.300336549765357,0.6279769382515306,-0.0026828451252444764,0.03699882560355792,0.19933906422304262,-0.4743739620184649,0.5791331984184115,-0.23432455570285396
53873,5.633,0.5276396047617857,-0.3532905240851663,-0.588293577024576,-0.5006924408357739,9.099088956929842,2.3189223360767888,0.6079228997303961,0.017704237873055126,0.048114262042823375,0.23051385927259022,-0.4731817774507164,0.5801468034527378,-0.23041893407639022
53874,5.642,0.5282272012737772,-0.353653324184745,-0.5878952230469052,-0.5002844759196332,9.126105580420266,2.245083524400671,0.5907072141237407,0.02587365641870436,0.05333280985439623,0.19794528469457967,-0.4728750295944862,0.5822628432209819,-0.23898231846419765
53875,5.650,0.5286770707770796,-0.3537974438916197,-0.5876364729734931,-0.5000112990339282,9.04789948581196,2.2096300451180926,0.5692100723480157,0.038791129804799734,0.05573538456677123,0.12291547146652025,-0.46218003722942125,0.5749992202186407,-0.23248705621835775
53876,5.658,0.5289357869280185,-0.353709153582683,-0.5875357299980777,-0.499918527316488,8.946164678615085,2.1178437165110053,0.5741620390326243,0.04521967734706072,0.051665331731402024,0.02950727026884729,-0.45847067704117034,0.5886102133788221,-0.23893728591547433
53877,5.667,0.528971583191434,-0.35348374636141877,-0.5875910998471756,-0.49997500398983075,8.965757673243116,2.1547283448404446,0.5812251961459604,0.04048975255142465,0.031424434906843594,-0.0476426221184392,-0.47651108532827924,0.5705098527518997,-0.24255967858666783
53878,5.675,0.5287900219997307,-0.3531356554171677,-0.5878329223989427,-0.5001287602713234,8.990459455372472,2.0096965663427535,0.5358252276526899,0.046074681402459065,-0.0004181767140502623,-0.12077402791799072,-0.47511314692710405,0.5842691921061008,-0.23340209216634641
53879,5.683,0.5283952922571641,-0.35254491817639966,-0.5882245388171892,-0.5005021355816249,9.003580424685078,2.0050251474388667,0.6027617944231258,0.0447463463735068,0.0003641081678457717,-0.2199180779902386,-0.468733655956453,0.5825185623888451,-0.23773368112628093
53880,5.692,0.5278923851909714,-0.3518409387121925,-0.5886407518169651,-0.501038570175859,9.144893449819623,2.1006969142904928,0.6767995774107219,0.02982147988036365,0.008698886837909956,-0.27269634344162796,-0.47311073203855697,0.5751714946523678,-0.24013750107163964
53881,5.700,0.5274235344907248,-0.35118252946442313,-0.589009090170308,-0.5015611009249296,9.239262239519354,1.9828277991816488,0.5926062322943891,0.022940448705326993,0.013929255184593934,-0.2550357767579193,-0.46580278739467545,0.5749482262144464,-0.2378845347034875
53882,5.708,0.5271996078019732,-0.3506646101288069,-0.5892050457312322,-0.5019285993261541,9.196504623696178,1.9150940774202034,0.4929740454672817,0.027919483500449874,0.038396005657918876,-0.17254004447614454,-0.47063726808807466,0.5751297722852997,-0.24451386996771274
53883,5.717,0.5273600633719664,-0.3503776952412232,-0.5891447146193529,-0.5020312136449747,9.06641357926914,2.026283275429147,0.6043961795292693,0.03826019663146957,0.07498994654626068,-0.0370022993617689,-0.4741195438751459,0.5730160504263374,-0.23572956342266263
53884,5.725,0.5277697506060849,-0.3502381029261043,-0.5888309581419049,-0.5020661951750995,9.139374521379965,2.07850180541726,0.6326211340909833,0.020529316593147585,0.1168871919915281,0.04303152915803457,-0.4719224047353076,0.5720395319405158,-0.23570422984312536
53885,5.733,0.5281609922334511,-0.3500604562553188,-0.5884844019175527,-0.5021849778209571,9.263684411855948,2.0665183911639353,0.5595691611333716,0.007553172028286181,0.13142021963652642,0.029035300961508834,-0.4669932042991725,0.573688173649383,-0.2420319615811578
53886,5.742,0.5284712732008765,-0.3496601061096853,-0.5882276091458248,-0.5024382583317033,9.29360485032348,2.1285911724602657,0.5154222488409237,0.020676185937591227,0.1461574603902007,-0.03795512960138029,-0.47678761346818405,0.5666455011756816,-0.23813016194286546
53887,5.750,0.5286592546618398,-0.3490549146824448,-0.5880613230790988,-0.5028557837938027,9.24613332480247,2.2763624445232598,0.5358554432653058,0.0232391589146485,0.1577966809424221,-0.10873336768875251,-0.46921563293589325,0.5703028096789493,-0.2385978505286243
53888,5.758,0.5288645389554231,-0.34832128924327693,-0.5878969951880629,-0.5033405427185622,9.308166668321379,2.378470688983928,0.6582324178644294,0.03188588110594897,0.18016510373560474,-0.13447511966253106,-0.4735923870800009,0.5675942047501245,-0.24104570957362045
53889,5.767,0.5291013903576697,-0.34749121769980307,-0.5877343412469169,-0.5038550550129893,9.541753337480493,2.3581727840714066,0.6602192283093614,0.0423346933599603,0.1998668497562273,-0.14692029158245082,-0.46840088453049794,0.5738581301738286,-0.24985692670905607
53890,5.775,0.5293406988208991,-0.34667713528193167,-0.587566442532267,-0.5043600539837512,9.956075741093908,2.2767282140646747,0.7581335114877293,0.0415982073699174,0.19687396225091353,-0.1438646161059357,-0.47037892490383615,0.5741347105252258,-0.2464557986789693
53891,5.783,0.5295062815542374,-0.3460584780821091,-0.5874429540299242,-0.5047547952250635,10.400835595807385,2.2177078546653086,0.74063201274579,0.03142196996072524,0.1489716777830338,-0.11417728351267528,-0.4767162291739233,0.5665527848044193,-0.24789508588510165
53892,5.792,0.5296607701219448,-0.3456100585063336,-0.5873808736009938,-0.5049721431730777,10.407880072347606,2.038544639029393,0.7011336430949058,0.04195474803187269,0.1026134345123544,-0.07573645477736944,-0.47626504801038066,0.5722164421928061,-0.24281824192887577
53893,5.800,0.52981206375843,-0.3452175880812876,-0.5873833034149282,-0.5050790520747607,10.161198840897256,2.1033183201415073,0.7151130616865181,0.057736123839221325,0.07912619229714778,-0.0587403384447911,-0.46549260587657265,0.5751065931924841,-0.246917622509612
53894,5.808,0.5299455045446693,-0.3448764111579346,-0.5873959530708782,-0.5051574185891706,9.984633389828337,2.340307289127383,0.7423972509592643,0.05543232345534602,0.06542177634371676,-0.05229047410955412,-0.47089430109989827,0.5692868867353413,-0.24275116462923058
53895,5.817,0.530083696538223,-0.3445300208077852,-0.587379203492401,-0.5052682562077233,9.872898914343207,2.393439176821309,0.6453051645894385,0.04795577703224295,0.07439872113721924,-0.05271933737852153,-0.45746692550054024,0.5692868867353413,-0.24265300680059784
53896,5.825,0.5303651687397881,-0.3441516836382573,-0.5872927399479352,-0.5053312221118114,9.814817187616654,2.462029273618679,0.5668907871879032,0.06277657084462299,0.10194228749312625,-0.029086167109091968,-0.4720650026029483,0.5692219852754578,-0.24959553482776256
53897,5.833,0.5308559028407019,-0.3439102805431562,-0.5871149416760985,-0.505186870985958,9.913943361327945,2.5227000613165362,0.6050945717046063,0.0809153805647721,0.10979160153476923,0.05072196139422797,-0.46748913619946864,0.566129427021392,-0.24098718529469135
53898,5.842,0.5315163230008859,-0.34376671624136507,-0.586808654782902,-0.5049459831111919,10.032383441087902,2.4402156555996832,0.7194677314999635,0.08125419267074338,0.12851501221307748,0.10702544765055327,-0.46868086327638026,0.5717073217663611,-0.24495538879958723
53899,5.850,0.5322310655034699,-0.3437341868324808,-0.5864308515033357,-0.5046540974972141,10.26006691553482,2.374271766611886,0.7784399674309339,0.06998516147008974,0.12847711472286405,0.14287675950321704,-0.46867907866902375,0.5717050038570795,-0.24519951189814312
53900,5.858,0.5328807444241402,-0.34390656766759825,-0.5860874619644657,-0.5042498109718206,10.553013401332702,2.26812724674629,0.6741227869754326,0.05901665568365014,0.07934784362159253,0.17382453797617667,-0.47232491012117733,0.5733930500237333,-0.2474396150334915
53901,5.867,0.5334096147292874,-0.344178786207566,-0.58586318439378,-0.5037652977439199,10.582988226346497,2.3005848183707176,0.7466700986784262,0.06162776041412109,0.029599599518628127,0.17433152410148028,-0.46594050587518837,0.5652880964207927,-0.25244330925801095
53902,5.875,0.5336454124538323,-0.3445526436151178,-0.5857917935799103,-0.503342849476622,10.602751586629738,2.257814760324793,0.7217214110478947,0.03418341104349581,-0.03912301569431113,0.13100915735492127,-0.4642381972688169,0.5726212567015806,-0.2515238594697142
53903,5.883,0.533593373785776,-0.34485322506307853,-0.5859578584270498,-0.502998760200354,10.502212665231506,2.2310526613423503,0.556631258627974,0.03656612181601234,-0.09278044493193903,0.05688285851333384,-0.46985181894100636,0.5679804759846466,-0.2517649912878791
53904,5.892,0.5332418519192302,-0.3448776885830618,-0.5863976161663642,-0.502842264565898,10.066100298204884,2.181515583770057,0.5539999236323029,0.05323125820614169,-0.12106717466435274,-0.06638712397393924,-0.45986117201902815,0.5792359355736918,-0.24911308598230744
53905,5.900,0.532707397318058,-0.34464758685713615,-0.5869901033318623,-0.5028752214084761,9.630363932129029,2.1672627602027723,0.5192310020190869,0.061422011637822974,-0.11791802634931825,-0.16000319670237564,-0.4689323221927687,0.569031167567478,-0.24395518477231423
53906,5.908,0.5323280723971632,-0.3443398510206308,-0.5874317547338449,-0.5029719911360145,9.396772834912515,2.104460194426654,0.40484800231835805,0.05741511467236959,-0.06328948658370799,-0.14863623176447022,-0.4687022277323433,0.572467525542106,-0.24203286515896438
53907,5.917,0.5322751878522325,-0.34425303459833767,-0.5876507187110244,-0.5028315874774814,9.363881323572413,2.0108813443514304,0.39476129600335186,0.06325456231764565,-0.03517753558408502,-0.02786196573344926,-0.46689867094159215,0.5728329355930943,-0.2549635322625728
53908,5.925,0.5325096549594498,-0.34449565348522526,-0.5876957722641788,-0.5023643014462379,9.461557642649751,1.8165710570822498,0.3725447612664073,0.07132664869667879,-0.041467553275258924,0.10800232010664694,-0.4728450640397368,0.5768525870911768,-0.24308141849796258
53909,5.933,0.5330203893243971,-0.34492369112909893,-0.5876052858879225,-0.5016342690236778,9.491035824309863,1.6653367598204087,0.41671403890059855,0.09165372277373564,-0.029279079000104333,0.21351759343909096,-0.47153947791821427,0.5659996241016247,-0.2546884185063085
53910,5.942,0.5336304342658914,-0.34551612066196463,-0.5874280803512015,-0.5007848044847271,9.45981470954471,1.6269577717349524,0.3402606857789151,0.08590409143565918,-0.03528102713298561,0.26971858189895276,-0.4635237596456981,0.5709355284442085,-0.24906104948932983
53911,5.950,0.5343265727130778,-0.3461992876523653,-0.5871745455121284,-0.49986720238911136,9.25813527762408,1.590593180220442,0.3913580202540238,0.08189884627448935,-0.02941127016172428,0.309387163652516,-0.4617750512480571,0.578208423083676,-0.25448880026348664
53912,5.958,0.5350289556406872,-0.34704473316872725,-0.5868392340544794,-0.4989225222218723,9.218607617378797,1.7476081820969518,0.45451994377081734,0.05615071250660988,-0.04088595089039548,0.34174591317159786,-0.46231546277942565,0.5726606611593671,-0.24735948929191723
53913,5.967,0.5356403324328005,-0.34807852266532524,-0.586489448522523,-0.49795672814226594,9.454158998497814,1.9822468877161,0.38707570077535,0.02548066608484732,-0.07554170242486792,0.362796499115334,-0.46084117597633684,0.5807053491209874,-0.24864588562046497
53914,5.975,0.5361323385305434,-0.3489577879572285,-0.5862140357463276,-0.49713547660549456,9.599064003839638,2.101185246135497,0.5116419206274452,0.02371908473347908,-0.07147633078038536,0.3003959222120083,-0.46455313956531197,0.5810143802023264,-0.24183952702514883
53915,5.983,0.5363557443366592,-0.34949649284849654,-0.5860707036545076,-0.49668485714946015,9.667826719450106,2.136154052894123,0.5556832880008428,0.007397363111929794,-0.05258197326989694,0.1636084484794043,-0.45742560842565916,0.5731396487651518,-0.24830492362497308
53916,5.992,0.5363673316481627,-0.34974876025769414,-0.5860908365117414,-0.4964709675255981,9.735636610207612,2.1676566421100496,0.5089767857240531,0.01210758263525148,-0.04900430904289404,0.052306220814779425,-0.4593960867669448,0.5795101980158075,-0.24593823417284338
53917,6.000,0.5362999340426929,-0.3499470814050928,-0.5861728286320693,-0.4963071991572758,9.885759038686654,2.307336108050498,0.6072894442033111,0.012313385759240902,-0.05654037405424648,0.02515748460222668,-0.45841791824930783,0.5773107135134274,-0.24615435789408194
53918,6.008,0.536199371210357,-0.350176906546702,-0.5863221371152728,-0.49607733264439746,10.060356097913624,2.2560503551527513,0.6010600810726344,0.02303378401610703,-0.07982484968099547,0.02666549628936984,-0.46010379261915924,0.575327543721124,-0.24932190821106728
53920,6.025,0.5359564734248236,-0.35028664180013125,-0.5868672676411403,-0.49561753131001707,9.943058207878197,2.2400632355351306,0.6753435654682961,0.05797856652176727,-0.07681976431707584,-0.009496475513640582,-0.45959934434060207,0.5770155898877777,-0.25153167165392915
53921,6.033,0.5357609331218592,-0.35024012649423697,-0.5871931728238045,-0.49547578560693517,9.849500262540715,2.0353274196833597,0.6469514653463593,0.05876296653944992,-0.07527120347302049,-0.050546064410976185,-0.4652284852676381,0.5802078182409502,-0.24964986670026973
53922,6.042,0.5355665168163395,-0.35021809134782517,-0.587563816395852,-0.49526210860537456,9.78525136207221,2.039043018425507,0.7416057852519238,0.07090414022015444,-0.08891287492738426,-0.03955205448735979,-0.4591199822296666,0.577271309055641,-0.2503098046329123
53923,6.050,0.5353372857802423,-0.350243410830484,-0.5879882153846628,-0.49498828490382724,9.773357483875612,1.844383426711175,0.6488761080197759,0.07701617462788649,-0.11216596875868964,-0.03551405710668799,-0.46549627675591615,0.573646451282315,-0.24641546922840415
53924,6.058,0.5351128436242092,-0.35019612036096076,-0.5884435591772812,-0.49472325550283003,9.612622289075633,1.854472833647368,0.7396987875391893,0.08887245874401346,-0.10527622402696026,-0.04749571054072771,-0.46055599590533036,0.5806520372075115,-0.25425893219945744
53925,6.067,0.5348544123373984,-0.3501151848168793,-0.5889136750866526,-0.4945005543574163,9.403126663376936,1.78198816012134,0.7588678591555039,0.0862271643655513,-0.10501174718276585,-0.0644353588136375,-0.4571333577016471,0.5721005467287281,-0.25488519120879183
53926,6.075,0.5346871386876606,-0.35010407101411795,-0.5892803412126332,-0.49425244829101994,9.164392443011556,1.7813195091706593,0.7026320517103303,0.07624905098276502,-0.0888435388103474,-0.03007014053117762,-0.4627780009394245,0.5833699137734625,-0.2508827673306574
53927,6.083,0.5348004986346593,-0.3502300400740874,-0.5894825620720674,-0.4937992048421857,8.880874205776339,1.8784721549517336,0.5951641335464327,0.0927025818015784,-0.0632665742580619,0.061277535709808484,-0.46400579293377814,0.5836233150320442,-0.24991751622274974
53928,6.092,0.5351353908887869,-0.3504728576573751,-0.5895501133794457,-0.4931830829195805,8.860549091117297,2.104166394865634,0.751270513640263,0.10367633044565627,-0.04205522759712575,0.13801447964214122,-0.4613242259107209,0.5787453584214994,-0.24936328151292464
53929,6.100,0.5355142104520705,-0.3507840051274965,-0.5895127063293427,-0.49259504791142905,9.104308415577284,2.1244637418214043,0.7620357951219917,0.0825808448913436,-0.029136338107603563,0.15680922685611404,-0.4632830253175539,0.5733814604773255,-0.24859419707791805
53930,6.108,0.5357834776502466,-0.35087104323294244,-0.5895248748207748,-0.492225556087029,9.224674961446475,1.8902987597414982,0.691097178277948,0.07630443105993971,-0.004526914895511138,0.08173463763500176,-0.46062370932024765,0.582204895488943,-0.24499616153842912
53931,6.117,0.5359397105909014,-0.3507462368250668,-0.5896592141169921,-0.4919834500994184,9.101826657001414,1.765724627513133,0.6890305089104017,0.09015898253573229,-0.0007030938129358398,0.010217771181878405,-0.46425397068523955,0.5767923214498564,-0.24936615498764983
53932,6.125,0.5359745733590637,-0.35055460997399013,-0.5898752051375031,-0.49182310285563274,9.053594775305475,1.87179028410707,0.8490344909330692,0.0860716175450509,-0.01232600390425299,-0.029590059106116014,-0.4583752740579071,0.5745696578546607,-0.251987815938581
53933,6.133,0.5359129091674159,-0.35049851208415556,-0.5900035985917175,-0.4917762707403991,9.25815168653609,1.8991181115793034,0.8811653814884801,0.03440271047617158,-0.022197000925127386,-0.030192593331777148,-0.4591246074552183,0.5877758365060675,-0.24967710277326613
53934,6.142,0.5359170115995283,-0.35042174370882384,-0.5900810964637645,-0.49173352317126023,9.346570296315981,1.8542020089192766,0.6341124890638612,0.03578047906469477,-0.0026192610012700838,-0.01997738005527261,-0.45638103666551977,0.5762252532913725,-0.25760459463446556
53935,6.150,0.5360771974742604,-0.3503579327695875,-0.5901259173675851,-0.491550566009877,9.012832426649998,1.8970017886658346,0.644638784710771,0.06387426086602288,0.008832979076427409,0.019377765584981426,-0.45744094129535007,0.5836580836712677,-0.24620748317399146
53936,6.158,0.5362955764463027,-0.3503184181395647,-0.5901204809770182,-0.49134700419130894,8.825526298571859,2.0151658704123023,0.7285379959741684,0.06242216960811925,0.019924240360440347,0.03826653567475069,-0.46711177201003024,0.582802845614979,-0.25921044136713933
53937,6.167,0.5365858695752455,-0.35022000156935323,-0.5900014971843086,-0.49124310518643877,8.826556986956728,1.8781192261091622,0.64840628074745,0.048806379305478584,0.058880565822468235,0.034070013131605764,-0.46713539550829164,0.5767297378992543,-0.2559788949021791
53938,6.175,0.5370503871416858,-0.3501642129573739,-0.5897626896892986,-0.49106198741640844,9.030293673059962,1.7379301937159781,0.6376837155394385,0.05482418124400219,0.08821820141789143,0.08242342988271041,-0.4612365937650958,0.5813172067027125,-0.2613508096630067
53939,6.183,0.5377488010378364,-0.35020423913019055,-0.5894119861160956,-0.4906900533944963,9.28786878379595,1.8637629423815343,0.7179419639348341,0.07683102454253961,0.10643556037451866,0.15611145211066643,-0.4625161393727883,0.5816378273304593,-0.2533059886969778
53940,6.192,0.5384611378926341,-0.3502421896203045,-0.5890975918797964,-0.49025915476487497,9.395785783696216,1.8426582519623018,0.6985494682293363,0.09059869612202023,0.10022335211507702,0.1633120588577765,-0.4551598578333351,0.5835491419350344,-0.2576652066159791
53941,6.200,0.5389628661077077,-0.3500842955689735,-0.5889507388945655,-0.4899969817340576,9.480524526742286,1.8831356001757484,0.6971124529810305,0.09374592013282264,0.08557134928933659,0.0732807695317388,-0.4641801917958399,0.5854859535417066,-0.2594586445330181
53942,6.208,0.5392521265355475,-0.3497685801523112,-0.5889543246636618,-0.4898998753062677,9.522456645004262,2.0079518644695127,0.8601312262707779,0.08974499673055489,0.07057082765197174,-0.006618279522938652,-0.453960382339215,0.5867506419253331,-0.254756938009883
53943,6.217,0.5394325962239988,-0.3494388333375522,-0.5889944766301213,-0.48988823458615216,9.549103755147488,1.883004282269743,0.790628034810044,0.07476514270674826,0.058183770040231966,-0.03703652090089817,-0.4537699897873647,0.5838906237463152,-0.24740364619722047
53944,6.225,0.5395657234922928,-0.3489937370284522,-0.5890684943333089,-0.4899699077811236,9.503094059376009,1.8699564428538664,0.750158821904796,0.07592164927047373,0.07021907766049026,-0.07222311766354521,-0.45352390163715117,0.5863296020515877,-0.24766916308147646
53945,6.233,0.5396985753417967,-0.3485413307052947,-0.5891441075331275,-0.4900547001337834,9.44257422765863,1.9293830075119478,0.7923467987699282,0.07693238691870563,0.0697155818365663,-0.07533273203669408,-0.4460699411280313,0.581277802244926,-0.2653902516952711
53946,6.242,0.5398331011970063,-0.34810835533396045,-0.5891641653836825,-0.49019014884681,9.423195444145986,1.9254917900522188,0.7610889194233678,0.06051467629054495,0.08048301905744926,-0.07258636480902018,-0.4551442369138582,0.5771809105936603,-0.2598020504718994
53947,6.250,0.5400456387808606,-0.34765076766853525,-0.589121605062763,-0.4903319143412194,9.30535485935659,1.8872824527524412,0.6699568694642648,0.06248728021617715,0.10142644720131036,-0.06375529563638295,-0.4509440559535853,0.576139490647955,-0.2665978861495809
53948,6.258,0.5403395261028753,-0.34735288898536065,-0.589003723151864,-0.49036086829771297,9.25025199707001,1.9950668284742283,0.6496108005922023,0.05559698589928869,0.09550649922577714,-0.009232074799876004,-0.45514580124784887,0.5803569135818618,-0.2595880593888849
53949,6.267,0.5408586330833983,-0.3472203139983292,-0.5887461306186481,-0.4901917851694677,9.393148529212235,2.165072044583271,0.7519585631779657,0.06553802777949456,0.10712297412166007,0.07657082621183432,-0.4631683360117949,0.5800687436840569,-0.26428297511127746
53950,6.275,0.5414430857395962,-0.34723326825107326,-0.5884756645705347,-0.4898620566371012,9.674239288057636,2.218558697276305,0.7236718224257574,0.07323134900701128,0.08859182143246917,0.1279610638203928,-0.45908206492844794,0.5835700031185684,-0.25549665373366914
53951,6.283,0.5418767547923584,-0.34707790823136236,-0.5883839025906026,-0.4896027894178068,9.757344412725034,2.099528816774042,0.6728879489862845,0.09345934514504557,0.06876618136577031,0.06072153367138635,-0.4487629782799556,0.5751838333456674,-0.26437544468304053
53952,6.292,0.5421373696970709,-0.3467754703318902,-0.5884710602858202,-0.4894238007699677,9.726832194885237,2.199788129808726,0.7806202975461567,0.10702972649335765,0.047255226783852224,-0.004683427484687736,-0.45147525639838515,0.5747303427419801,-0.26072859407572985
53953,6.300,0.5422675390802093,-0.346729879212938,-0.5886122453072076,-0.48914203621778723,9.985392512273375,2.2395912406759053,0.8332336690358078,0.08428138423216738,-0.01881601554242119,0.023426843924306506,-0.4579841074445585,0.5843889037732442,-0.27209915707369475
53954,6.308,0.5423462782278853,-0.34703941407510147,-0.5888393102675092,-0.48856158900844443,10.414410116408865,2.1019160288929717,0.704118187769327,0.08616720895583536,-0.10290588393416102,0.09973512221363048,-0.45584261307076834,0.5788457776674982,-0.264461968339287
53955,6.317,0.5423435391520668,-0.3473519869461283,-0.5891987142412206,-0.48790875975030495,10.225013422731637,1.8937467956679894,0.6764220989351981,0.10503377661389435,-0.1396117635890993,0.08727495706909198,-0.45095632793171514,0.5793294010918459,-0.264919156475231
53957,6.333,0.5419639770103661,-0.3476952312918142,-0.5899986240032413,-0.4871187713836554,9.60768585052601,1.9230127542111883,0.7253068057789919,0.07512044797783424,-0.13090882329603293,0.01004350142987771,-0.45948113665244517,0.5829658484115797,-0.2677017423423523
53958,6.342,0.541919462395793,-0.3476829164384539,-0.5901532804734277,-0.48698972416259273,9.431077116337152,1.9913415712531433,0.5529590000466889,0.04527421781005915,-0.0371178141092459,-0.013936270023508763,-0.4548730625960229,0.5810522158977229,-0.2634991978200341
53959,6.350,0.5419805484427151,-0.34750268044861127,-0.5902653673317184,-0.48691453903073806,9.355054346704247,2.0207626407588593,0.46104712894390526,0.06260126836724911,0.010232001451334193,-0.026607511542466267,-0.45581427962642995,0.5756350060400733,-0.26833780590064005
53960,6.358,0.5421007119289475,-0.34712284288829015,-0.5903610562320666,-0.4869356973521643,9.312426686510458,2.151917241984449,0.3742255315554724,0.0780975851062756,0.050705474960173136,-0.06007661860644536,-0.45531850022307946,0.5809965860749657,-0.2693617215609625
53961,6.367,0.5421888868624779,-0.34653170620112655,-0.5904842938906132,-0.48710911121500033,9.335019740797991,2.1413154563773267,0.4188003515658568,0.0837536355739719,0.08219248474838019,-0.11440285078413646,-0.4560673706532292,0.5751583363435704,-0.2671143394009552
53962,6.375,0.542227995437557,-0.34581744346850896,-0.590638009760078,-0.48738674395527815,9.38871177382112,2.0730897347817563,0.41954631559673167,0.08459597423199128,0.09306963911364627,-0.15469111434349456,-0.44924045411890423,0.5763905739972551,-0.2658553418867093
53963,6.383,0.542238369684641,-0.3450516139056832,-0.5908352996422971,-0.4876787701750235,9.427130326004571,1.9018064415506308,0.3636770637082228,0.09146525840943108,0.09234417136214171,-0.16980873279992342,-0.45758394582151235,0.5749814260912801,-0.2600431598222445
53964,6.392,0.5422716184544978,-0.3442554851517065,-0.5910515203439671,-0.4879423665360369,9.388077576943232,1.7898743034700708,0.40021722561963907,0.10395770729333462,0.0927808504473025,-0.17044054994589175,-0.4531448320845569,0.5761441264665181,-0.266125702142609
53965,6.400,0.5422207812034537,-0.3435762108671448,-0.591328754217184,-0.48814169683939623,9.619429858236415,1.9194405948744397,0.5660387493657545,0.09773272202341725,0.055355433275803625,-0.1596400249008744,-0.46019953320469364,0.579041231194041,-0.26962299563659015
53966,6.408,0.5421008347044568,-0.343022131642966,-0.591567885817376,-0.4883747932535091,9.901712441839775,1.6430610154221255,0.44456369312429095,0.06691622128383348,0.03702474724657068,-0.1522881113810377,-0.45652553774925236,0.5717011171854084,-0.2712355515891015
53967,6.417,0.5420654566425884,-0.3426668318860783,-0.5918299984151857,-0.4883459183979143,9.752512953953568,1.5483008016432875,0.4049795338489378,0.08804949106134263,0.002028127543850598,-0.08132512877112173,-0.45756264914196965,0.5732447038297136,-0.26295641207347004
53968,6.425,0.5422784968499004,-0.3425649779993904,-0.5919278849585435,-0.48806213406798454,9.500556014546746,1.8199237635079757,0.540936712561628,0.09366929730965884,0.005519605819342079,0.029198029402776493,-0.465588583679578,0.5754024659650259,-0.2671862600722441
53969,6.433,0.5426891417944303,-0.3426593968979807,-0.5918396508162448,-0.48764624556910374,9.551615815309008,2.04593185289447,0.5662563547740348,0.08156222759479825,0.02459795869061611,0.1142582425390168,-0.44239795055331244,0.5707663210666547,-0.26672855253368516
53970,6.442,0.543101944191143,-0.3427322211828495,-0.5917396782640827,-0.4872566633169745,9.748066705770785,2.1283844912402445,0.46895988605088584,0.07981011251259568,0.029770208950328596,0.10775936890711138,-0.45653289645204437,0.5685367037436144,-0.2702289271793365
53971,6.450,0.5434339983437689,-0.34254966309701085,-0.5917609369785952,-0.4869889231003559,9.8286434344015,2.1054519661865774,0.43701285493146336,0.10239852969431013,0.044471666552240885,0.037448327042659886,-0.45214337895075996,0.5751351572507547,-0.26952701538182106
53972,6.458,0.5436859263268976,-0.3422014433154977,-0.5918382590589001,-0.48685856346682843,9.693178306075259,1.960931838137742,0.5008777029335901,0.10443276642713163,0.05560498841899291,-0.019123072204605938,-0.4567850216648548,0.581975422470069,-0.26913757797856386
53973,6.467,0.5439308796133684,-0.34190440347420387,-0.5919337714943383,-0.4866774981982063,9.741686306485818,1.808017316494304,0.5978173737008035,0.10621501827886874,0.043344131083131954,-0.006435840046463055,-0.45649881947121973,0.5709339596818188,-0.274890444525392
53974,6.475,0.5442404258282759,-0.3417203468805718,-0.591946563919001,-0.4864450933934552,9.836294439547718,1.6557063594318877,0.6478709287126515,0.09498577606818638,0.04420388445072531,0.029424219260878067,-0.45914826356185967,0.5757701939252955,-0.27983889500922343
53975,6.483,0.544595817957796,-0.34162579633063445,-0.5919493970356163,-0.48611019501087394,9.881024023741636,1.671498828188962,0.6940749325354508,0.10037201748110124,0.034209697463757696,0.06288291681240132,-0.4528420262133512,0.5728939503813067,-0.2741498476916192
53976,6.492,0.5448549811845256,-0.3416172517200893,-0.5919987702599279,-0.4857655389345324,9.901867161204883,1.7030967660704213,0.6973802664543103,0.08840728412706153,0.0022553320660609385,0.05967574123515066,-0.4562510992105951,0.571173453484711,-0.2753792238820599
53977,6.500,0.5449449589574599,-0.3415685423534283,-0.5921309120084899,-0.48553774891907314,9.883513435114963,1.706354180414322,0.7508057264157736,0.07212519974843712,-0.016509165916769174,0.013556943484521262,-0.4538573495474788,0.5797805737862518,-0.2688511780003441
53978,6.508,0.5449144848192347,-0.34143431243207817,-0.5923229206593587,-0.4854321499342516,9.763564790982999,1.773245168292243,0.7624380032370186,0.06305034236491272,-0.02241418739429488,-0.035073819475362984,-0.45943856023746477,0.5792482742669913,-0.273525928997454
53979,6.517,0.5447923787387621,-0.341369305284298,-0.5925715769834812,-0.48531143364770213,9.717727997115288,1.715451969314178,0.6561194840019406,0.05486522916439764,-0.05073157358865697,-0.03722352332314091,-0.45723161149105573,0.5653189783883448,-0.2748424880997372
53980,6.525,0.5447448969408775,-0.34129278971965543,-0.5927846407848494,-0.4851583232222503,9.553562489047552,1.64453337309071,0.6345580423999113,0.06339733613926093,-0.038348980017772906,-0.024591844674842774,-0.4555327196024518,0.5748539410807945,-0.27345565274047273
53981,6.533,0.5448217902939311,-0.34119879116897145,-0.5928927864513546,-0.4850059231593955,9.284412725189263,1.6237270352977655,0.6979888910547251,0.0633544388145395,-0.003604205114569913,-0.0021331806100739407,-0.44768825457991096,0.5755446075780926,-0.2777997120471407
53982,6.542,0.5449108904436888,-0.3411800126686132,-0.5929519121303424,-0.48484672870122847,9.257626602296837,1.6155045598723778,0.6885133014724758,0.05035206268908298,-0.0063855851036176215,0.013190552710635026,-0.45749456295674085,0.5770626972203008,-0.27227017537618387
53983,6.550,0.5450447965382191,-0.3411220414834989,-0.5929713814081631,-0.4847131764369897,9.321006288680152,1.6279867967107786,0.6771591162154053,0.050431419387520965,0.013294230987576794,0.014679798963406428,-0.45263858225453824,0.5780739843453457,-0.26858190653137615
53984,6.558,0.5451008559731019,-0.34099223374230797,-0.5930373456903082,-0.48466076792063234,9.42287614157882,1.731113862333215,0.7633996165560869,0.04741710426551364,0.009971423195900298,-0.02091555399407199,-0.45942156136915285,0.5670186141014062,-0.2758512676155461
53985,6.567,0.5449992990368351,-0.3408300470500079,-0.5931917387770899,-0.48470011772627064,9.549060435661678,1.6411011893032648,0.7540603680722929,0.035324804796422166,-0.01087226206628461,-0.061328164402398556,-0.45917178539549064,0.5711618639383033,-0.2766212556283593
53986,6.575,0.54480202962997,-0.3406066148468982,-0.5934278879739447,-0.48478987634684145,9.663201897448017,1.8144932995376135,0.835582948355379,0.03801395286219181,-0.025199927070808373,-0.09653321354053905,-0.4586546923684924,0.5750308513330846,-0.2805607413872565
53987,6.583,0.5445883384583066,-0.340440848328245,-0.5936713140827145,-0.4848483693280503,9.722117434473446,1.9305115232521353,0.8412870684392284,0.03408720788830682,-0.03627703512348588,-0.08490092695512716,-0.4584387900463939,0.5797064006892421,-0.27669702622220615
53988,6.592,0.5444358782188415,-0.34041772967483375,-0.593850196187522,-0.4848167574652848,9.782779504753888,2.0271631089199666,0.7551561613224873,0.026516564955776697,-0.04518627461154679,-0.0424729217330012,-0.4557873580191366,0.5777974039939485,-0.2720205130051227
53989,6.600,0.5444194628999335,-0.34064962035445934,-0.5939648932878576,-0.4845317225008654,9.898787123681608,2.0740859422121063,0.8466028691941041,0.033205476823336876,-0.0669589258774823,0.04985598252983321,-0.45973855937868546,0.5715079815681472,-0.26588572651483544
53990,6.608,0.5445176076129943,-0.34115408567697325,-0.5939850680234092,-0.4840415310596356,10.044777451674866,2.1045854503314647,0.8533204700943405,0.026219648588342664,-0.08926529557812746,0.134427197787501,-0.45526530088448525,0.5760444563674111,-0.27663905757065294
53991,6.617,0.5446316749755603,-0.34174470342603797,-0.5939875144427098,-0.48349325639530577,10.077842260565943,2.0054844061008676,0.8336662317520996,0.022279409373729575,-0.0979676897967153,0.15953426666373186,-0.4555465559145722,0.5812198545128872,-0.2715629319831083
53992,6.625,0.5446427111044798,-0.34224510045513307,-0.5940392129721218,-0.4830631655453359,9.806208889191646,1.983128337355026,0.7955786873065211,0.014617554067477485,-0.10033401320921587,0.11323488480997261,-0.4618875310640029,0.5721777868819113,-0.2725000659080328
53993,6.633,0.5445235330806166,-0.3425437752433405,-0.5941400532489879,-0.4828617618829766,9.458403976328322,1.9311571449513256,0.8306499241473417,0.0023628332321535364,-0.08059120518849676,0.03774635984674878,-0.4540644474415301,0.5733845275334989,-0.2739192837267286
53994,6.642,0.5443987235432839,-0.34266146689338706,-0.594211777551322,-0.48283072844446634,9.259413036095813,1.9542367985712712,0.7247440433763356,-0.001978418338949862,-0.04408102915830487,-0.010155196522199308,-0.45356520048809684,0.5772766940210959,-0.2754175385000667
53995,6.650,0.5443369349445116,-0.34261257806620443,-0.5942451257422275,-0.4828940392442717,9.143068619850668,1.909257983289115,0.6269146591006255,0.006403720978001147,-0.0008659916139281212,-0.03348631075523863,-0.4469845923773515,0.5728962682905882,-0.27386289208602355
53996,6.658,0.5443499939748924,-0.3424589841181815,-0.5942627974390619,-0.48296651626813525,8.994127540710506,1.9275662557224178,0.5758834251035638,0.0236990185409178,0.02286305978593516,-0.04148954395570373,-0.44970579353256357,0.5724543672333086,-0.2689954259859333
53997,6.667,0.5444838039288712,-0.34228342880550233,-0.5942247170368853,-0.48298698459350814,8.912684292067958,1.9055301281812331,0.5535073769381433,0.03697854078110932,0.047368994269363314,-0.017176474969791952,-0.448874831164014,0.5781859931377523,-0.2824724706795122
53998,6.675,0.544755010927748,-0.34213807377266475,-0.5940927222467834,-0.48294653318731506,8.904857753733902,1.8310319364359726,0.6562370474502226,0.0430308132889371,0.06843278770375774,0.016997034710259228,-0.4586759212716148,0.5777440920804726,-0.27765676052542837
53999,6.683,0.5451001360580697,-0.3420878281055431,-0.5939090867404487,-0.4828185541366788,9.188970864462352,1.8364154205148415,0.6625217305421646,0.042788786915059794,0.0691103371231516,0.05671441305240932,-0.4535705712542716,0.5770395181274852,-0.2746828513570497
54000,6.692,0.5454383501312737,-0.3420910548976083,-0.5937180731192603,-0.4826692097251166,9.46297446339018,1.5604617240989875,0.6655791207120966,0.037956636991288845,0.05899459348275742,0.06495632159398709,-0.4601538281217319,0.5689716510730495,-0.27587516445772087
54001,6.700,0.5456537643196063,-0.34200302501420593,-0.5936466810080552,-0.48257591992669546,9.55090073249872,1.4335669554118473,0.7127998654575416,0.04490006213077192,0.04348215589572265,0.022287507601038738,-0.44594515416591557,0.5791625116235738,-0.2824603258153897
54002,6.708,0.5456629286219236,-0.34183411185042106,-0.593658307581667,-0.482670925312941,9.558740114334109,1.4490981767626154,0.7785806849499777,0.0214593327864755,0.02660321937270568,-0.04662464807467699,-0.44991574898891523,0.5763164009002453,-0.27367263510387824
54003,6.717,0.5453940298750535,-0.34165827330178583,-0.5937701925802086,-0.48296162877018867,9.654618734344895,1.4487081502099601,0.7819149669653416,-0.01780064109767308,-0.006572717929211269,-0.11167461378317133,-0.45234624681000063,0.578255530416199,-0.2751737633519416
54004,6.725,0.5449621858317901,-0.3414527082022906,-0.5939576484178022,-0.4833638132512134,9.652936097192875,1.3995779788135565,0.6319025525280423,-0.03416213121044555,-0.028801731369025817,-0.15792272780139022,-0.4598987152701052,0.5728638175606463,-0.27737520391885234
54006,6.742,0.5441403080300038,-0.3410034555253709,-0.5942697011118807,-0.4842225633292666,9.191758523115224,1.638544253849643,0.605465239956944,-0.03804355322625625,-0.015139989223161225,-0.15679617022954814,-0.46091249121434713,0.5763303083559347,-0.27228820746324234
54007,6.750,0.5440018726232159,-0.34086237588702084,-0.5941369352237401,-0.4846401814645909,8.860730815480853,1.8472873690330553,0.5985734313713856,-0.057285508082169805,0.04683746070318884,-0.09096786754687836,-0.45699245844100744,0.5706967837882081,-0.2741593267579616
54008,6.758,0.5441240224133232,-0.340868755572544,-0.5938167386138071,-0.4848909368602727,9.003979035753268,1.9912663788010156,0.5133016010730691,-0.053329334417826495,0.08009727819741821,0.0014409839584041124,-0.45383593425920055,0.5797527588748731,-0.2717806551830149
54009,6.767,0.5445555577876228,-0.34099043711038285,-0.5933292603670899,-0.48491767865703106,9.18995172894633,2.0202375593407114,0.6120381681563708,-0.02935323763038218,0.1112464767619837,0.09454955778006703,-0.45382021167509323,0.5748493052622313,-0.2739314061230313
54010,6.775,0.5450798802397252,-0.34109026832725836,-0.5927438386486875,-0.484974323809318,9.36229032863354,1.9384934496102961,0.6579583505444275,-0.03504265069406803,0.1442749556452873,0.10909444596226604,-0.4608985532375963,0.5714291726525743,-0.27419483530470284
54011,6.783,0.5455813953046937,-0.34116605816702744,-0.5921538870645665,-0.4850777627210729,9.576408621352428,1.7913915192040095,0.6338333916724097,-0.04049252797367053,0.14619092418292837,0.09499173977916917,-0.44894123440651656,0.5729009041091513,-0.2733889233912583
54012,6.792,0.5460128893768611,-0.34123506339999865,-0.5916418781691886,-0.48516846985059364,9.590232482126716,1.8481895519993417,0.6428759500739658,-0.035097789302478956,0.12808663874032888,0.08328307351186359,-0.4569813780265569,0.5760537280045374,-0.2756750579909825
54013,6.800,0.5463209147993734,-0.3412470274980601,-0.5912201378253072,-0.4853273873441921,9.554171548577832,1.8378575837618287,0.672052470567377,-0.03658023000388832,0.10916869019348717,0.04192670049910987,-0.44744432380736526,0.572615052120628,-0.27777011319115535
54014,6.808,0.5464367528045693,-0.34115383505201324,-0.5908958711886405,-0.48565729215766956,9.466382301537742,1.8404131427522918,0.6503113242551901,-0.05254781315876136,0.098167064264011,-0.02339755011813623,-0.45329419561131223,0.5787067031106049,-0.27909150737470806
54015,6.817,0.5464596647675035,-0.34095604733791657,-0.5906316345793504,-0.4860916382741196,9.390157367616153,1.8693350764554497,0.5675866297005883,-0.05386638436939145,0.09610752662506354,-0.07010721271972115,-0.4537792334823136,0.5738194748629339,-0.2795369660004198
54016,6.825,0.5464738504446238,-0.34074642245849796,-0.5903906909565984,-0.4865151985228754,9.308534352983402,2.012281558311681,0.5954383054467421,-0.04951592014471883,0.09451638145553078,-0.07092167466964652,-0.44692532756427494,0.5781906289563155,-0.28196994698005384
54017,6.833,0.5465193519749894,-0.34053436700628276,-0.590143450273434,-0.48691236470625293,9.417742638816167,2.117156178108936,0.6628070617098055,-0.04284300249921409,0.09568114644233353,-0.06607933515861296,-0.4518599834871099,0.5750841632465604,-0.27489593886225766
54018,6.842,0.5465796241122449,-0.3402519391254384,-0.589917400289871,-0.4873159070479194,9.541769107320897,2.1072872267605116,0.5923029296153718,-0.031646977430924345,0.10599630526864956,-0.07446404895831621,-0.44455761293866386,0.5716941634575637,-0.2718804711828964
54019,6.850,0.5467404479907532,-0.33993651413375386,-0.5896764422672585,-0.48764714940671183,9.506981075685214,2.01216831734715,0.6006410505625388,-0.009816963779210786,0.1179266242719692,-0.058984367453842106,-0.4592236576175652,0.5695201759572807,-0.26952546083879264
54020,6.858,0.5469494308864796,-0.3395793391531205,-0.5894308309311589,-0.48795849005944153,9.395429432704471,1.95871802904954,0.609137389512413,0.0012136836526783347,0.13063837945382148,-0.0539599805895798,-0.45453466624231714,0.5762909038981481,-0.27639189825606636
54021,6.867,0.5472452319923794,-0.33918684669785526,-0.5891728287527024,-0.4882113445510168,9.240635310414817,1.9272629449562155,0.6315476138298748,0.020236762767135083,0.14170868934325231,-0.04240435421265358,-0.44842917326359155,0.5814153080394298,-0.27664007895412523
54022,6.875,0.547516454019484,-0.33881390699792935,-0.589012140219952,-0.4883600799371715,9.286723079189095,2.058955139110604,0.7691359276752744,0.041445359116047804,0.11671087955141518,-0.034888656197976965,-0.4493988592911776,0.5772558328375619,-0.2775843066945834
