packet_counter,timestamp_s,q_w,q_x,q_y,q_z,acc_x,acc_y,acc_z,gyr_x,gyr_y,gyr_z,mag_x,mag_y,mag_z
2698,0.000,0.9999999959688998,-2.9706679369453766e-05,3.501563979147716e-05,7.71596964813734e-05,0.02124757630634097,-0.07238072161894678,9.778591649436297,0.014843677648782081,0.0005687815360844929,-0.009033430405677535,0.2708475225521937,0.2941633079769017,-0.6831059347853574
2699,0.008,0.9999999952616616,-4.272337339585679e-05,4.0763151565816215e-05,7.739351378331384e-05,0.021091045345882093,-0.07147858421541559,9.778598619827061,0.007253914807672284,0.0034217842605778403,-0.011224129208600962,0.2818299240087056,0.2868568395048611,-0.6805946747110836
2700,0.017,0.9999999959157035,-3.964535705145602e-05,3.9711654922731464e-05,7.08507088826018e-05,0.022192246927848203,-0.07526958259064863,9.749691246036479,0.011110604830202424,0.0017811953707934636,-0.01287674079921581,0.2754758105853441,0.2910369761318736,-0.6764842094173601
2701,0.025,0.9999999962170627,-3.7230642797457244e-05,4.6171906944138404e-05,6.362317822980312e-05,-0.008170085601904067,-0.07493013862854098,9.778109345560432,0.010954702032721716,0.003599831402989092,-0.013024765951352804,0.27108813277983085,0.28685508342429394,-0.6808556632958584
2702,0.033,0.9999999962694618,-3.433464356746311e-05,4.577179152681332e-05,6.470820605079445e-05,0.021764728547076995,-0.07347391429928433,9.749705907317823,0.01106972926327611,0.0019242901111923038,-0.011044909447172582,0.2832809734494213,0.28667592409602277,-0.6718017959662675
2703,0.042,0.9999999955889435,-2.3537899990666253e-05,3.970942824975254e-05,8.180000908835809e-05,0.0505133674159548,-0.06738717011031752,9.750215524843275,0.01297340977005904,0.000552707269628037,-0.007217191310782147,0.2815916203387997,0.29488693050183695,-0.6843150184883218
2704,0.050,0.9999999951409033,-2.8915976451505922e-05,4.6209978612416055e-05,8.213828542107584e-05,0.025162813866656548,-0.09553239929532586,9.783341662056685,0.00908381263731534,0.0035818316456335806,-0.011209139736830624,0.27841125122997457,0.29198717216039416,-0.6801486471597377
2705,0.058,0.9999999952879431,-1.8432302628506746e-05,4.6416253040398094e-05,8.32459939351336e-05,0.0212836126279522,-0.07070279033718296,9.74972746011251,0.012899817682441991,0.0020850591531214493,-0.011029349325475505,0.27572722056801385,0.29027120767332587,-0.6811171042899185
2706,0.067,0.9999999953017935,-3.125039550943469e-05,5.1591891289867534e-05,7.58821632650852e-05,-0.004110815076301733,-0.09892449573163418,9.782856910682938,0.007295372770601321,0.0032773223800677416,-0.0130571847883494,0.27522436202841666,0.2883848642608224,-0.6718267294471227
2707,0.075,0.9999999946750668,-2.856434101322845e-05,5.176786119491209e-05,8.458152084412762e-05,0.02086213364575746,-0.06913390806903308,9.74973962075901,0.011028908491423132,0.002067817917446357,-0.009213287413655293,0.27645687754190174,0.28295947095958374,-0.6793543347008353
2708,0.083,0.9999999937763875,-3.3473777152318786e-05,5.134840946846305e-05,9.322055868067853e-05,0.020705952715801414,-0.06831056698303349,9.749745756053436,0.009199172814737326,0.0019066839716529056,-0.009229182030993812,0.2827897110704751,0.2940140020182727,-0.6699021723654986
2709,0.092,0.9999999930022831,-3.0786447349686936e-05,5.155583774165829e-05,0.00010192950381116606,-0.00829129659671285,-0.07261074949540017,9.749248943166961,0.011029036465315452,0.002067915178071838,-0.009213425158193202,0.2803597689763354,0.2912758421994292,-0.6772107063511084
2710,0.100,0.9999999926318109,-2.8539800914826253e-05,5.872805445332894e-05,0.00010233705788811725,0.019003533809272687,-0.0620282270522314,9.778667413854684,0.010913817192055747,0.0037427647943197146,-0.01119413144079084,0.27890098141437475,0.284656118560413,-0.6810717347254915
2711,0.108,0.9999999925357448,-2.6771545643421222e-05,7.276108623786981e-05,9.443314837289539e-05,-0.008886074653267031,-0.07083898563781564,9.749261454527689,0.010798578068563573,0.005417524330082752,-0.013174945456371658,0.2818276119403661,0.2856467044419788,-0.679121090266533
2712,0.117,0.9999999928495614,-3.084128568340349e-05,6.411536107888361e-05,9.611926196696824e-05,0.019742669596894465,-0.06488754551757253,9.749771136358103,0.009397969456601965,-5.5527288966658983e-05,-0.010912420568998741,0.28134090206019186,0.2890575604493092,-0.6801229775163188
2713,0.125,0.9999999931538075,-2.841432478139371e-05,7.058891025252662e-05,8.889441550428058e-05,0.018285772719422236,-0.059485777777027966,9.778684579161062,0.010955461781926424,0.003599078535290822,-0.013026446732725721,0.27719251169088244,0.2961286750149287,-0.681401085829132
2714,0.133,0.9999999916840375,-1.8258024068316354e-05,7.217494171694785e-05,0.00010530597167974575,0.01936789532360471,-0.06309131963630167,9.749783679276508,0.012817738953593704,0.0023742345391944914,-0.007365799391705849,0.27719510486160615,0.28830408455473167,-0.6830538293814277
2715,0.142,0.9999999923990134,-2.2826377983855673e-05,7.036212810519038e-05,9.864127525889034e-05,0.019210970384295367,-0.0621918718141962,9.749789766336686,0.009282954468504889,0.001618597821540136,-0.012893486463056018,0.27962778064697924,0.2956685036854895,-0.6774875989468013
2716,0.150,0.9999999930364444,-2.7363184496503394e-05,6.86321776962766e-05,9.202169153569709e-05,-0.004755824160251995,-0.09505445588897958,9.754031305696833,0.009283040193085257,0.0016186146185926662,-0.012893579700174882,0.278894973869572,0.2954261254567996,-0.6772428580352798
2717,0.158,0.9999999915955502,-3.299582647208425e-05,7.573309960597756e-05,9.992333367665897e-05,0.04771170642137873,-0.055543680678954384,9.750304295973285,0.009042565797901098,0.0037254333493329434,-0.009378989650693201,0.2691334862552861,0.28759451067433395,-0.6798874599644279
2718,0.167,0.9999999908959986,-2.2653737300666793e-05,7.666760380179028e-05,0.00010870551874770558,-0.0051990407020817975,-0.09342036965213402,9.75404686934477,0.01285956821290735,0.0022310551679583773,-0.009197978440561954,0.28109497048120563,0.3000523847687138,-0.6789817140593497
2719,0.175,0.9999999894166616,-2.0641393420595605e-05,8.44086271214295e-05,0.00011668673074193483,0.02339569082055123,-0.08730602835740238,9.754560798902068,0.01087243947847648,0.003887376179895554,-0.009363372438057974,0.28231903963755917,0.2929566850751538,-0.6811260785716403
2720,0.183,0.9999999894121501,-1.661016122561323e-05,6.952320850127243e-05,0.0001267530111457796,0.018303604539219174,-0.057928669149940916,9.74981777516446,0.011344966860781132,-0.001567702771019067,-0.008914920706442581,0.2749871579089462,0.2920152694494692,-0.6762478658393208
2721,0.192,0.999999989873827,-1.4219138754914863e-05,7.597682926187541e-05,0.00011948926112074286,-0.00560198980640179,-0.09064788431655892,9.75407280487424,0.01095586950614451,0.0035983139558828283,-0.013027710236463349,0.27474019021288393,0.2790884436228142,-0.6744462386810915
2722,0.200,0.9999999891085386,-2.6091113454599134e-05,6.730859712996497e-05,0.00012873122882494663,0.0167607949755864,-0.05167349468177991,9.778731712732077,0.007528096547273553,-7.376345203833116e-05,-0.009096279701316845,0.2762166806712464,0.2929514168334522,-0.6818680570615498
2723,0.208,0.9999999890975259,-2.430934052621118e-05,8.131463686037703e-05,0.00012083846408171012,0.017876538704494793,-0.05552230358137602,9.749832568429083,0.010798184132087054,0.005416680034793131,-0.013177753038795117,0.27645085070997005,0.29202053769117076,-0.675513165461784
2725,0.225,0.9999999878303413,-1.9812384636956166e-05,9.566210591415542e-05,0.00012163695238081896,0.004786286079034127,-0.06871063250945508,9.766420905075261,0.010914284889436103,0.0037431369074897945,-0.011196117432257234,0.2803582230052689,0.2900621949754126,-0.6762253899240651
2726,0.233,0.9999999880953189,-1.7431679027498603e-05,0.00010209568581557254,0.00011437643909979521,0.021938113507177538,-0.08132710499892823,9.754615866420092,0.010956359011079731,0.0035982639684090816,-0.013028229798034929,0.2747372305253484,0.2883795960191208,-0.6725598975904759
2727,0.242,0.9999999863484608,-1.5368565608432617e-05,0.00010992900205420222,0.00012240302219488185,-0.012213436893827413,-0.05714348950844791,9.749347746382957,0.010872489550748848,0.0038882411200103183,-0.00936439950850161,0.2864609044035277,0.28469475233289115,-0.6756889117179852
2728,0.250,0.9999999854768838,-2.075247556002384e-05,0.00011639539965541632,0.00012275047078814081,0.021344681544542818,-0.07962486181801585,9.754631225496416,0.009084802895384258,0.0035803561871426692,-0.011212397847130573,0.28206490698487224,0.2900727314588157,-0.6747579044617211
2729,0.258,0.9999999835576423,-1.8688859950932632e-05,0.00012422953163946548,0.00013077639362909696,0.0210479132120906,-0.07881188901384659,9.754638473666077,0.010872596078569175,0.003888423754656872,-0.009364545925756383,0.2786519496273433,0.29249124550401306,-0.6779545701792192
2730,0.267,0.9999999835201482,-8.197807401312005e-06,0.00012447373942611002,0.00013190446526231033,0.015782251490139766,-0.04937998918726888,9.749869227862515,0.01290284319849394,0.002088003921019141,-0.01103027928456706,0.28159041057619977,0.28952124393988277,-0.6835439827371366
2731,0.275,0.9999999845392797,-1.2724659979900966e-05,0.00012273511416239827,0.00012528214176417638,-0.009500454823147117,-0.07750539139182486,9.783046302619708,0.009285507421680946,0.0016165471202243193,-0.01289430770877354,0.2801117155063583,0.28396937372738873,-0.6747170669699476
2732,0.283,0.9999999844422466,-2.18381089880493e-06,0.00012297637919569292,0.00012644187437105048,0.016830684106080802,-0.05219353713000615,9.720979321853529,0.012902994462158934,0.002088307555953942,-0.01103047877615832,0.2806035345181001,0.29201000120776766,-0.6769714575190255
2733,0.292,0.9999999835557869,-7.557216461995998e-06,0.0001294688123498847,0.0001267641155495797,-0.008526906893591878,-0.08032846844190136,9.754161128073044,0.009084990722095012,0.0035799643745104692,-0.011213148196298045,0.27719553750571674,0.292696746040792,-0.6833295728014829
2734,0.300,0.9999999825789885,-5.344365387432886e-06,0.00013658216814573548,0.00012711715898904084,0.026393967082769462,-0.10741001921093084,9.730565595504304,0.010914847564365475,0.0037433409605363436,-0.011197241011855989,0.2786507178223104,0.28517248446800214,-0.6771694858007888
2735,0.308,0.9999999844125194,5.566295294167576e-06,0.00013554522207006282,0.00011301092969806628,0.02483749633850754,-0.1018110781695101,9.75947483202776,0.012987974094178407,0.001797431151098638,-0.014694508609231889,0.277187876532987,0.2927318676521357,-0.6784468926264079
2736,0.317,0.999999985107167,9.592110630241293e-06,0.00012060653508412476,0.0001230760789979825,-0.009035497185823842,-0.07755771602609608,9.754183095683409,0.011348999921762987,-0.0015652824838723236,-0.008912970765949487,0.2845086333193171,0.2922594037587263,-0.6762346826344351
2737,0.325,0.99999998353576,-1.169101774243067e-05,0.0001333021811685399,0.00012256560690429078,0.015952502194632207,-0.0478581723800923,9.721003109845078,0.005266550401088451,0.00507056056614306,-0.011396781028540031,0.281101088238173,0.29904775024261043,-0.6828808338857871
2738,0.333,0.9999999835431242,-9.325796721194274e-06,0.0001397879571516948,0.0001152653788857987,0.04948382909972404,-0.07045366920308577,9.726313828551145,0.010957250873501299,0.0035977943386425247,-0.013029807785179561,0.27302828958348785,0.29204161065797707,-0.672588920176382
2739,0.342,0.9999999833529343,1.6868945201174317e-06,0.00013316964551154614,0.000124728230308156,0.017807079411774368,-0.0654098842430471,9.783605581765745,0.013020409542558842,0.00041723729435907714,-0.00904775617963884,0.28083194780606024,0.2901289260369657,-0.666947531474331
2740,0.350,0.9999999842867483,4.720956623599627e-06,0.00013206426421319282,0.00011816617799917452,0.049244830055224925,-0.06849471834901526,9.726329033985328,0.011116445711881593,0.00177944842859473,-0.012878998386958251,0.2779267928014492,0.29123720842695106,-0.6825854851291501
2741,0.358,0.9999999843208638,1.1357501852983641e-08,0.00013098481404133272,0.000119169001532048,0.023992803949608704,-0.09668762978579787,9.75952904577494,0.009244320869510742,0.0017615541988637961,-0.011063124869576075,0.27745348135763964,0.29385419868665863,-0.6921267944501001
2742,0.367,0.9999999861488152,3.2876280128377597e-06,0.0001291576781070909,0.00010492785814416531,0.04762818721946621,-0.06218885198238869,9.755236961234047,0.011159122603496203,0.0016333528981091,-0.01471116935179782,0.28573845096052203,0.28538149716591543,-0.6820428133564373
2743,0.375,0.9999999842231481,5.350279688245948e-06,0.0001369985454180931,0.0001129445737997259,-0.01023852793537718,-0.07172192389947718,9.754226563010343,0.010872309795384465,0.0038901083694488714,-0.009366781529851553,0.27229430335182586,0.2891190232691608,-0.6715924603761373
2744,0.383,0.9999999866684671,1.692282450541165e-05,0.00012833487327345344,9.953312992805907e-05,0.017083345822817345,-0.06087813862070895,9.78363612048478,0.01314874336201734,-2.0600292715015976e-05,-0.014543751449229812,0.2759633003393119,0.28884327950969435,-0.67597937057711
2745,0.392,0.9999999849591321,1.1837646198855507e-05,0.00012858471375603664,0.00011579109311935052,0.023427963700992593,-0.0930686065220607,9.759565600600409,0.009159489196838289,0.0020542966535090517,-0.007399563151165612,0.28184178198461185,0.2853375951517358,-0.6881522925120159
2746,0.400,0.9999999869080334,-5.833953792537325e-07,0.00013231630699617926,9.31449815495974e-05,0.02323274278355057,-0.09239355867586797,9.759572480572887,0.007383108742256595,0.002975505327131337,-0.016727241174482918,0.2808519407283686,0.2966292361974131,-0.679689914046478
2747,0.408,0.9999999867121468,9.95680539262076e-06,0.00013261122816454415,9.429119991014403e-05,-0.014581443226824236,-0.0445539556360886,9.720535343462252,0.012904345621751702,0.0020908198694976547,-0.011031602365726909,0.27595339067023733,0.29328335517106874,-0.6696634957608142
2748,0.417,0.9999999868084041,5.161579989633525e-06,0.00013147825723023012,9.523664156270701e-05,0.017810910928351735,-0.062215908401207554,9.75476488738305,0.009244923790650087,0.0017615275663691522,-0.011063724472046652,0.28181961751447393,0.29007799970051723,-0.6740258854940059
2749,0.425,0.9999999857880394,7.412566365969591e-06,0.00013865646393563911,9.562092261401185e-05,0.04641391778399336,-0.05616086637791555,9.755279379680452,0.01091483794216851,0.003744244137185332,-0.011199727967687664,0.279389273084569,0.28563265579744135,-0.6810779929220223
2750,0.433,0.9999999866703466,2.885223142444986e-06,0.0001368610785766601,8.89945368533792e-05,-0.004998260449452251,-0.09891709144376278,9.730205002382784,0.009287901946462684,0.0016147189792397368,-0.012895818113601014,0.27914291161677646,0.2924789529400427,-0.6796627421234036
2751,0.442,0.9999999876684666,-1.1538658095831367e-06,0.00012821189546305712,9.068321263671248e-05,0.046143795644010575,-0.05457063732817752,9.755289685166188,0.009405318110220724,-5.636218143567358e-05,-0.010911825072035402,0.27303131815362625,0.2888538159930975,-0.6745191632271387
2752,0.450,0.9999999867801622,-6.565164736418237e-06,0.00013461652211391937,9.09668433197149e-05,0.023634016688511013,-0.09216800437531512,9.730728998057927,0.009085038327666125,0.0035794895182057443,-0.011216230400089301,0.27425695256817506,0.2846807036883536,-0.677661136715312
2753,0.458,0.9999999865282695,-4.124609113237361e-06,0.00014112892504961305,8.372022160331293e-05,0.050810791385847535,-0.08143823676424168,9.760137060468612,0.010957683945447976,0.0035976381655066416,-0.013032289670279869,0.2701065477647351,0.282971763523554,-0.6776553561617533
2754,0.467,0.999999986580146,-8.810490391467236e-06,0.0001399294335432349,8.474571679280324e-05,0.016688276298774115,-0.057418144281928776,9.754796292802446,0.009245526056166208,0.0017616121443766117,-0.011064110364303641,0.27987500464768894,0.29736339520575156,-0.679452580507125
2755,0.475,0.999999986564644,-5.890952913143222e-06,0.0001395401970781996,8.581691170527481e-05,0.023002889431450377,-0.08970550677179892,9.73075352415231,0.01107534509542742,0.0019269157881740958,-0.011048153704523722,0.28011795174140247,0.29346251449933985,-0.6786916981678275
2756,0.483,0.9999999855297986,-3.716522047026864e-06,0.0001466592373408714,8.61258291461176e-05,0.021417640063478512,-0.08413537893785122,9.759651320351637,0.010914918271543401,0.0037447963305718597,-0.011200731714530034,0.2769454916440419,0.27856329731238905,-0.6795660931811955
2757,0.492,0.9999999836316305,-1.6546495872506262e-06,0.00015450830124137937,9.413387299899081e-05,-0.01416922415793801,-0.055385876813455304,9.783190888756407,0.010872047395538278,0.0038920901679772146,-0.009368826424400083,0.28158160596816884,0.2900499024114423,-0.6779324126926116
2758,0.500,0.9999999836922739,-6.340028089135497e-06,0.0001533629198457979,9.515813686578314e-05,0.022257372658445795,-0.08710891402550855,9.730778847779165,0.009246037807511142,0.00176137480405622,-0.01106431251442504,0.2774385038865591,0.2905048054991799,-0.682580983011025
2759,0.508,0.999999983721035,-1.1042117410317839e-05,0.00015228282952158977,9.615581701867917e-05,0.015649226333444604,-0.05323631726737139,9.754821733490179,0.009246110414159464,0.0017613890982997422,-0.011064391460556598,0.2752458375497968,0.2904837325323736,-0.6855140386429833
2760,0.517,0.9999999847035719,1.544132495110797e-07,0.00014491078151498868,9.79474232780656e-05,0.019312846271519423,-0.07607865745661416,9.788568744662053,0.013066489716333542,0.00027501099899443666,-0.010879539264791934,0.277673393182386,0.28542013093839363,-0.6766845060958707
2762,0.533,0.999999984774524,-9.24871506680051e-06,0.00014274929838522472,9.994023833474236e-05,0.020536932775470775,-0.07947834517694925,9.759692255470618,0.009246235504429856,0.0017612436812601976,-0.011064685793497397,0.2847596960723039,0.2946691374010877,-0.680646272517513
2763,0.542,0.999999984557768,-6.861772564819321e-06,0.00014917420492364104,9.265223656401048e-05,0.01377190624550735,-0.04515103583540938,9.783726561111854,0.010958143433010376,0.003597279513450224,-0.013033812718953382,0.27694833554744,0.29295492899458664,-0.6813786398684046
2764,0.550,0.9999999835780702,3.494489132363851e-06,0.0001501506570017526,0.00010142203141871154,0.02002874070455093,-0.0773071787048824,9.759710745844975,0.012862805329396113,0.0022412172865505326,-0.009200709721218848,0.2801060799889756,0.2937610873061798,-0.671125299974867
2765,0.558,0.9999999845103614,-1.0875539518199568e-06,0.00014833313258808074,9.473846102478656e-05,0.0212512436746119,-0.08110261361397589,9.730833011044687,0.009289814677373835,0.0016131593454198952,-0.012896941133769232,0.2789014333456141,0.2907577202112729,-0.6813597706943864
2766,0.567,0.9999999833837415,1.1645137748201441e-06,0.00015551483777749458,9.511202128595823e-05,0.018295517355633364,-0.0708804528409966,9.788609719022045,0.01091508606512722,0.0037451065257826754,-0.011202275918906443,0.2740101667221842,0.287866742272666,-0.6759754107318549
2767,0.575,0.9999999833501825,4.061506325858001e-06,0.0001550366623509685,9.616013986960399e-05,0.015692275740596503,-0.05095754579418261,9.725975125809372,0.011076578913978822,0.0019274128258440731,-0.011048974971023131,0.2796334244302744,0.2866091930344697,-0.6810846341770989
2768,0.583,0.9999999824171301,6.795302421198971e-06,0.00015532158415281684,0.00010485594521751966,0.024418134250813284,-0.10221325550256423,9.764615173117999,0.011033366773170393,0.002075554589424305,-0.009217057934755787,0.2776734179801229,0.2876173397217074,-0.6767003108015215
2769,0.592,0.9999999803566018,-1.4505551982010058e-05,0.0001679129979809748,0.00010431495583177144,0.020381134495281908,-0.07782691148147847,9.730861621633808,0.005264465425478024,0.00506326989975435,-0.011404514812756391,0.2781574713175788,0.28641598506166105,-0.6740052901961102
2770,0.600,0.9999999802824201,-3.9554702533912564e-06,0.00016822222202800142,0.00010545519240384553,-0.010090202025236245,-0.07767023790265544,9.759239495931087,0.012906703908747765,0.002094235410499959,-0.011032925090587144,0.26473318713189764,0.285179508790271,-0.676214784102892
2771,0.608,0.9999999790348525,-1.7165871883640858e-06,0.00017528551638361877,0.00010584108955463392,0.04729955096719287,-0.06611435822358794,9.760270539601397,0.01091536216729539,0.003745251476040216,-0.011202855208014974,0.2754831518814319,0.29661869971401,-0.6811631453870111
2772,0.617,0.9999999790991794,-6.412765136273077e-06,0.00017420317343581245,0.00010683525465818624,-0.010537329349101251,-0.07588356850584507,9.759253076971532,0.009247516330723458,0.0017608756827930826,-0.011065262630207356,0.2793790272070279,0.29422477079675324,-0.6745478374298686
2773,0.625,0.9999999791602064,-1.119882052936251e-05,0.0001730433635840392,0.00010775048863479866,0.019516406463546267,-0.07454950352566601,9.730889055956753,0.009247589495562565,0.0017608901034727581,-0.011065342170432273,0.2859707884151869,0.2917834277041825,-0.6745199340650719
2774,0.633,0.9999999791757416,-1.5894415002155437e-05,0.0001719611347005996,0.00010874397962255602,0.017998644159149625,-0.06907920148575683,9.759776404225214,0.009247662695851495,0.00176090453123864,-0.011065421753011756,0.2708409308215541,0.2871132663780885,-0.6789047303627801
2775,0.642,0.9999999770893113,-2.863625865846927e-05,0.00017146423214555172,0.00012490539940591936,0.01785542425728645,-0.06840363869746541,9.759781424625585,0.007330950059852632,0.0018911507784400733,-0.007417586223282235,0.2791398279405558,0.2907840614197807,-0.6776973775045342
2776,0.650,0.9999999781530859,-2.5515276434541197e-05,0.00017040479834245427,0.00011834273297095211,0.02286086175523628,-0.09607430633335806,9.764681274016947,0.011121101665742497,0.001779270024352803,-0.012881437442396079,0.27938587799761877,0.2902870123984305,-0.6789141523329457
2777,0.658,0.9999999781920812,-1.5006478863892289e-05,0.00017065229893885078,0.00011945055664609467,0.01617666589269936,-0.061947517697468944,9.788674059216122,0.012907336917868075,0.002095210391738593,-0.011033408090460472,0.2727998542530948,0.2919696113547223,-0.6825987975938317
2778,0.667,0.999999975815163,-2.819285136108801e-05,0.0001771144658440202,0.00012730004948297024,0.05129738424132571,-0.08896156387757208,9.765212012451954,0.00721239359831582,0.0035598854643100314,-0.00940412266236893,0.27718247252251443,0.28909443814122016,-0.675002675327771
2779,0.675,0.9999999770828787,-2.462883475312896e-05,0.0001690541246746374,0.00012902854422973896,0.018579320264568797,-0.06983111852009481,9.730925895440015,0.011240206727955787,0.00011053931678464748,-0.010895273982724248,0.2808491794840938,0.28956163379292815,-0.6779300497114382
2780,0.683,0.9999999770103868,-2.9322354563359855e-05,0.00016797086920948727,0.00013002004700191476,-0.016841776787849875,-0.04116510253074177,9.754394213315045,0.009248156595285216,0.001760683650865443,-0.011065899401191074,0.2874385955602639,0.28298054392639,-0.6764074889612232
2781,0.692,0.9999999769143647,-3.402224448736534e-05,0.00016686840813768012,0.00013102935392975942,0.04717856520211183,-0.06292688671058758,9.731449671950644,0.009248230057275535,0.0017606981282328978,-0.011065979266760027,0.28012060277351264,0.2907647445335416,-0.6803813193666416
2782,0.700,0.999999976933743,-3.1091513370145735e-05,0.00016648502707664896,0.00013209302327192785,0.018230032250023478,-0.06742123456215433,9.730943551462248,0.011078017637016803,0.0019282960122490346,-0.011049937818470966,0.2766942166712737,0.2912916469245339,-0.6750192461505136
2783,0.708,0.9999999971259054,7.835669074366046e-06,7.248708911586689e-05,2.0794555264494148e-05,0.0166228878400979,-0.06178687177885044,9.759827735886976,0.010959198457451877,0.0035966119427766653,-0.013036703509156939,0.27938471507518875,0.2890716090938467,-0.6781729699146564
2784,0.717,0.9999999968708884,1.0610607901947693e-05,7.267510657473317e-05,2.9393330424395545e-05,0.016397826470279733,-0.06089094871475134,9.75983374715162,0.011034462571055958,0.00207770801985386,-0.009218030616656117,0.2744916268889164,0.2944899780728166,-0.671627646574148
2785,0.725,0.9999999958452437,4.517010421524701e-06,8.660306452422369e-05,2.8089471846768656e-05,0.02266291790694011,-0.09323627505352547,9.735879808381982,0.008923006982588657,0.005395457538611064,-0.01137590969526665,0.28427979289785477,0.2902360860619821,-0.6859863774158858
2786,0.733,0.9999999950194093,1.4722642052559958e-05,8.816985912543699e-05,4.4390329054788924e-05,0.04458971249472617,-0.053859156095561404,9.760358616942638,0.012820551011532313,0.0023952753687351124,-0.007369835285067255,0.28109716131616413,0.29052061022428455,-0.6803780310540523
2788,0.750,0.9999999963476688,-1.3732459692058252e-06,7.682425495719386e-05,3.742740576348477e-05,0.020321405786653455,-0.079313613191104,9.719001051515113,0.00843763218494287,0.0006927972867698751,-0.011912926388045756,0.2847569954447198,0.2929724898002585,-0.6789250419073973
2789,0.758,0.9999999967977412,-5.912797819575637e-06,7.497139058183556e-05,2.7365078706715136e-05,0.019313481269909286,-0.08057465866776976,9.793660990197546,0.009293005360391338,0.0016107946270455926,-0.012898550759752863,0.2769386959595333,0.2873837418958534,-0.6752348998462312
2790,0.767,0.9999999961841205,4.00275099305883e-06,8.275363595753271e-05,2.7705106520568865e-05,0.015308725333602103,-0.0560185349814811,9.759864700059266,0.012745295297241211,0.003914475373552887,-0.011189516324080735,0.2747502404024683,0.287099217733551,-0.6808516734960751
2791,0.775,0.9999999958723821,-8.763287307870237e-07,8.219802929242107e-05,3.87033882614707e-05,0.020263109223676686,-0.08353375872245049,9.764802341609947,0.009205279661741485,0.0019101844434922638,-0.009234619020517212,0.2784012726782972,0.2903238900903415,-0.6737888703833008
2792,0.783,0.999999997078569,-4.457824604217037e-06,7.208189263229846e-05,2.5043778111226365e-05,0.04381852570394606,-0.04901246193554882,9.76038764877017,0.009500864061260491,-0.0003567880659713792,-0.014575415668088848,0.27522899994161615,0.29202580593287236,-0.6747826787282524
2794,0.800,0.9999999978570855,-5.344597780047646e-06,6.213337377087234e-05,1.9917532402343985e-05,0.034067622948699486,-0.07180941466679942,9.719296906029413,0.010268020120319426,0.0008611017003222081,-0.011897167432894385,0.2749745035274217,0.29085254856190096,-0.668182663158419
2795,0.808,0.9999999975532419,-1.0587373373318115e-05,6.781808253440286e-05,1.3495631277063657e-05,0.018567696758714225,-0.07556868078933277,9.79370233851447,0.009129861759816336,0.003427710809665298,-0.01305479650819093,0.27962883611254885,0.2873626689290472,-0.6781602943072709
2796,0.817,0.9999999976894003,-1.5042600968532884e-05,6.594866654506238e-05,6.759663951817738e-06,-0.01142204623486327,-0.06607850984880469,9.701635312326246,0.009293712711671552,0.0016104140293547917,-0.012899222571360131,0.2732681915752384,0.2898637187609024,-0.6698872583158942
2797,0.825,0.9999999982110351,-1.1445949086418285e-05,5.7870250320469756e-05,9.89719197064943e-06,0.019710052994304054,-0.0787459543354666,9.764843258489288,0.01124316488536188,0.00011228696240517198,-0.010895383386392225,0.2742493852757853,0.2930163918144382,-0.6728381632060287
2798,0.833,0.999999998205863,-1.6096342476927754e-05,5.6681455392814775e-05,1.0788631471235594e-05,-0.014361739986554777,-0.05487556627839918,9.759388934986072,0.009249626543481325,0.0017605685196738106,-0.011067436512400676,0.2840214026253007,0.28346530038376977,-0.676904631955185
2799,0.842,0.9999999986482554,-1.2491067056733084e-05,4.862467643399805e-05,1.3531576873343156e-05,0.04977183868423142,-0.07647989112606744,9.736498027766386,0.011243404630968063,0.00011241803999176068,-0.010895484700916273,0.27890181363894645,0.2905118298214486,-0.6816021486247344
2800,0.850,0.999999998806785,-9.321628583302089e-06,4.745925220965528e-05,6.8670697969025864e-06,0.019502530014960644,-0.0761627910345022,9.764864164702166,0.011123627263854578,0.0017792406977734417,-0.012883618772010198,0.2791440524967736,0.2917412817705699,-0.680389875914448
2801,0.858,0.9999999988105879,-1.4022606527742094e-05,4.6224926235213585e-05,6.741439472307002e-06,0.019366066634913612,-0.07533191960406502,9.764870880389836,0.009249779903845219,0.0017605008981231719,-0.011067789320899728,0.2757233625286078,0.28784742538642694,-0.6786582034183245
2802,0.867,0.999999998782444,-1.8672058468633554e-05,4.5035919637955115e-05,7.631028704571369e-06,0.020636247454741193,-0.07936002514726626,9.73600731179009,0.009249854181054838,0.0017605155248954904,-0.011067870113178988,0.27742894695777576,0.2922576476781591,-0.6764899253410208
2803,0.875,0.9999999985350733,-8.81496480990804e-06,5.2778059446634635e-05,8.162496706727958e-06,0.01378606384638462,-0.04528276317310273,9.759922684767066,0.012744930509593785,0.00391667584392082,-0.0111919515729189,0.2798615070203762,0.2893684258201195,-0.6708499396133576
2804,0.883,0.9999999984014295,-1.3659751870735952e-05,5.227163962678371e-05,1.6680164270665538e-05,0.01877472563512555,-0.07278605398974593,9.764891343644729,0.009205749256310042,0.0019111520366804004,-0.00923593504598268,0.2774381263485309,0.29099483019826117,-0.6823403611590826
2805,0.892,0.9999999977579064,-1.9250192116127162e-05,5.930714787439757e-05,2.4418835895596175e-05,0.019960703344699945,-0.07683188531783017,9.736028999489788,0.009041305511352547,0.0037283517064560785,-0.009392398535402443,0.2766899810938395,0.2893578893367164,-0.6723197234269773
2806,0.900,0.99999999781529,-1.6273911202207693e-05,5.882486270830908e-05,2.53813990233146e-05,-0.014280967576055412,-0.05300747877186294,9.730554210512535,0.011080051573294425,0.0019299927884064078,-0.011051912167066693,0.2776772236687508,0.2854025701327217,-0.6791258461834081
2807,0.908,0.9999999974512561,-2.115321894124609e-05,5.8288558328469776e-05,3.539029843211429e-05,0.023405025404014144,-0.09878961279317244,9.769881503359843,0.009206001101482435,0.001911200697613251,-0.009236092367550386,0.2749874941174128,0.2878632301115316,-0.6764621465151787
2808,0.917,0.999999997070802,4.00887577784154e-06,6.749839993783206e-05,3.586489640074554e-05,0.020757294367925675,-0.07894602050830384,9.707184175459881,0.01640454305053888,0.004256749068394431,-0.011160286889688854,0.2796312170634912,0.2946761617233564,-0.6796777807119625
2809,0.925,0.9999999978149244,7.801839833550731e-06,5.8718064010303774e-05,2.9350827890625075e-05,0.01918057113618436,-0.07302335440950843,9.736059878640296,0.01128977907045911,-3.8486820977854876e-05,-0.012727424098819556,0.27669347537173783,0.29349236786898203,-0.6745467828386569
2811,0.942,0.9999999968235511,-2.5697606228571953e-06,6.527069304432077e-05,4.567308423002247e-05,0.01754762864722964,-0.06701877334965861,9.764934918896337,0.009123788821037824,0.002819660645497687,-0.009314859773888667,0.27425817886259973,0.2915111961058503,-0.678442708936931
2812,0.950,0.9999999968755414,-7.331497085645074e-06,6.400330023306302e-05,4.5812048563576e-05,0.022495326683073427,-0.09428779655408522,9.769928123808256,0.009251015244323113,0.0017597534229786202,-0.011068521787926739,0.2679005573848194,0.29033618265431177,-0.6720964038394998
2813,0.958,0.9999999968792286,-4.352243628381432e-06,6.352124937742876e-05,4.6772334783674455e-05,0.011867633722434047,-0.036679846151180445,9.75996132762833,0.011080763813012724,0.0019300446925979626,-0.01105245168661895,0.27498944242424456,0.29078406141978064,-0.6777038894998151
2814,0.967,0.9999999963819047,-9.756949890916261e-06,6.980519768079242e-05,4.7625910054610574e-05,0.018311331426697042,-0.06905842415955553,9.736090482130248,0.009085986683608781,0.003576762050357552,-0.011225847338185086,0.28328628929016214,0.28250105571071177,-0.6751898187559241
2815,0.975,0.999999995870107,-7.464610145983156e-06,7.688977363605913e-05,4.787513161973086e-05,0.023268732446156494,-0.0966326103675212,9.741089338048084,0.010915736022906202,0.0037472278670657145,-0.011209768002705376,0.27547277099398926,0.29324823355972496,-0.6745469420529809
2816,0.983,0.9999999963480503,-3.3506619332527972e-06,6.195931205573728e-05,5.87683289881376e-05,0.02176702138078552,-0.09090984039148663,9.769961790838261,0.01136712993727728,-0.0015521852565279803,-0.008905879147724267,0.28011524284790595,0.2910334639707393,-0.6769651993224949
2817,0.992,0.9999999952369395,-2.461763765694334e-05,7.447415398880598e-05,5.8083500290871555e-05,0.01637943948347005,-0.06184548273518625,9.764971074388592,0.0052612634777853134,0.0050523336072518105,-0.01141604930655767,0.2823040979854321,0.292781037908017,-0.6716030961518386
2818,1.000,0.9999999962930496,-1.3712514216614752e-05,7.33451829734086e-05,4.2969200181495906e-05,0.01468457680540441,-0.056280356985435355,9.79383876771656,0.013000618608062611,0.001797519784872125,-0.014700636952440664,0.2766880768718736,0.2903432069765806,-0.6711060776968311
2819,1.008,0.9999999958498036,-1.8552379674720846e-05,7.284043379032805e-05,5.1482752436253637e-05,0.0173863554245663,-0.06501839003649908,9.736119995510162,0.009206891835197548,0.0019115924220756688,-0.009236942027832238,0.2771839523662823,0.28444886194306684,-0.6759458458730788
2820,1.017,0.9999999965328161,-2.284109865277924e-05,7.024544217236037e-05,3.844775266295017e-05,0.017256205853208112,-0.06426420254676429,9.736125234383953,0.009341568260944247,0.0014557352144926089,-0.014733205287587228,0.2823186538336186,0.2927143068464639,-0.6808801884844808
2821,1.025,0.9999999959222046,-2.8172109774401128e-05,7.661899354036286e-05,3.8619331168738134e-05,0.04584372176686485,-0.058085193979776926,9.736644427128034,0.009086085349752462,0.003576766917512409,-0.011226871555116768,0.2720601415790143,0.29078230533921345,-0.6779526202111201
2822,1.033,0.9999999958675022,-3.287508168948654e-05,7.536499854882568e-05,3.8785850282703305e-05,-0.009522971561826249,-0.08692434028976345,9.798352488671538,0.009252031472158246,0.001759831436053175,-0.011069194612302036,0.2722919830175741,0.28717648527850725,-0.6701136076963696
2823,1.042,0.9999999953680963,-3.771390889749447e-05,7.486212610770867e-05,4.7298314410154663e-05,0.010007884473120739,-0.028807748764664357,9.759989820869354,0.009207136697208785,0.0019120025420582849,-0.009237204698221684,0.27158333861261064,0.2895089513759124,-0.685268626198796
2825,1.058,0.9999999956968043,-3.206672555059782e-05,7.998619526294746e-05,3.435585560630268e-05,0.015703408790286703,-0.058329678874628935,9.750579185813432,0.011043891172062706,0.0026872837597299664,-0.012964237362073945,0.27889950983651934,0.2900340976863376,-0.6801338324154007
2826,1.067,0.9999999960147608,-2.862343568720465e-05,7.259316977895605e-05,4.3375216670966756e-05,-0.007307122912621226,-0.09321468592402071,9.7406630696025,0.011203216528777583,0.0002667428930615659,-0.009063135836271344,0.27767190507270584,0.2893333042087757,-0.6757360673153459
2827,1.075,0.9999999957218805,-3.375477745583254e-05,7.827527574498796e-05,3.5914276777462855e-05,0.04868332701655092,-0.07665716119191272,9.770557987099064,0.009131261708362823,0.003424067602556993,-0.013059887138230824,0.27669186327337253,0.28641949722279547,-0.6735193205298783
2828,1.083,0.9999999955824337,-3.843304844444173e-05,7.705434113614037e-05,3.7691669795019885e-05,-0.014364562283047406,-0.05842640712688201,9.764511861407566,0.009252595615511333,0.0017597530017454332,-0.011069669704243175,0.28108022451703535,0.2832738484915284,-0.6695834523167182
2829,1.092,0.9999999962399558,-3.475454425330383e-05,6.901295659498489e-05,3.936269915379247e-05,0.02106335620627771,-0.08536169040737752,9.741199643818483,0.011248766766988237,0.0001146202823472548,-0.010895239366410587,0.2766991136444246,0.283944788599448,-0.6781403059121431
2830,1.100,0.999999995707365,-3.245212528609977e-05,7.610243984588482e-05,4.171988360205252e-05,-0.007865687979601618,-0.08991446747578748,9.740693657562922,0.010915789335614072,0.0037483108484209623,-0.011212131836060095,0.27890410917546127,0.29025715902878835,-0.6830651965988513
2831,1.108,0.9999999963285281,-2.877214353944749e-05,6.80613416498263e-05,4.339080283885775e-05,0.019330134043666056,-0.07870826319662474,9.770072832329863,0.011249106685732571,0.0001146848033433492,-0.010895259339509442,0.2701066607322038,0.2929812702030944,-0.6777273553763845
2832,1.117,0.9999999963832876,-3.376175710767961e-05,7.295411173520925e-05,2.7771675411880333e-05,0.020636855741938825,-0.08272730087113,9.741223284576817,0.009176622509678125,0.0032706672484984992,-0.01489284662142357,0.26790400482254784,0.2903203779292071,-0.6742936099182835
2833,1.125,0.9999999964709835,-3.086861050813678e-05,7.796740710488048e-05,5.123067412761138e-06,0.018943859686671068,-0.07704870773449826,9.770086817619857,0.011051650552149775,0.003289858550691959,-0.016708865177986105,0.28133553386867277,0.2885938769587357,-0.6767015892369551
2834,1.133,0.9999999964047374,-3.55646546098467e-05,7.671239739313932e-05,6.394454124235373e-06,0.02018588706019397,-0.08107708048054683,9.741238104054213,0.00925312272291227,0.001759871043755952,-0.011070216545706132,0.2837654125908178,0.2857169476646664,-0.6693526654480156
2835,1.142,0.9999999969563194,-3.20822558924956e-05,6.936708982993528e-05,1.5693849672498874e-05,-0.01010617735701806,-0.08085541282917705,9.769586003743793,0.011204489315952653,0.0002684754949071262,-0.009063197673042887,0.2825527384579148,0.2842152641172129,-0.6744708584541401
2837,1.158,0.9999999969085595,-2.632991800242471e-05,6.918234039413148e-05,2.6522086841960863e-05,0.006278125276295594,-0.08405835016304725,9.72657230118355,0.011060209916164597,0.0020086745915462523,-0.01013826009448339,0.27767768662120657,0.29248070902060996,-0.6794209064659255
2838,1.167,0.9999999972411112,-2.3222833153175752e-05,6.796493992451145e-05,1.8953752745256538e-05,0.014412411930029451,-0.049171977147929286,9.736217780208754,0.01112846200273167,0.0017787486353920737,-0.012886531232639623,0.28084767208728495,0.2917658668985106,-0.676969318382074
2839,1.175,0.9999999967801989,-2.0929959218093324e-05,7.505610479874201e-05,1.9186454013138295e-05,0.018062022892090263,-0.07177139651873171,9.77012868017129,0.010915799486191386,0.003748851460977768,-0.011213704585663446,0.2759689992286893,0.2846666550438161,-0.6796115273755203
2840,1.183,0.9999999972719993,-2.4895513403447022e-05,6.626684541579666e-05,2.1093119851216e-05,0.019362218254781963,-0.0758137704682221,9.741282160978704,0.009421059718356552,-5.721476984339939e-05,-0.01091152406505212,0.2793842851863823,0.2849230819170436,-0.6778989825730066
2841,1.192,0.9999999955403523,-3.132504284980116e-05,8.159180228535241e-05,3.5788471671656265e-05,-0.009635120884353284,-0.08055695727826864,9.740773949723803,0.008827683410063276,0.005699877032434274,-0.007725353033763968,0.2771782589875132,0.28911375502745923,-0.6723172012314798
2842,1.200,0.9999999948625736,-4.410985337983091e-05,8.653448347340227e-05,2.8999265314817274e-05,0.01733582050292186,-0.06953942681890543,9.770146134845055,0.007302325618195383,0.0032495867286978135,-0.013078527320495723,0.27694594357528124,0.2846648989632489,-0.6798541291500904
2843,1.208,0.9999999946767676,-4.131970564535205e-05,8.675805354029662e-05,3.757906983802332e-05,0.018572592343715146,-0.07366909238919966,9.741300154861758,0.011038077075637,0.0020861629082833486,-0.009222517080600073,0.2720578543084119,0.29176937905964495,-0.6764948404722202
2844,1.217,0.9999999941084584,-3.905621461137974e-05,9.376819634086917e-05,3.827819496998249e-05,-0.011879361163247807,-0.07338914623130702,9.769642948182408,0.010916088937528358,0.0037490859124892795,-0.011214229246487573,0.2781601802110754,0.28884503559026153,-0.6757317890414428
2845,1.225,0.999999994570273,-3.586196927108668e-05,9.26001672370285e-05,3.1600342602583655e-05,-0.01597363620342553,-0.049016412211785515,9.735731257726425,0.011129628076084513,0.001778677112435042,-0.012886807498019253,0.28011369136623115,0.28933154812820855,-0.6759763707386404
2846,1.233,0.9999999944697846,-4.054914393382386e-05,9.140492155832032e-05,3.257818068501525e-05,0.04530922349433093,-0.060666439657889454,9.770686588972332,0.009254409647212214,0.0017593662746739015,-0.011071061561500655,0.27987570737296724,0.2917447939317043,-0.6799004587213027
2848,1.250,0.9999999937791751,-4.2884498087622835e-05,9.730395251694933e-05,3.368249836395618e-05,0.018917392604811435,-0.07914381372483385,9.772716272561363,0.010085361894853888,0.0027543375787919527,-0.01114296026385029,0.2764542650840491,0.2890751212549811,-0.6776892985997
2849,1.258,0.9999999942672503,-3.947824495195323e-05,8.991477693764515e-05,4.268841587856651e-05,0.01747767923103249,-0.06857794113140714,9.741339352472282,0.01120666188416212,0.0002703604579718479,-0.009062959201982614,0.28427173509996795,0.2890522922076076,-0.6808507828400288
2850,1.267,0.9999999941427743,-4.410711701477875e-05,8.871994079411452e-05,4.35635827626883e-05,0.017401016949047297,-0.06774596954110712,9.74134531012655,0.009254755798431775,0.001759188789899484,-0.011071405226454056,0.2791405306658341,0.28516546014573346,-0.678145255718712
2851,1.275,0.9999999932877687,-4.943875684367192e-05,9.509827468031002e-05,4.400670263230027e-05,0.02107675339514108,-0.09045735293229415,9.775281077648245,0.009086571514913105,0.0035757387314459496,-0.011231586795743952,0.2698578576967784,0.28714311974773077,-0.6747559844481501
2852,1.283,0.9999999941204284,-4.574266911991225e-05,8.70645242106389e-05,4.567844460223626e-05,0.010246827439365145,-0.032920865598856354,9.765119788999327,0.011252945907473623,0.00011643618560800188,-0.010895077762787543,0.27058533485692426,0.2903396948154462,-0.6716039221779869
2853,1.292,0.9999999929093678,-5.876302616546505e-05,9.259387192743937e-05,4.641709119911366e-05,-0.011857738840476787,-0.07093732188759815,9.740846301201646,0.007256965609513551,0.0034018471033263513,-0.011248163389763942,0.2840233371556119,0.2851654601457334,-0.6781375945477933
2854,1.300,0.9999999926956918,-6.339025117486731e-05,9.139931648432014e-05,4.7291200579835346e-05,0.013790413300828185,-0.05494255982587645,9.799060696612996,0.009255144699710996,0.0017592632375030956,-0.011071667084544172,0.2881733837081523,0.2890733651744139,-0.6779150457982489
2855,1.308,0.9999999937180958,-6.662292943237312e-05,7.516339080809113e-05,4.975598746756374e-05,0.05083591417627846,-0.08680926408192101,9.746978698626894,0.009592394381422217,-0.0018736815734410617,-0.010750973107439027,0.2835419927116526,0.28879586533438023,-0.6825591139985371
2856,1.317,0.9999999936964121,-5.6705853615164095e-05,8.298465867536382e-05,5.005165718933347e-05,0.015180601315535247,-0.05816592824693949,9.770224055566809,0.012745671255204953,0.003923865051040895,-0.011199986753137287,0.26741535214614987,0.29129867124680264,-0.6740572663402442
2857,1.325,0.9999999948834347,-5.285667131820412e-05,7.417711527039949e-05,4.401202582869785e-05,0.015028151568543936,-0.05718555866414339,9.770230077176361,0.011299687776552584,-3.784990600907957e-05,-0.012727329581697918,0.2876931333040202,0.2878158159362175,-0.6830338457071411
2858,1.333,0.9999999951732338,-6.420039280776433e-05,6.399156642285913e-05,3.79067470578138e-05,0.016512219945728764,-0.061325251548858324,9.741389393027463,0.007640588046683437,-0.0003863370881491887,-0.012759882604702599,0.28206526523577174,0.28787376659493474,-0.674986233764824
2859,1.342,0.9999999938599046,-6.282566207246042e-05,7.941046916851755e-05,4.502337604539984e-05,0.017763220850984758,-0.06549365501802426,9.712549688299504,0.010700950348511653,0.005721278589707127,-0.009545437301495093,0.275724900233762,0.2883286696826723,-0.6796382516101508
2860,1.350,0.9999999946144135,-5.91245200844999e-05,7.137987107530188e-05,4.669451734273729e-05,0.016069492852941982,-0.05968674038274153,9.741400312496868,0.011254155479689302,0.00011717975080878565,-0.010895264695495085,0.27840211041347707,0.2966678699698912,-0.674322796439355
2862,1.367,0.9999999954761155,-5.994330204318959e-05,6.14060941715547e-05,4.103487732867654e-05,0.0194197508949084,-0.07502563437782125,9.72954038948635,0.010278003247004128,0.000860655685885862,-0.011900017270584417,0.28499346928587066,0.29251934279308806,-0.6740384665169651
2863,1.375,0.9999999945593894,-5.105426407555587e-05,7.758603114925673e-05,4.7487805211932966e-05,0.021074760816068204,-0.08539086513337016,9.746528623410228,0.012530125564993989,0.005896324926669138,-0.009530277201038368,0.26985286979859174,0.28643354586733294,-0.6715769740991345
2864,1.383,0.9999999961504632,-4.644148575678028e-05,6.129097942152774e-05,4.2257279039695e-05,0.022384885687002667,-0.08934131904045682,9.717695126490232,0.011470392928438423,-0.0018542555378512685,-0.012566293143665913,0.2825593660075078,0.29443905173636814,-0.6786948918959907
2865,1.392,0.9999999963705918,-5.785847651537402e-05,5.1048174769361665e-05,3.612889498596943e-05,-0.007743307262188461,-0.08918665121291668,9.746029975637857,0.0076418816692586594,-0.00038764871978627554,-0.012760025860259011,0.28304107972358317,0.2895862189208687,-0.6745087260619723
2866,1.400,0.9999999952160861,-6.389413191314952e-05,6.497845439433334e-05,3.5541078196034965e-05,0.013974854453395977,-0.04969041553268281,9.770272634347501,0.008916739998609867,0.0053916422023455165,-0.011395650160555269,0.2796476468252983,0.2909386356201112,-0.690149201912289
2867,1.408,0.999999994660986,-6.82447768886758e-05,5.760611184299035e-05,5.198282660837004e-05,0.019131790651393206,-0.07728546755288444,9.77539809092814,0.009333060239298934,0.00025359832963015624,-0.007247417320830742,0.2784193062725572,0.2929268317055116,-0.685282485657189
2868,1.417,0.9999999956770574,-6.433440296276163e-05,4.887464322903858e-05,4.6024335394837444e-05,0.020598703701142976,-0.08137888074857946,9.746563963208235,0.011301603855344844,-3.775009543253108e-05,-0.012727653371023292,0.27791066067385106,0.2874048148626597,-0.6723037595070025
2869,1.425,0.9999999949877592,-6.971370211192287e-05,5.519604365483573e-05,4.6020410591619565e-05,0.02438092678587155,-0.1039482858419723,9.780537765399133,0.009086292173728389,0.0035751767526660747,-0.011234847658195265,0.2740101804987048,0.2890874138189515,-0.6759841911238831
2870,1.433,0.9999999950774391,-7.362963963902929e-05,4.643755282458002e-05,4.761671602268373e-05,0.014937099356391662,-0.051458872790216464,9.741449051889601,0.009426044466243072,-5.732841584317839e-05,-0.010911760078503798,0.27913977283447344,0.28590137523463904,-0.6776622559364214
2871,1.442,0.9999999947184451,-7.827335814164387e-05,4.5186261333342706e-05,4.8934575202368635e-05,-0.008492728880818633,-0.08460130417468108,9.746070234348018,0.00925620115194163,0.0017589328565843212,-0.011073500770785007,0.27450606976963415,0.2844137403317231,-0.6808327396921591
2872,1.450,0.9999999957573529,-6.694206573417289e-05,3.789192009178361e-05,5.067796861148565e-05,0.01871720971477201,-0.0731809360924202,9.775430485066357,0.01308544047812285,0.0002936646101955422,-0.010879491108380279,0.2744950440182995,0.2917886959458841,-0.6738055357904695
2874,1.467,0.9999999943930249,-7.763161946657663e-05,5.053628706575814e-05,5.1316327433912064e-05,0.03157704909473549,-0.05990002800429579,9.744290287574042,0.00908625935880075,0.003575005451637914,-0.011235640668940217,0.28451582307367873,0.2844137403317231,-0.6808170342917756
2875,1.475,0.9999999940141037,-8.219719204400589e-05,4.937984459023649e-05,5.2697677163271366e-05,-0.009209458376252975,-0.08131408621725153,9.746097563908238,0.00925662218936906,0.0017588403417897606,-0.011073793082888146,0.27767461121089826,0.2915182204281191,-0.677460810082273
2876,1.483,0.9999999938132714,-7.990377795836647e-05,5.647933529736591e-05,5.2904894896966216e-05,0.02325905534969009,-0.09829284601522824,9.780598969894655,0.010915950997768964,0.0037508519213616137,-0.01121973657649165,0.28255123932701826,0.28715190015056663,-0.6735153953599928
2877,1.492,0.9999999934479149,-8.459101741449495e-05,5.528899119249263e-05,5.3774136533237235e-05,0.013705169196503946,-0.045764713652402936,9.741479277925432,0.009256874893757183,0.0017588013312170836,-0.011073904523659688,0.2754665044505997,0.2810696153859459,-0.6705529939926389
2878,1.500,0.999999993672027,-8.158759408669794e-05,5.482681771436488e-05,5.471225797602729e-05,0.018970211389346306,-0.07326660758582335,9.746631625960982,0.011086523718460603,0.001934811792621145,-0.011057783635409147,0.27230493778861165,0.2810134208077958,-0.6783702620338561
2879,1.508,0.9999999932313638,-8.614485294839462e-05,5.3549805802256306e-05,5.699785136159416e-05,-0.015340740307303839,-0.04969907107416532,9.740972951962764,0.009257043911538127,0.0017587479978285476,-0.011074086077194123,0.28085495827729057,0.29246490429550526,-0.6816131327836121
2880,1.517,0.9999999932254298,-9.00533839415768e-05,4.479118259191305e-05,5.85941869105851e-05,0.018764434307623954,-0.07167816424395093,9.74664383431744,0.009427769150222738,-5.735394746584868e-05,-0.01091179948381338,0.27718668881281994,0.28931925556423815,-0.6776899055024678
2881,1.525,0.9999999919929258,-9.61565737331905e-05,5.868265217066975e-05,5.765767895728922e-05,0.017072846193659726,-0.06596694717963168,9.775484836889982,0.008915657423871978,0.005390970961032541,-0.011399212458044228,0.28035507595705367,0.28275221434223763,-0.6742196355018659
2882,1.533,0.9999999928834612,-8.552837994228023e-05,5.895754983572009e-05,5.8668398695217284e-05,0.04700914105878706,-0.0644466897903284,9.74717142027766,0.012916490217857419,0.0021114920258634064,-0.01104183635982075,0.2796411267325658,0.29023608606198215,-0.6859936555282584
2883,1.542,0.9999999918159544,-9.826082288505637e-05,6.385256044444027e-05,5.133958322846385e-05,-0.01219035210684617,-0.06985022426290372,9.774982243323532,0.007303776194581808,0.003241709108452729,-0.013085361085087637,0.28011136827667527,0.2871448758282979,-0.6744957619804671
2885,1.558,0.9999999901262977,-0.0001151172762798821,6.072364081490874e-05,5.299110062346915e-05,0.01778873349217152,-0.06824327125667617,9.746670324959563,0.008342856110118556,0.0016705815789972431,-0.011082548610253627,0.27476293611355457,0.29192395325997544,-0.6889432173530615
2886,1.567,0.9999999891118518,-0.00011999029346560964,6.0145805217697045e-05,6.132787490723072e-05,0.05176593846512916,-0.08990340955020622,9.752359883490048,0.00921088203614938,0.0019157174839650357,-0.009242396375138984,0.2791274601720237,0.28107488362764743,-0.6698148460881886
2887,1.575,0.999999988565335,-0.00012460617353549143,5.894971603285746e-05,6.218972677290202e-05,0.015952741527987566,-0.06146078033738499,9.775516098312677,0.00925783123936154,0.001758899074807621,-0.011074620496240563,0.2806008421564284,0.29104575653470954,-0.6752554951441267
2888,1.583,0.9999999874488442,-0.00012996949776911308,6.533753437632012e-05,6.277935981111904e-05,-0.011519540825145638,-0.07130380135049236,9.74617348457792,0.009086613777947995,0.0035749209869284345,-0.011237661041383061,0.2779164918178258,0.29494663724112136,-0.6760202080688835
2889,1.592,0.9999999868613689,-0.00013458436768864167,6.414165673939057e-05,6.364084877892243e-05,0.04576857915473633,-0.05932918697688233,9.747209814641154,0.009258070356916063,0.0017589441734029577,-0.01107471955577616,0.2703515230690999,0.2890716090938467,-0.6781871430808559
2890,1.600,0.9999999851995923,-0.0001474266665366191,6.895954170493478e-05,5.577431780610052e-05,0.015331870515271205,-0.05928729994268206,9.775530514591004,0.007304129870058767,0.0032408736507435446,-0.013086312302699818,0.27645695193511277,0.28955109730952494,-0.6794017488177876
2891,1.608,0.9999999871845082,-0.00013608065266865958,6.168116359021773e-05,5.75193326278413e-05,0.022129726489307132,-0.09175744825672622,9.751882819976819,0.013088921576093543,0.000297450099273909,-0.01087914601752166,0.2808494908948233,0.28321238567167684,-0.6781285256816453
2892,1.617,0.9999999865565277,-0.00014068765489538252,6.044740409647113e-05,5.8651849390470466e-05,0.016607898923440813,-0.06253130793205967,9.746710722560389,0.009258304932465895,0.0017589764035016214,-0.011075001385026982,0.28109330878736627,0.28858509655589976,-0.6779226423392697
2893,1.625,0.9999999874440861,-0.00013747059811059157,5.9280275302729176e-05,5.195682224376035e-05,0.02191978651254116,-0.09001655937230187,9.75189951784302,0.01113499695388271,0.0017790541199446707,-0.01289101309372542,0.27278652469933307,0.29886683483377213,-0.6741032774828085
2894,1.633,0.9999999858027773,-0.00014314083223629752,6.630953689611999e-05,5.922999640275228e-05,0.013789955027971498,-0.04255120643468603,9.683876693773998,0.009039550713530988,0.003732237498199765,-0.009406453589086318,0.2791463094590308,0.2880687306483106,-0.6818283387908858
2895,1.642,0.9999999855851267,-0.00014653032108144493,5.07033937958634e-05,6.91937661346927e-05,0.020133610338443013,-0.08344307602406349,9.78074386469834,0.009555248753433297,-0.0017154648905286628,-0.008916044419843033,0.27840768806947336,0.2817493358967015,-0.6778776857879171
2897,1.658,0.9999999859113652,-0.00014220075069319095,7.100806828929072e-05,5.398213141677549e-05,0.04661319039311716,-0.06487119620382026,9.764260612405632,0.010877381829385706,0.004502809238465868,-0.013136765204145225,0.2732843540111818,0.29638158972702167,-0.6801883008005039
2899,1.675,0.9999999852018989,-0.00014415238396990113,6.99360590085706e-05,6.265173331426964e-05,0.0181083213602562,-0.07129432527610689,9.749344418309688,0.010150153156373359,0.0019266118042649948,-0.010151250929182419,0.2825535238423166,0.2859206921208781,-0.6749714190204871
2900,1.683,0.9999999866680367,-0.0001402222837436327,6.12506814962951e-05,5.7008697251627346e-05,0.022197181251245278,-0.08916845032667886,9.723127559648365,0.011308271633648628,-3.689082331878044e-05,-0.012727606609932047,0.28890577437327375,0.28638788777258606,-0.6778945797601491
2901,1.692,0.9999999875462644,-0.00013649222818809927,5.323608210441186e-05,5.8679313559487835e-05,-0.008041218112506764,-0.08889157003550902,9.751447067770396,0.011261058421253854,0.00012097996516141014,-0.010895547271430476,0.27816780812015574,0.28588030226783284,-0.6805933962756501
2902,1.700,0.9999999864287348,-0.0001418063799495521,5.96282109330934e-05,5.897420956976716e-05,0.01905674324869256,-0.07740300941268435,9.78079568700046,0.009086700419768279,0.003574497116945,-0.011240018668323125,0.2791371355788839,0.28981981674672264,-0.6759814151296354
2903,1.708,0.9999999835105877,-0.00015445683351921133,5.9116612857519176e-05,7.501424599536534e-05,-0.006895560869947802,-0.09241208539045766,9.722634638380722,0.007335042422551684,0.001896536395525816,-0.007427850667211653,0.28230980238541764,0.289092682060653,-0.6752387651070602
2904,1.717,0.9999999845434719,-0.0001513024604217446,5.795639047483673e-05,6.82764840164486e-05,0.014723707535190858,-0.05268830001870394,9.746771930884263,0.011136340769121887,0.0017788810285144416,-0.01289193697482514,0.2810826219998024,0.29205214714138017,-0.6711114751918438
2905,1.725,0.9999999838086582,-0.00014921668452578287,6.577881503019528e-05,7.609344216192718e-05,0.01997672712380341,-0.08009712400577136,9.751990209615325,0.010868895907212052,0.003910925549795159,-0.009391987972563257,0.2786595527386865,0.28732930339827056,-0.6828003727077757
2906,1.733,0.9999999874196082,-0.00013678272462381598,4.9503225401285625e-05,6.325109472568591e-05,0.018394276069606443,-0.07409022534184036,9.780822613355543,0.013359196339535608,-0.0018325088080123496,-0.01437922535819368,0.2771882375391906,0.2907770370975119,-0.6786769780079167
2907,1.742,0.9999999865903646,-0.00014088110251012133,4.146086245502684e-05,7.247608379554365e-05,-0.00876124124295715,-0.08384908308835091,9.751491108469903,0.009384980432631357,0.00010110706432912721,-0.009079753834031461,0.27644663166436056,0.29155158595889563,-0.6728241792086814
2908,1.750,0.9999999865772441,-0.00013868028713254836,4.851526146453343e-05,7.252281801414176e-05,0.019828181039342915,-0.07735797350510976,9.752012625833453,0.01091619199588879,0.003752769998883419,-0.011224893538099724,0.2925697972390937,0.2866232416790071,-0.6791112600041344
2909,1.758,0.9999999859227586,-0.00014328806208334166,4.731703787613032e-05,7.337650622108335e-05,0.02111957395445745,-0.08156396752286703,9.723196723800076,0.009259779356051585,0.0017584004482905518,-0.011076581169803978,0.27328997299673985,0.28512507029268813,-0.6837695313251506
2910,1.767,0.9999999852383028,-0.00014786357768038397,4.6121647742763406e-05,7.438111631738581e-05,0.01947552117944222,-0.07578200494655736,9.752025709295163,0.009259857832168632,0.0017584159345878233,-0.0110766665988112,0.2791287388172265,0.2925439279210287,-0.670629783799515
2911,1.775,0.9999999866040452,-0.00014391683892531996,3.739308248395146e-05,6.842229670325572e-05,0.019413049455447574,-0.07494424528346438,9.752032309131081,0.011310226253526016,-3.696523597405284e-05,-0.012727936924908497,0.27304282338924135,0.2900218051223673,-0.6818519638817793
2912,1.783,0.9999999876401324,-0.00013409407869300154,4.517877880958324e-05,6.853751667037322e-05,0.02077295408576183,-0.07899962118685329,9.723218646094793,0.012745693788728727,0.00393199691169727,-0.011209399858699795,0.2754566471323034,0.2901482429232048,-0.6642704846660502
2913,1.792,0.9999999848505429,-0.0001539460467715609,4.248597878591258e-05,6.924211736807735e-05,0.01905237929823441,-0.0732175623045018,9.752046134415226,0.005601095762742247,0.0014001798890430034,-0.011109409763836673,0.28474430248893756,0.2883918885830911,-0.6708352541288164
2914,1.800,0.9999999882625434,-0.00013487234106703442,3.52994987935432e-05,6.354770097281463e-05,0.018989655975072482,-0.07237980771582195,9.752052515966671,0.014969829973510202,0.0003214451058871976,-0.01269557076281482,0.2752319513632394,0.2820022506087946,-0.6766637515836511
2915,1.808,0.999999988047501,-0.00013206608385449458,3.55666887249688e-05,7.210102548979805e-05,0.018897970165346372,-0.07132112077396051,9.752060491405905,0.011042010822029678,0.0020964361549582347,-0.00922886062490065,0.28011527591155533,0.2939630756818243,-0.6769862722633625
2916,1.817,0.9999999876476172,-0.00013721697936704675,4.115660507286802e-05,6.467147433560307e-05,0.013172627109318335,-0.04220653916013498,9.746825174864146,0.009134440602483892,0.0034147392454176926,-0.013074738313847447,0.2793854756618535,0.28857982831419815,-0.6786577257753524
2917,1.825,0.9999999880154011,-0.0001341991527756569,4.070629853860855e-05,6.559559430393008e-05,0.023980899276143903,-0.09796787125142063,9.757317420131475,0.011089964950650405,0.0019376561304243912,-0.01106115431536264,0.27328127309026523,0.2949308325160167,-0.67822469226004
2918,1.833,0.9999999877871588,-0.00013147438903191003,4.089228830310727e-05,7.394584916738453e-05,0.0238251210970123,-0.0970660533707279,9.757326814714837,0.011042254788059425,0.0020968180225648192,-0.009229062105793778,0.28183798180659236,0.2880406333592356,-0.6857302692869406
2919,1.842,0.9999999867845226,-0.0001368022837563747,4.7252005135489135e-05,7.40495671862575e-05,0.01656990471447155,-0.06290400446361372,9.780904210792048,0.009086817374829083,0.0035735852104405905,-0.011243008878887791,0.2754814764110721,0.2839307399549105,-0.6800952932749027
2920,1.850,0.9999999884585331,-0.00012539527254953512,3.991744266166321e-05,7.593126921473133e-05,0.012418439276132127,-0.03876345650933319,9.746840468504038,0.013093753507480623,0.0003018521323632698,-0.010879589326449494,0.28305332350343,0.28830935279643327,-0.682312233950064
2921,1.858,0.9999999890323608,-0.00012288897114365622,4.630646302627506e-05,6.84784009268463e-05,0.048036016623395246,-0.0654273100272883,9.723796741460555,0.010964242426361431,0.0035937744251574844,-0.013059373763998494,0.27718335709786446,0.29958870127814025,-0.6755664547167209
2923,1.875,0.9999999877776121,-0.00012552180695873865,5.290627344814884e-05,7.67461911357305e-05,0.0022911164854553844,-0.06513057618968136,9.76625958373804,0.010064784665027093,0.0028353315307762046,-0.010236490026538992,0.28011176510183233,0.2883637912940162,-0.674748676381249
2924,1.883,0.9999999875729781,-0.00012944808665393544,4.414460682453335e-05,7.8412310235029e-05,0.0227255216540743,-0.0918889728778835,9.757379564783449,0.009435520653129874,-5.765970142279418e-05,-0.010912005744591993,0.27669647087822685,0.2873749614930175,-0.6764559529485458
2925,1.892,0.9999999869521923,-0.00013404964178090616,4.294387940993865e-05,7.925990207844018e-05,0.018657675495748757,-0.06790820064376239,9.723306722219714,0.00926127296263778,0.0017578118456451127,-0.011078045488195328,0.2796227238661898,0.2888555720736647,-0.6742646866376447
2926,1.900,0.999999986296352,-0.00013869357899269586,4.170648736488684e-05,8.019947392012149e-05,0.024054461413676252,-0.0954394712132034,9.72857925381761,0.00926135208862358,0.0017578274536874986,-0.011078131610659403,0.2798673023453975,0.29373650217823905,-0.6745435591559654
2927,1.908,0.9999999855697556,-0.0001366102591798509,4.953884909216177e-05,8.800015762184979e-05,0.047026162285747616,-0.060620470406007716,9.723832832771386,0.010868363619663502,0.003913348964880822,-0.009395907703426663,0.2705969034645339,0.2971227730576288,-0.6789771126359572
2928,1.917,0.999999985302853,-0.00014063425863670515,4.068577665876161e-05,8.922425175738596e-05,0.02368436274133243,-0.09379638602110693,9.728596142138512,0.009436176209851831,-5.769432524495994e-05,-0.01091204423794489,0.28401266965517674,0.2903414508960134,-0.6713387199492068
2929,1.925,0.9999999846176282,-0.0001452344127083328,3.94845987145734e-05,9.007039002282562e-05,0.016556971485629207,-0.0596810731288152,9.752142927540325,0.009261617669157209,0.0017577205139391787,-0.011078388764968998,0.2762028991862452,0.2937470386616422,-0.6730845009816319
2930,1.933,0.9999999853426914,-0.0001428513376732967,4.5882393035872286e-05,8.247980480196947e-05,0.021888349635869938,-0.08713720353904483,9.757425072003382,0.010964639561440372,0.0035935996398911204,-0.013060806219189388,0.2796342456336296,0.29148836705847686,-0.6816080237627191
2931,1.942,0.999999983134315,-0.00015580108444151092,5.148644358527706e-05,8.250174414311852e-05,0.014538127703900951,-0.053036602774732294,9.780965923699242,0.007257561183388366,0.003392512018017938,-0.011261162556466905,0.2791364108111727,0.29348534354671324,-0.6755194882882124
2932,1.950,0.9999999830918227,-0.000153589771181196,5.855498593809147e-05,8.244907885740204e-05,0.021330631956074774,-0.08565325700684401,9.757439446474576,0.010916607688889938,0.003753920267162715,-0.011228770866105041,0.2808553220387982,0.2907542080501385,-0.6818449742435264
2934,1.967,0.999999982797109,-0.00015516236105217042,5.690797824074565e-05,8.421345078971749e-05,0.0182636425601376,-0.07024081873860928,9.754808562974524,0.010176974747661521,0.0018482145607188166,-0.011070476271368805,0.2803627892805616,0.28735564460677837,-0.6791356811666481
2935,1.975,0.99999998354152,-0.00014476548744040557,5.787970002692346e-05,9.27892969863512e-05,0.049531929817500285,-0.07728523407446224,9.757978664625364,0.012872979503899373,0.002280065986014225,-0.009214041237630616,0.28401685012652866,0.28739252229868933,-0.6740031211046303
2936,1.983,0.9999999846724832,-0.00014152616786039263,5.6708589918057084e-05,8.607852857992706e-05,-0.006539073384117016,-0.09288096925209724,9.728146309474658,0.011140354116097364,0.0017780865088578607,-0.012894806985866529,0.28402642634244085,0.2873486202845097,-0.6801064713234739
2937,1.992,0.9999999861696898,-0.00013757026977934456,4.801493246288197e-05,8.018483092770359e-05,0.01349172719259677,-0.047765763207515834,9.7809945854088,0.011315760259809876,-3.717023853832944e-05,-0.012728011305676403,0.28426834827893005,0.29443905173636814,-0.6786922104861692
2938,2.000,0.9999999861850756,-0.0001340270201904103,4.0736314901175154e-05,8.948273305312652e-05,0.020585340800243414,-0.08021394523628836,9.757487278543502,0.011219006777025716,0.00028414409648387016,-0.009063700807160392,0.28281066853331716,0.2841520452167941,-0.6832592997107291
2939,2.008,0.999999983980004,-0.00014031549982648867,5.537610901318538e-05,9.63589062734336e-05,0.021891425245100852,-0.08449423841094295,9.72868557964623,0.008863224888406932,0.005548599017605326,-0.009581256049966689,0.28011498929856277,0.30250953258638935,-0.6768036009988062
2940,2.017,0.9999999853045217,-0.0001296651767944242,5.568732140967144e-05,9.734896292539363e-05,0.01294324546101319,-0.04513772093295072,9.78100780886538,0.012921812321111606,0.0021201049003327474,-0.011046755482987003,0.2828088166621294,0.28977591473254294,-0.68207901947029
2941,2.025,0.9999999854628782,-0.0001329396308702369,3.934359211576071e-05,9.926419205588364e-05,0.023124208612593327,-0.08779721674530176,9.699893852474789,0.00961417052409834,-0.0018732363499001294,-0.010744814359019238,0.2808633026881698,0.2851022412453147,-0.6869313986240253
2942,2.033,0.9999999848042266,-0.00013753460534191096,3.814019502718497e-05,0.00010010546664407,0.012945952231343599,-0.04344761431569717,9.781015456480768,0.009262869379663446,0.0017571848600736613,-0.01107956447610339,0.2818315195752461,0.2924649042955052,-0.6816116005494284
2943,2.042,0.9999999661523445,-0.00023634730085327698,-9.218979524124114e-05,5.776075941642031e-05,-0.31748755441794635,0.2641500859356977,9.8279670834162,-0.01337295552557103,-0.029140620382062787,-0.021621254894751092,0.2742619845512276,0.28929642651686477,-0.6808682443188178
2944,2.050,0.9999941067887778,-0.0020647763736722806,-0.0021895996063257457,-0.0016518897679504417,-0.8663763904562469,-0.43137111600099964,11.050052407821068,-0.42916897678430765,-0.49824966677254157,-0.4245964709526687,0.2764535678693791,0.2951819911475425,-0.6772449325423335
2945,2.058,0.9999857677203963,-0.001746400424167188,-0.0025249361536168573,-0.00436338625705666,0.6766067706760818,-1.694642858352278,6.7282584912630705,0.08446868268200233,-0.07228019753350914,-0.6630392967448537,0.2747388123153684,0.29276698926347955,-0.6735680430367923
2946,2.067,0.9999844650026922,-0.0011387694897157922,-0.0018775538970221234,-0.0051232556731559365,0.3936510226146737,2.0044452260951715,12.206269469902784,0.1547693282275994,0.1596809991389633,-0.1928430300153798,0.27156497983110045,0.2920345863357083,-0.6735677545626727
2947,2.075,0.9999864945603614,-0.0015882758699748997,-0.0023552191347328156,-0.0043521281540252685,1.0860012608137781,0.2518669300591663,8.34914703345537,-0.09628525155393666,-0.11468774216490335,0.17316076913688203,0.27839937672224346,0.292041610657977,-0.6725804928883715
2948,2.083,0.9999954129367974,-0.0010375647222104377,-0.0014954470889112306,-0.002420992113946144,-0.1481172304252512,0.5852312336004631,10.044746247565602,0.14345836984995353,0.2048964925996347,0.45347432222402956,0.2749860060077327,0.29177640338191374,-0.6755137077346539
2949,2.092,0.999998882833285,-0.0007451740591360138,-0.0009880968095355924,-0.0008382794872679512,-0.3625066815361414,-0.16059981522739442,9.95804451069299,0.08139607768787951,0.12084613405646488,0.36933216506272964,0.28184527075190186,0.2889838050654873,-0.6903758397668842
2950,2.100,0.9999999106004523,-0.00039840035522328783,-8.940652086890538e-05,-0.00010992141868751532,0.5097181553849345,-0.519045696987161,9.652173238830663,0.09385738897233109,0.21641003449116272,0.1650191044316791,0.28525143518022655,0.2956298699130114,-0.6828497367928273
2951,2.108,0.9999980973861857,0.00021606296138903765,0.0018867355832700356,-0.0004458358933894835,0.6635586476515937,-0.5874854559309609,10.333870650821307,0.15762608573850495,0.4769462647615447,-0.08848274063985073,0.2828103764097165,0.292210233502845,-0.6830731162893615
2952,2.117,0.9999921724546483,0.0009033943572621683,0.003670178446614774,-0.0011699137741527819,0.8223391185340597,0.09758443243102045,10.139181692319903,0.1751895390607936,0.43135100962364825,-0.18201670578013007,0.27791528205522587,0.2895809506791671,-0.6752491723176982
2953,2.125,0.9999672159147812,0.0063692242070938826,0.004362435509910839,-0.0024432018056726418,-1.6343776718354894,-2.694706792866701,8.7876243674566,1.3226245154335257,0.1717251425835349,-0.31300689589147224,0.2776791499331497,0.2863703269669141,-0.6803535405407994
2954,2.133,0.9998594763553882,0.015773593718552085,0.003044689960346436,-0.004790735494276942,-1.0661675900729024,1.0876919328014099,10.103586495973284,2.269903074900001,-0.30816620109716464,-0.5686737466001309,0.27452052642687236,0.2755581741369151,-0.6900466132021983
2955,2.142,0.9997426914406989,0.021903788843270225,0.002350442708703325,-0.005408360591730134,-1.0552309877861148,1.304667566857097,9.562899606033653,1.4830274758796447,-0.1584455125316751,-0.15581289663646328,0.27794033733029644,0.269446036002652,-0.6912180184661829
2956,2.150,0.9996164467621864,0.02694572449167863,0.0016500956747236431,-0.00617774055978619,-0.06406515295206018,0.6009659870552906,9.794117418932313,1.2218495002026553,-0.16212222967329862,-0.19261011584981036,0.27452147994618975,0.25821936993796074,-0.6906543336616592
2957,2.158,0.9994788240875874,0.031384150891689215,0.001005721630354934,-0.007490246811941183,-0.42351261282919367,0.4684823824876878,9.819658184906332,1.0772770092413126,-0.1520394453265341,-0.3230733988269357,0.2757612320542062,0.24909859646708923,-0.702794143905608
2958,2.167,0.9993158110636531,0.0357804804347205,-8.257471213313225e-05,-0.009362700436915049,-0.3773706901878608,0.0025210147074397507,10.045405550347626,1.0678830429546144,-0.2619848127036882,-0.4550425114876032,0.2791802713497491,0.2425017018754465,-0.7034737689952739
2959,2.175,0.9990908733142243,0.04091190751315941,-0.0025161386950289483,-0.011718008786595643,0.6861187866016397,-0.4647776376865591,10.553194916216025,1.2472684344484664,-0.5863711393085382,-0.5621924402354559,0.2708698249102664,0.2337567687563713,-0.697320223944389
2960,2.183,0.9988089097906462,0.04629095818569444,-0.006229707872865711,-0.014110267640610498,0.7417145699868887,-0.15333744647111028,10.925172185271514,1.311091346851401,-0.8930073556802136,-0.5609775780249946,0.26964409681537777,0.22962931454637436,-0.694118543790424
2961,2.192,0.9984783007782501,0.05131924138373586,-0.010828877328552837,-0.017033900157620376,-0.2208090264530714,-0.9709573102269726,10.403315834970973,1.2294436420947426,-1.1122168266379546,-0.6799427125274015,0.26476305402705613,0.216193147134399,-0.6952502906928012
2962,2.200,0.9980713329655888,0.055877886217423,-0.016025820067312155,-0.02178185564491447,0.8012384389221275,-0.8968037861148673,11.341329156484656,1.1149996197022247,-1.2763695749171198,-1.1095301883001805,0.2615799457163891,0.2081788608625278,-0.6893381036564225
2963,2.208,0.9978597430450058,0.056894924993895396,-0.022585844088497998,-0.022995224871792903,2.626378527476792,1.1418585370491534,14.589611885166653,0.28563021135329747,-1.5814305725158788,-0.23184334603800655,0.24303812836941047,0.19249455833079018,-0.6975553833855799
2964,2.217,0.9979204084238653,0.05478034066602249,-0.027572971262153724,-0.019841975290712313,1.0974177797378184,3.4652732674376256,18.18009404400153,-0.450953571354016,-1.1665750468874618,0.8161203222649707,0.23520846967972706,0.19867693968774072,-0.6866255128252722
2965,2.225,0.9980941422993531,0.05117037205095299,-0.02893373057111427,-0.01877539259573418,0.04267421133433104,5.514609286138991,21.127076649659145,-0.842551769304067,-0.32807991162799244,0.285637626352459,0.2503293297940408,0.18678635783739847,-0.6765062209946443
2966,2.233,0.998297168463105,0.04761461847715877,-0.027322574129847024,-0.019725326074380954,0.7093264965535773,6.839561466208909,23.646776055597893,-0.858088037895807,0.3632859377620492,-0.2290562124769674,0.24442276712020047,0.17992246077870724,-0.6464360050492723
2967,2.242,0.9984890001075041,0.045018328957259775,-0.02343535146519602,-0.021067772163078705,0.9336903616371833,7.995160080617686,25.770257245612683,-0.6416596642007915,0.9095024270012882,-0.3518577688387542,0.25486495312081126,0.18701460920071505,-0.6108251384491081
2968,2.250,0.9986462790905098,0.0435542564603076,-0.017608035366761615,-0.02232919822547008,1.0539561472531194,8.117035728399902,27.06456446615591,-0.3793006162442202,1.3808738138084635,-0.3569790817977955,0.27945763835387094,0.18853557052398967,-0.5690483144311063
2969,2.258,0.998696191638956,0.04391573520474625,-0.010309485420821081,-0.023896433157072967,1.609695045452772,8.331832467087416,28.118184945843407,0.04980410340287256,1.7403273374365238,-0.45198041836281094,0.30550539914060343,0.20719159159000688,-0.5210446333226264
2970,2.267,0.9985886371309629,0.04642833595663773,-0.002085367194995189,-0.025705926493429013,1.3425282675833534,8.368029591546945,28.77893409743372,0.5612724125121838,1.972107639349541,-0.5252219703230869,0.3488695881431964,0.23349655594908428,-0.4618380290852874
2971,2.275,0.9982633277439561,0.05142477512747655,0.00663111797791948,-0.027961567534994285,0.62126040936138,7.806827005628014,29.274154682022886,1.155112012147899,2.101230349934772,-0.6401299248041092,0.4105960184976252,0.29398914311740687,-0.43556425968520085
2972,2.283,0.9976456562976628,0.059012432684444796,0.016307147266857655,-0.030899097188867214,-0.44420115487138456,6.953993228456409,29.952894307290695,1.774370966941768,2.3417948413607528,-0.8125360358836644,0.47282943551222517,0.34878059322502436,-0.42121190079362614
2973,2.292,0.9966511423980873,0.06920800393898399,0.027053184696027032,-0.034130305377649696,-1.5141010500952796,5.492289649986283,29.94818624755964,2.39667384816726,2.615300414714703,-0.8895056788771231,0.536854361145311,0.38439438811733384,-0.4594545883458048
2974,2.300,0.9951468749919649,0.08223221367799892,0.039064508633721656,-0.03734333129955711,-2.529377857611352,3.327807632642291,29.562320825198046,3.0719242324552223,2.944757100433711,-0.8908003516574251,0.5652686124459504,0.39519432660419845,-0.5193037653058037
2975,2.308,0.9929902954877199,0.09778915234272802,0.052681539010739326,-0.04040062126701928,-3.34859000003091,0.9636440617401341,28.996831227207068,3.673374365403038,3.3600998323105022,-0.8652857903656483,0.5695147794698759,0.3625278215598995,-0.5803430871581686
2976,2.317,0.990041966492328,0.11560677274555209,0.06774929340704655,-0.043151036166108984,-4.80060045241505,-1.3075317686113075,27.728005382181255,4.213603497928838,3.7445927918251165,-0.803466322965091,0.5671295494260132,0.3163706714956243,-0.616148608298922
2977,2.325,0.9864793959392061,0.13496180479187853,0.0802506063336079,-0.046942015485338356,-5.054467916581687,-3.983927449699685,25.967487953354464,4.638809150941562,3.1329152902627415,-0.9659323090588754,0.5671595761288104,0.261544099776663,-0.6352859674363583
2978,2.333,0.9816409129991883,0.15635900753270762,0.09752394891352494,-0.04921440924991938,-2.9065632815162195,-6.051352398365545,26.073814004444703,5.0816436390112125,4.3580828352248115,-0.7279178099235685,0.5708080401543816,0.2069177212423613,-0.6265863036976785
2979,2.342,0.9753838222121242,0.17825404264747008,0.1198803600358951,-0.049805571218143545,-4.551392488012811,-7.925971495287535,23.354205933610732,5.153276225123637,5.656715223601644,-0.5184457364874488,0.5863918033333856,0.1526619148181541,-0.6002919775383838
2980,2.350,0.9678331847581277,0.19981561550517116,0.14421084367401274,-0.05075311663395017,-4.6574631615238005,-9.533105508661128,21.173221349252596,5.117007909653595,6.138367872545716,-0.7079062521604043,0.599278319264136,0.11359687406546887,-0.5665425876128779
2981,2.358,0.9588718689050858,0.22062788596046964,0.17082637542959056,-0.05202330647575519,-3.1815942140318674,-10.205655005592211,19.834594785462958,4.994182124200347,6.695224817942674,-0.9313590460902114,0.6353360842103166,0.08659626713927751,-0.5186830824596675
2982,2.367,0.9482575694732789,0.2402409376083031,0.20077523245413334,-0.05273689284269138,-2.2035607509658415,-10.46083278530874,18.73044555229743,4.740665028755917,7.5457889806415865,-1.0431735883856634,0.6540745246250957,0.06685295842924545,-0.4801805491480298
2983,2.375,0.9359074576295983,0.2580987424011746,0.23387193495485573,-0.05259456212105654,-0.942933454298423,-10.822645571523271,17.469335434976305,4.361196627539816,8.374192875844138,-1.1296776414426266,0.6881666117847886,0.04747846574874081,-0.424322124604888
2984,2.383,0.9217042583285124,0.27406482214836353,0.2696808885538957,-0.0512049976921582,0.8753855205734726,-11.321150811065182,15.745875067579586,3.9457001329308437,9.141213655798191,-1.1412307667498378,0.7132130592046766,0.04525132537494909,-0.36054437642746684
2985,2.392,0.9055493755316768,0.28818225034779477,0.3075590636761564,-0.04836053565994845,3.3334568161989258,-11.33832198808929,13.944762819779172,3.5471889891576174,9.798826251963089,-1.0932001673619072,0.7436220234175036,0.030367834692267292,-0.29129593669235954
2986,2.400,0.8875396955912894,0.3003689247821097,0.346615182432339,-0.043700264099398936,6.290644566260519,-10.91990251794696,11.970580845061688,3.1067075623320397,10.293734350843907,-0.9403958171506531,0.7606084670847411,0.034748125393521456,-0.22538103748512284
2987,2.408,0.8680905625085513,0.3110753094580321,0.3850533376368704,-0.03721363061947993,9.681762489174531,-11.117876788047301,8.22691438098964,2.7519601034790973,10.396766409210162,-0.6426238433131576,0.7680641071644303,0.026963846565534084,-0.1535340574308057
2988,2.417,0.8477145307348517,0.32196075295140136,0.42057161341535065,-0.028997688341762307,12.768349000879335,-11.048445819045655,3.572600520835205,2.7236682883268033,9.999310595673265,-0.05969825692869903,0.7755350636789708,0.018621055896345013,-0.09144892556982714
2989,2.425,0.8263673746576552,0.33469126130660215,0.45242049091760467,-0.02035733539253295,14.238533451650861,-9.143376477539574,-0.864651028583277,3.159669946849475,9.393385711451483,0.486188679681135,0.785937988602676,0.009047057197467406,-0.030815220666791637
2990,2.433,0.804378039175254,0.348656873606341,0.48087360754617936,-0.013226040418395736,15.350653337000677,-6.325372123858191,-5.43381304036667,3.634884365979078,8.671956812437672,0.5833266900330262,0.7863338580946171,0.0009255717901619669,0.028083304304150493
2991,2.442,0.7816575638627704,0.36416633960560096,0.5062783269231304,-0.008751322316829376,18.30902772734299,-4.1001460378812835,-11.111869192628001,4.312111775615438,7.952262440322232,0.49666714491546504,0.7752747780282054,0.002479898644213168,0.07444274794076702
2992,2.450,0.7587792364539966,0.38192550567827044,0.527576833098368,-0.007047241771387663,22.613005022429043,-2.235592541806876,-17.92926557286307,5.091701232528534,6.96100339614312,0.5989422254565921,0.7764332494320761,-0.012860212096355506,0.11410676166956456
2993,2.458,0.7381515040164871,0.4024134276667733,0.5414028401449305,-0.008874403342206806,28.205040505517854,-2.556567978487941,-28.058691892977777,5.843960235263901,4.99421317957466,0.9761459394393567,0.75855052263408,-0.009164871037140606,0.1526273866811243
2994,2.467,0.7236034185772879,0.42645091041315,0.5424684654433403,-0.016299620566305,33.74479803991298,-5.788277404627182,-41.30094627407425,6.639892559393524,1.403428985529198,1.6627022042624522,0.7573163840010133,-0.011788885619116906,0.16118947855723778
2995,2.475,0.7178543922045225,0.45284845586698724,0.5279596083627347,-0.029529638484562245,34.47079852040342,-10.090046735316587,-50.74711021650702,6.968330767578696,-3.0384709998106487,2.5588187177930672,0.7619691182642958,-0.021130964351871964,0.15223052932513625
2996,2.483,0.7216688467555493,0.47552459181567885,0.5010105498258569,-0.04537474147849213,30.03628671675124,-13.658226255212707,-52.12516502033363,5.707570997656176,-6.709339327360757,3.0317470185967834,0.7696146375002129,-0.0397957658207251,0.1030590402522265
2997,2.492,0.7339697988347053,0.487062963720572,0.46957901583465994,-0.05961167384017732,25.99061595440407,-15.040121512843445,-47.14328894704677,2.6636124443732334,-8.441831888382131,2.567574538231496,0.7719013519514786,-0.05631955308441456,0.046051030905535535
2998,2.500,0.75333762667463,0.48345984310557333,0.4403132298024263,-0.06980873871891585,24.189653438468078,-14.411993597556872,-39.761439838313095,-1.318390173125316,-8.591955583475407,1.4251731979855373,0.7800391641728097,-0.05888905094797222,-0.005676933312592064
2999,2.508,0.7779084058957171,0.46449881690432276,0.41625531110454805,-0.07636018012370721,24.223141678636267,-13.315331631787894,-31.878026222245595,-5.175939262687689,-8.026065270678941,-0.045722476813073634,0.774261396765864,-0.058286558871755025,-0.05769369489586501
3000,2.517,0.8056451411258168,0.43121450742903566,0.39788514066125324,-0.08171517609398991,24.79743475354129,-13.247862046632825,-25.220866694513592,-8.430122420732356,-7.395466245202736,-1.8206530336878384,0.7687261024175952,-0.035703198559564574,-0.1086474504333309
3001,2.525,0.8352104641043996,0.3876378505848509,0.3800142223747309,-0.0880316320273511,26.37405631096308,-13.274509720405566,-18.84342170558581,-10.53338329361129,-7.770257400233373,-3.0055827810999736,0.7639234219140811,0.003969563400621553,-0.1597229822835538
3003,2.542,0.8907673083977917,0.2853991138208323,0.33746693221982266,-0.1058159618308058,26.866363648076597,-14.481938163704061,-8.076955990498817,-11.596787036955696,-8.697780896331386,-3.944567795023967,0.7308766297090962,0.10579476065888437,-0.25938690472143705
3004,2.550,0.9144583401598698,0.2330673531897957,0.30933695532190186,-0.11728683242945091,26.327643571549643,-16.961883601737625,2.9882940553309663,-11.173634819106585,-10.02569151627453,-4.232064559204708,0.7016777353758674,0.16296441317948968,-0.32185734447413183
3005,2.558,0.9349528598203263,0.18256417176396855,0.2756022831052961,-0.12875113455452622,24.293860080766635,-18.64674855160329,11.485484545269406,-10.432573803669738,-10.966348502631396,-3.878169483261664,0.6658446358290411,0.2293619600855649,-0.35730422673690976
3006,2.567,0.9517230924331659,0.13541272837113585,0.23785183632625317,-0.13897140814126374,20.874091323544867,-21.086204855062043,20.124930537835844,-9.474864631671693,-11.468486970158725,-3.3215076607557226,0.6215052604866101,0.29094359097846956,-0.4173886854432165
3008,2.583,0.9736441109545642,0.05506486269892039,0.16136760689047508,-0.15147772623685027,12.319646347031352,-19.46187688088749,32.9127667713708,-7.910056908212811,-10.909947965381688,-2.195184893288995,0.5239414342071365,0.3913531135266533,-0.4763710633265114
3009,2.592,0.9792879080728035,0.02070102169661494,0.12808604783610325,-0.1554368847887678,8.503369778414498,-15.729171897407173,40.18451696088006,-6.736160975086139,-9.287057673675664,-1.679169759789363,0.47293409583698803,0.42398633126101143,-0.48791660147163984
3010,2.600,0.9821786571689742,-0.009979491454503551,0.09809170729720701,-0.16001097497227812,4.824477193676733,-16.910133247215516,42.172702513972844,-5.95988220835144,-8.293385549778003,-1.8235052708837522,0.4387255618918037,0.4438946724339413,-0.46955828735364286
3011,2.608,0.9834691559691497,-0.0376566475041451,0.06984692308041643,-0.1627630286406429,2.6291253656767974,-17.393433720848066,44.92885471448323,-5.364150795392915,-7.734300855875102,-1.3770818245381862,0.4160163422642013,0.4478201382682937,-0.4669365349566138
3012,2.617,0.9837414654825004,-0.06211313969945155,0.043732687354988004,-0.1627333371615347,-0.7272253203708421,-15.489851337223088,48.37709783107975,-4.7420910221859,-7.118812900169944,-0.6835314026320041,0.405042566320953,0.43872921816706456,-0.47494521997904576
3013,2.625,0.9830167786834194,-0.08416528105841829,0.02142923305859061,-0.16166324957067857,-3.0710590355690925,-11.881627991324711,50.777690118320386,-4.347267145643528,-6.130875584159107,-0.38803428906325166,0.3889288502181427,0.4323834822069476,-0.4746807097957771
3014,2.633,0.9815068767543962,-0.10402509870189411,0.0037082578302099992,-0.16065266430332378,-3.682603189524876,-9.736297791138174,51.24933197096527,-4.024093779631043,-4.9604391140872925,-0.3209460359923733,0.3745293302198788,0.4467663334863091,-0.4777365269809649
3015,2.642,0.979676341873591,-0.12122485807822438,-0.010666526702190721,-0.15945226296671053,-3.285579344626983,-8.755050502149329,50.79738059983004,-3.5331979621150476,-4.073853054777745,-0.19696343076817616,0.36232510830335823,0.4567635476018791,-0.4795366171841691
3016,2.650,0.9789100488967318,-0.12923373735943275,-0.0261755933322787,-0.15604036532517696,-4.234628815467482,8.912623857156397,63.118927708822056,-1.2922819846114522,-4.054781194104796,0.3037796524380285,0.36108806233353424,0.46806923729209393,-0.46912154970714715
3017,2.658,0.9847285364478522,-0.09493314816627921,-0.04350345138691463,-0.13930131586577865,-11.229031268099302,18.470833214991252,106.70045237273828,9.01202732845826,-3.291695270375576,3.3497049307770084,0.3562583619003865,0.42168200156309926,-0.5029760732849242
3018,2.667,0.9821101273027001,-0.11683651153533067,-0.045517628277468386,-0.14048869327359859,-11.27682814389566,-14.71995078773343,30.86607230736928,-5.17158842717271,-1.205331188846168,-0.1972151286718708,0.35844498211808845,0.42905520109669304,-0.49618955586507524
3020,2.683,0.9769438859295823,-0.1375500211149382,-0.04691459473075687,-0.1563958319052533,4.210481378810524,-12.847620016831206,32.692076794370564,-2.569850779350217,-0.30370938324993857,-1.8779886915097421,0.3371829703622561,0.46577720015815205,-0.4823265212117003
3021,2.692,0.977506788402873,-0.1393461700257325,-0.04052888564805126,-0.15303768474982846,-5.533366476137337,0.33245224415938607,46.825283973995425,-0.5923707770343676,1.3196323751271213,1.0385569429768113,0.34988516211113513,0.46574559070794264,-0.4867010143248791
3022,2.700,0.9767607429611942,-0.1425787095512344,-0.02362812444792139,-0.15827657542313064,-1.1800759350225578,0.3329922928787886,40.477396549926254,-1.4457629151081957,4.021055945693506,-0.6399383508118176,0.35401667348133764,0.49049095997126724,-0.4746651658108806
3023,2.708,0.976139108741478,-0.1414924106332086,-0.003928143341001907,-0.16467212213513477,3.4252845944373007,-0.49492058729077665,31.549966524302327,-0.5426856054408977,4.882528004515193,-0.830508066093028,0.3664713601271229,0.49779918452387506,-0.4768955182559909
3024,2.717,0.976564812440821,-0.13336742785050104,0.011094561919849562,-0.1685562427997608,6.118134804023401,-1.0195863373608558,24.471273156695187,1.3303630039365648,3.977801664168275,-0.3754226940649607,0.3562029767777018,0.5037251390075982,-0.46767666026401317
3025,2.725,0.9780063111970361,-0.11897158665480141,0.020853144440201785,-0.17004282753048158,5.955274492306798,-1.7620086847146421,21.087342887016455,3.0392053832745756,2.9144901947208406,0.06544106938399119,0.3559555240253861,0.5157035248863,-0.4655658850856517
3026,2.733,0.9800272268181631,-0.09948794479031643,0.026660623961192044,-0.1701117123142896,4.388217771606192,-2.1838114505789443,20.82572364650781,4.405456375190533,2.1499456091787756,0.3269429754505433,0.3501149311314487,0.5161057455570217,-0.47754115707649897
3027,2.742,0.9820438658887269,-0.07589917500785083,0.03024312750688687,-0.17004268270658934,2.71246433408499,-3.0351115904282415,20.96003206765009,5.460152770794952,1.7906528274312379,0.3281974919463156,0.3533158526120466,0.5071922287034963,-0.49480647311431475
3028,2.750,0.9835579403060365,-0.04975549649727857,0.033371385165159646,-0.17036583953778597,1.5255905563188272,-4.433858921911742,19.983728998868923,6.075503865111537,1.7997337266896891,0.22453505602853654,0.3514035398807759,0.4913797322903541,-0.5208194875013721
3029,2.758,0.9842934202733837,-0.02240913291815365,0.03717230234326912,-0.1711213414711356,1.1057600968294439,-5.713222205869412,18.024213630413122,6.325042446946695,2.0198080839513404,0.1096037563602836,0.35753233201967494,0.4575715402148753,-0.5369245508042464
3030,2.767,0.9841674475463151,0.0052723586744915125,0.04216917819582431,-0.17207090932074248,1.2850224540080668,-6.456080875116036,15.859299196520375,6.353051606304395,2.325546068803847,0.03982725143503465,0.36831785698177216,0.42929590146565144,-0.5645370242095036
3031,2.775,0.9830793366808427,0.0325852719834482,0.0486878160145247,-0.17355896523272582,1.3270309378952465,-6.830460229966749,14.60741773036824,6.208809653150428,2.680054800543244,-0.129916887974333,0.38128144283697113,0.3967136491781596,-0.5799077402388587
3032,2.783,0.9810536454020407,0.059098332689417415,0.05728309477963206,-0.17538466001667732,1.0533024893901286,-7.381321198395272,13.764700803510818,5.945318536412782,3.1461378294179916,-0.2705636595476936,0.40229276662254093,0.3568477574660006,-0.5895980507826927
3033,2.792,0.9781943857437349,0.08453104577833316,0.06813468028806415,-0.17705341380810016,0.9542417493939859,-7.922864542845211,12.846492672415893,5.605168294384576,3.6460597274931903,-0.31139510040399104,0.41915114478472526,0.3277360679251236,-0.5976632027103793
3034,2.800,0.9745634801162164,0.1087514727953902,0.08127050654134738,-0.1783094084873694,1.0557703899629993,-8.384466536322968,11.565599975422131,5.232701709224341,4.151774017609874,-0.30926095017620225,0.44549682712481403,0.29194490889552804,-0.5839363183803333
3035,2.808,0.9702267957035351,0.13182793772125587,0.0962301833551174,-0.17894443703689672,1.480286605739189,-8.534101917858996,10.23799988425483,4.893563116761615,4.559327720970527,-0.2606669119291421,0.4706395410472053,0.266082476839382,-0.5815135129603204
3036,2.817,0.9652457268843748,0.1540347943107739,0.11236255046261329,-0.17874178617947406,2.053507346489652,-8.378374227216769,9.117875033276354,4.641750585001651,4.835437306338782,-0.1480732501067634,0.4930809678318652,0.23687416375689177,-0.5690608417277302
3037,2.825,0.9596777487618009,0.1754392938786284,0.12940256120655771,-0.17746732050727998,2.7049102879996187,-7.8970525445540325,8.157332217970467,4.410648911690701,5.065968876276847,0.021926529938978156,0.5179607692912758,0.210853645339281,-0.5546740968589241
3038,2.833,0.9535332242036493,0.19620935985554533,0.14677985259664875,-0.17530531171809008,3.1801792693026902,-7.7129096103767925,6.730289702688686,4.246396361209237,5.170439819362399,0.1688931886816747,0.5481810195091315,0.18546188198555946,-0.520751716158619
3040,2.850,0.939833903780352,0.2363544951544158,0.18100517063340454,-0.1675885262458549,3.9253383471864964,-7.110646771747124,4.731255945416889,4.073995243566725,5.185047399489708,0.5160070430900953,0.5920747979194809,0.13833338470512177,-0.4878722632454084
3041,2.858,0.9323459058357789,0.25611281682881476,0.19701416366672375,-0.16224289273177048,4.516240013212815,-6.24768920938092,3.259623590272647,4.019136837257798,5.031585623345142,0.8737553680171704,0.6206090928689694,0.11674240546548224,-0.4686287017346399
3042,2.867,0.9244018450375064,0.27552801851668923,0.2124046996271126,-0.15636426535445114,4.958465502760335,-5.415164423683969,2.590164564719368,3.9678240775017795,4.932305400802334,0.9962125178019442,0.6366842506201525,0.10080339303066653,-0.444318251829215
3043,2.875,0.9159540046152297,0.2944372958962357,0.22744994102725777,-0.15033783469683745,5.2792761581239205,-4.763683382153659,1.5802965295491085,3.8962779072094653,4.873287693524314,1.0071605396274648,0.6513104891488879,0.07014256665660405,-0.43015836393838475
3044,2.883,0.9071094988780909,0.3125618993924474,0.24217585558669236,-0.14425072292428298,5.7734766656301915,-4.080612176988874,0.5541682286894349,3.757991167594102,4.799619397209371,0.9852646166101674,0.6742199749086112,0.04810722081263005,-0.40481675039851783
3045,2.892,0.8979045015628897,0.32987273880193213,0.2564951682865848,-0.13842583181634796,6.271590244903831,-3.4318452303205182,-0.993712458273797,3.639201955883708,4.686279649368503,0.8986662642727478,0.6856345941479685,0.028850424640544943,-0.36657335500882327
3046,2.900,0.888491070567212,0.3458558718715459,0.2705806621006887,-0.13324203057389733,6.437425272549844,-2.7363512319599885,-2.561017226935615,3.4142552508183797,4.553814369191569,0.6893228605976252,0.6951270736461038,0.005545236994404276,-0.3480797815420594
3047,2.908,0.8790153553298734,0.35974438351489646,0.28520335555805304,-0.1287440468612454,6.545173765096266,-1.6174687547827933,-4.327878156928227,3.0017938709933283,4.552532412435139,0.36150284470861693,0.7099785921297401,0.00085045142995181,-0.3218989544659937
3048,2.917,0.8694469559552302,0.37150019883916835,0.3007264652230561,-0.12495273569269473,6.774809847551895,-0.7681821080409748,-7.196580203022691,2.5775408019607298,4.622888722340324,-0.013468077237496516,0.7153028564098086,-0.006991738946334885,-0.29204822752264
3049,2.925,0.8597298410526494,0.38129381585807115,0.3171308689366823,-0.12209684008786753,6.99044998350454,-0.13183078802069007,-11.372702357868205,2.2238143948167983,4.6800922192727485,-0.43200289895429034,0.7313780802882908,-0.017071527958980644,-0.2677799234989505
3050,2.933,0.8497347454613925,0.3899110076400123,0.3338403363654348,-0.12029504683164018,7.702629251297991,0.5707916331393901,-17.237070414406293,2.07518117721626,4.633903261487659,-0.7756262519487427,0.7376777815181427,-0.022711241310252046,-0.23721106700080252
3052,2.950,0.8306113631958933,0.407847431573794,0.3584330908774075,-0.12357570656317261,10.002090746593273,0.36569403915709103,-29.74367769793313,2.510164128591413,3.390220827632322,-1.0336732805636846,0.7522441376542325,-0.030391872274357405,-0.18488545502735865
3053,2.958,0.8239731111146286,0.4184527718230146,0.35888166678030586,-0.13103258817067343,12.835657660395043,-1.7654312973335136,-44.46281456787903,3.4017402789448634,0.2537722738528433,-0.829922855051857,0.7507787555449636,-0.010369346754142372,-0.18454348379038926
3054,2.967,0.8216115912079872,0.4287981941083866,0.3478196463903777,-0.14180266396277008,12.731685492985797,-4.672573403137301,-50.07677025939279,3.568780752101267,-2.7369839460330185,-0.23865741476021998,0.7508310513580905,-0.02672279420281454,-0.21787394181488023
3055,2.975,0.8247375790227077,0.4348912323340233,0.3274337039313059,-0.1531819549313296,12.056534585301682,-7.649740925721523,-49.26496281190437,2.5336122676595543,-5.247129557155916,0.4158359110778442,0.7315789939782433,-0.011746270360489652,-0.24022927509774972
3057,2.992,0.8489117026259609,0.416836111437308,0.277459589876397,-0.1691530470672579,13.698228967602109,-9.925091838608894,-42.543952134405835,-1.4916630426496686,-7.06867030359114,0.7030051840400504,0.6997221384554969,-0.022331771466067775,-0.3202834114238647
3058,3.000,0.8678130440974962,0.3905104756050358,0.2532032974112323,-0.17404073981986232,17.55730169011222,-12.110729872287662,-32.881270741661595,-5.940105688669722,-7.7661626312461145,0.38719815143738484,0.684663439677154,-0.001204436606583872,-0.3700208997304194
3059,3.008,0.8888774723772136,0.35400144444327963,0.22995202843065002,-0.17805022059238548,20.2802152325174,-12.700779578883514,-24.071796618373526,-8.356152540066951,-8.02447320182226,-0.050547815933512374,0.6532449333480117,0.04434862174257847,-0.4182507227388396
3060,3.017,0.9096897632689758,0.31017682159118026,0.20727547673836466,-0.18246027155003303,22.312822417737436,-13.86882990619814,-15.23731931165392,-9.904442827455393,-8.23494856950077,-0.5989653960941841,0.6250009815155445,0.08672442191026436,-0.4669410049843968
3061,3.025,0.9283870357047472,0.2631146181529543,0.1832057198300415,-0.1878932512655364,23.426752602129827,-15.349949621398489,-5.911829021346572,-10.338990615716508,-8.64630545966293,-0.97450720336396,0.5879412031711806,0.13264102804725258,-0.4985802818225244
3062,3.033,0.9438500154978001,0.21659054906781494,0.15683225542380652,-0.1940085718672935,22.750662722852564,-18.1499378854142,3.9271663130900243,-9.884877827601748,-9.038140042935156,-1.107218522948504,0.5445385162495574,0.1912315452988028,-0.5332504423649845
3063,3.042,0.9560393462283793,0.17296412598830696,0.1282868832414176,-0.19903430652155701,20.496101364219466,-20.394421291952288,14.750891798481945,-8.992863389578504,-9.214611573824246,-0.7929608520285758,0.49844636434715595,0.2417831911505412,-0.5654255258765263
3064,3.050,0.9652479611645938,0.1329608750173095,0.098957768388651,-0.202052318120245,17.810293081297175,-20.827466790842024,25.532704909499586,-8.063353833335904,-9.05029438138935,-0.3307853595962486,0.44989457716234454,0.30609065018790127,-0.5859843479440635
3065,3.058,0.9718234941586691,0.09638067640660396,0.07053450117018543,-0.20321108621655995,15.3523634407454,-19.793446175338406,34.56563960045038,-7.270287609780446,-8.553107486438979,0.027293207762469025,0.4079376624763185,0.33815657567822166,-0.6084982311600998
3066,3.067,0.9760531691709131,0.06373827925463962,0.044114970832435166,-0.2032523359214536,12.243912956817072,-17.93359357469048,42.112221408430585,-6.414344458471878,-7.8283653701511415,0.19780411065065615,0.36740717735535244,0.39481329623153655,-0.606527888981296
3067,3.075,0.9783773059934044,0.03469018443104931,0.0207248749944219,-0.2028421006046165,9.047447985322872,-16.21569166244986,47.68608907014032,-5.694058406477562,-6.915824947004486,0.20770079750575018,0.3280903005994777,0.4339239559685508,-0.600034781706989
3069,3.092,0.9796572310424454,-0.01454663235406964,-0.016761553432031787,-0.19944712452163815,4.180415819245859,-13.587645239007482,53.05742244395668,-4.873833927449329,-5.592792742487813,0.4198468001423698,0.2965415109551251,0.4419873733858853,-0.5652292275166093
3071,3.108,0.9786124589909407,-0.052638795046776925,-0.04209804745140244,-0.19435680272248596,0.3940257824380741,-7.827055958220901,56.32964128806896,-3.8526299523485434,-3.904055645898492,0.5727109161140437,0.2931333954646647,0.4321763429208551,-0.5715118314276242
3072,3.117,0.9778383625518206,-0.06678323548628097,-0.051849264763218314,-0.1915301279785299,-0.1800523997418261,-4.860883907308407,55.15983561257448,-2.8355085063634085,-2.994942721555426,0.6190324941669539,0.29387653353404064,0.4313947697372026,-0.5783411662618744
3073,3.125,0.9772513628126427,-0.07761287866402035,-0.059915760138460034,-0.18805881163441165,-0.18832138961437375,-3.1852373185227747,55.27224157972279,-2.1253881011284896,-2.457504398677359,0.7675680309715254,0.300211822468132,0.42241799487284065,-0.5704539435585515
3074,3.133,0.9769935164657657,-0.08513305374926514,-0.06527239306052647,-0.18432456875667505,-0.3841925701609352,-0.7162461563979564,55.855856942724074,-1.4598827212402659,-1.6724482285234124,0.8513107623229277,0.30265558462153036,0.4277784131930933,-0.5719535507505388
3075,3.142,0.977081988353495,-0.08910612899491216,-0.06771290214605388,-0.1810686297890437,0.06035150418335063,1.3024894565374432,54.9118724986956,-0.7592387451868198,-0.8166997478819658,0.7637992085644476,0.2968185576433982,0.438662604436765,-0.5862015401916122
3076,3.150,0.9775947723712055,-0.08895438279278679,-0.06753195595464143,-0.17842369164263389,0.8004287391447822,2.8436888202772717,53.34079364575969,0.0939709135937513,-0.001639033368237945,0.6322353471320419,0.30804060203170924,0.44016604406478566,-0.5808235077763507
3077,3.158,0.9784860582011314,-0.08423829820754482,-0.065140162804145,-0.17670795740701092,1.2883084423503126,3.672270477960151,50.75146849424009,1.0619376026971616,0.7399925547073095,0.4077329469762347,0.289511673267105,0.44639587870746816,-0.5972552568508893
3078,3.167,0.9796652854727115,-0.07517584862473854,-0.060158084454373484,-0.17602705785759704,2.1349683799598305,3.6736027965982325,47.48666266069495,1.9621527157338867,1.5593928116473796,0.16566104512541224,0.28170044775214265,0.45664425145456405,-0.5980736720436574
3079,3.175,0.9809598660674154,-0.06240772882975985,-0.052755975526703185,-0.17618122372584355,3.339333353808238,3.042562574518545,43.53293093183203,2.7208646723585552,2.303597563688312,-0.0313316937171211,0.27460501506694374,0.45305248003839527,-0.588293079215255
3080,3.183,0.9821260952548909,-0.04644034544103741,-0.043130700924459406,-0.17723253079630374,4.583443973115586,1.9283895984698476,39.60618939820282,3.3659234683971206,2.975026155212201,-0.2514034291007148,0.26460444115365434,0.4517896625584974,-0.5941592204337
3081,3.192,0.9829721036665047,-0.02787529749484936,-0.03159839818975322,-0.1788584704028923,5.160728279042879,0.6377578898990394,35.951101120627605,3.888061961636613,3.540079859565212,-0.4028633028718099,0.2694872393775198,0.4510572596307261,-0.5941462910275643
3082,3.200,0.9832831460848505,-0.007105130397569803,-0.018341904163509906,-0.181017530364241,5.423380290935023,-0.5146113809875484,32.72033300453399,4.325581204633532,4.041541876381998,-0.5538154278529562,0.2804741630244583,0.43713809184193814,-0.5945172249413833
3083,3.208,0.982877484892678,0.01561432889717385,-0.003519290636623451,-0.18356376825928816,5.508829298992973,-1.9323434505571577,29.338979011238504,4.715515820786712,4.495070157778893,-0.6796910132470048,0.3063673287592722,0.4136344670917052,-0.6035851295412151
3084,3.217,0.98161485942943,0.040057020953287066,0.012821462250788824,-0.18618086079251017,5.173783682925595,-3.6332153916683176,26.380299663370582,5.057431192997078,4.928339676334883,-0.7386665105115964,0.3325006803435249,0.37916235923057545,-0.6101322874667098
3085,3.225,0.9793770950449672,0.06561417709342614,0.0306595025709647,-0.18861410437116027,4.987493520280223,-5.349774038397895,23.311722180338663,5.262901320912604,5.336247249440759,-0.7473783070687403,0.35959518862115036,0.33743646531442084,-0.6068598704557017
3086,3.233,0.9760603859975157,0.09191660004224489,0.05002380447313068,-0.1906700828894988,4.944475556375894,-7.068395897595716,20.418920943814378,5.382918116779175,5.742720361140487,-0.7233541731448131,0.395227823592595,0.30550755321875883,-0.5992498773742438
3087,3.242,0.9716727392771779,0.11880029581816166,0.07062576073241675,-0.1917044062614889,4.7916117983064055,-8.886781367215598,17.807406019339805,5.4745933997912815,6.093451798301345,-0.5509642172648602,0.42232751539499924,0.28182476914025484,-0.5992811522790518
3088,3.250,0.966144731240197,0.14596956221919233,0.09258240710756108,-0.19153522677699583,4.732759687933266,-10.285971682341847,15.844494896189989,5.491818675239622,6.475607600292285,-0.353835633666234,0.4616076249923796,0.2433709617562048,-0.5823409068698104
3089,3.258,0.9594335572248168,0.17260167042472563,0.11632874178471594,-0.1901671277385068,4.9845140084093185,-11.342286761447815,13.866556637793991,5.2996019396004,6.932578134824471,-0.20119865388301936,0.49648334592005533,0.21350751329089945,-0.5591215350309959
3090,3.267,0.9515061748603515,0.1980751992069668,0.1421989348904353,-0.1875677946177549,5.846947447498304,-12.213743957359865,11.650209756976311,4.9536779488903235,7.454485939312028,-0.08915105518381625,0.5342899329511567,0.1865684082949776,-0.5366510414567591
3091,3.275,0.942362429337217,0.22220748296019996,0.1699861159209348,-0.18352549328163148,7.005096137031835,-12.499106973116188,9.475995739141563,4.568216863325368,7.939801952442817,0.05278892544068723,0.5625619850992931,0.156271129708741,-0.5058703457705074
3092,3.283,0.9321319936905956,0.24470458918635005,0.19899142933950698,-0.1779101498480493,8.360446827557091,-12.459112243818097,6.999545137348301,4.141584821688949,8.272518793484007,0.23249645819561918,0.6003487996324153,0.14236245929293823,-0.4707979558965746
3095,3.308,0.8957894376190952,0.3077992851037507,0.28175830953222836,-0.15307886382262564,10.275888911118809,-12.197794087997117,2.2260124635041807,3.862849675072406,8.148698565678403,0.761402079978293,0.6921966070004104,0.07195679343459911,-0.3475854955359297
3096,3.317,0.8822335832096387,0.3293102773408711,0.3044075641639751,-0.1433690370146748,11.091373392450778,-11.67023479972966,-1.0844736602099847,4.160136707422405,7.294804273385667,1.4087220269920548,0.7102018272808005,0.049287385174616435,-0.30857477044155474
3097,3.325,0.8681280503984204,0.3512042773359682,0.32442530233957667,-0.13325714575298392,10.828756382780496,-11.089867117246103,-1.5833084405044298,4.336875296962023,6.812751480281824,1.704432662184545,0.7242969581064831,0.025414866174020233,-0.267120053804349
3098,3.333,0.8534512104402624,0.37272271001620316,0.3430204045917698,-0.12262061356039078,10.830495103647824,-10.153253393930767,-2.092580292860467,4.316948432656118,6.596001241808892,1.886486272542289,0.7430361177783651,0.0015177620454834002,-0.229075935177323
3099,3.342,0.8380196388619255,0.39316033672333434,0.3615641014674769,-0.1114425189922511,11.553501132055716,-8.830583179635973,-3.754868971063474,4.114701376701071,6.659849424385451,1.889751124821558,0.7529835278963671,-0.023831855374625607,-0.18932613212624058
3100,3.350,0.821618349395728,0.4123925995000421,0.3806466288661631,-0.09991884580329728,12.695675399729897,-7.57977357609558,-6.599643522025006,3.9247039236436048,6.858301658849675,1.7817847245123726,0.760232844765023,-0.041067089930533714,-0.1415820710176759
3101,3.358,0.8039403596617803,0.43018006192058644,0.4009700695469479,-0.08858902731379172,14.361799096559807,-6.0488298287387225,-10.441598397454259,3.7480659111813415,7.163496293297755,1.4583452539900983,0.76626330361651,-0.06465859692996187,-0.09501493720706301
3102,3.367,0.7852185300586723,0.4454223674201658,0.4229720751617775,-0.0782649237376017,17.26105750824663,-4.749352111218436,-16.788733376985498,3.429979487070248,7.439216507704272,0.8285069722237758,0.7734993157291413,-0.0727993992235064,-0.03879116069312594
3103,3.375,0.7666544810917851,0.4582511114160108,0.44433292137192304,-0.06939078103731663,21.411348408091886,-2.0643482827970456,-24.94460252246168,3.1114925076236553,7.100300338762539,0.37741940707513544,0.7717247329499319,-0.08128794457977212,0.0030162922165461806
3104,3.383,0.7496217264478705,0.46981320026148043,0.4615734442418374,-0.06551930759789161,22.917919764724413,-2.963535308139002,-37.92430976525659,3.314908811241888,5.615167847169629,-0.20888900542335853,0.7680006981921732,-0.07001741561131893,0.04248123222821024
3106,3.400,0.727113741600461,0.4950942903030961,0.46942203584448555,-0.0763557643447439,22.629611506516977,-3.6867845242448167,-52.61815902422413,4.092564319955827,1.544331440887229,-0.20058969731415693,0.7691873002200582,-0.07059352736861041,0.06421634253524025
3107,3.408,0.7268745932863665,0.5039063788121363,0.45845348884159803,-0.08690273641368289,20.14603469316053,-6.732800650732558,-58.21671696093743,2.9657576297803825,-2.981230224134949,0.41383895009566257,0.7658045348222086,-0.07441710141964795,0.04177699208633712
3108,3.417,0.7363164910475194,0.5049100418206212,0.4400975891196049,-0.09601034700113507,19.699099799203456,-7.005076635871752,-54.23840078683659,0.43002478769505903,-5.326598251190851,0.8882899632265823,0.7575367362806692,-0.07188264694659825,0.020749126480491122
3109,3.425,0.7550523548064529,0.49487616958854697,0.41764928140851604,-0.10277449106440835,22.39635389053541,-6.371012703214435,-48.05986618081034,-2.804753415120894,-7.006975909617088,0.8392521606432434,0.7593303144393684,-0.07739756124634561,-0.03316493039774681
3110,3.433,0.7805691094622119,0.47366724341377575,0.39300722583820047,-0.10907120751658768,25.907163981342308,-5.354215723487968,-40.69935381486667,-5.625797188019897,-8.296442021234606,0.2271612797641598,0.7589210437557585,-0.0687263444006744,-0.08352227721911909
3111,3.442,0.8098293941824528,0.44214439402155353,0.36753697463317553,-0.11662443753728108,29.119392196258147,-5.775271471116946,-32.692688181732,-7.854042997547818,-9.219205805724586,-0.7938174409248198,0.7517153916763577,-0.051935437338682854,-0.15909585924720518
3112,3.450,0.8400481703489837,0.40201770883012283,0.34160852321419183,-0.12650869593716643,30.35677139227677,-8.602189761559515,-24.50153052461092,-9.405741989292537,-9.866816106281332,-1.931985067662304,0.7415642101271199,-0.013586955678246243,-0.22457494450988147
3113,3.458,0.8691545450536542,0.35544871216367824,0.31481555822994095,-0.13826696687976017,30.629561404263548,-12.2818083856104,-16.067302714414787,-10.429616794835596,-10.329782776664818,-2.7933239475695237,0.7194418082670473,0.03212418903238094,-0.2847545338008954
3114,3.467,0.8957424702476996,0.3046311174226034,0.2862625811929049,-0.15132430043182366,30.289904243296988,-16.884880668139974,-8.007393064974769,-10.93701060751097,-10.747279241243758,-3.319025531112719,0.6863290325670036,0.09152617194764374,-0.34236422702090097
3115,3.475,0.9189349061804296,0.2522276231426475,0.25468356791457547,-0.16454830464419162,29.511897663916606,-21.234721588629792,0.8286064177120973,-10.918229148408907,-11.242099860349846,-3.3724540031246923,0.63953551969434,0.14486518698452489,-0.3943363873580017
3116,3.483,0.9383170433340051,0.2000284829285378,0.2200806586969501,-0.1763922783847278,28.13370872757438,-23.76198379190194,11.576623643250059,-10.597127487106635,-11.579763950015458,-3.0228439905111815,0.5983538915487489,0.20749711049827976,-0.44416926224917663
3117,3.492,0.95350225171148,0.14916502728250564,0.1838678316384176,-0.1864828976220988,26.56114378607482,-25.333613899056168,21.98812830270229,-10.125891768869268,-11.587023574328713,-2.6603627967549164,0.5432332682125813,0.26901372729978057,-0.4793671505602167
3118,3.500,0.964273650974415,0.10078199887817345,0.14879261018233392,-0.19462803984451996,22.84259047517026,-26.19625590396247,33.410972955877455,-9.527494509950264,-10.947337186013367,-2.337788416958455,0.4956772167999827,0.3351864567828378,-0.5121451894585026
3120,3.517,0.9745515907800739,0.01783114995035669,0.09106777590436013,-0.20405368703189053,12.667034120551607,-24.5548148267026,48.79420981951052,-8.215292937168174,-8.916599343648564,-1.6994175514025285,0.38608202881844184,0.4429902127210036,-0.5274972759173913
3121,3.525,0.9753868106258953,-0.016499170101857225,0.0715213270747906,-0.2079255799954771,5.178542368058627,-19.381935213248454,55.232641044956125,-6.987407362989032,-6.275098604065622,-1.5772316213853634,0.3599460565104242,0.4828455679497594,-0.5192798136555445
3122,3.533,0.9744041403295275,-0.04521071266006338,0.05677212082497968,-0.21276627802938636,2.292788706613194,-16.28652988592524,52.75388107036656,-5.89934690894362,-4.835700142246892,-1.7706129262389834,0.32085647420494545,0.5227658981595013,-0.5020496951727437
3123,3.542,0.972647981825222,-0.0678175172139143,0.044393940091369856,-0.21768294809981584,0.20498703323063483,-14.356504131787222,47.97741239961497,-4.600262373646865,-3.955668636425457,-1.7139862518679874,0.3118142212861783,0.5345264909374536,-0.4962889438923241
3124,3.550,0.9709246029604036,-0.0846391309527572,0.03288989473435125,-0.2214946674349256,-1.0267061688769965,-13.377274938526702,43.40765663845648,-3.3051657959677403,-3.4723442370246085,-1.3774996125125876,0.3047268160905209,0.5294330359738315,-0.49162462877731655
3125,3.558,0.9697316163914957,-0.09652159908667485,0.02141764927809725,-0.22326096250775443,-0.04902231431647145,-12.538200747948418,39.81293277203256,-2.160294513749604,-3.2492326741735873,-0.8323978245810163,0.3103496218673716,0.5220738850847754,-0.4964458162536658
3126,3.567,0.9693834486654102,-0.10387724917495757,0.009091684927357546,-0.22231191561088687,-1.4636257227573497,-10.78824291968152,36.732166050762636,-1.0542677405978358,-3.2801426090157584,-0.15434891426358285,0.3304026190864463,0.5026327395635534,-0.5177594680291834
3127,3.575,0.9688626890227839,-0.10950519247423393,-0.001846887220840126,-0.22205920752879157,-3.3429627254052026,-11.125862084619435,36.83373060401313,-0.728840451387125,-2.843826223050446,-0.28384996096038684,0.3479786060692637,0.4848197153906223,-0.5163830240464955
3128,3.583,0.9688486985279234,-0.11386187097454786,-0.010454207893767536,-0.21967790793850583,-3.7061433845912983,-10.291296702628655,35.17614048642865,-0.5427647186506415,-2.2965118585307254,0.3017583419660289,0.3733887877087118,0.45543228209027875,-0.5288274250042363
3129,3.592,0.9692805915294014,-0.11639050745377418,-0.017425554947130526,-0.21597392132813462,-2.3553148902485925,-7.281128204429842,33.7588947209755,-0.18705017221839018,-1.8553684779276693,0.6760628295034077,0.39240438226862445,0.44188544249215256,-0.5113656914254215
3130,3.600,0.970146391794747,-0.11665209676212389,-0.02319645654712995,-0.21135323799811997,-1.824669415801325,-4.526780503061336,32.6859729712326,0.2936573118506067,-1.4863083141859834,0.937269634144726,0.41411536393969073,0.41803930381048204,-0.5001734731371621
3132,3.617,0.9727588730743065,-0.11044911710807344,-0.030407946311957985,-0.2015354167047103,-2.440499979550252,-1.6090463653748748,31.289465834625794,0.9813710462962782,-0.8174318788296796,1.0725384836589975,0.43608466149009995,0.39437232445708276,-0.4980155861926509
3133,3.625,0.9744212001851088,-0.10409207350529555,-0.03146591049613017,-0.1966673875858171,-2.659029127283372,0.48228722448952593,28.917741269453714,1.627105683646532,-0.06173879580186092,1.1284731871558729,0.45073292390709885,0.3804566688294291,-0.49789250621077324
3134,3.633,0.9761398258629436,-0.09576472859982348,-0.031196688784003012,-0.1923718371523726,-2.5843813833511633,1.4153546004276762,26.343202451444338,2.0221174153732897,0.35634031967328167,1.0176750045700802,0.45245397086360056,0.36331107260328344,-0.5055791875926768
3135,3.642,0.9779755572840102,-0.0855818359600063,-0.031181351762122368,-0.18779585195374124,-2.4857405026743056,0.8606712578098831,23.06504291524247,2.4726886767815306,0.37678576503955363,1.0686967165213797,0.4483256313393504,0.34807289275644737,-0.5196365952345253
3136,3.650,0.9800906725755258,-0.07241805621814575,-0.03081424831282245,-0.18228653478783052,-0.5582944984414061,1.871484902307885,20.462227263705095,3.1703591815726653,0.5748935060265248,1.2854351716475099,0.4446809125084456,0.32724069676350487,-0.5307232388509072
3137,3.658,0.9819650445986566,-0.056608244252833013,-0.02856104132728629,-0.17811351657656793,-0.15384399254159842,2.537458785263116,17.805365600563864,3.69437003268747,1.1577864936656215,0.977347050553636,0.44740920322807926,0.3133724944215832,-0.5579636937966057
3138,3.667,0.9832312870093669,-0.039691245903613,-0.02585253732744268,-0.17610362732850188,-0.36104358158066086,1.9142029959718494,14.879523028496514,3.9133145050415794,1.3417423450649903,0.4409058866918111,0.4437638340226743,0.3027974515785724,-0.5686358246885169
3139,3.675,0.9839960569516817,-0.02231537920608877,-0.0234266207075188,-0.17522835728459527,-0.29620303533079817,1.1396905639709523,12.289220122041357,4.019352027677468,1.3038657797187965,0.14619864932049778,0.4262000275090739,0.2797820954468536,-0.5777754258663365
3140,3.683,0.98436788615141,-0.004514095959769984,-0.021001340648991815,-0.17480970036704446,-0.5399846777155504,0.44866707443103837,10.245575419955108,4.116909237263456,1.3231632429219953,0.019190836399907117,0.41597205995444025,0.2689207723609733,-0.5943153594706723
3141,3.692,0.9843589809800187,0.013287264836696044,-0.018079981566765085,-0.17473969046465468,-0.9693652961575869,-0.17586297586579652,8.684569450637541,4.091672550567946,1.43900042574555,-0.07752216992719041,0.40426132982608215,0.2654660143394631,-0.5994359753670269
3142,3.700,0.9839253795436566,0.030338509907637853,-0.014556016131181883,-0.1753811412348662,-1.0500362235184129,-0.5882654201320557,7.346010765213685,3.8892610103334646,1.5476465891763993,-0.26122028200334607,0.39352051966956586,0.25056679715251245,-0.6003222451953188
3143,3.708,0.98309104687906,0.0462477889937997,-0.010409626586601587,-0.17687502716253167,-0.8166488310505454,-0.8363440276663319,6.072781515542514,3.5908877082232555,1.6398149730592988,-0.4786117433782381,0.3952379620746401,0.2534577750911193,-0.6057115849189474
3144,3.717,0.9819270071870109,0.06073567031420255,-0.005797829328155681,-0.17915612209278928,-0.5570524091853688,-0.9692767726365265,5.321580729276496,3.239178290835334,1.6818618451773124,-0.6793121851110566,0.39058627225571063,0.2535174818304037,-0.5974183067336928
3145,3.725,0.9805557981456863,0.0732997809014424,-0.0009799019250582065,-0.18203436113792865,-0.3216923505189439,-0.9487582792769201,5.012707068573698,2.7769658188188706,1.6389676816000294,-0.8286882301534776,0.38228665036899784,0.2535122135887021,-0.5981637327505158
3146,3.733,0.9791301036145338,0.08365530811432788,0.004104756010309685,-0.18517337983140286,-0.014475763325754462,-0.8442614450598317,4.621052235266941,2.2482198005100953,1.6019404068119358,-0.8962163799355057,0.38497300687581854,0.25765898468493814,-0.598677640456914
3147,3.742,0.977751249046232,0.09197283077098042,0.00938032158537384,-0.1882963168929794,0.29417996150610715,-0.9085124568482374,4.277763492850068,1.7581445393670005,1.5556327667039074,-0.8956110385275815,0.38130516730015435,0.25866186313047423,-0.5950284005174193
3148,3.750,0.976488535434261,0.09871154303187629,0.014399091420825346,-0.1910990256489378,0.4078146994940294,-1.1096793657467627,3.846932201444323,1.3977972811311756,1.4310872705066005,-0.8135704831040088,0.3773820845001515,0.26020393653097307,-0.5843031695394233
3149,3.758,0.9753624099252152,0.10454651522387366,0.018696128999640217,-0.19336144967353125,0.4652305839795895,-1.209272641812531,3.680853005434654,1.2127522563436317,1.2309551240193357,-0.6677393114692174,0.3790957349931185,0.2665303556048509,-0.5872757542731933
3150,3.767,0.9744170617472919,0.10969423756412608,0.021928957652437436,-0.19492994853864154,0.5349437135881507,-0.9992858375048906,3.8144927712473358,1.0953829085567672,0.9659536306331604,-0.47511883269878136,0.3790858556323893,0.2736559086680531,-0.5809791963193596
3151,3.775,0.9736806705150153,0.11435376722264962,0.024033775542841015,-0.19568225627423305,0.42689357723856897,-0.5751768115209906,4.140345808548178,1.0233252852645476,0.6973564112856883,-0.24906144114703122,0.3805548119233758,0.26484775664855914,-0.583599153241772
3152,3.783,0.9731009819959751,0.11851916238619592,0.02521404341977619,-0.19593861028436826,0.1629984427615502,-0.2619185933378002,4.881627719682258,0.9455592631366893,0.4704738160094388,-0.10487778774040504,0.3868733045788483,0.2610750698235522,-0.5650069117998028
3153,3.792,0.9726049004002879,0.12220555827298217,0.025847233360177836,-0.19605466016435225,-0.21279497611996076,0.1112203234355107,5.502199683672519,0.8552373867992208,0.3226940485829258,-0.0563565380471661,0.3861481863272119,0.2632389130760893,-0.5696624118474126
3154,3.800,0.9722462417037598,0.12508991190770521,0.026202346434035358,-0.1959673352198973,-0.25615522915390737,0.27122956889005295,6.091705225176437,0.6769318031386813,0.22536664788655075,0.00026495085341260547,0.39225093109746534,0.2634865595464808,-0.5691663234446622
3155,3.808,0.9720536883561844,0.12712957714393242,0.026770080206594524,-0.19553276036018957,-0.019933923915148952,0.47068888877348614,6.342654250952229,0.4619095179337579,0.24350092880676616,0.07795617752550267,0.3907676917947642,0.2625943141766775,-0.5574431650621354
3157,3.825,0.9719968448375353,0.12973486846217114,0.028931630948782906,-0.19378843686253158,0.09044693307727811,0.5306210882322496,6.736060784726775,0.2590873634131733,0.34082605057567683,0.1682997699559862,0.39028846654785626,0.250345452780211,-0.5632153434690353
3158,3.833,0.9720985399345936,0.13019355573000105,0.03005135786268099,-0.19279777642395096,-0.265049283018911,0.2742764540655689,7.238435494580837,0.05458549683638347,0.31263009595515845,0.19511955361845792,0.39198743169334366,0.24526429038055914,-0.556828300185098
3159,3.842,0.9722451455219872,0.13025035317175038,0.031105172060334276,-0.19185069918731473,-0.41534724480572155,0.27734049379499076,7.594641772786783,-0.03625032948238504,0.27765779484004854,0.18600184903439748,0.398075628881323,0.246311070840275,-0.5470603876849223
3160,3.850,0.9724178884673726,0.12983738780808166,0.03218275205830543,-0.19107583150619722,-0.43618397275780646,0.5400212743166884,7.708731110834494,-0.14699125375762329,0.25595987451440255,0.1428339894268215,0.3944129591152815,0.23019996250987484,-0.5467060983795854
3161,3.858,0.9726295563379778,0.1289474111786596,0.03328786277847446,-0.19041068635912176,-0.31534238873439685,0.7007685103766742,7.9664903443072905,-0.25955513207192255,0.23733908184862168,0.11446643370781918,0.4017276890696801,0.23878856534805235,-0.5406527191485611
3162,3.867,0.9728733090179515,0.1276656166562465,0.034379709153027196,-0.18983427120200186,-0.22717899087061175,0.6878723380517068,7.992070398440944,-0.35098163472047594,0.21322131661616575,0.09250650377326308,0.39511857219480245,0.23081115676809216,-0.5296190807479966
3163,3.875,0.9730968580146867,0.1261382826261392,0.03537769326428395,-0.18952587527134881,-0.1835878142247756,0.795560421839248,8.280626760314734,-0.4010522717978878,0.17279565701942728,0.029605734267574593,0.4000005299281839,0.2234906396515141,-0.5290704692074012
3164,3.883,0.9733197579304973,0.12404804780495184,0.03583461829621115,-0.1896750136139807,-0.1632901552125883,0.9389759686400432,8.610482498901137,-0.504230574331461,0.007509745259729634,-0.06668366369200585,0.404134345162178,0.2147773159826483,-0.5185029760131061
3165,3.892,0.9735480039230892,0.12130059372542999,0.035209746633501765,-0.19039622832722194,-0.19458646873487037,1.119836887635686,9.035703219154334,-0.6038341771785833,-0.29125138293466546,-0.17554048384883278,0.39584545690319917,0.21545528041283668,-0.526089422510251
3166,3.900,0.973765625801045,0.11824159250302517,0.03349864395783289,-0.19151311355527154,-0.2116994489781329,1.302968629035896,9.424955611913834,-0.6233815752832629,-0.5702894864861583,-0.24145510663888672,0.39170848635507727,0.2161262205207563,-0.5346458930471298
3167,3.908,0.9739714640468417,0.11544767713359375,0.031057674671356936,-0.19257944311612699,-0.39831003080083993,1.8110433427299797,9.995961004845563,-0.5279602649171171,-0.7273498143677185,-0.20862536018777345,0.3907215221272462,0.2108026798924146,-0.5280171733200384
3168,3.917,0.974181392386221,0.11297797246590505,0.028275433046415513,-0.19340913202838872,-0.6673479072833446,2.4106071244645877,10.6431717385948,-0.43803673695420114,-0.7860208496657677,-0.14181642092663746,0.3868385905514713,0.20605700710193162,-0.5428821113010447
3169,3.925,0.9743571615639458,0.1105841334178595,0.02548110150159313,-0.19429355267619453,-0.8699714864047777,2.9755046153382776,11.163978875704789,-0.41859778535344383,-0.7865542740194523,-0.15538370793546163,0.379523990096366,0.20894271679883689,-0.549018026217134
3170,3.933,0.9744711019809956,0.10799473900834008,0.022965452112336526,-0.1954886077492513,-0.9558406394799003,3.3095028925037466,11.419327974909995,-0.47384263303105106,-0.7376466199449718,-0.23907940839694058,0.37733277605033044,0.20183472454130652,-0.5528766916103438
3171,3.942,0.9745072525713964,0.1051123992075602,0.021025195255739808,-0.19709119559999952,-0.8994283341764304,3.5064761232676767,11.314812248163197,-0.5653408680501086,-0.6262497021292798,-0.3536108050408272,0.36708349002665136,0.20279018881152858,-0.5558294124879406
3172,3.950,0.974465477302013,0.10199509767745202,0.019684953000752535,-0.19906415102093455,-0.6629764925589883,3.462901257186672,11.024429927473927,-0.6451064474240222,-0.5050865237173129,-0.45926630997479995,0.372945861586786,0.1974051853633353,-0.557734657427944
3173,3.958,0.9744263785471344,0.0987452282351574,0.01883214097661446,-0.20096756742952554,-0.30831971420330284,3.2295602306770346,10.639438494832197,-0.6996878128073314,-0.3958966632399277,-0.45454348942892675,0.3624544551833568,0.20762897298249047,-0.5619751623872699
3174,3.967,0.9744625933559117,0.09567086013131425,0.01811359427776953,-0.20234040222888258,-0.11721137378834794,2.7661366872682205,10.170266633912467,-0.6693966795631285,-0.34451469299117365,-0.32891492952332096,0.35904449608762096,0.2041742149609804,-0.5670827542930627
3175,3.975,0.9745776554479417,0.09302217371816217,0.017181570329094953,-0.2031011135847541,0.15747586134815,2.456686420556897,9.853238462620912,-0.5634148982358771,-0.36134680830214116,-0.17543438773552342,0.3512344224738722,0.21466145377563173,-0.5686353275904975
3176,3.983,0.9747708793118068,0.09040717123260143,0.01580538812363644,-0.20346612971614494,0.5741832812458538,2.323152887641678,9.661671762450272,-0.5375087820774926,-0.455548160829178,-0.06976573653675225,0.3497746235312078,0.22025371384117118,-0.5718517578589015
3177,3.992,0.9749763103896432,0.08759059998204623,0.013927938718115289,-0.20385066469562363,0.7181666514497852,1.937450778556533,9.61562957064449,-0.5599554860884997,-0.5834674494795189,-0.06447547005570813,0.3453873508167639,0.21802313952708086,-0.5764813943733987
3178,4.000,0.9751336274315611,0.0845537966722038,0.01156939811156793,-0.20452680300590861,0.7245563436871533,1.517771755049635,9.890069763349857,-0.5865492041015814,-0.7118581620035713,-0.12661570468172145,0.33904976359085354,0.22701045087484592,-0.5829038130241992
3179,4.008,0.9751829475536813,0.08183922214390552,0.008675378770773583,-0.2055366106623788,0.5187194428041688,1.0652283262421007,10.282038657952635,-0.48135949256585897,-0.827795735639722,-0.19919990675791321,0.3270917791534405,0.2191753239312459,-0.5860401304977683
3180,4.017,0.9751529595343457,0.07986268166068276,0.005325917333472221,-0.20656788761549702,0.09252102609721345,1.1102849217469715,11.097890434192875,-0.2849976744601218,-0.8975964123175282,-0.19851905683793875,0.3183266418055494,0.23371450549150508,-0.6012955938524925
3181,4.025,0.9751730554790837,0.07827531489349103,0.0015910661513714188,-0.20714235552975283,-0.3224911660201701,1.3613921568094505,11.762990945900915,-0.1757281122073137,-0.961297494176564,-0.0818136544150313,0.31369514886279737,0.22440403620895943,-0.6058746871517722
3182,4.033,0.9752341151148983,0.07656806672408022,-0.0021830661074813524,-0.2074873155076456,-0.5845149574979124,1.562374993944928,12.258421272679113,-0.20297002490933408,-0.9718680651079572,-0.025454882305662917,0.30074772550490636,0.22956773439526912,-0.6008050527173965
3183,4.042,0.9752690481411582,0.07449077545817753,-0.005765870712279993,-0.20801000659681704,-0.928912084259744,1.6936693104908231,12.329481979853973,-0.2984253071753028,-0.9491554066912801,-0.07131258673325198,0.30052350922012294,0.22996468682428947,-0.6135039163879484
3184,4.050,0.97526611356761,0.071907852370558,-0.009641823178896376,-0.20878770016447623,-1.5189662822984613,1.3368109148610272,12.111167502058052,-0.4022467948220017,-1.046607741419688,-0.12752787827099343,0.28661714755685874,0.23529173961376554,-0.6196677346688344
3185,4.058,0.9751413237297457,0.06932853618842579,-0.014985867830133412,-0.2099246926636962,-0.7150998411981107,1.2415177200435505,9.870556663104614,-0.32632676868625426,-1.3966815021476493,-0.1950061594728827,0.2792844914650605,0.2336214332214441,-0.6142959856837906
3186,4.067,0.9742395857301089,0.0728073815325632,-0.024499584304282385,-0.212028500819382,0.1244539645700007,0.7153325168542995,3.2268072498248808,1.3103932099027942,-2.0841572924054454,-0.4203728132337495,0.2666060459763395,0.23330003136723076,-0.6250560450349384
3187,4.075,0.9741349816156375,0.06758207673716153,-0.01019147513552871,-0.21538299452639192,1.3321791557812557,4.560038166409683,24.16192644849738,-1.9590535955338266,3.02968346970814,-0.9954358025856116,0.2741626785800985,0.24727012549246719,-0.6175761124177698
3188,4.083,0.976313144928758,0.031637548023815826,-9.829620327520493e-05,-0.21403667660523695,-0.6414179236551386,6.37388203174175,14.313452217517979,-8.948902929849423,0.5288987574563107,0.35821794592721573,0.2738806659747072,0.28577482010254784,-0.5934387989106267
3189,4.092,0.9774471746261363,-0.009006812762650522,0.005413072049273137,-0.21091846005087292,-2.4805004289757835,-4.192006918084948,-1.6791936233644342,-9.806458881565028,-0.7763950939849531,0.7467641783711306,0.26483717567893433,0.3236648082932767,-0.5868894119845955
3190,4.100,0.9790809575470864,0.009577020429795954,0.003056639332892166,-0.20322257798865945,0.7588793869761573,-4.968919352341738,22.72883455125173,4.4855461957311284,0.3578851576428586,1.8915909889296818,0.276300836164978,0.30515977104561975,-0.5799021940290031
3191,4.108,0.9806168612282208,-0.00032700563113850946,0.013729208078741974,-0.19545325115679335,-2.303999320190524,1.0341234437369136,9.681412160147733,-2.843839598128491,2.030125341625879,1.8766686934608787,0.28751143042375615,0.31037790772951224,-0.5672264825272137
3192,4.117,0.9818090829537455,-0.00380917042524209,0.0040170038364733774,-0.18979009070648292,-1.0804609070456825,-1.6964201068531166,-0.48413899308814984,-0.3701496049886578,-2.4610959111390227,1.348192433120841,0.2763104399339313,0.3075572121240108,-0.5860231050319031
3193,4.125,0.9827758031874528,0.0014423180037806023,0.0031345265404693788,-0.184769627188562,2.8120691009743535,0.7090236850267623,22.8067214985485,1.285977562307415,0.018944542922479036,1.2181661822637628,0.283388624409272,0.3102514699286747,-0.5848106431527643
3194,4.133,0.9836470700728644,0.0007983613296851476,0.0032499124206516856,-0.18007565694872457,-0.915880267443469,-1.458183343471822,-0.40530815680951277,-0.14877825130174235,-0.006207592898093563,1.134229967233043,0.29095303652520227,0.3007477926733204,-0.5822889411924829
3195,4.142,0.9840808523820069,0.0016133055968256935,-0.0001853872764192885,-0.17771392419197704,-1.7222143973437365,2.784574321076398,14.557298688413283,0.35020250268802294,-0.7777404509988961,0.5601819428807789,0.29535443519902604,0.29876310874905443,-0.5866624096689784
3196,4.150,0.9841294470967956,0.000514278580163347,0.0013253082886432626,-0.17744635931018024,1.0053670434084871,0.3387572156219834,10.518346170070716,-0.31374314173734325,0.3117518134353167,0.05620659377330402,0.2885173872757729,0.3014538543925838,-0.5859600501444654
3197,4.158,0.9841163944532588,0.0005795780142382911,0.0009385134868307954,-0.17752100002557097,-1.595674685501261,-0.5729842572344259,9.034131332983142,0.04225784065069371,-0.08640127842962518,-0.030084643903374075,0.2807056133939273,0.297055924664822,-0.5864289666241413
3198,4.167,0.9841194041468075,0.0006224485402282916,0.0007277411704527571,-0.1775051586076768,1.1858610242282617,0.4474377761965927,9.926338652244388,0.029283005622990226,-0.045823596827159634,-0.007729865522585661,0.28851957811073137,0.29192207984815455,-0.587356367139168
3199,4.175,0.984121183941934,0.0005828242674847672,0.001118020011086374,-0.17749339611336018,-0.7712862369711996,-0.3520985070419734,9.646793118750074,-0.01561774912934407,0.09251753014593612,-0.007800688049362825,0.29461169671011145,0.30100773170768214,-0.5800877453139159
3200,4.183,0.9841215709391188,0.0006121042681792984,0.0008268371083598486,-0.177492747122472,0.48316289264466106,0.12805663648806478,9.885466893711456,0.02948238496011491,-0.06534043370494946,-0.011559157934803835,0.28510741164821246,0.29653429051553126,-0.5910571055798245
3201,4.192,0.9841207604463139,0.0006045256835401188,0.0010029007240677892,-0.17749635939197336,-0.2962035425369305,-0.16950087338670358,9.710546654748851,0.001074757830792485,0.043313909379364475,-0.011884744823516044,0.2916900651035232,0.3017032569435425,-0.5852244244355127
3202,4.200,0.9841221699839168,0.0006089489964682267,0.000933519708496328,-0.17748890745119894,0.20233249440825635,0.028130056899691846,9.774948841499887,0.01416160338302303,-0.014012373498132363,-0.00955248396403193,0.279237403913085,0.304151624358382,-0.5842849851703967
3203,4.208,0.984123421422124,0.0006118277365070297,0.000941974195367133,-0.17748191389504728,-0.09422828730220487,-0.10376464585918957,9.727052713904369,0.010686042544595934,0.004155299702729218,-0.00956183225627541,0.2875488589779671,0.3004404394636445,-0.5910813722488553
3204,4.217,0.9841229289634171,0.0006065947033778865,0.0009631117147875806,-0.17748454903781413,0.02783309139025462,-0.02276972438027261,9.730422102862313,0.008024042365640588,0.006977973709613411,-0.011870815174162202,0.2782462233949484,0.29860326630702233,-0.5749690352686084
3206,4.233,0.9841244932885348,0.0006075444645765116,0.0009557739769165902,-0.17747591131027618,0.006979434151401195,-0.04509307044728048,9.761392736588768,0.010634312277360856,0.0011939550032975799,-0.010233559077211173,0.284847671031184,0.30588339357055505,-0.5811147252588811
3207,4.242,0.9841261810350108,0.0005986952617932072,0.0009386858917721845,-0.17746667358753715,-0.0008335785387502921,-0.03183647824684252,9.758446410465488,0.008695661854703097,-0.0021438039782721947,-0.009026599239832678,0.284852548717206,0.29682759508066964,-0.584223492471671
3208,4.250,0.984126194715271,0.0006103908213649591,0.000939691637906193,-0.17746655256107255,0.014762189941249788,-0.05502312787513186,9.76435523898114,0.013084886478181325,0.002782867427815897,-0.011248375868365424,0.2875365573367338,0.29659048509368124,-0.5832409867142451
3209,4.258,0.984126000589148,0.0005915257156504852,0.0009440335075836657,-0.1774676699077138,0.006509413918105616,-0.0393611344782824,9.701077257502115,0.005521488751441111,0.0024267594748149284,-0.011529867034412057,0.29901385045999174,0.29804299838525344,-0.5849424574942962
3210,4.267,0.9841242835087027,0.0005943836208946707,0.0009585136915498723,-0.17747710434897515,-0.01404668138755577,-0.06509232676057042,9.792382792966936,0.010422362192982506,0.005604710512646519,-0.01355848743587077,0.2860732227866093,0.29438625198809887,-0.584204016394885
3211,4.275,0.9841231885552947,0.000601180070442129,0.0009420393882906998,-0.177483241158353,-0.001557405023716695,-0.028615667743372663,9.758456300189788,0.012470851974379164,-0.0013910667705589546,-0.012783881044613856,0.29121016743968225,0.297758474222951,-0.5905680414906967
3212,4.283,0.9841216205513224,0.0005972270709421079,0.0009481187030781443,-0.1774919163066025,0.01399554492622958,-0.05179955097910643,9.76437399861252,0.009171583099613662,0.0033291618338183847,-0.013387563713113781,0.28900726900189955,0.30755018780174215,-0.5869797220225295
3213,4.292,0.984121761635418,0.0005952057089580941,0.0009391002754573923,-0.17749118878535416,0.010074413797408845,-0.046423975182868914,9.79306368681296,0.010071977773064577,-1.8117391115798907e-05,-0.011099648400428926,0.2929066000311363,0.30587285708715195,-0.5825668883793876
3214,4.300,0.9841217561150845,0.0005916680726981194,0.000938397471396914,-0.17749123493862995,0.01759342808937433,-0.05480843424596199,9.735697580439936,0.009559707838672387,0.0017307737425035943,-0.011293904956393869,0.2833976632795172,0.29653780267666563,-0.5905715189721383
3215,4.308,0.9841232832083633,0.0005740107688967297,0.0009284289237691539,-0.1774828779870395,-0.010711398669479705,-0.06563890949050939,9.763723543520134,0.006422359050658051,-0.0009211489745435577,-0.00924307675781919,0.2897384967445909,0.3036493070953304,-0.5862180735661402
3216,4.317,0.9841185963649816,0.0005768445207613628,0.0009489273850954993,-0.17750874647699705,0.009734464657167298,-0.044291320876389484,9.793073909675684,0.01015798692700948,0.007052364611515737,-0.017556603495177535,0.28681071156208193,0.302175720836952,-0.5874328038420263
3218,4.333,0.9841213984089408,0.0005849146667993054,0.0009500084255060492,-0.17749317888993776,-0.007007498248889668,-0.04357571686512603,9.761102846080442,0.011198461968707454,0.00240895309172198,-0.009372580473329268,0.28752822119176685,0.3046855510716431,-0.5779279891090489
3219,4.342,0.9841213802838031,0.0005820706713975636,0.0009485588393222754,-0.17749329648796267,0.008994784977676678,-0.04165636331864439,9.793086178037798,0.009560358898245616,0.0017309502645242478,-0.01129514941063236,0.2912075522265256,0.3036299902090913,-0.5889012493111558
3220,4.350,0.984121391216258,0.0005937721773360975,0.0009495745972757533,-0.17749319168143546,-0.03254070782950495,-0.08211661680716763,9.734409048050884,0.013085840740686448,0.0027855869406017983,-0.01125227436270749,0.28876140361157665,0.2904678104760151,-0.5858806435576657
3221,4.358,0.9841213730979609,0.000590918088991177,0.0009481413544535039,-0.17749330932620558,0.04070725858065981,-0.03293246925461982,9.736388131445079,0.009560606345509355,0.0017308661493011615,-0.011295727513359378,0.28288679929281146,0.29810621728567227,-0.5761789150431931
3222,4.367,0.9841213572400671,0.0005797666478520455,0.0009465784266816118,-0.17749344236868247,0.008517833501733251,-0.03909744212373095,9.793097154013015,0.0077980375654674895,0.00120343183000721,-0.0113175162904677,0.28852506753563145,0.30312767294603965,-0.5908550228683798
3223,4.375,0.984121028383416,0.0005829092885442619,0.0009610852173778221,-0.17749517747120444,0.04031201916783653,-0.03148645558643482,9.73639456078291,0.01029723370000591,0.005755714120706451,-0.011664151136511503,0.29096254936911975,0.2950888015462278,-0.5883519016079969
3224,4.383,0.984121003361955,0.000564141449227083,0.0009586612645710931,-0.177495389953836,0.011781510578086353,-0.0423038660502971,9.764422676247134,0.006035797277677371,0.0006757477141329998,-0.011339374742229208,0.2821696809776754,0.29632703389818515,-0.5859331320201413
3225,4.392,0.9841214812416463,0.0005789625087777115,0.000936302690965762,-0.17749281196271738,0.011857905633731496,-0.04146215799195925,9.764426199337388,0.014626018934964815,-0.0024587882103572363,-0.010669304616795874,0.28875083530208967,0.3044326363595501,-0.5791449877816822
3226,4.400,0.9841213135916317,0.0005746179255140068,0.0009431434481751372,-0.17749371940820147,0.01942712014457903,-0.04973275778900058,9.70707107947251,0.009047656789423084,0.0034794948288536082,-0.011492092804085644,0.28559807324813247,0.3038477833098405,-0.5925738258674241
3227,4.408,0.984121462936454,0.0005801942535737235,0.0009350095254329908,-0.1774929162519713,0.011661591015442408,-0.039647089911145336,9.76443397203525,0.011837137254169374,0.0005105712086241792,-0.011081036947436066,0.28487332151330785,0.304545064626268,-0.5974629234533537
3229,4.425,0.9841228589312884,0.0005803556971663737,0.0009352327922808354,-0.17748517418589158,0.010883665017006008,-0.06301139658669261,9.738412414506586,0.010380151646109857,0.0020707842780249295,-0.010336855583720493,0.2924209456165316,0.30097787833803996,-0.584241470989643
3230,4.433,0.9841228341430936,0.0005778287261225717,0.0009334005406625271,-0.17748532952207294,-0.0006170698891540163,-0.01768186339176593,9.729810881948909,0.009561427318136799,0.0017309473139374275,-0.011298275892005851,0.2860687198833114,0.3027078914696458,-0.5813341149556317
3231,4.442,0.9841228164305378,0.0005666807811983804,0.000931833915468037,-0.1774854719104427,0.006145512592408552,-0.08114376390081365,9.7410803016383,0.007799011206726269,0.001202745328627147,-0.011319773441007569,0.28924632774786185,0.29854004740660356,-0.5837406219491762
3232,4.450,0.9841212411454893,0.0005710091259472563,0.0009380283420552748,-0.17749415984102115,0.010925562854438612,-0.035613459710321003,9.764450367982597,0.010935136059587831,0.0038559600362823403,-0.013373815314053896,0.28900323737833433,0.289745944031647,-0.5844101882113802
3233,4.458,0.9841226274473585,0.0005594677607948564,0.0009372302416451533,-0.17748651425222928,-0.013739401414895614,-0.050972935962138935,9.763807332876947,0.007674393124143482,0.0013545667822266532,-0.009419398857648718,0.2924248229430664,0.3051106007897385,-0.5867126644100762
3234,4.467,0.984120874176873,0.0005477467721171633,0.0009492465795056959,-0.1774962081672512,-0.010163683863773879,-0.05501436343476036,9.735133948019117,0.0068964164576256985,0.004547264655773946,-0.013612353202618771,0.2914534617630789,0.2906820914156301,-0.5900284641408796
3235,4.475,0.9841224465498152,0.0005598757274752864,0.0009435005040649801,-0.1774874827777291,0.006437729911813335,-0.028796678082412513,9.793134452534936,0.013475974692597172,0.0011924263296162942,-0.009160689825729028,0.29193987951965245,0.2953294236943505,-0.5888403934697262
3236,4.483,0.9841224179162841,0.0005493938160788416,0.0009412061023655413,-0.17748768648026036,-0.010483879717856656,-0.05332685843172515,9.735142998333487,0.00779972380518105,0.001202565924508945,-0.011320886605434413,0.28924795913335594,0.3073218582175898,-0.5847803768067943
3237,4.492,0.9841239810987363,0.0005539059849147632,0.0009345962921846056,-0.17747903973231519,-0.010555069115245045,-0.05253623011368384,9.735147222305754,0.01171376072873594,0.0006640822054370386,-0.00918231939450342,0.29072079826148556,0.30313469726830844,-0.5898750393064515
3238,4.500,0.9841238005975006,0.0005502220948099609,0.0009407226141576239,-0.17748001970402325,0.025600576078660533,-0.0549378402888666,9.770440612082782,0.009047991408991709,0.0034793057096441917,-0.011496208709442976,0.277783904638824,0.2909156892414839,-0.5915164755503801
3239,4.508,0.9841255237448636,0.000555552637804493,0.0009265712308275214,-0.1774705224563201,0.0136362148462735,-0.03470188315659486,9.735796358537806,0.012228390904916212,-0.0010836845343092988,-0.008986818598885782,0.2863143841364339,0.3019684642196059,-0.5823049996968839
3240,4.517,0.9841255032407243,0.0005526844816015253,0.0009251478333358889,-0.17747065253878205,0.00979741089754878,-0.029170943892205356,9.764472936109216,0.009562404586633285,0.001731106345958818,-0.011300984378411271,0.28900945983685805,0.2980184132573128,-0.588376039017232
3241,4.525,0.9841240963008107,0.000557171637054529,0.0009245398218755788,-0.17747844338397142,0.004706702410777517,-0.07310582575747104,9.741144745154836,0.011449979188997032,0.0021078535263309496,-0.013181346231808553,0.2895003584542966,0.29239103158042967,-0.5900438211580866
3242,4.533,0.9841255053772733,0.0005767586387706525,0.0009264917939486263,-0.17747055707456086,0.009419784024188681,-0.027249246758403362,9.764478863391414,0.014724402510988813,0.003471185073794817,-0.009337945270492205,0.2858176240666753,0.2973685461161994,-0.5769014521316862
3243,4.542,0.9841251558273105,0.0005563614673736737,0.0009391362111738409,-0.177472494074338,0.004183284241394995,-0.07124170449233107,9.741158792936488,0.005008885986914085,0.004168238249126583,-0.01173608568850314,0.2892490338860543,0.300724963625947,-0.5854653647161032
3244,4.550,0.9841263786200444,0.0005522751566045217,0.0009460304896327899,-0.17746568942379218,-0.015643911385761492,-0.04202038926841164,9.763847101290628,0.00892300210649144,0.0036316552072687453,-0.009597236404381416,0.28437110783760267,0.29191329944531863,-0.5885835491782175
3245,4.558,0.9841263668681229,0.0005487520765967797,0.0009453263533499763,-0.17746576927450947,0.003661468528554431,-0.06992523026204053,9.74116854356583,0.009563186523836583,0.0017311611826808903,-0.011302142078007435,0.2882732359300676,0.3004773171555555,-0.5859534088893888
3246,4.567,0.9841275978415911,0.0005522791776390364,0.0009530993811114197,-0.1774588903262365,0.027865732042580475,-0.05295628003738917,9.741809107232655,0.010685318694941541,0.004161268612286931,-0.009576998807393648,0.28558498897780143,0.29853653524546914,-0.5842346358448727
3247,4.575,0.984127594190602,0.0005563751234714829,0.0009532638735418093,-0.17745889689538685,-0.016352409077065,-0.03955326046809913,9.76385624756505,0.011325741969811003,0.002260699695932968,-0.011281822952826922,0.2897384581703333,0.3002314267657312,-0.5861934884684613
3248,4.583,0.9841260159506364,0.0005606944357971299,0.0009594914374651406,-0.17746760190823305,0.007837058097295466,-0.022497733075111402,9.764492363036352,0.010936248752695697,0.003855646656103152,-0.013379925379546524,0.29047584224424966,0.29874379186281536,-0.5893555449361882
3249,4.592,0.9841302248423739,0.000563603971870747,0.0009619778970063042,-0.17744423772212778,-0.009210055914019622,-0.04709001240793899,9.706524580726121,0.010949617017504184,0.0027197693969423717,-0.005578989995502089,0.2926712477828536,0.3038793927600499,-0.5881683050120248
3250,4.600,0.9841287908873858,0.0005535173236112228,0.0009589254898585402,-0.17745223872076046,-0.013185428269987313,-0.041660435061335314,9.735196629604973,0.007927276279721297,0.001048023479362099,-0.013225186983806566,0.2853420611712167,0.30414635611668045,-0.5850078107330096
3251,4.608,0.9841287946385512,0.0005652331482873616,0.0009599613697817659,-0.17745217538517039,0.02297633919812306,-0.04397033304306577,9.770502651085922,0.013088387758508395,0.0027909079199171048,-0.011262304622573254,0.28558612159188623,0.2970664611482251,-0.5849565014007001
3252,4.617,0.9841287729480913,0.0005623718088748408,0.0009585538643435034,-0.1774523123775007,-0.0016321831273639626,-0.0592063822073825,9.769878057625649,0.009564183308554453,0.0017309457016205516,-0.01130393440235592,0.2868022514284299,0.2992847428983451,-0.5820407827085763
3253,4.625,0.9841301640557351,0.0005584568352649919,0.0009586231500043254,-0.17744460928202802,0.0020551163845955855,-0.06310622157923741,9.741215577053882,0.0094386790835814,0.0018842292633437744,-0.009402990854946048,0.2858334062092863,0.304132307472143,-0.5869601166859477
3254,4.633,0.9841299889367371,0.0005623838381520124,0.0009656338035832482,-0.17744553009629127,0.0185860830840671,-0.036768728025414484,9.79918161613073,0.010811037286698891,0.0040087068296536564,-0.011481022434748142,0.29023249281477076,0.30093748848499463,-0.5898600007178926
3255,4.642,0.9841315493242714,0.0005669102699272962,0.0009590339498236765,-0.17743689720922906,0.010342422879046007,-0.021222390123005322,9.735839128662487,0.011716587787746183,0.0006670264909529112,-0.009185646751333897,0.28973423085881145,0.2990300721056849,-0.5834992339801419
3256,4.650,0.9841327778715379,0.0005704517345918507,0.0009668127765233988,-0.17743002952353903,0.0014456874270038758,-0.0604602531398213,9.741232469575536,0.01068543135746873,0.0041621190442082965,-0.009580539555167042,0.28314286647580955,0.3026903306639739,-0.5837800517457205
3257,4.658,0.9841285589806694,0.0005757426451293965,0.0009646490791359342,-0.17745342310361958,0.017964255188367195,-0.03401506556251427,9.799192721488572,0.011704185622613033,0.001800471251044246,-0.01698859321092662,0.28508719272960215,0.3039513920633046,-0.5781706854680451
3258,4.667,0.9841302560421595,0.0005665198247585013,0.000948056932301456,-0.1774441303220111,-0.010661023010457012,-0.03943299931734689,9.706557221094117,0.008708736525308092,-0.0021409211862316157,-0.009029737394419687,0.28705986182719045,0.30483836919140644,-0.5906254797597411
3259,4.675,0.9841300879150497,0.0005697971381198835,0.0009557647192447801,-0.17744501093392243,-0.0026750129494553816,-0.053243949750918056,9.76991214227658,0.010811032023224108,0.0040088958835977065,-0.011483109421464204,0.2841292410071956,0.2897055541786017,-0.5900329315836352
3260,4.683,0.9841286605809508,0.000567341214238763,0.0009535810582753259,-0.17745294652458043,0.025355290253643328,-0.040919031449709244,9.741873960969388,0.009690896439493803,0.0015770973249651214,-0.013207537815146761,0.28461184205392487,0.2955911188092795,-0.5864123012169725
3261,4.692,0.9841272491248035,0.0005718406799031753,0.0009529711473311879,-0.17746076291472634,-0.0030412663098710996,-0.051549247262717354,9.769921123993909,0.011453021352713852,0.00210793646369276,-0.013187540583020404,0.28826819017049465,0.29464092278075904,-0.5827375208938547
3262,4.700,0.9841286303909462,0.0005685924774201733,0.000952339135046079,-0.1774531166184674,-0.01509594227982215,-0.03142588704321324,9.735232272850258,0.009439372983546756,0.0018849111109211982,-0.009405406265422545,0.2797320586236773,0.29191505552588576,-0.5883466932818366
3263,4.708,0.984130181424722,0.0005655065444670953,0.0009448699099320731,-0.177444564391658,0.03303252992242068,-0.05299314902993731,9.805242452799392,0.009955665968522338,0.00013765358444271192,-0.009207767632125436,0.2943679284130425,0.3000294383900867,-0.580325238067593
3264,4.717,0.9841326585098304,0.0005754490850907989,0.0009618451554974191,-0.17743070243512155,0.02470212760505113,-0.037533316413603274,9.741889274242181,0.01180488612568928,0.0065955903554603965,-0.007859922840189227,0.2853474155862152,0.30338936806096856,-0.5884204186203452
3265,4.725,0.9841309221019408,0.0005782988685198783,0.0009763149475666247,-0.17744024499060387,-0.004040215414951658,-0.04811974661815193,9.769938255283298,0.01042103361578743,0.00560213810192534,-0.01358479573664052,0.28729933393013446,0.2985119501175285,-0.5876498305576036
3266,4.733,0.9841310606040345,0.0005762839778496385,0.0009673551362448587,-0.1774395324475238,-0.00042017089279479164,-0.051986880647078765,9.741281472685849,0.010082440647455813,-1.6406126753658546e-05,-0.011109503671219656,0.28851964423803017,0.29778130327032454,-0.5873985130209032
3267,4.742,0.9841310523898298,0.0005803899713457765,0.0009675235974569838,-0.1774395637045341,0.008155079164984466,-0.010966581628829295,9.73585816048824,0.011327945335320664,0.00226208937063725,-0.011287827194847002,0.2875430994718992,0.299246109125867,-0.5874105817255209
3268,4.750,0.9841296314190806,0.0005855755495526345,0.0009661991263754429,-0.17744743481794262,0.01122377190749743,-0.06944153360127595,9.775996036960262,0.011454172720049907,0.002107783441519856,-0.013189672981364753,0.27850456958263653,0.3014679030371213,-0.5840226834748188
3269,4.758,0.9841296226564475,0.000589682512430177,0.000966368116984266,-0.17744746889509325,-0.020445285073300568,-0.020608455629393858,9.7639069007603,0.011328149485671051,0.002262268284325554,-0.011288517073895254,0.2875316328105417,0.30149600032619633,-0.5801023661685591
3270,4.767,0.9841310027259433,0.0005864598848867356,0.0009657317412066182,-0.1774398289579793,0.03913709079252568,-0.05617360527826593,9.747961818363107,0.009440208601528468,0.00188525838930439,-0.009407347122208146,0.2860798227831613,0.3021686965146832,-0.5884104890526791
3271,4.775,0.9841297437826025,0.0005841760362614158,0.0009567020847905329,-0.17744686771501111,-0.004927018174792573,-0.04291595168201465,9.769962091618957,0.010209546685933784,-0.00017089784068680518,-0.013012182303956078,0.28461491746423334,0.2965536074017703,-0.5883723976006251
3272,4.783,0.9841281593452101,0.0005885369770535142,0.0009629139438510551,-0.17745560685639705,0.023173343045162297,-0.030562772694318733,9.741917391522295,0.010937643241739497,0.0038548813378419117,-0.013389775693345119,0.2885295539071046,0.29334122760895015,-0.5937143878371991
3273,4.792,0.9841295542644424,0.000592247796864173,0.0009638657974507356,-0.17744785326551984,-0.0014747629762437964,-0.04587158001513409,9.741312087279773,0.011202221983628477,0.0024174210685065783,-0.00938820039520808,0.29290955145275943,0.2958493017630741,-0.5844479612347864
3274,4.800,0.9841296916165683,0.0005902588953149756,0.0009548940859229975,-0.17744714663921515,-0.025963322235407947,-0.06121955160735836,9.740708610709579,0.01008391986963478,-1.618807466380205e-05,-0.011111251017119496,0.2865688061574174,0.29655009524063597,-0.5888576011497649
3275,4.808,0.9841310785260435,0.0005863524418333766,0.0009549673058003906,-0.17743946716394615,-0.001640410876175034,-0.04421539477028106,9.741319717845297,0.009440515464151101,0.0018856205980744055,-0.009408737313544963,0.28778682368410224,0.29631825349534924,-0.5871449917173536
3276,4.817,0.9841294931393365,0.0005907206520096084,0.0009611836368907474,-0.1774482119054466,0.0382867525757899,-0.0511101689559127,9.747993059924406,0.010937852829903422,0.0038547164185682168,-0.013391410989532417,0.2848548332325044,0.29559638705098107,-0.5856795161321653
3278,4.833,0.9841310241748188,0.0005841388876995091,0.000953008821705591,-0.17743978644195796,0.0038616956820441747,-0.05175672828857291,9.758690198990553,0.009762649440157907,0.0009348861964916909,-0.010260655834103403,0.2921683561796071,0.2990634376364615,-0.5788568572283614
3279,4.842,0.9841324063217148,0.0005888872771932521,0.00095287301819884,-0.17743210552833147,0.01350566489552717,-0.06483763263230959,9.747404911459888,0.011202524223424546,0.002418234919958636,-0.009389990559970189,0.2909656605983816,0.2992250361590607,-0.5903348270109227
3280,4.850,0.9841308274273802,0.0005925658388190001,0.0009598001937891869,-0.17744081310796275,-0.01112912455332661,-0.08016247134748809,9.746809610106755,0.010938063349204183,0.0038545514180828187,-0.013393047362836872,0.28655656513287453,0.2980710956743285,-0.5810558493400789
3281,4.858,0.9841306382054641,0.000588901701970724,0.0009659102989936348,-0.17744184161968485,0.021575762093397056,-0.02296794168564319,9.741941925919784,0.009049972995972657,0.0034774009966302057,-0.011511363853974865,0.28095089184310923,0.29607411918609206,-0.587153961278234
3282,4.867,0.9841348402868174,0.0005918187701316349,0.0009684356660497016,-0.17741851091851923,0.03324398895122296,-0.041345425298432326,9.776675815041413,0.010949685913124285,0.002729475847261476,-0.005587135746909534,0.2850944568771748,0.30269735498624273,-0.582800451242338
3283,4.875,0.9841307556727722,0.0005834081404038272,0.0009562115376562824,-0.17744126079741296,-0.006981999310467725,-0.032849220459472986,9.769999871613242,0.008703896143090056,-0.0010151372210448627,-0.01683798939492063,0.2890079689718737,0.30168745221843785,-0.5874258441583016
3284,4.883,0.9841305802672828,0.0005866888559611831,0.0009639239305231125,-0.17744218108900706,0.012539932806656719,-0.06071729238255972,9.747432738459656,0.010811640090539205,0.004010192901646192,-0.011492808063532757,0.29340512931295926,0.29752487639709707,-0.5890980338328551
3285,4.892,0.9841303900091765,0.0005830377790498068,0.000970014887037906,-0.1774432151378396,0.012241609363810444,-0.05990943262127057,9.747438115308508,0.009050143311518672,0.003477378189356135,-0.011512734974301587,0.27703202808871596,0.298085144318866,-0.5791177165533404
3286,4.900,0.984131774900516,0.000579136321055918,0.0009700909849108386,-0.1774355464831182,-0.007617523145745715,-0.03049564344154225,9.770007027054664,0.00944154436639245,0.0018865177467914233,-0.009411387574491463,0.28559376878809545,0.29581066799059597,-0.5898304011837469
3287,4.908,0.9841347203205695,0.0005763594457766975,0.0009626748794703342,-0.17741925861196808,0.011944414830325989,-0.05837369293127041,9.747447802042782,0.009832966999519596,0.0002957453192720443,-0.0073099026460710275,0.2807060708357749,0.303645794934196,-0.5867205147498474
3288,4.917,0.984130329769641,0.0005808383411712548,0.0009680288173705658,-0.17744356729543043,0.01179442302916862,-0.057518555451435596,9.747453069409218,0.011192148276756854,0.003542932894406731,-0.017199941824642486,0.28679224807901543,0.29542425204497874,-0.5756652012264887
3289,4.925,0.9841304656316197,0.0005788561314389637,0.0009590356963087513,-0.17744286909257184,0.007793937720607011,-0.051903310430800036,9.776108218334349,0.010086863221982158,-1.553130786576657e-05,-0.011114141458020994,0.29069819288132476,0.30275003740325834,-0.5754676206331691
3290,4.933,0.9841346662672249,0.000581774574310141,0.0009615715945204309,-0.17741954675151095,-0.032477384248596815,-0.04338381575154977,9.769424088804312,0.010949608218593703,0.0027319877146261768,-0.005589153605337165,0.28289563971979587,0.3007513048344548,-0.5818133141069913
3291,4.942,0.9841332264603957,0.0005717449626135103,0.0009584524345687474,-0.1774275825605481,0.03577223540642031,-0.038779464526463706,9.748059462411563,0.007934119002632264,0.0010413089668526083,-0.013236049250813448,0.2838844613294232,0.3009392445655618,-0.5896258262313331
3292,4.950,0.9841331980468568,0.0005606272122374231,0.0009568566748296913,-0.17742778425178773,-0.004480230544396804,-0.030482607483712565,9.74137147730842,0.007807321266634491,0.0011974071586713494,-0.011334346573113913,0.28070327928315497,0.2938927151278831,-0.5849413335523455
3293,4.958,0.9841345815929151,0.0005650444439619794,0.0009570738633070647,-0.1774200948239359,-0.004624477829907788,-0.029711370770421932,9.741373794657518,0.011203426943395616,0.0024206052282355305,-0.009393856260344433,0.2943728694710592,0.2965887290131141,-0.5834743950837127
3294,4.967,0.9841344034874696,0.0005683262207678459,0.0009647883267736172,-0.17742103049287603,0.010918398099377911,-0.05272121857395839,9.74748121783377,0.010811841367742209,0.004010748006875327,-0.011496516834445442,0.2838825736392818,0.30338936806096856,-0.5884227169716207
3295,4.975,0.9841329771815421,0.0005735515009828039,0.0009634271301138337,-0.17742893245081318,-0.012867292583929654,-0.01839123149059053,9.798673172160974,0.011457678485421072,0.002108269307428052,-0.013198471257571584,0.2892571275028946,0.3050825035006635,-0.5906237883112334
3296,4.983,0.9841326273442869,0.0005683793844785106,0.0009777931084792395,-0.17743081091496926,0.01038281982130981,-0.05100268681388886,9.74749094562842,0.008531722077228906,0.0052233208748889695,-0.011717097931201173,0.2919316067466801,0.3090395787852252,-0.5835677856678596
3297,4.992,0.9841327623719974,0.0005664387593061382,0.0009687954980372509,-0.1774301175349802,0.010176113303308835,-0.05024546404981679,9.74749509635578,0.010088486577219499,-1.5211629086279623e-05,-0.01111556571897265,0.28705638959172514,0.30265696513319734,-0.5884124689753066
3298,5.000,0.9841341519524309,0.0005701593547061548,0.0009697626003775311,-0.17742239272334967,0.010082645362720494,-0.049379814992784155,9.747499618040464,0.011203882067026376,0.0024214247571152513,-0.009395188761679081,0.2785061155537031,0.30268155026113797,-0.5850079999018618
3299,5.008,0.9841327177237832,0.0005677829877399069,0.0009675065553679953,-0.17743036791695127,0.02186371028263996,-0.06765280143407526,9.782266074589716,0.009696904362206816,0.001574318128231223,-0.013218925051532276,0.28655811936985337,0.3000171458261164,-0.582046434002339
3300,5.017,0.9841326949920457,0.0005642870323161483,0.000966796193881901,-0.17743050902524565,-0.006018953697729367,-0.023855806610951654,9.741389131487997,0.00956983444445316,0.0017309826866834565,-0.011317098968919557,0.2885269524704686,0.30043341514137584,-0.5920563760496864
3301,5.025,0.9841326651546835,0.0005615155010129383,0.0009653251680759293,-0.17743069132256115,0.005784259039692511,-0.04219440902855903,9.776156339062466,0.009569929614880821,0.0017310216352503947,-0.011317379327222767,0.2907130711614571,0.29731059545748223,-0.5849502132496412
3302,5.033,0.9841312440966823,0.0005660382124516877,0.0009647136296643737,-0.17743856210269485,0.009508315587503579,-0.04611316049249793,9.7475161964651,0.011458591576255103,0.0021086270867758643,-0.013200782802109404,0.2775249438955891,0.30148195168165887,-0.5820711436389725
3303,5.042,0.9841296583600008,0.0005780688328591787,0.0009717634703406675,-0.17744727963091023,-0.03092266913045733,-0.03752618093503707,9.740814225896631,0.012700638218421292,0.004389087942638544,-0.013383204803009538,0.2865622502457313,0.2926737996621649,-0.5846792257464611
3304,5.050,0.9841296209102844,0.0005593402382944126,0.0009692729720354698,-0.17744756097333,0.03339778198980336,-0.028086491658533386,9.748104559582957,0.006047817905573075,0.0006620373691247774,-0.011356319093871182,0.28704749956926656,0.2956174600177874,-0.582746460500207
3305,5.058,0.9841297686129724,0.0005726650116374634,0.0009620382095301962,-0.1774467386768349,-0.015364009049063812,-0.05985348864109064,9.74694972752337,0.013612481922990548,0.0010545697070471198,-0.011079289101215231,0.27801509019227527,0.29707875371219544,-0.5832594381543479
3306,5.067,0.984131142694028,0.0005611536413285568,0.0009612290833055364,-0.17743915893902001,0.033235137323838315,-0.026417067678296074,9.748109783168328,0.007681854489687635,0.0013534834258582015,-0.009435550886570483,0.287779220572759,0.3014801956010917,-0.5822991891887971
3307,5.075,0.984130953951903,0.0005651862688087044,0.000968172307253809,-0.17744015520896833,-0.031499547371208546,-0.034363938517509636,9.740824045299947,0.010812076073213188,0.004011790518900179,-0.011501588740335472,0.29022863753066885,0.2987578405073528,-0.5874028559247043
3308,5.083,0.984130929546595,0.0005616942486732694,0.0009674619451080784,-0.17744030553036946,0.024277846821717294,-0.06499728267027746,9.753676877643818,0.009570765217869854,0.001731158492324795,-0.011319346674606117,0.28876296335916374,0.2929021292463172,-0.5868747403767371
3309,5.092,0.9841307265150199,0.0005504957935827596,0.0009726245404807032,-0.1774414384660579,0.008259768394368983,-0.04043739600102208,9.747542530528376,0.0072897996519295655,0.0029420491356543484,-0.0115400552521511,0.2855857881387239,0.3014626347954198,-0.5847439768032479
3310,5.100,0.9841292965933932,0.0005474059606774524,0.0009711215505956744,-0.17744938674518151,0.011964673091606797,-0.044538174393274,9.718905331341253,0.009698535856177151,0.0015740547445208762,-0.013222201982474965,0.28509139799869115,0.30319967224929434,-0.5808508913291194
3311,5.108,0.9841291205136373,0.0005666840077465716,0.0009798470691918817,-0.1774502547927481,-0.020409289090147588,-0.05027406054609393,9.77561564662519,0.014334507311046693,0.005082577638387663,-0.011465363312700545,0.28363648776326517,0.3007126710619767,-0.5871831131239359
3312,5.117,0.9841290816769033,0.0005479597492326195,0.0009773507805596216,-0.17745054275301791,0.003697928940146054,-0.03314492843051503,9.776192218795062,0.006049091672745086,0.0006608545161653945,-0.011357993157868706,0.288757699869201,0.30171554950751284,-0.5835200830767877
3313,5.125,0.9841336017313235,0.0005533382407301419,0.00096406803349219,-0.17742552897751426,0.002985192687712081,-0.08217291048029245,9.72449396515597,0.011989998830897072,-0.0007520086776920699,-0.005190855209280563,0.2902317708023637,0.30484714959424236,-0.5893998299548753
3315,5.142,0.9841319937249144,0.000561152701652418,0.0009711761175717696,-0.17743438463730557,0.015300102873628351,-0.04774617937412813,9.750637395871852,0.011136272399684795,0.00306055903478346,-0.01235463216243317,0.2863185425653529,0.29706646114822516,-0.5849553522250623
3316,5.150,0.9841332044203868,0.0005651822291152737,0.0009785079997346735,-0.17742761636341708,0.006964369808803631,-0.03447579423382147,9.747566452543419,0.010684652893910419,0.004170037765556075,-0.009602490588749383,0.2948638645241417,0.29950604816022874,-0.5852036399687648
3317,5.158,0.9841316078913293,0.000561252239578844,0.0009845375293973885,-0.17743645068306532,-0.017665844446836217,-0.04997997560138483,9.747001454470908,0.009179241839347183,0.003318816494919493,-0.01342643121694118,0.28559803742917905,0.3006740372894985,-0.5925509968481508
3318,5.167,0.9841329801724713,0.000558133456548886,0.0009838393930922688,-0.1774288530198599,0.006455127290273542,-0.032911357489572336,9.747572209643305,0.00944428470716235,0.0018891345598968335,-0.009419424961737193,0.27925577371581156,0.3026025266356145,-0.5959928811201428
3319,5.175,0.9841317271220653,0.0005711290954091243,0.000976586761975159,-0.17743580180333687,0.006344903914649254,-0.031969021773479635,9.747575420869845,0.013742772456344908,0.0008993713072620026,-0.012985226728827768,0.28241233043718006,0.2999960728593101,-0.584982554102665
3320,5.183,0.9841341598572071,0.0005506975440112089,0.0009899586021062498,-0.177422298813678,-0.018195063148932746,-0.04753572161014624,9.747012706442955,0.004753040424239777,0.00446631748467888,-0.007959479772138005,0.2824062347226457,0.3029537818594701,-0.5810974829034726
3321,5.192,0.9841315014897141,0.0005640972141615097,0.000981910134735708,-0.17743704636411578,0.01788487614891889,-0.04949388126750644,9.782382890583035,0.013871144124834766,0.0007415845252507562,-0.014888255564331087,0.283381627587563,0.30125010993637213,-0.5803512560941881
3322,5.200,0.9841313022204895,0.0005605542596127271,0.0009879444048903857,-0.17743812931435776,-0.01467181428645197,-0.05066943840509376,9.718385854155349,0.009051663122060094,0.0034766104131795646,-0.011525718314901892,0.28143841190542235,0.2965658999657407,-0.5866684393004459
3323,5.208,0.9841328457516593,0.0005575147863581819,0.000980494381430654,-0.1774296190628047,0.017574914198012038,-0.04778091632184961,9.782391966459139,0.009965712017451696,0.00014422056219296118,-0.009218002878249837,0.2875449513430871,0.2936222396101182,-0.5885908619659598
3324,5.217,0.9841328117319267,0.0005548223729935962,0.0009789905168053616,-0.17742982450060146,0.0055348408452600365,-0.027961714826310498,9.747588230809084,0.009572763072437105,0.001731248508268566,-0.011323638583840391,0.28900146816627004,0.30269384282510825,-0.5832825903231106
3325,5.225,0.9841340233294457,0.000550089449851188,0.00098661288814563,-0.1774230766332377,0.005319301407077085,-0.02721000610313873,9.747590478108997,0.008923687511291483,0.0036349349477296927,-0.00962407480929459,0.28778152988579436,0.30244619635471687,-0.5837710175549421
3326,5.233,0.984132583731588,0.000547818816763154,0.00098430343116039,-0.17743108149106523,0.020980064516342475,-0.050291724435211134,9.753771438503072,0.009701140517753257,0.0015728490316977784,-0.013226788045078276,0.2885173762545565,0.30047731715555553,-0.5859530258308429
3327,5.242,0.9841311502735515,0.0005447392015258151,0.000982793477327537,-0.17743904992261364,-0.015427323588834823,-0.046826350974198606,9.718403961370603,0.009701257899469686,0.0015728965995075593,-0.013227131525865691,0.28314520058658194,0.3058535402009128,-0.5852676848175163
3328,5.250,0.9841311154055731,0.0005420709809625143,0.000981280223096924,-0.17743925985744544,0.0048538269689565134,-0.024881145554603357,9.747596943776976,0.009573217922817791,0.001731511202042308,-0.011324728948207333,0.2855873699287438,0.30585002803977845,-0.5857521222495643
3329,5.258,0.9841324854516237,0.0005305697265282261,0.0009804694074149005,-0.17743170025200283,0.008633334434758317,-0.02901024001444107,9.718967614614778,0.007684280923830224,0.0013535102792973674,-0.009440538203183848,0.2860802168530142,0.30314347767114436,-0.5886616473750553
3330,5.267,0.9841354397152764,0.00054319914797511,0.0009748108451412583,-0.177415306484309,-0.019688141322191884,-0.039666258742226276,9.747045010951785,0.013360163158440653,0.0013773519071189656,-0.007279986981160264,0.2880329729321135,0.30461003960725397,-0.5884249853683681
3331,5.275,0.9841340119344655,0.0005477385418044378,0.0009741988348696532,-0.17742321571004602,-0.003946266887913401,-0.06248865418947314,9.753238689569244,0.011462556821985494,0.002109313730066623,-0.013210139735415193,0.2904719814495395,0.29607587526665924,-0.5868948879861888
3332,5.283,0.9841353879171241,0.0005523093922886988,0.0009743846374065214,-0.1774155680263865,0.020181811964082565,-0.04522184891300534,9.753797947117842,0.011206147418819097,0.002427096892650287,-0.009404897647452472,0.2792330911871355,0.29538210611136617,-0.5815362922515025
3333,5.292,0.9841367699851263,0.0005560439000216074,0.0009753732756465072,-0.17740788433831564,0.0199880404327091,-0.04430941651301977,9.75380253379177,0.011206242741165669,0.002427135415489451,-0.009405176118645126,0.2850929329485412,0.3034367822362827,-0.58182918344254
3334,5.300,0.9841381453414636,0.0005606198415952482,0.0009755432082548906,-0.17740023930284377,0.007815531041707355,-0.02441625226536117,9.718980935525588,0.011206338112520956,0.0024271739403145254,-0.009405454640916104,0.27972368941506104,0.2970805097927626,-0.5830126227357726
3335,5.308,0.9841368828614717,0.0005660123340470277,0.0009673944864480855,-0.17740727034045572,0.003454453635960291,-0.07293632425968595,9.81671739339095,0.011985053947133268,0.00036404554536484537,-0.013007830556198242,0.2872974269528644,0.29925313344813576,-0.5864344287490518
3336,5.317,0.984136846367602,0.000563378473809078,0.00096585689103108,-0.1774074895453761,0.0037136119485021114,-0.017755608689473037,9.747613028676637,0.009574073137153317,0.0017309784047093834,-0.011327071140712103,0.28338736229589384,0.3002472314908359,-0.5840062419118719
3337,5.325,0.9841373270017586,0.0005776892907064591,0.0009443425786207572,-0.17740489309489546,0.015727043153732738,-0.03573822608479093,9.782446523535947,0.014661792228666802,-0.0024290023816578984,-0.010680028319950026,0.29095800238095604,0.2995042920796616,-0.5854539029142534
3338,5.333,0.9841367787300697,0.0005572841383138286,0.0009635931497988656,-0.1774078963108268,0.023408968470871688,-0.04465902629776972,9.725196301103407,0.004486261220785154,0.005890544412633749,-0.011975366840641096,0.28631970824308706,0.29852599876206604,-0.5856982907217574
3339,5.342,0.9841395706229636,0.0005682342131401436,0.0009662903162748522,-0.17739235870508183,0.02304725404454009,-0.04395510506694172,9.725200375424318,0.012838783236795185,0.0031248472821392183,-0.007486171306986666,0.2872898017990882,0.3024620010798216,-0.5815745775932503
3341,5.358,0.9841393417260185,0.0005689136199848501,0.0009724460231897161,-0.1773935927622639,0.004676699111283794,-0.043503165599543786,9.767872928223905,0.01019381609255967,0.002872016357222052,-0.011421383599757199,0.2880416645726757,0.2940718744561542,-0.5939645561982617
3342,5.367,0.9841393040506031,0.0005663133221244164,0.0009708732967761374,-0.1773938187115246,0.010408683854216097,-0.022440983448092162,9.690372085103654,0.00957485814778298,0.0017308558110077016,-0.011328663133436855,0.28875497995448807,0.29830996174188396,-0.5817865599178325
3343,5.375,0.9841406777055586,0.000562434427219483,0.0009709620354819761,-0.1773862096823895,-0.009868181199774931,-0.047262848265885254,9.781922711894001,0.009446319204946131,0.0018905848129519864,-0.009425925041497684,0.28534278042831973,0.29999256069817576,-0.5854662254176213
3344,5.383,0.9841406395713189,0.0005598488048495386,0.000969386471578948,-0.1773864380479509,-0.006095455377933042,-0.051351912468132636,9.753302576284522,0.009575063845538218,0.0017308601627967135,-0.011329193054322128,0.28510203243547694,0.2950940697879294,-0.5876286929868382
3345,5.392,0.9841420187965881,0.0005635877814119623,0.0009703808277585487,-0.17737876865295352,-0.002342898447837096,-0.05537350311613741,9.724683668669057,0.011207070173862368,0.002428692125636043,-0.00940866931862291,0.2948668682965431,0.29412104471203543,-0.5871180783138705
3347,5.408,0.9841447581802835,0.0005567233948138397,0.0009697009650638862,-0.17736359458855075,0.003408081852026545,-0.0636191792928294,9.742114963716237,0.009446612134623035,0.001890702581742693,-0.009426777886668588,0.2833870233321231,0.3041551365195164,-0.5837902051576084
3348,5.417,0.9841447193556594,0.0005541333859455488,0.0009681252333225297,-0.17736382673502882,0.013639436937015158,-0.026877152553339854,9.782478012283237,0.009575520412630609,0.001730714358162579,-0.011330231166530121,0.2851048763388751,0.3094857014701269,-0.5894412396740472
3349,5.425,0.9841446926365194,0.0005582781583995634,0.0009683156418757322,-0.17736396095511148,-0.00688251356783405,-0.04728010933932141,9.753322642142356,0.011336166238921315,0.0022690301988956187,-0.0113128905310209,0.285583815034155,0.296344594703857,-0.5834864291129607
3350,5.433,0.9841448264087306,0.0005641758613780978,0.0009601077135949819,-0.17736324464698358,0.03712838656431247,-0.05862108921032604,9.73147599804277,0.011859292661782914,0.000524599699543028,-0.011108405862360162,0.2851078525582353,0.30165935492936286,-0.5913381172350965
3351,5.442,0.9841444590493635,0.0005589912924703984,0.0009744586037378982,-0.17736522117258516,-0.0032980861630672307,-0.05038844198964823,9.724710498507758,0.008529614897391319,0.0052195219380810585,-0.011740994578996137,0.2760727921491338,0.3058184185895691,-0.5901614736904233
3352,5.450,0.9841431874378266,0.0005652933692024076,0.0009654316211738802,-0.17737230619492544,-0.003519192534198854,-0.04955740731014376,9.724714692741044,0.011988664596558597,0.0003645498872379395,-0.01301199398014184,0.29217881697086906,0.30951379875920193,-0.585523986836155
3353,5.458,0.9841429749006841,0.0005457315423288979,0.0009704325087019816,-0.17737351942006654,0.012800242510131036,-0.022691339783080168,9.782489749591988,0.005531880184901282,0.0023978341989802634,-0.01157177793668202,0.28657266144151927,0.29872974321827783,-0.5913147459429533
3354,5.467,0.9841403035857853,0.000560070726845854,0.0009615028261547704,-0.17738834429345948,-0.003748010917607364,-0.04806175261679498,9.724722115506623,0.013878465955637617,0.0007432098752100851,-0.014898332897530255,0.29316139407953984,0.2994761947905865,-0.5893565995273999
3355,5.475,0.9841401021921834,0.0005557433202887929,0.0009683205864849902,-0.17738943813475133,0.020358297521525928,-0.030734973611485195,9.725257139341938,0.009052813237193955,0.0034752642930012245,-0.01153758340195626,0.28510132144428624,0.2999802681342054,-0.5871755465374434
3356,5.483,0.9841400617706265,0.0005531930771020562,0.0009667126999220921,-0.17738967913067183,0.003956347116952174,-0.06038157451189505,9.788214138012716,0.009576447003181655,0.001731039250372951,-0.011332574067649242,0.2863174485255257,0.30195441557506836,-0.5842580717669139
3357,5.492,0.9841414384353051,0.0005569367154770668,0.0009677149013232095,-0.1773820241846778,-0.01214208276227401,-0.03575646366191128,9.781968982051769,0.011207840048278855,0.0024307602787276344,-0.009412178359564793,0.2816894829243214,0.2997080365358733,-0.5910852974187408
3358,5.500,0.9841400035459265,0.0005700320818501396,0.0009671192207768493,-0.17738994662737245,-0.008416102848699479,-0.0396543870247131,9.753355425942672,0.013226594999218431,0.0026484003742951287,-0.013201778222082702,0.284363198826138,0.30391275829082653,-0.5835427828362652
3359,5.508,0.9841397954434077,0.0005580884712827359,0.0009730256930526297,-0.17739110683139303,0.031565031712423995,-0.046186754768343996,9.760140962444709,0.007292701454518319,0.002935884055605978,-0.011556327334470989,0.289488519765519,0.2956192160983545,-0.5824984959059938
3360,5.517,0.9841397655378991,0.0005707876346774111,0.0009732306113224005,-0.1773912312113059,-0.00886882880892877,-0.03799357172580519,9.753361635713077,0.013097678456295756,0.0028096289617084032,-0.011299102617460416,0.27824734774312077,0.2964007892820071,-0.5756856325892189
3361,5.525,0.9841423732677095,0.0005656508155154192,0.0009816660277566563,-0.17737673328248382,-0.001267993966116185,-0.046902738444175585,9.696134184227141,0.008794702855092887,0.0037970004878785666,-0.007732930750676329,0.28631972477491174,0.2999908046176086,-0.5857088271921913
3362,5.533,0.9841409319513813,0.0005711498266647782,0.000980150920484521,-0.17738472073410158,0.03083428311514538,-0.043635071908125905,9.76015504195283,0.011466974052013065,0.002109256386103416,-0.013220288932316368,0.2943744815694245,0.30366159965930073,-0.5845018573924912
3364,5.550,0.984139281735356,0.0005561487980862033,0.0009845280052146006,-0.17739389941184233,0.006313324478177131,-0.058890339486637924,9.759637903340469,0.008500002379334183,0.0022526124321835678,-0.012397851048938697,0.2899925880677161,0.30287124607281224,-0.5925599064999748
3365,5.558,0.9841406476826067,0.0005613112350840153,0.0009841555561157104,-0.1773863070995014,-0.025862150171682884,-0.010220948644170821,9.747105936378256,0.011208552154786382,0.0024321216433907823,-0.009414347189234324,0.2858344947385053,0.29875608442678564,-0.5876538849872849
3366,5.567,0.9841407851410117,0.000566326931337493,0.0009768190529868828,-0.17738556908716613,0.009862267319936965,-0.06171278793673786,9.731037608654864,0.011862415164767685,0.0005269108495472442,-0.011112001139719338,0.28022198443466967,0.3019175378831574,-0.589394462414391
3367,5.575,0.9841419796354591,0.0005625515491229048,0.0009835300353530432,-0.17737891679572376,0.02607417503134673,-0.034621003407304826,9.788787488614208,0.008924030159736689,0.00363627664758385,-0.009638291419059466,0.28583755912759723,0.2987420357822481,-0.5896069570573149
3368,5.583,0.9841422902575286,0.0005760483291323525,0.0009695749930622075,-0.1773772268903814,-0.006372752361588675,-0.036178009496688215,9.724772220842455,0.014147460773306586,-0.0006768584759573395,-0.010889138779432235,0.2853427969601444,0.3014573665537182,-0.5854767618880551
3369,5.592,0.984137699565537,0.000580665211657831,0.0009814751685222596,-0.17740261505473626,-0.010495810279792973,-0.030256674097370873,9.753387089380682,0.010677770530675866,0.005273806796743361,-0.017442661051780068,0.28950496330384673,0.2931023615413946,-0.5929786974983485
3370,5.600,0.9841390628590454,0.0005691808993611045,0.0009806560014090175,-0.17739509379301016,0.013486626564262192,-0.013078083894506645,9.75390556393269,0.0076885909392411765,0.0013524968519225155,-0.009449884761852,0.28436772928247717,0.29803246190185034,-0.5864302450595748
3371,5.608,0.9841390248115183,0.0005743324141708019,0.0009799219967641729,-0.1773952923225189,0.00900052230083603,-0.05740717786492204,9.731064796617456,0.011338584427961927,0.002271322597568865,-0.011319785126429803,0.28826515884505205,0.2975845831363815,-0.5808055217646925
3372,5.617,0.984138987385485,0.0005708722652392461,0.000979204688572379,-0.1773955150811503,0.008843619236389422,-0.05655822737816958,9.731069910622033,0.009578559542475024,0.0017310379882640747,-0.011337024049488944,0.28583300111821697,0.30218098907865354,-0.5867019340499489
3373,5.625,0.9841403542754634,0.0005756132482356185,0.0009792779985729452,-0.17738791607816903,0.004734573969349309,-0.05079050237541337,9.759684305628543,0.01120909813371588,0.0024333264228523638,-0.009416798720487956,0.28119284408794387,0.30585002803977845,-0.5857590173033912
3374,5.633,0.984140490159568,0.0005806355672698745,0.0009719439409282068,-0.17738718616574187,-0.011351397881448394,-0.02610962166206191,9.75339811434917,0.011863876374224537,0.0005277897988522104,-0.011113956854805889,0.2882636817565884,0.30247429364379186,-0.5798641072977903
3375,5.642,0.9841404456312354,0.000578179751790647,0.0009702862674235461,-0.17738745030437436,0.0005846749897486488,-0.044050720722304135,9.78830203819809,0.009578852397909583,0.0017308871171193628,-0.011337942255915199,0.2921894293652221,0.29945512182378026,-0.5922877398666287
