packet_counter,timestamp_s,q_w,q_x,q_y,q_z,acc_x,acc_y,acc_z,gyr_x,gyr_y,gyr_z,mag_x,mag_y,mag_z
21988,0.000,0.9999999613714301,-2.0724792904184574e-05,-9.948401168002237e-05,0.0002587093985493372,-0.03345999014144506,-0.16407886454899365,9.776219667452786,0.011356010118885193,-0.0006880844124464643,-0.007059928742442637,0.6257735085567937,-0.3911485405587555,-1.5307161522107806
21989,0.008,0.9999999632696628,-2.5052178335061806e-05,-9.767734278201545e-05,0.0002515794066719456,-0.02783086517202807,-0.0933213020763349,9.761178477759172,0.00882248579405178,0.0013862093373278525,-0.009552080712102394,0.6186749345930959,-0.3907573653538481,-1.538028288340123
21990,0.017,0.9999999573795015,-2.3437278901908573e-05,-9.925871408797829e-05,0.00027356790120002,-0.048186204608555716,-0.13861299859366147,9.767637413720724,0.010213496299996624,0.0005348626218980742,-0.0025931346710076453,0.6235493505958373,-0.3983703562473174,-1.5413579835519182
21991,0.025,0.9999999615244387,-2.4141069571601624e-05,-9.672211611293966e-05,0.0002588690065095927,-0.02666701233217327,-0.1313034988253337,9.748954339937026,0.00964770023681508,0.0016350125932109005,-0.011385990144859071,0.6208962704387909,-0.3913635407944127,-1.528503515317681
21992,0.033,0.999999958501508,-3.0363412715600272e-05,-0.00010800224245150485,0.00026534988437040293,0.008265096017683828,-0.1083777981339088,9.751117745100428,0.008340983307776691,-0.0017426683174627637,-0.006350099127749048,0.6257611084417843,-0.38926029585240257,-1.5356244037672782
21993,0.042,0.9999999598576266,-2.7579921632409368e-05,-0.00010996912323104976,0.00025967457538056616,-0.011949230563017743,-0.15367869388824798,9.757588782157734,0.010501004622432307,0.00047450281812048885,-0.009221761696882009,0.6179628918711816,-0.39138295342761603,-1.5299608242719982
21994,0.050,0.999999961140794,-2.270815002001976e-05,-0.00010495734415021454,0.000257267771605766,-0.02669190660546405,-0.12893928493856682,9.748985828287829,0.01100974543458979,0.0021945746016420894,-0.008424585012932051,0.6147812443047378,-0.39703975539852054,-1.533051930424361
21995,0.058,0.9999999579874587,-2.448946984427767e-05,-0.00010185433758711686,0.0002702795616344148,-0.01219635312750468,-0.15197757875819365,9.75761511949713,0.009358509997999474,0.0016976485201378982,-0.0047556203785253815,0.6184425781260476,-0.39264884549906826,-1.5333635383996893
21996,0.067,0.9999999593506806,-2.3872357240619862e-05,-0.00011126085373072033,0.00026143789107101943,-0.01353890383778437,-0.1116258955617997,9.76984978139084,0.00999143911320944,-0.0012447043004887846,-0.010017235656062426,0.6174696701160606,-0.3911647177530917,-1.531915773371116
21997,0.075,0.999999960618856,-1.8920468353477385e-05,-0.00010623785140769674,0.0002590710743894561,-0.03382984073472349,-0.15684223031147032,9.77633717121748,0.01100884741069915,0.002195433628951615,-0.008423682413282431,0.6255183165032336,-0.3926714935711389,-1.5350902541645293
21998,0.083,0.9999999617389833,-1.1927707114801184e-05,-9.401060811063595e-05,0.0002598879903364561,-0.055085116218416726,-0.11741469345605801,9.719562382593764,0.011517331881534294,0.003915725028014876,-0.007626773377227692,0.6143013291799378,-0.3889385261341268,-1.5297398082958462
21999,0.092,0.9999998729295906,-2.7351298522033132e-05,-0.00012205895690691737,0.000488358802569253,-0.013775974220396961,-0.10903429183488043,9.769878716587758,0.00868571041755766,-0.004621489482530983,-0.0049800532335262425,0.6208780499585969,-0.3814484819176122,-1.5357156016737374
22000,0.100,0.999999878874136,-2.3955802019194357e-05,-0.00010511967380923208,0.00048023711559944294,-0.0207304644597727,-0.13860589907220855,9.797214758165653,0.010662350435650335,0.0050764395349189965,-0.009790353390580427,0.6186829930330666,-0.39193590057588507,-1.534838571914108
22001,0.108,0.9999998784256715,-2.966933094844264e-05,-9.721758211106828e-05,0.00048251125820196776,-0.042066858406090125,-0.09933054595659398,9.740426407009315,0.008502863893496778,0.002859615860858717,-0.006918104165226736,0.624776662270754,-0.3932082635250717,-1.5387437090325335
22002,0.117,0.9999998777787676,-3.2481718498404324e-05,-0.00010755849296868122,0.0004814753970916069,-0.034399042032999615,-0.1528238200814986,9.776398825394574,0.009165207038662065,-0.0014920394942822177,-0.008180454517875038,0.6272129960572691,-0.38932824006861444,-1.5407545910439127
22003,0.125,0.9999998740405965,-3.105216796967172e-05,-0.00010326631830484376,0.0004901944730124114,-0.034408260073876096,-0.15203782726433954,9.776411048504364,0.010181952043152321,0.0019486358382539552,-0.006587785833487655,0.6155049396226621,-0.39439974050257764,-1.5365070281990687
22004,0.133,0.9999998772686833,-3.0446540551725312e-05,-0.00011267007872636777,0.00048149878488621875,-0.02749065481532047,-0.12086698581390365,9.749087029035397,0.009990071113986448,-0.001243159062032927,-0.010013672796176409,0.6262500457393501,-0.3904776563408463,-1.5353653417988484
22005,0.142,0.9999998785585442,-2.552714120394779e-05,-0.00010758043813615637,0.0004802683741786799,-0.01285852194406158,-0.14386354105202398,9.757737274338925,0.011006509915133262,0.0021977907524444976,-0.008421203969102413,0.6220930313921256,-0.3949073915067054,-1.537981921119728
22006,0.150,0.9999998772898668,-3.110160176200025e-05,-9.971763723472935e-05,0.0004842616388236717,-0.027718020991219634,-0.11922551327408452,9.749106597045602,0.008501484247832444,0.0028607624255119445,-0.006917142332589557,0.6184380893203374,-0.38754499067643267,-1.5351403112439281
22007,0.158,0.9999998804881585,-4.024703187170628e-05,-8.711111868521538e-05,0.00047939075754590416,-2.4761581203616463e-05,-0.12668397970493642,9.778588642768112,0.007646739435747905,0.004020507330429104,-0.009080966367707818,0.6169703872601805,-0.39415238587824825,-1.5362698459632684
22008,0.167,0.9999998704137408,-4.077435281362939e-05,-9.587719891931925e-05,0.0004983146762104041,-0.03502872130721726,-0.14821301775897955,9.776467577937034,0.009702115918786699,-0.001178081558334686,-0.003384221797377962,0.6147511178368212,-0.381571428594567,-1.5449766813586372
22009,0.175,0.9999998745793854,-3.820764144982057e-05,-9.826637391323537e-05,0.0004896173094409737,-0.04136304373093245,-0.13278530296173663,9.72830356820626,0.010497455057356012,0.00047831532890840316,-0.00921569361804749,0.6186574371101223,-0.384012620449189,-1.5449541957187252
22010,0.183,0.999999875497693,-2.63597674441036e-05,-9.701101468345959e-05,0.0004887725691883008,-0.028127710099084022,-0.11610939833951624,9.749143036029434,0.012684890418953853,0.0012883895977141057,-0.008089102227664138,0.6138075070364893,-0.3892117642693941,-1.5319324049442882
22011,0.192,0.9999998756514826,-2.7238314680445112e-05,-0.00010027497791591922,0.00048774995892775355,-0.026808318499765706,-0.15478267064559628,9.736980696341446,0.009671938769596416,0.00023042089831983148,-0.007381195374643247,0.6184379667114446,-0.38388320289449973,-1.5351888426720584
22012,0.200,0.9999998742417295,-2.7935879227152458e-05,-0.00010339345418715329,0.0004899447985001306,-0.03511614542032139,-0.1447559357164253,9.776519062861874,0.009671723754024125,0.0002306589035919567,-0.007380903195395738,0.6240409873997714,-0.38809793782470176,-1.5400303946929235
22013,0.208,0.9999998732850679,-2.8824819968408483e-05,-0.00010643762899513867,0.0004911924360743841,-0.021831828200681427,-0.12822314901507678,9.797353751687739,0.009671508773910067,0.00023089689448084372,-0.0073806110696343,0.6233124889752265,-0.39466974319897763,-1.5384764773128077
22014,0.217,0.9999998678274614,-3.2942147059462946e-05,-0.00011048904477707836,0.000501050940904478,-0.041501308539683576,-0.128633599715787,9.728358760568016,0.008846436043933975,-1.7226928677666208e-05,-0.0055467403563385,0.6213583284278642,-0.38197878099381055,-1.5388839036806465
22015,0.225,0.9999998711734958,-4.221767638561985e-05,-9.781434800838294e-05,0.0004962892434740718,-0.03528143637753666,-0.1425480741032492,9.776550908518397,0.0076443178695636774,0.004021207883967875,-0.009079857159393391,0.6179531385272687,-0.39485238904596254,-1.5338214227749387
22016,0.233,0.9999998745027421,-4.1620310434788753e-05,-0.00010720841752118093,0.00048761522272271473,0.007802181562824565,-0.12883099662601072,9.739155169850397,0.009988105611796331,-0.0012408465022573539,-0.010008467756381133,0.6155177684735487,-0.39067000850443284,-1.5314290730926297
22017,0.242,0.9999998740047874,-4.4317311454926576e-05,-0.00011756672959805899,0.000486008692339633,-0.03526147124308842,-0.14105516208846958,9.776572634471412,0.009163064906096011,-0.001488883247879801,-0.008174616745182781,0.619653213402326,-0.38684175206985116,-1.5373501671389482
22018,0.250,0.9999998758760218,-3.948365907803777e-05,-0.00011252836093945877,0.0004837626996645056,-0.049961474463107086,-0.11640999957917046,9.767918339843296,0.011002748102277773,0.0022016051230043976,-0.008417392903732692,0.6120997370659286,-0.3884729358352731,-1.5314495568846882
22019,0.258,0.9999998795014606,-3.686654846115099e-05,-0.00011479024137547644,0.00047587931518699756,-0.022092713057712845,-0.12360068228271359,9.797412573377153,0.010494932485542265,0.0004809156049471196,-0.009212113288994562,0.6201494452730114,-0.3848467378808796,-1.534203744864668
22020,0.267,0.9999998774229505,-3.5452549258129036e-05,-0.00011068380049079458,0.0004812964754041332,-0.041848301740776334,-0.12396504795313637,9.728417884637171,0.010177486646821022,0.0019539573289118796,-0.0065833566726211995,0.6299089943552023,-0.3885408800514849,-1.536621069114389
22021,0.275,0.9999998763772773,-4.3297134406407284e-05,-0.00010975382294139205,0.00048303714827632483,-0.03558775518760188,-0.13778526538620864,9.776618082323049,0.007990088645712627,0.0011429020833618815,-0.007709251889576225,0.6203617764031678,-0.3928267946367659,-1.5467949850748868
22022,0.283,0.9999998788688461,-4.0586475560805546e-05,-0.00011192616447698017,0.0004775851390290188,-0.042023664306469234,-0.12248481559125664,9.728435878125195,0.010494269720201725,0.00048167750450744636,-0.009210991405503998,0.6164726930472015,-0.3893185337520127,-1.539995097049541
22023,0.292,0.9999998820777638,-4.0037579394769856e-05,-0.00012145054351306631,0.0004684988968082414,0.0006763624116932517,-0.1535200693908883,9.766610609848811,0.009986700184446433,-0.0012392085584237327,-0.010005436935219915,0.6213654558307449,-0.39219619695568336,-1.536062713211393
22024,0.300,0.9999998788011459,-6.028915337972503e-05,-0.0001251699792741595,0.00047232974497184843,-0.03554574549393886,-0.13559626638014868,9.776648839234698,0.00497781215345675,8.357175594930338e-05,-0.007001471600258584,0.6159924717954175,-0.3904970689740497,-1.5368041470428377
22025,0.308,0.9999998802623378,-5.330824892690438e-05,-0.00011291036450875962,0.00047316465483413487,-0.0008314750539363389,-0.11264859166368636,9.778760367239272,0.011507796743427749,0.003925227510995562,-0.007620638350393706,0.6162546032515552,-0.3935767906579086,-1.5296832694763018
22026,0.317,0.9999998789023524,-5.890508880841577e-05,-0.000105028591111247,0.00047717341296341515,-0.027657951665227536,-0.14339308658642505,9.737152709848965,0.008496134641781724,0.002865286518541511,-0.0069133182948287976,0.6230896651560839,-0.3865005697183721,-1.530038485440068
22027,0.325,0.9999998808082639,-5.403089255679845e-05,-9.98329339011601e-05,0.000474865777439493,-0.029271915682351768,-0.1030105000555408,9.7492868697664,0.011000214687168669,0.0022044816302108903,-0.008414527065875017,0.6204035673327353,-0.38821263945547463,-1.530253171152895
22028,0.333,0.9999998794003142,-5.474158598659034e-05,-0.00010293268601369133,0.00047708236049392674,-0.04953349244978017,-0.14826762864734225,9.75588264786768,0.009668583193093574,0.00023507743915522454,-0.007375653411956247,0.6159935826588844,-0.38682881031438227,-1.536364441658152
22029,0.342,0.999999873762413,-6.17277296541963e-05,-8.873902826569219e-05,0.000490703810998055,-0.01484840651828875,-0.12525729077469935,9.75799102730163,0.008177951711042323,0.004339184204553933,-0.004285178357709989,0.6203921599545114,-0.3975506418415156,-1.5347684745900514
22030,0.350,0.9999998804193045,-5.07194985706521e-05,-0.00010095197206833256,0.0004758125774093221,-0.03652858798285626,-0.13091791045193185,9.776708986701431,0.012490039275429026,-0.0018986981287615196,-0.011503446129924353,0.6228292494339521,-0.39781740909904845,-1.5364802359098084
22031,0.358,0.9999998823848623,-5.96092341561038e-05,-8.824397593874722e-05,0.0004731701613198854,-0.028286829344166278,-0.1393934939459423,9.737208981023436,0.007639261403500464,0.0040235162848116235,-0.00907704772355435,0.6240478614109395,-0.39074765903724634,-1.5373095025084724
22032,0.367,0.9999998723952955,-6.0148683099311255e-05,-9.697207224943661e-05,0.0004921259451763672,-0.001854257900355287,-0.10710175241292201,9.778822549991983,0.009699221606696931,-0.0011691120381412997,-0.0033765108645709327,0.6133056101052174,-0.38781822881169997,-1.5373211888758291
22033,0.375,0.9999998753332114,-5.7510826326308956e-05,-9.915818592603932e-05,0.00048599765488829323,-0.02836039121932859,-0.1378738125028546,9.73723040453892,0.010491904797719186,0.00048441052304953186,-0.009206893450187612,0.6240521785641994,-0.3907250109651758,-1.535600673663616
22034,0.383,0.9999998731582106,-5.6111033401937587e-05,-9.503340559692563e-05,0.0004914303267257905,-0.013746400527243687,-0.16083691469602715,9.745940944017605,0.010174040394584454,0.001958279002401337,-0.006579568663195673,0.6284466876160673,-0.39048089177971357,-1.5356150113183547
22035,0.392,0.9999998699462614,-5.469985364754715e-05,-9.058666625704022e-05,0.0004989082501220947,-0.015334519213714455,-0.12041075571521152,9.75805128431666,0.010173822169605311,0.00195852113137304,-0.0065792723436107455,0.6198890458987321,-0.39665181563248036,-1.5406390244773245
22036,0.400,0.9999998725868133,-5.200163656081216e-05,-9.274462626069019e-05,0.0004934780856825521,-0.022307031060752436,-0.14986676986965233,9.78547432061821,0.010491258344632546,0.0004850597054464219,-0.009205717603748184,0.6242989324854685,-0.3951062145480264,-1.5345665791145715
22037,0.408,0.9999998643791839,-5.1702828209385995e-05,-8.222721199613055e-05,0.0005116709067217458,-0.06513918787022777,-0.11725625930789599,9.747279346674611,0.009855607775857006,0.0034329141882099602,-0.0039520684632306955,0.6189374212197749,-0.38602203766404936,-1.5307668260805236
22038,0.417,0.9999998713090075,-4.070053412350937e-05,-9.44314688186911e-05,0.0004967978785429611,-0.028897335365213554,-0.1336480812772229,9.737287744166329,0.012488522588364527,-0.0018967876040643027,-0.011499021202393104,0.6162314652297738,-0.3841758536629704,-1.538841832226539
22039,0.425,0.9999998754902175,-5.012199328147219e-05,-8.187565016631948e-05,0.0004896975734122199,-0.01571002673182004,-0.1170207192243018,9.758091928899518,0.007636882639278039,0.004024267716743264,-0.009075758346079807,0.6149992687089744,-0.39082854500892705,-1.5433896414259363
22040,0.433,0.9999998691442685,-5.214254050586117e-05,-7.867682197230629e-05,0.0005027947480857403,-0.04245813233035154,-0.14796210953190636,9.716514872093358,0.009348531463610853,0.0017120188568126382,-0.004745214036633849,0.6199084381515909,-0.38629527579931666,-1.5329631234710313
22041,0.442,0.9999998724071116,-4.955591255664572e-05,-8.092743811488594e-05,0.0004961660224864301,-0.01601917690024453,-0.11552533753191611,9.758109245594968,0.010490202847184537,0.00048624634813326627,-0.009203747954842037,0.6213544444926934,-0.3949397458953777,-1.5404212548127758
22042,0.450,0.9999998710045516,-5.027732100412259e-05,-8.401274611907715e-05,0.0004984023771787825,-0.02929922728135931,-0.13052761209997016,9.737328870880333,0.00966595840333525,0.00023848509981878424,-0.0073708774622666205,0.6189009438719676,-0.38352761751713177,-1.5452054017725616
22043,0.458,0.9999998664342948,-5.6650326170278843e-05,-9.531188554697437e-05,0.000504814597366851,-0.01597345989689738,-0.11397590621163345,9.758127540026974,0.008335745261455158,-0.0017315354680767314,-0.006331661462469257,0.6245414628583805,-0.38388320289449973,-1.5352042624306648
22044,0.467,0.9999998649619944,-5.737367351867443e-05,-9.839536316299731e-05,0.0005070528644852989,-0.008055389572592055,-0.1673091412190162,9.794288009341225,0.00966550141252813,0.00023892557821539654,-0.007370415841498036,0.6174622611079745,-0.39095942383403626,-1.5348484296765545
22045,0.475,0.9999998685316889,-5.691219141835319e-05,-0.00010764720367963206,0.0004981061002232484,-0.05069849810292683,-0.13477269296723382,9.7560724209761,0.009983147239400594,-0.0012350862914650253,-0.00999591906659497,0.6235792927551655,-0.3899117674371084,-1.5295061862083519
22046,0.483,0.999999861349582,-5.682695722529865e-05,-9.721987752816358e-05,0.00051441210092544,-0.0012193408754227063,-0.1354215692250375,9.76687827246443,0.00985302751879778,0.0034361859531722807,-0.0039508340736092,0.6203801313578958,-0.3883355861324294,-1.5395296705964012
22047,0.492,0.9999998518635232,-6.163449078033434e-05,-0.00012020058422529012,0.0005272816518291761,-0.04386530862091709,-0.10294218356999678,9.728654166318057,0.008685587080518791,-0.00460870197068179,-0.004958288590189475,0.6211237584078089,-0.3914508976438279,-1.5350953290810427
22048,0.500,0.999999856508552,-8.485863174604829e-05,-0.00010009136105315294,0.0005193877236397056,-0.014461751287587489,-0.14997435226368108,9.746113116593335,0.004274117503435523,0.005840061779098221,-0.009740752617390462,0.6147565993793168,-0.3979015305095964,-1.5428069603950574
22049,0.508,0.9999998583743058,-7.991110724374988e-05,-9.510241207792246e-05,0.000517514361686228,-0.02950245463959742,-0.12557969391942275,9.737393327013379,0.010994082354614852,0.002210629000796439,-0.008408073218166322,0.6181854377768332,-0.39125207460250694,-1.5385088207151665
22050,0.517,0.9999998524721411,-8.405190408904603e-05,-9.911263944558609e-05,0.0005274160200041173,-0.023191960148970136,-0.13920858243587192,9.78562968938398,0.008840713777455883,-7.557524508897867e-06,-0.005536344730212521,0.6167198266607907,-0.38661704551759235,-1.5388107115218075
22051,0.525,0.9999998563010358,-8.846610448648875e-05,-9.759836143124807e-05,0.0005196597115312421,-0.036488980467038724,-0.15433212395475704,9.764859760844423,0.008807843167641357,0.0013958018274434765,-0.009533779615091446,0.6208721523363617,-0.38953676942653703,-1.5380500165959314
22052,0.533,0.9999998583394876,-8.367217860291731e-05,-9.251809690643815e-05,0.0005174556727246767,-0.001793066286599408,-0.13118771050080252,9.766935970717643,0.010993239684084284,0.002211537327055532,-0.00840715092598086,0.6166915058400686,-0.38823059081825817,-1.550020745645326
22053,0.542,0.9999998578685018,-8.666275373578553e-05,-0.00010294908281780861,0.0005159011818005016,-0.036643379284470104,-0.15271183545980274,9.76488465683496,0.009158339458217795,-0.001481436108124332,-0.008160474321384536,0.622102335170097,-0.37801140068793804,-1.5342992711865986
22054,0.550,0.9999998591171544,-7.976145195540295e-05,-9.064374260624007e-05,0.0005169018220445573,-0.036733190862849596,-0.1518737948518779,9.764897391144386,0.011498041173819643,0.003934883340173491,-0.007613752307249264,0.6191662734439719,-0.39000883060312524,-1.5368186361743972
22055,0.558,0.9999998545254984,-8.628073532338989e-05,-0.00010176623194177324,0.0005226358682232443,-0.015231439594342326,-0.14457245517170905,9.74619357239681,0.008334525255506205,-0.0017289635942164304,-0.006327604200980024,0.6160018372730843,-0.39386620598751204,-1.5330970749471287
22056,0.567,0.9999998548243375,-9.823880267139877e-05,-0.00011552693045955187,0.0005170628296724119,-0.038132679207663334,-0.1108300136160659,9.776951211716632,0.006972402317638155,-0.002296868719880616,-0.009285675595862878,0.6172057047992351,-0.38858294075675887,-1.539762535299792
22057,0.575,0.999999856570192,-9.130222067524694e-05,-0.00010330745340997731,0.0005175433027859,-0.015115017407867354,-0.14320286949221375,9.746213975551107,0.011496956785193102,0.003935924826425047,-0.007613245327736834,0.6218324722310365,-0.3835179112005301,-1.5444804480374685
22058,0.583,0.9999998588304635,-8.161904505904727e-05,-0.00010919789526857479,0.0005135690843242332,-0.0235888438818182,-0.13287958203229094,9.785716730829385,0.01216634140750708,-0.0004161461993934031,-0.008864256633735629,0.6174556731842237,-0.39685387411266854,-1.5374560818620349
22059,0.592,0.9999998668801301,-8.959831257660611e-05,-0.00010292438624267176,0.0004976127367022667,-0.01532272929335936,-0.14142740429857908,9.746239574483344,0.007948975378280449,0.002551611667349992,-0.011697096053345495,0.6252470239175842,-0.3923256145103726,-1.545837318113224
22060,0.600,0.9999998658112574,-9.73409290456056e-05,-0.00010223517575104227,0.0004984477703584684,-0.03704247388025734,-0.14727895354057347,9.764966602927164,0.007982183125148043,0.0011496970635618215,-0.007699175475753613,0.6174663575652268,-0.3843455577544863,-1.5332269574023327
22061,0.608,0.9999998685170315,-9.478333933462591e-05,-0.00010429648602038115,0.0004930560631835066,-0.00911849136121627,-0.15441759660941579,9.794498808828095,0.010485485714056959,0.0004915047793655926,-0.00919680954016576,0.6282080983958096,-0.39045177282990845,-1.5334173288703379
22062,0.617,0.9999998658989251,-8.640742070812989e-05,-0.00010388842965051015,0.000499943080481173,-0.06513339907251382,-0.1377410082301571,9.735468939654037,0.01184707516449048,0.001060797508619296,-0.006238384004014973,0.620144115343399,-0.391467074838164,-1.536313453951706
22063,0.625,0.9999998655632831,-9.831819505745587e-05,-0.00011736637065548146,0.0004954110246870246,-0.028747618421119385,-0.15423668058871812,9.72551768551667,0.006971747055051331,-0.002296121199700488,-0.009282812412317213,0.6150034959490461,-0.38812058589677234,-1.5417164022950423
22064,0.633,0.9999998623570545,-8.783703933257724e-05,-0.00010973044515336567,0.0005054995113382749,-0.015524689121195746,-0.13757994324160663,9.746294328270736,0.012351354241752262,0.0027847781844429075,-0.0054457515979883025,0.6252726897932839,-0.3851102696995452,-1.5356781724718038
22065,0.642,0.9999998582501797,-0.00010829265813756655,-0.00011341564361779016,0.0005088312216959566,-0.023981151634752035,-0.1274960637987455,9.785787395130303,0.004972938516851958,8.534346787584695e-05,-0.006992554314905441,0.6128134910396371,-0.383687615292046,-1.5388396680188035
22066,0.650,0.999999856662104,-0.00010903421880874243,-0.00011647419939742482,0.0005110979077986562,-0.028870605246437732,-0.15216357980452022,9.72554997852797,0.009661162415593578,0.0002448136338796361,-0.007363555141878979,0.622092079524971,-0.3849017403416225,-1.5383586920963592
22067,0.658,0.9999998595250297,-0.00010453863525583804,-0.00011146303366404864,0.0005075407243600974,-0.024079038396305773,-0.12606040064036414,9.785805757086935,0.010988728187085347,0.0022162228517114534,-0.008402896473632671,0.6233008854227736,-0.3981488851339258,-1.5430694310349724
22068,0.667,0.9999998579472403,-0.00010528192839139806,-0.00011451948612049883,0.0005098102608884446,-0.029050201728846228,-0.15049380245916677,9.725575425284982,0.0096607652569594,0.0002453230049093869,-0.007362857799901924,0.62795222421466,-0.3900250077974614,-1.538061432658831
22069,0.675,0.9999998556227084,-0.00010099180011230273,-0.0001283089987919056,0.0005119492352784877,-0.02254838942443647,-0.164015622823624,9.773837321890266,0.010836225300480421,-0.0023834694479250903,-0.007819931368351525,0.6208763060110974,-0.38463173764522246,-1.5364058963219154
22070,0.683,0.9999998583540309,-9.832704779031322e-05,-0.00013043111392211748,0.0005065682912994468,-0.037217170314825784,-0.13940862662777198,9.765081470893678,0.010483204673917975,0.0004936047697440801,-0.009193850458337503,0.6189041828574654,-0.3881497048465774,-1.5439233365982228
22071,0.692,0.9999998574911159,-0.0001062847459394911,-0.00012974156872533078,0.0005068416181256289,-0.0372743244801554,-0.13866002979170652,9.76509191007282,0.007979730692586342,0.0011515382413133672,-0.007696596439859163,0.6225911952106127,-0.3953438628557541,-1.5340707893408037
22072,0.700,0.9999998586553537,-8.750340407635959e-05,-0.0001321345859995773,0.0005075163820711445,-0.05208927154804865,-0.11401708290226065,9.756329738679549,0.014347673301259795,0.0004071111334310653,-0.007732238947760518,0.6196747501250685,-0.38526379659672494,-1.528825435485918
22073,0.708,0.9999998584635742,-0.00010430352473828456,-0.0001347043966930907,0.0005040320748106238,-0.002549964318973191,-0.11454309323291628,9.76714518236831,0.005794648614802349,0.0003334203014224064,-0.00882229084231773,0.6230495200869013,-0.3850020389465067,-1.545928829856386
22074,0.717,0.9999998568195674,-0.0001050526032970315,-0.0001377538337015192,0.0005063088746879505,-0.01578811516367501,-0.1298149436457183,9.746400421143074,0.009659382178599412,0.00024696053491322765,-0.007361089705385473,0.6223657246203734,-0.3818170090504491,-1.5266804505216205
22075,0.725,0.9999998548405388,-9.908400229561947e-05,-0.0001443616655653781,0.0005095693975906685,-0.028984991145708915,-0.14486633632659768,9.725661071936306,0.011339475253046715,-0.0006578558685555898,-0.0070259590101968495,0.6098999134211972,-0.3855564473651956,-1.5324593045397266
22076,0.733,0.9999998576862147,-0.00010132772481670954,-0.00013550231419103023,0.0005059637984131776,-0.045785602943671615,-0.12521038656701922,9.804622462328359,0.009305509548525664,0.0031238507033605643,-0.008735408166220256,0.6203911835655784,-0.3868126331200461,-1.5351549518523084
22077,0.742,0.9999998512515468,-9.651278109735807e-05,-0.0001361092276096462,0.0005192845515482184,-0.04399501801398391,-0.11948089960377792,9.716899994798911,0.011020476177883766,0.0008189276639267826,-0.004402631094706625,0.6223546560648384,-0.382851723691908,-1.5310616401227977
22078,0.750,0.9999998458840959,-0.00010488271562795845,-0.0001545415033140044,0.0005228272415322594,-0.03747024061552205,-0.13303093871860794,9.76516946840871,0.007827758758470076,-0.0034476299317129375,-0.007110932995678848,0.6169608828257684,-0.3866332227119285,-1.540031920344192
22079,0.758,0.9999998486132046,-0.00010033546721119133,-0.0001493568316726017,0.0005199989415125823,-0.009423824181527212,-0.14008041116787207,9.794714060933249,0.010984960375726925,0.002219597821590329,-0.008399799174790615,0.6233213149737634,-0.3819270139719349,-1.5349829435008717
22080,0.767,0.9999998542647295,-8.305819602927365e-05,-0.0001398285182177543,0.000514800778577996,-0.016052117219843655,-0.12476042851159157,9.746466004669879,0.013991567317174599,0.003286926231560916,-0.009104330066272433,0.626247983008729,-0.3841402638354308,-1.5361818181601652
22081,0.775,0.9999998526618012,-8.409289736361588e-05,-0.00014257363219608355,0.0005169888969421278,-0.03776102294085412,-0.13029471129334352,9.76520524107703,0.009657911724769892,0.00024855546274662153,-0.007358787405978551,0.6167196386604878,-0.3810023042519618,-1.5388851263782737
22082,0.783,0.9999998505133472,-8.274606464034658e-05,-0.0001383872364583247,0.000522470424874831,-0.016270223277268004,-0.1229971906236281,9.74648805117991,0.010161522768411844,0.0019728666296477955,-0.006567622331211051,0.6152506459104875,-0.38590733603327637,-1.540525545910224
22083,0.792,0.9999998538289635,-8.039552789343103e-05,-0.00014067310677481847,0.0005158388198801362,-0.03113873266313745,-0.09844158036637107,9.737700400273134,0.010480059318481668,0.0004965857483513408,-0.00918916133275643,0.6201428491753341,-0.39049706897404973,-1.53681463247869
22084,0.800,0.9999998560221955,-7.564267170021409e-05,-0.00013555262788408635,0.0005136723271058252,-0.02482647481653225,-0.11185544619180761,9.785976565750083,0.010983479003266718,0.0022210761585278425,-0.00839804441736438,0.611824842150314,-0.3910758996332565,-1.543622506129327
22085,0.808,0.999999860152268,-8.698813038550911e-05,-0.00013034931648927233,0.0005051114382155784,-0.036640979129549826,-0.1666933546413031,9.753310390520612,0.0071188068087676155,0.002305456074497957,-0.00985949282491812,0.6252797681526072,-0.39386297054864483,-1.5328763945738024
22086,0.817,0.9999998486294508,-8.545439829769639e-05,-0.00013176455819907432,0.0005273298041493271,-0.003541378907056004,-0.10392150916783767,9.767263662539019,0.01019606522396377,0.0005750255811065474,-0.002568972692839632,0.6269794061178612,-0.3912261910915691,-1.5365780779162954
22087,0.825,0.9999998513489218,-8.475260617785539e-05,-0.0001407244791754117,0.000519918985116705,-0.03828908285234835,-0.12552761607193974,9.765265627470601,0.009975694736703298,-0.0012268062600545404,-0.009978208221033562,0.6289347793075194,-0.384866150514083,-1.53569065975551
22088,0.833,0.9999998548168074,-9.401862243871128e-05,-0.00012811179701527117,0.0005148924454938534,-0.051598833173516774,-0.14075151354772203,9.74453948968965,0.007621518153119625,0.004030045556291814,-0.009068412592535963,0.6238060985965936,-0.38804940624169326,-1.5363680018064583
22089,0.842,0.999999856726624,-8.449040266724582e-05,-0.00013360386401534854,0.0005114275232004866,-0.03853139299423997,-0.12401267224660305,9.765284032017192,0.012159193614741376,-0.00040555226470522936,-0.008851020025092924,0.6125816368738022,-0.3821581914019282,-1.5339760956715498
22090,0.850,0.9999998500176637,-8.165344916589058e-05,-0.00014131040149426724,0.000522808507065795,-0.03010280318759239,-0.1325422125403939,9.725833437028642,0.010514297664629713,-0.0009002718031341137,-0.0051890910409039025,0.6199111339662448,-0.3931176712367893,-1.5318960578462224
22091,0.858,0.9999998493082841,-8.946575884108177e-05,-0.00014064617087300042,0.0005230659054686148,-0.023686754374169963,-0.14604713712360481,9.774119637490097,0.007975489239984134,0.001154697841469798,-0.007691521644101784,0.6191592196064273,-0.3819884873104123,-1.5396107077867724
22092,0.867,0.9999998530744122,-9.593089466100462e-05,-0.00014623369983433326,0.0005130927036937748,-0.025298371091150133,-0.10573600361249287,9.786043388364217,0.008294294673274378,-0.0003221526838376224,-0.010312166007635593,0.6182001413580387,-0.388244993844147,-1.5326888041038773
22093,0.875,0.9999998566090204,-0.00010047731017919199,-0.00014458092615113644,0.0005057495474496535,-0.0021714252637992973,-0.13819925675061914,9.75540814734238,0.008797207961271357,0.0014027294177494042,-0.009521690365813925,0.6230853725246027,-0.3872555753468293,-1.5317376079992984
22094,0.883,0.9999998461597555,-0.0001129646831594591,-0.00013849880728617845,0.0005251071569729081,-0.03868116800572455,-0.12035679597671424,9.765329179982984,0.006833637334028834,0.00238509663352163,-0.0032394543316649647,0.6120805528529395,-0.3866202809564596,-1.5390431109116745
22095,0.892,0.9999998521663992,-9.579850448718157e-05,-0.00012896795249364476,0.0005194777121812705,-0.03053292004768616,-0.12897337615180512,9.72588007956282,0.013986086043173383,0.003293306371688189,-0.009099165449430116,0.6225743798552287,-0.39054883599592544,-1.5407266948846616
22096,0.900,0.9999998454672577,-9.78729230714359e-05,-0.00012569415722301987,0.0005326230661166625,-0.01753316887946295,-0.1120731645678139,9.746617595114532,0.00933591596023427,0.001729753240596549,-0.00473333546734298,0.6240490540136683,-0.3895205922322009,-1.5368374428383664
22097,0.908,0.9999998429756772,-9.65327176734976e-05,-0.0001213220182978287,0.0005385267160298123,-0.02445284444543003,-0.1414690864233148,9.774185086019875,0.010157846702334307,0.001977376735603905,-0.006563615822400489,0.6179298660309533,-0.3998577194321612,-1.5430332136476048
22098,0.917,0.9999998418715637,-9.940026310136896e-05,-0.00013157818587104464,0.0005376463678107132,-0.03926221654491509,-0.11699033717923932,9.765367773024678,0.009151902182773432,-0.0014721067267424667,-0.008143004299696508,0.6201550612900408,-0.38677057241477214,-1.5319807957786593
22099,0.925,0.999999839403845,-9.300324324372465e-05,-0.000138342033714891,0.0005416679450235774,-0.05236149274135339,-0.1321234680615865,9.74465622729268,0.011335000142168825,-0.0006499065598424406,-0.00701641783271001,0.6213573074775857,-0.3883323506935622,-1.5392880193513703
22100,0.933,0.9999998428595729,-9.737533881566663e-05,-0.00013669503474631725,0.0005348956354799152,-0.0028215179887853014,-0.13254243272297145,9.755486477538696,0.008795708455586268,0.0014034826148367364,-0.00951966385985944,0.6138062980859079,-0.3899505927035152,-1.5324109354714786
22101,0.942,0.9999998354818345,-9.245376484644298e-05,-0.0001371845323232279,0.0005492440347633882,-0.011282735642624421,-0.1222584395358479,9.794950762389272,0.011015328101662676,0.0008284474755835027,-0.00439567764193287,0.6196460332641738,-0.3934717953437372,-1.5401922314452103
22102,0.950,0.9999998392914775,-9.401622487557052e-05,-0.00015373913315373862,0.0005375334849163029,-0.0391818562134559,-0.11370792989632236,9.765406868067709,0.009470455562797494,-0.0029490730462368017,-0.010761431733402773,0.6203857473749254,-0.39025942066632197,-1.5373067215103926
22103,0.958,0.9999998371331936,-9.752419880935853e-05,-0.00013852753181481893,0.0005450071005424838,-0.03762486401628527,-0.15261990952105653,9.753537018319209,0.008978183744217196,0.0046068457255499075,-0.006109681138475905,0.617702198235559,-0.39439974050257764,-1.5365125793121672
22104,0.967,0.999999835590729,-9.548544386160288e-05,-0.00015974858004280277,0.0005423849516976656,-0.024448609334412053,-0.13586062058818882,9.774264663227628,0.010328930616984913,-0.0040985226078015915,-0.00859333476947954,0.61500982678937,-0.39297061521734394,-1.539210509660121
22105,0.975,0.9999998375258023,-8.84998688348912e-05,-0.0001474846062364045,0.0005434744085375328,-0.039241634979194584,-0.11129209520583581,9.765434460383037,0.011479856574217795,0.003952263959111526,-0.007602838723371656,0.6233277684229807,-0.39043883107443955,-1.5324285194378204
22106,0.983,0.9999998398396862,-8.377332175650237e-05,-0.00014233761717044748,0.0005413341251587423,-0.024676220386547265,-0.13406112524236372,9.774288938262712,0.010977148421672927,0.0022273372060513017,-0.008391702743365712,0.6277239642048643,-0.3853026218631317,-1.5317752104441755
22107,0.992,0.9999998379325765,-8.457967364819745e-05,-0.00014495673793655112,0.0005440300028151505,-0.016385243152724452,-0.14271838708293424,9.734851933273752,0.009652794054358097,0.00025504148551935943,-0.0073503737717725524,0.6106403505291693,-0.3855143866599216,-1.5292876156274544
22108,1.000,0.9999998361590648,-8.535711285354926e-05,-0.0001479709133241688,0.0005463520986132145,-0.0032145877494509354,-0.12594865533149835,9.75557371359321,0.009652582334611779,0.00025527822829980495,-0.00735008685735727,0.6135642127967257,-0.3960438660234684,-1.5315970777483592
22109,1.008,0.9999998387347493,-8.052489499812245e-05,-0.0001429951907181236,0.0005436897936985628,-0.052868884943457636,-0.12391457511608497,9.744761330151446,0.010976264583967424,0.0022281902321469437,-0.008390821598443034,0.6254936061864032,-0.3915803151985171,-1.5448711675635618
22110,1.017,0.9999998366479089,-7.63920579826003e-05,-0.00015697622531115664,0.0005442672808045123,-0.011678686233587117,-0.11471981906576183,9.795041492303058,0.010830600541468303,-0.0023716075165097785,-0.00780105746897266,0.6206416297300014,-0.3909303048842312,-1.5326593822933579
22111,1.025,0.9999998411923846,-8.984193796002455e-05,-0.0001586538939862934,0.0005332659499984773,-0.03795530876557301,-0.14600012002908053,9.75363707356834,0.006610106431362438,0.0005814707372432708,-0.01064278285481093,0.6257759918493659,-0.39162383717421095,-1.5297332077280645
22112,1.033,0.999999839260385,-9.344002680897309e-05,-0.00014346032008560132,0.0005405250248353896,-0.010159646919020554,-0.1530414007699027,9.783208409665367,0.00897515139585296,0.004609326858048526,-0.0061086202330802334,0.6179528115702205,-0.38508762162747456,-1.5339508399166197
22113,1.042,0.9999998458327393,-8.041705856914789e-05,-0.00014810709691723227,0.0005290858932402535,-0.03832716528009532,-0.1444799922307663,9.753658258927818,0.012975290979800146,-0.00015050311681002882,-0.010670778965894372,0.6257691832296076,-0.39092706944536393,-1.5324282164841792
22114,1.050,0.9999998440839657,-8.119975050316974e-05,-0.0001511138621437449,0.000531416264236745,-0.003581066597015314,-0.12107070973297272,9.755635342605647,0.009651313042293995,0.00025702540740320495,-0.007348083673326217,0.6125954421136222,-0.3891664681252529,-1.528511663302854
22115,1.058,0.9999998381963917,-8.740958812450293e-05,-0.00016214913055553965,0.0005382140970342213,-0.06146670429791551,-0.10965311288139375,9.784261050384602,0.00832779950881402,-0.0017156524462137142,-0.006306575298889668,0.6138124000562982,-0.38796528483114523,-1.529995634835734
22116,1.067,0.9999998405640976,-8.269566910054162e-05,-0.00015698904579180756,0.0005360854833724501,-0.0035284871956458193,-0.11955570869172921,9.755654046679059,0.010974073618359616,0.0022304104481457704,-0.008388888391530057,0.6238221746069044,-0.3891858807584562,-1.5300047460971387
22117,1.075,0.9999998425403813,-7.305653450408472e-05,-0.00016266749269277869,0.0005320913851360336,-0.03832982585960246,-0.14111559472402296,9.753707504017655,0.012152702797744138,-0.00039636483057800797,-0.008839222013814128,0.6255305776614974,-0.39040971212463443,-1.530237004893246
22118,1.083,0.9999998457418176,-7.462766144385687e-05,-0.00017921055365012904,0.0005204139034194662,-0.025011670994678808,-0.12422575395707677,9.774418034536263,0.00946830248105444,-0.002946499265036577,-0.010753395564689136,0.6162407489681785,-0.3851037988218107,-1.53516711441625
22119,1.092,0.9999998481461909,-6.99718909340257e-05,-0.0001738754526378592,0.0005182459426433928,-0.016580142481118318,-0.13292377305217262,9.734990270346543,0.010972927478717065,0.00223149888015309,-0.008388094487168438,0.6169665724081336,-0.3907541299149808,-1.537779852401305
22120,1.100,0.9999998438318172,-9.027418249197875e-05,-0.0001775778677471124,0.0005221618662743847,-0.011890867841503564,-0.10672840329942863,9.795131569559421,0.0049656542143023735,8.757000242770423e-05,-0.006980784904917163,0.623076754565935,-0.38778910986189485,-1.5351487948319271
22121,1.108,0.9999998462713685,-8.559403043710582e-05,-0.00017234835293306112,0.0005200259098251801,-0.016751361866418405,-0.1316329106747869,9.735007517357555,0.010972422025477227,0.0022321411506648656,-0.008387535747820609,0.6233382692858928,-0.39087206698462096,-1.5282720356717994
22122,1.117,0.9999998486415107,-8.088803289743315e-05,-0.00016717967050116793,0.0005179044697280897,-0.012153555224493202,-0.10518390186516169,9.795147957192848,0.010972141060714412,0.002232455767799353,-0.008387155168065206,0.6213518958087113,-0.39251149579622463,-1.5414300827238285
22123,1.125,0.9999998551579288,-7.268517381615578e-05,-0.0001608878078476293,0.0005084447863008646,-0.030268334291928434,-0.14584918862635032,9.714339656351271,0.011792980976033767,0.0024799256915927236,-0.010216304870488782,0.6228595467638219,-0.3815437709151819,-1.5244878538731788
22124,1.133,0.9999998579326125,-7.216679118518231e-05,-0.0001701889912540435,0.0004999624151485679,-0.03226560224937954,-0.14953566472899615,9.802102833527416,0.009968944232987938,-0.00121912317763251,-0.009962293020198795,0.6172124398536578,-0.38708263581644614,-1.5370966454005552
22125,1.142,0.9999998615621204,-7.884043937789855e-05,-0.00017560089070338346,0.0004897185445020382,-0.017071386727396377,-0.1282014858767293,9.735052753343377,0.008287880148079378,-0.00031829356275253385,-0.010300216242407421,0.6150213322547086,-0.38656204305684944,-1.5346563810804605
22126,1.150,0.9999998502947722,-7.733860728114028e-05,-0.00017694384356836004,0.000511976609687006,-0.036954340930460336,-0.17362168514456425,9.742005582785897,0.010188587563568666,0.0005922117825305243,-0.0025592542079588393,0.6221041898608486,-0.39655798790533064,-1.533565141804589
22127,1.158,0.999999857471913,-7.405658865657685e-05,-0.00015984057728623839,0.0005040067113883023,-0.02570130476418692,-0.1170605589667527,9.774504684390202,0.010611880890854731,0.005107790533745546,-0.009765724576813076,0.6135559908782307,-0.38998294709218745,-1.5348515027452145
22128,1.167,0.9999998511122421,-7.616217587265522e-05,-0.00015652271944339663,0.0005171802928212503,-0.06713219133999747,-0.12468899796465575,9.724251803519785,0.009328433906058958,0.0017402480610589515,-0.004726463204916393,0.6255224374822645,-0.3867899850479755,-1.5334590756046813
22129,1.175,0.9999998548454767,-8.2699643980127e-05,-0.00016201767784633576,0.0005071686771489713,-0.017620323619317257,-0.12508887497616908,9.735092267726342,0.008287364372571342,-0.00031803672924674123,-0.010298757848752688,0.6235828950851309,-0.3869629245783587,-1.5280803009124078
22130,1.183,0.999999857851867,-8.501205550709497e-05,-0.0001531104290834292,0.0005036133367211019,-0.02612943191139111,-0.1148204252831478,9.774530119460549,0.009288980079953463,0.003135121488346058,-0.008723255570548373,0.6250424124047095,-0.3938273807211052,-1.5301904753129696
22131,1.192,0.999999856373099,-9.062753903194884e-05,-0.00014475672061454458,0.0005080215768743806,-0.039520661669739436,-0.1301465023820891,9.753855280261686,0.00846785899143451,0.0028883126820870362,-0.006893706153741958,0.6213537787129562,-0.3934782662214718,-1.5406847857904362
22132,1.200,0.9999998552795383,-9.843392622444085e-05,-0.00014401495405801356,0.0005089315846865254,-0.0396773871322294,-0.12948098276397135,9.753863500935909,0.007966888565387825,0.0011619730153499088,-0.007680943113288963,0.6247870486986993,-0.3902238308387825,-1.5346325212661007
22133,1.208,0.9999998574209612,-9.367326719325231e-05,-0.00013867442475517798,0.0005071023370865459,-0.018247388660642672,-0.1222257845710799,9.735127481685657,0.010969130575325935,0.0022359971858180797,-0.008383559241353769,0.6225909172971217,-0.3870438105500394,-1.5341807939112322
22134,1.217,0.9999998478375882,-0.00011037383810255339,-0.0001470281698118147,0.0005201203070658515,-0.01184554945733807,-0.13561116903142648,9.783463647048626,0.005824236737676995,-0.001058398181288225,-0.004809529164813794,0.6216038815724781,-0.3873429321962445,-1.5383251042302506
22135,1.225,0.999999849014424,-9.178453380195155e-05,-0.00014915751349516357,0.0005208634798506613,-0.018256936408882336,-0.1207290201340459,9.735146143044357,0.014330356952771402,0.0004371388309134805,-0.0077051282292651775,0.630418136816036,-0.38525732571899046,-1.5283643374482494
22136,1.233,0.9999998566880081,-9.279222416689704e-05,-0.00014655496516874063,0.0005064930487927652,-0.03989077967911035,-0.12624701572989283,9.753905025570548,0.009607525161689227,0.0016565654942879912,-0.011338073380537592,0.6242874879293282,-0.3849114466582242,-1.5390965984286817
22137,1.242,0.9999998555581248,-0.00010078456998675471,-0.00014539455776851586,0.0005075299227797056,-0.03158316505196351,-0.13511063745369192,9.71449075828039,0.007965834011182527,0.001162864388708345,-0.007679673724593379,0.6172243131456756,-0.39165942700175055,-1.5323969225365037
22138,1.250,0.9999998572124763,-8.908808343469197e-05,-0.00014392882070717413,0.0005068755612066947,-0.046788073989696775,-0.1548131960786916,9.78158233749132,0.012648559783952299,0.0013381527070676638,-0.0080429074744618,0.6189431271499929,-0.3906311832380261,-1.5285082872805527
22139,1.258,0.9999998598275247,-8.637118368320762e-05,-0.00014592645003281714,0.0005015878992732673,-0.027011722734476176,-0.10769612795845042,9.774608813256792,0.010466964139856382,0.0005109039146958521,-0.009168760207493661,0.6184154580819807,-0.3932794431801508,-1.54409827742456
22140,1.267,0.9999998587698671,-9.418469090231702e-05,-0.0001451783669954705,0.0005025064494677154,-0.031799260468222734,-0.1326010729306902,9.714524632521655,0.00796517601461584,0.00116340694503161,-0.0076788664879543535,0.6184225237851662,-0.3832317313097939,-1.5413015091178859
22141,1.275,0.9999998610350026,-8.681203370314532e-05,-0.00015834253247174103,0.000495299191074517,-0.033719056266320255,-0.13625729363577663,9.802291514753724,0.01164718574054203,-0.002114578795039148,-0.009615499527751821,0.614523768824549,-0.3856340978980091,-1.5383298653100608
22142,1.283,0.9999998510345952,-9.934015301454391e-05,-0.00015221057970970215,0.0005146787939057856,-0.02530701842396745,-0.14509300949367399,9.762883104930685,0.006823831378649188,0.0023969205830634875,-0.0032340314601947092,0.6211049211914346,-0.38153907420589467,-1.5425515338435072
22143,1.292,0.9999998541113079,-9.915325611746779e-05,-0.00016162826490847868,0.0005057887893067667,-0.040213287306900804,-0.12079508089198401,9.753972743181425,0.00996588133328712,-0.0012152158087816078,-0.009954206612870442,0.6135716136308854,-0.39600504075706167,-1.5286676568714626
22144,1.300,0.9999998610533047,-9.59957375160286e-05,-0.0001445386328845716,0.0004977818531588171,-0.047049752533009755,-0.15006395283378732,9.781655094717383,0.010605301133614383,0.00511225329937863,-0.009762172310931143,0.6245520536344809,-0.3870017498447654,-1.5310121889506818
22145,1.308,0.9999998596374726,-9.874036414290429e-05,-0.00015462908765856607,0.0004970565570510757,-0.025631667104724597,-0.14277517864028255,9.762916430645475,0.009145156997495813,-0.0014615671381149114,-0.008124494814148942,0.6132902979617585,-0.3910726641943893,-1.5433820884649845
22146,1.317,0.9999998576406287,-9.7462837211441e-05,-0.00015035700671064321,0.0005026056988852951,-0.03877951661853846,-0.15807776038564614,9.742263107706528,0.010144822663919483,0.0019931173476388964,-0.006551155215936112,0.6226014508557387,-0.3884535232020696,-1.530011368431043
22147,1.325,0.9999998599381514,-9.279276060182287e-05,-0.00014521055291759704,0.0005004268942041299,-0.004252690738808395,-0.13464810037795266,9.74418889067174,0.010964955418830679,0.0022402825171413897,-0.008379479543393176,0.6257586088013595,-0.38829676086602266,-1.5366138191070784
22148,1.333,0.9999998578736095,-9.151713069526732e-05,-0.000140936131801635,0.0005059786378769635,-0.012839261099550706,-0.12418685367961405,9.78361407954947,0.010144355466259067,0.0019936873317180715,-0.0065505307679374165,0.6233164301278808,-0.38341761259564594,-1.5369164781808842
22149,1.342,0.9999998561973744,-9.250657096353468e-05,-0.00014366107577938025,0.0005083397089465818,-0.04093021599297417,-0.11586848804387058,9.754029528423054,0.00964439086911038,0.00026654240136943306,-0.007336573448078274,0.618947542390367,-0.3935379653915019,-1.5267606332931922
22150,1.350,0.9999998573866986,-7.590071830296069e-05,-0.00015313768225117878,0.0005059787678207199,-0.01758039351216472,-0.14813182200800484,9.723565044560667,0.013826464736681135,-0.001282926193708109,-0.008484696846515708,0.6150414274652212,-0.3971997531734348,-1.5267022332195535
22151,1.358,0.9999998481885217,-9.434503945239483e-05,-0.00016864335138940488,0.0005160245797710681,-0.02583129251541929,-0.13774383410317564,9.762988185950881,0.005323101927025257,-0.0027834340859666756,-0.005591434340394866,0.6206306020440974,-0.39318561545300107,-1.5370243947518247
22152,1.367,0.999999853861408,-7.718131328033897e-05,-0.00015898461858998225,0.0005109247488647743,-0.012716148169870701,-0.12085960675224827,9.783655911184056,0.01396421026462451,0.0033178157052825815,-0.009080472053216649,0.6189059595006695,-0.3859429258608159,-1.543220100235877
22153,1.375,0.9999998494802249,-9.756256378835786e-05,-0.00016271546721419603,0.0005148249710217782,-0.02597409170956017,-0.1361926638690591,9.763009568611809,0.004961669015375515,8.912961874807995e-05,-0.006973495279828035,0.6118469383917526,-0.38778587442302764,-1.5348763040696831
22154,1.383,0.9999998474143926,-9.62936005093004e-05,-0.00015843383881619403,0.0005203820255575061,-0.011169071344980335,-0.1591773875031645,9.77196088515749,0.01014277616284015,0.001995380747412655,-0.006549242655882709,0.6196526375357773,-0.3880655834360295,-1.537578108402646
22155,1.392,0.9999998453910153,-9.51148615779511e-05,-0.00015429298340809036,0.0005257040837362126,-0.05421429750810589,-0.12726801538817784,9.733430043520281,0.010142561925840149,0.001995621490871258,-0.006548952771385559,0.6248003635029465,-0.3825849564343752,-1.529362214609926
22156,1.400,0.999999843594569,-9.593215146977363e-05,-0.00015725235722866793,0.0005280904809274668,-0.026290518800977988,-0.13395258222910716,9.763039715370379,0.009642973946198844,0.0002681477714160341,-0.007334514638928656,0.6142852531696272,-0.3878020516173638,-1.5361030640051658
22157,1.408,0.9999998510706191,-9.220581588166913e-05,-0.00016549953982487493,0.0005118268550223397,-0.026251505578049474,-0.13312374056978668,9.763051157864894,0.01078347786320911,-0.0009658233475387336,-0.011776532240389326,0.6179455251710274,-0.3885441154903521,-1.5368349647939281
22158,1.417,0.9999998497053996,-9.795132820542182e-05,-0.00015749563137686364,0.0005159358893932208,-0.054328903813658486,-0.1248683955861829,9.733460483769358,0.008460602051916817,0.0028942215748655907,-0.00688877904129686,0.6194153144835846,-0.3890064703503387,-1.534879247427645
22159,1.425,0.9999998573433001,-9.902720125740961e-05,-0.00015487493281719935,0.0005015184426195421,-0.026494878271421995,-0.13161020822670846,9.763071020163569,0.009601128331264294,0.0016601059250524865,-0.011330540624198953,0.6182020406101357,-0.3897000026403185,-1.5319370363134008
22160,1.433,0.9999998549461722,-9.28381390812646e-05,-0.00016154483697650697,0.0005053632168386798,-0.013408751934643514,-0.11463952962967182,9.783729844731203,0.01132324758898188,-0.0006278749047432047,-0.00699244948005926,0.6237969619888609,-0.3915156064211725,-1.5399844819029909
22161,1.442,0.9999998529064763,-9.153907959551391e-05,-0.00015714815239380468,0.0005109912727449015,-0.026575219719240588,-0.12988938509154943,9.763093847871401,0.010140920395980253,0.0019976652248366736,-0.006547389552309658,0.6213696585490378,-0.388755880287142,-1.534399180366125
22162,1.450,0.9999998554843884,-8.896423503933947e-05,-0.00015917209169837148,0.0005057477754602719,-0.07623007178416744,-0.12808069755357723,9.752256730101468,0.010461556908776962,0.0005166220382004565,-0.009160596508348624,0.6277216035211851,-0.3884891130296092,-1.5327096234987616
22163,1.458,0.9999998537271603,-8.981226215614453e-05,-0.00016181576181644117,0.0005082273850921212,-0.026692194473042444,-0.12823707856922398,9.763115371026835,0.009641479605547018,0.0002702097472586719,-0.0073321948760080935,0.6213561966141186,-0.39200060935322967,-1.539727724736056
22164,1.467,0.999999861235251,-9.085257607759482e-05,-0.00015919459532934358,0.0004938950995024334,-0.04831096629271768,-0.13394105487554347,9.781883002870398,0.009599641079731326,0.0016608983296145946,-0.011328873407104909,0.6103617551964746,-0.3881367630911085,-1.5429252753105414
22165,1.475,0.9999998637365539,-8.832809494771595e-05,-0.00016144138666656976,0.0004885301419226382,-0.005288815787479996,-0.12015777628652854,9.744377838645736,0.010460780240792857,0.0005176123435406192,-0.009159457904683668,0.6160108022283668,-0.3852735029133266,-1.5295485388499783
22166,1.483,0.999999865704867,-8.159373003381571e-05,-0.00014897001081130514,0.0004896331756885433,-0.04012263437969855,-0.141890576290984,9.742506871915118,0.01145794268292559,0.00397436172889265,-0.007588801685430922,0.6223499265235538,-0.3889805868394009,-1.5329337016605116
22167,1.492,0.9999998637708949,-7.963733421498309e-05,-0.00017000878876177134,0.0004870452728518925,-0.02699970800705878,-0.12486861295262726,9.763158189436282,0.010324579020492435,-0.004081829022397754,-0.008559621411825992,0.6165015079952106,-0.3840399652305467,-1.5285894759477445
22168,1.500,0.9999998706359277,-7.652006572733653e-05,-0.0001528934633370651,0.00047905782153708946,-0.04014010305072257,-0.14016287245848094,9.742531808875018,0.010595526761796266,0.0051183479482147624,-0.009757535652014598,0.6191704025969291,-0.38437144126542416,-1.5351842221860073
22169,1.508,0.9999998658643017,-9.003412315175697e-05,-0.00016025802075454818,0.0004842340366647338,-0.027199341991762407,-0.12332031935652985,9.763177312623148,0.006640894279018596,-0.0008064553407457534,-0.00662853161695834,0.6242943455926436,-0.38707292949984445,-1.5363821771013146
22170,1.517,0.9999998647904786,-9.787428436681074e-05,-0.00015948724148260798,0.00048518395344182666,-0.012299443073835908,-0.1462972615043069,9.77216084301015,0.007958798611341774,0.0011687662485943878,-0.007671256059836404,0.6201627482116179,-0.39527591863954226,-1.528938134902792
22171,1.525,0.9999998628582734,-9.65196318177395e-05,-0.00015495943988061862,0.0004908716401778523,-0.027328447869585368,-0.12199345019869513,9.76319362355557,0.010138282540597706,0.0020010496622079833,-0.006544757497731361,0.6206241731166589,-0.3854061559068831,-1.5395691125292499
22172,1.533,0.9999998659400843,-0.00010096511112416282,-0.00015325970598231172,0.00048418728040601516,-0.04056197402554882,-0.137378250845897,9.742569723441669,0.008777963568402714,0.0014157256574408058,-0.00949842156712456,0.6152581693535403,-0.38953029854880267,-1.5375475936051972
22173,1.542,0.9999998689924252,-0.00010553730071327807,-0.00015164106231943736,0.0004773698760172337,-0.025754288213646885,-0.16023294473034788,9.751561297894831,0.008777721841725367,0.0014159977964026621,-0.009498094713521681,0.6145244182564337,-0.38660733920099066,-1.5380728051894847
22174,1.550,0.9999998580568985,-0.00010407090790081925,-0.0001528972830609409,0.0004996777455679436,-0.057636455985585394,-0.11655558122072414,9.82137269741934,0.01017995435018698,0.0006127038221901319,-0.002547042962067734,0.6223366198932325,-0.3968635804292702,-1.5382007728881444
22175,1.558,0.9999998730941085,-9.410406687882063e-05,-0.0001339680943204205,0.0004764543435162093,-0.012972554893271268,-0.14239494125047134,9.772217617478224,0.012231900012572093,0.005613331130799595,-0.013411130272087155,0.6191697613389705,-0.38364231914790475,-1.5354380468780413
22176,1.567,0.9999998669521843,-9.625396051138252e-05,-0.0001305831845484054,0.0004896721565034785,-0.041274318631334274,-0.13412252661468835,9.742612096268179,0.009317695846206828,0.0017561043426400319,-0.004715654859988548,0.6169764320130873,-0.390458243707643,-1.533877193327318
22177,1.575,0.9999998659927073,-0.00010134902843597543,-0.0001480129483953942,0.0004856285709187376,-0.006565653931539838,-0.11074662777208634,9.74448856474482,0.008642854057430066,-0.0031834172259294228,-0.008896219433192989,0.6167346773726678,-0.38800411009755204,-1.532932457196762
22178,1.583,0.9999998676196267,-8.969989783090653e-05,-0.00014648047716100826,0.0004850341505853293,-0.05604400782025566,-0.10897928005495931,9.73364162918523,0.012637178765626296,0.0013540998244084322,-0.008028355234096703,0.6184337067756679,-0.38561468526480575,-1.5368750235171207
22179,1.592,0.9999998659866645,-9.064981107330691e-05,-0.00014943597298430397,0.00048731730399542066,-0.026262523327365513,-0.15518695497997556,9.751641550185754,0.009638357934913123,0.00027466476466923444,-0.007326821333462703,0.6240589136186219,-0.3892247060248631,-1.5329347837643796
22180,1.600,0.9999998681628403,-8.601405984864067e-05,-0.00014419176817532785,0.00048526757312603193,0.008283596549640204,-0.1316953480151312,9.753515048617263,0.010955244591451826,0.002250370996366701,-0.008369707151099226,0.6243079873539392,-0.3891988225139252,-1.5309824533034593
22181,1.608,0.9999998712517679,-9.044138136775431e-05,-0.00014215132648168406,0.0004786541599984275,-0.041415921442779745,-0.13000201548425944,9.742667348887046,0.00877584708033578,0.0014171785172377553,-0.009495638179631116,0.6223514052136999,-0.39629769152553235,-1.532348401991435
22182,1.617,0.9999998608639745,-9.31367460183397e-05,-0.00015788992452143118,0.0004946396165955951,-0.026425980382870015,-0.1528239720272576,9.751678426588256,0.009183040744835983,-0.0028419225730316722,-0.0041130298340348835,0.6206408086456661,-0.3848305606865435,-1.5329843864133161
22183,1.625,0.9999998676245886,-8.996514276215823e-05,-0.00014056604774732384,0.00048672195867213274,-0.006801568983505595,-0.10581149235895033,9.744543242605879,0.010589820232564462,0.005122050068454412,-0.009754521376025305,0.6257682722320842,-0.38214201420759203,-1.5327888103181
22184,1.633,0.999999857364991,-9.473825030513015e-05,-0.0001635507840003858,0.0004995455963294105,-0.02652297620253681,-0.1512405227134431,9.751702849902559,0.00868530307699693,-0.004570461756439186,-0.004896188942290652,0.6257512815325355,-0.39053265880158927,-1.539514121127097
22185,1.642,0.9999998554251001,-9.365611074357501e-05,-0.00015890434619558283,0.0005051016935947785,-0.02825278605811376,-0.11074762460576065,9.763325034059493,0.010134693013483145,0.002005221177435648,-0.006541269582108504,0.6135466662701949,-0.38783440600603614,-1.5385423976982138
22186,1.650,0.9999998529373787,-8.748759087398979e-05,-0.00016553559925244706,0.000508988318545468,-0.04984711382957393,-0.11635817693902066,9.7821002497659,0.011318311300793905,-0.0006187714276583848,-0.006982281189073215,0.6221145844627203,-0.39381767440450355,-1.5294507186096142
22187,1.658,0.9999998554632282,-8.486099802901858e-05,-0.00016754063287745946,0.000503787922355913,-0.017987133226709515,-0.15843332831963886,9.712361600514402,0.01045568942513304,0.0005228999792316986,-0.00915164916934162,0.6211296642039699,-0.38360672932036527,-1.5327576787303068
22188,1.667,0.9999998577376722,-8.023528313104028e-05,-0.0001622871267236399,0.0005017467720528087,-0.04148059465484022,-0.12431737855377145,9.742741269708207,0.010952833169757672,0.002252505252794055,-0.008367645874019202,0.6301648194927947,-0.38750292997115865,-1.531996377897148
22189,1.675,0.999999852470246,-9.1633216606397e-05,-0.00016203885925966503,0.0005103001547097119,-0.000502522067437385,-0.11473072753636963,9.792988870046747,0.007135951887348307,0.0009253935329940823,-0.005839409293942929,0.6225803510427996,-0.3846576211561603,-1.5383631611055897
22190,1.683,0.9999998550164745,-8.908548287263428e-05,-0.00016403270930409576,0.0005050980867532087,-0.04165339106823908,-0.12287402558613661,9.742758842307241,0.010455046714941116,0.0005236557886413449,-0.009150559523373923,0.6191440872893449,-0.39061354477327004,-1.5456004279480033
22191,1.692,0.9999998624922248,-9.03170925602668e-05,-0.00016141744269652033,0.0004907165814228239,0.007828552179575286,-0.12291468517159648,9.753630030073605,0.009592216550067234,0.0016649615736845918,-0.011320003954129992,0.621849961540084,-0.39001853691972704,-1.5375577760874084
22192,1.700,0.9999998600195157,-8.415364516158666e-05,-0.00016803898599605216,0.0004946129925024331,-0.02682557336429051,-0.1447496489483386,9.751800530250122,0.011317127908086354,-0.000616462801683362,-0.00697989489646863,0.6196538056167276,-0.3861061590745974,-1.537115755018166
22193,1.708,0.999999862301877,-7.961818915367983e-05,-0.0001627174403849823,0.0004925243195789547,-0.041823838420979496,-0.12031682148030398,9.742790027903604,0.010951323777974104,0.002254130571548673,-0.008366158118819344,0.6152711616829512,-0.39068295025990174,-1.5324049299279177
22194,1.717,0.9999998605517976,-8.04678296864305e-05,-0.00016563291646721172,0.0004949616663083929,-0.013900239624299371,-0.1268025586671804,9.772431100643333,0.009635260588595897,0.00027847133891623814,-0.007322129191902445,0.6274564129059259,-0.38615792609647304,-1.5410413868117114
22195,1.725,0.999999863009503,-7.798549998358839e-05,-0.00016751846309662408,0.0004897313565380272,-0.05040958867067225,-0.10894010266527498,9.78218279185533,0.010453769597016221,0.0005250656074713166,-0.009148684095386665,0.6138013478486157,-0.3894882378435286,-1.534370353579827
22196,1.733,0.999999862018427,-8.584842289239737e-05,-0.0001667289923684014,0.0004907082817940803,-0.018591063892231825,-0.1511848951917243,9.712475996926965,0.007953347523340403,0.0011731253586185842,-0.007664699354185243,0.6169738915030314,-0.3882741127939521,-1.5348827858098284
22197,1.742,0.9999998550594893,-8.102050367543073e-05,-0.0001671624328785207,0.0005053448318816961,-0.029008172179654713,-0.10094318035788004,9.763429109982166,0.010994333756964764,0.0008686863259566967,-0.004368189019748617,0.61966609129677,-0.38457673518447955,-1.5322527994612571
22198,1.750,0.9999998506862912,-0.00010343664111246688,-0.00017809954926240176,0.0005061707293061137,-0.014023899296596608,-0.12383762731407855,9.772468943724322,0.004459251927035532,-0.001638601549981369,-0.007746691610808529,0.6167275707998512,-0.3968312260405979,-1.535745402646146
22199,1.758,0.999999851709176,-8.886727490899935e-05,-0.00019472847248665166,0.0005007644708092795,-0.061508707245072,-0.16203734806338868,9.750051130939381,0.01331905811756304,-0.0029915045604205883,-0.00924371667033128,0.6216089625925898,-0.39171119402362625,-1.5363139192652298
22200,1.767,0.9999998505507008,-9.258733006340404e-05,-0.00017943319833300077,0.000508064847907351,-0.013885638037409987,-0.12220898746693325,9.772489645899286,0.008945835513011348,0.004633471546811082,-0.006098404383063735,0.6186717691729338,-0.3883323506935622,-1.5392812346575835
22201,1.775,0.9999998485783584,-9.136799289007435e-05,-0.00017505625116876324,0.0005136637604877007,-0.04875789240217381,-0.14413885967243326,9.770673598389116,0.010130499921856226,0.00201008142443851,-0.006537400300445369,0.6223275033250667,-0.38250584463114184,-1.5418093208618364
22202,1.783,0.9999998509357326,-8.675925704726363e-05,-0.00016978549646023757,0.0005116387679796879,-0.014315961592213933,-0.12057552489645867,9.772509316232883,0.0109487775751075,0.0022565865785214387,-0.008363718347180716,0.6145405106145968,-0.3882320520886781,-1.531703078623081
22203,1.792,0.9999998535004302,-8.44325716235875e-05,-0.00017179678716729434,0.000506316228154435,-0.014420536656305789,-0.11970516172859769,9.772519862033802,0.010451975594647682,0.0005268735872244776,-0.00914595448859645,0.6228498015938351,-0.38525732571899046,-1.5283452169475775
22204,1.800,0.9999998471044338,-8.6609792241025e-05,-0.00016837547847628316,0.0005195570724459425,-0.055592677930699365,-0.127857917883191,9.722297321758557,0.009311309008574832,0.001764783451731952,-0.004709997755843345,0.6232837431103415,-0.3835890908556092,-1.5498547537205114
22205,1.808,0.9999998455304024,-8.981938959692293e-05,-0.00017838042785438583,0.0005187022961045468,-0.02947106273177932,-0.09464095040921117,9.763490846645066,0.009136732647710883,-0.0014490726952261991,-0.008101235847151295,0.6169807409924211,-0.39019147645011015,-1.5321715999110037
22206,1.817,0.9999998445395115,-9.976264765121301e-05,-0.00018483801712508777,0.0005165300325361905,-0.012527328847672112,-0.1572231250931624,9.761005528927091,0.00745497435839398,-0.0005555798536999752,-0.008444786098170311,0.6208721032928045,-0.3880720543137639,-1.5380694291671835
22207,1.825,0.9999998416192889,-8.94666193310246e-05,-0.00017690460899237858,0.000526746504389543,-0.027572080250428878,-0.13291348290477042,9.751966953253577,0.012306844981382663,0.002848902316132011,-0.0054097466859398926,0.6174771118198514,-0.3923464884139959,-1.528970175351509
22208,1.833,0.9999998440010827,-8.486516158852069e-05,-0.00017162704357500796,0.0005247283803208433,-0.006234083796648323,-0.1254921685003962,9.733205271130227,0.010947078294875807,0.0022581873698143905,-0.008362044681773298,0.6228394396876685,-0.3889741159616664,-1.5324466984283842
22209,1.842,0.9999998423424277,-8.767090794616513e-05,-0.00018160383111602096,0.000524069633280283,-0.04275916325235784,-0.10765293676584489,9.742934125651058,0.009136159432262491,-0.0014482904765324351,-0.008099714115246693,0.617707397382352,-0.38387349657789804,-1.5344546370818015
22210,1.850,0.9999998412460974,-9.554571737559978e-05,-0.00018080587001139667,0.0005250600277100267,-0.034348460572473025,-0.1604430784599059,9.779831974757286,0.007950508206593841,0.0011752004361416006,-0.00766141973169692,0.6243022895976478,-0.3848337961254107,-1.5332377566748883
22211,1.858,0.9999998437476544,-9.11678258468493e-05,-0.00017536809544231209,0.0005229140705160986,-0.014850320953960001,-0.1134463479037051,9.772593879514169,0.010946190699139933,0.00225913587330571,-0.008361232127487774,0.6228232410684647,-0.3841758536629704,-1.538858485565834
22212,1.867,0.9999998470786063,-9.565358588934979e-05,-0.0001736427978678049,0.0005162764121365381,-0.06455162477689945,-0.11187872884655814,9.761732908590734,0.008768313026149287,0.0014217081980038948,-0.009487111177158643,0.6143031303449207,-0.38746410470475195,-1.5290268656478743
22213,1.875,0.9999998443036817,-8.758144568921823e-05,-0.0001729511604198427,0.0005232685722772973,-0.04967844891800454,-0.13454214756198538,9.770805820929763,0.011809097891408856,0.0011211061216978627,-0.006190010428301351,0.6230663190944326,-0.389308827435411,-1.5392793951696122
22214,1.883,0.999999848638236,-0.0001032210164421559,-0.00018203789212151717,0.0005088527616728347,-0.019648276479722185,-0.13711993837514924,9.712682664683708,0.006094456561483688,-0.0011465635338089998,-0.011394597154528376,0.6262511729506695,-0.38729763605210327,-1.5349191655570786
22215,1.892,0.9999998511362954,-9.86879093171327e-05,-0.0001764751799216823,0.000506798376831322,-0.013193435086253114,-0.1501413611739948,9.761116151512766,0.010944966037554932,0.002260593001739255,-0.00836004403578382,0.6255132436570483,-0.3885473509292193,-1.5370982037010081
22216,1.900,0.999999844715366,-0.00010087645532584623,-0.00017303722165346798,0.0005200493290977797,-0.03488470434140232,-0.1557963685772564,9.779905204837844,0.009308638979972975,0.0017686643450028777,-0.00470749021958941,0.6186895482611128,-0.385064973555404,-1.532243861442796
22217,1.908,0.9999998466105291,-9.144526672195944e-05,-0.00017850672282070302,0.0005162867723816437,-0.02837332005226716,-0.12495785891372878,9.752069839397272,0.012130451905853663,-0.00036193101291018357,-0.008796484721636025,0.6172459152598275,-0.3920344250123219,-1.5238463074551376
22218,1.917,0.9999998489839041,-8.685618637079247e-05,-0.00017321573867816838,0.0005142805457621298,-0.013464668833035709,-0.14750962035210693,9.761155906601365,0.010944112501767207,0.002261339125876357,-0.008359134762418508,0.6213909827496987,-0.38083082599199863,-1.5259585698551874
22219,1.925,0.9999998515545907,-8.433584872358574e-05,-0.00017493084190862355,0.0005090947473644193,-0.050080773024387695,-0.1296323020327578,9.770870140020762,0.010448272371105951,0.0005308438854111834,-0.009140276235572396,0.6147662628100415,-0.3917467838511658,-1.538981951606079
22220,1.933,0.9999998495296871,-8.313877209262816e-05,-0.00017056235109998502,0.0005147203435393352,-0.035196041662572466,-0.15228165052017964,9.779959448452725,0.01012560472197879,0.0020159608018993904,-0.0065325292120275175,0.6169829954150595,-0.383831435872624,-1.531279247427464
22221,1.942,0.9999998518080973,-7.861549372244633e-05,-0.00016541307634033756,0.0005126810916800269,0.007707911553247853,-0.13847193553625822,9.74241538202668,0.010943262558522291,0.0022622323088149067,-0.008358144426053867,0.6206385297012488,-0.3904582437076429,-1.533886445182482
22222,1.950,0.9999998416044913,-9.121124972795916e-05,-0.00015920007846879564,0.0005320966411023994,-0.05052654423536005,-0.12722308614278735,9.770899509979007,0.0068077416098571274,0.0024163078990812777,-0.0032251398593567174,0.6206236299458148,-0.3876064640149101,-1.5397841120787799
22223,1.958,0.9999998429054996,-7.675895648592814e-05,-0.00017573331379191996,0.0005267018526338606,-0.035513428092902886,-0.1498854673579179,9.779995320216788,0.013315589501807225,-0.0029828461942963125,-0.009229982106545142,0.6186793253116915,-0.39293178995093725,-1.5362903406383885
22224,1.967,0.9999998501561979,-7.373341348598004e-05,-0.00015856182070446973,0.0005187572793015732,-0.0420808448197734,-0.13524729207074232,9.731574567179834,0.010573731587310653,0.005131596705777476,-0.009747094803665512,0.62258483984851,-0.38976147597879585,-1.5365863882613509
22225,1.975,0.999999852691834,-7.112121614702262e-05,-0.0001604415987725652,0.0005136307787513586,-0.04424835288311875,-0.09463533642282194,9.743062615357221,0.010446996455858538,0.0005322199264803553,-0.00913793919654108,0.620641004819895,-0.3906894211376362,-1.532906736128308
22226,1.983,0.9999998461817289,-7.331889072835328e-05,-0.00015699080620106692,0.0005268915882030521,-0.05742717010459935,-0.15373355903021851,9.79881371701709,0.009306396073347436,0.001771794843332811,-0.004705119524317264,0.6137921867191042,-0.3922220804666212,-1.5379965399619855
22227,1.992,0.9999998451424795,-8.109379444047783e-05,-0.00015626183231971932,0.000527940388298046,-0.007928747311595721,-0.11013454796100842,9.733389927536685,0.00794715099716388,0.001178034645389239,-0.007656896628232208,0.6152703651203947,-0.38531556361860064,-1.5327202277622503
22228,2.000,0.9999998424776918,-7.495795025989105e-05,-0.00016283177877414774,0.0005318944534896357,-0.02947837629200397,-0.1158290378084295,9.752179259695922,0.011310446338671025,-0.0006043168860899046,-0.006965879663067111,0.6238172652392432,-0.38994412182578064,-1.531947987062777
22229,2.008,0.9999998470184333,-8.858115546640269e-05,-0.00016455253004962598,0.0005206140163682518,-0.036009313990982235,-0.1450476076694781,9.780066449771377,0.006587638278854115,0.0005841162243094749,-0.010608357307525343,0.6182034130392414,-0.39384355791544146,-1.5313937972153704
22230,2.017,0.9999998473293715,-6.791480737560626e-05,-0.00015936811074409728,0.0005247195612111031,-0.0445684133124601,-0.09077044462770668,9.743097933207922,0.014799160348836195,0.002214069886938945,-0.006883700263755727,0.621609669241958,-0.39439326962484317,-1.5360342111448595
22231,2.025,0.9999998518428775,-8.122357104943142e-05,-0.00016109840713092574,0.0005135798456335978,-0.029679861550792053,-0.11337017978442336,9.752207540624765,0.006587253765844681,0.0005841785908308542,-0.010607703965480258,0.6196411402443651,-0.3947182747819861,-1.5421290015537648
22232,2.033,0.9999998453116454,-8.342658223633041e-05,-0.00015763930295871093,0.0005268458413079744,-0.04933317068354703,-0.1589697978582694,9.759541517618983,0.009305080148378638,0.0017737466655219007,-0.004703859780822036,0.6162414964871779,-0.38900647035033875,-1.5348712291531696
22233,2.042,0.9999998489284792,-8.990662118245163e-05,-0.00016326554957312199,0.0005171113796592439,-0.006319845065233825,-0.1453080881711957,9.721988350077446,0.008268731834086095,-0.0003065027038040031,-0.010261447381794055,0.6186932977217499,-0.38651027603497373,-1.5307597384330955
22234,2.050,0.9999998477943377,-9.780142357213603e-05,-0.00016244953087479598,0.000518127718529403,-0.05137934279562816,-0.1178328440610948,9.771012817001672,0.007945673980487797,0.001179425934948209,-0.007655190254022642,0.6272378126351404,-0.3935929678522448,-1.530931617073834
22235,2.058,0.9999998508160514,-0.00010014715193907855,-0.00015311819661709939,0.0005146778025519572,-0.06457382668261123,-0.1334482596362042,9.750464512602015,0.009257514678847797,0.0031571016258539353,-0.008699880678860253,0.6189238611977415,-0.3863373365045906,-1.536134195592959
22236,2.067,0.9999998438792763,-9.740443653311368e-05,-0.0001605997739849222,0.0005262713282887285,-0.015101547307220227,-0.13331617383825908,9.761357679754024,0.010491608377665652,-0.0008471388529320534,-0.005137467204855394,0.6184419532159415,-0.3924079617524733,-1.5336108922346394
22237,2.075,0.9999998364413624,-9.259074883764419e-05,-0.0001608127934126798,0.0005410022617701749,-0.05163214463810321,-0.11546253872344815,9.771039783022923,0.01098588572250381,0.0008847676030088042,-0.004356878534393569,0.6230812515455717,-0.3931370838699926,-1.533368786559146
22238,2.083,0.9999998440094517,-9.165060757818896e-05,-0.000150886605952933,0.0005299193058505667,-0.049817339222717937,-0.1543814042422835,9.759612718713663,0.010074097133761586,0.0034032362643124005,-0.010524579284855212,0.6203935279014053,-0.38313790358264416,-1.5342270096548063
22239,2.092,0.9999998682310438,-4.764218206011701e-05,-0.00010863363817065962,0.0004994665659138385,0.019129366855362276,-0.1081261481533093,9.763156774818931,0.006310112068664928,0.0006885444452379824,-0.004003385517007094,0.6130782692668714,-0.3921250173006043,-1.530671137398711
22240,2.100,0.9999998700068348,-4.3034165592696214e-05,-0.00010328490984800362,0.000497460151157937,-0.04356375772796604,-0.12309505874871778,9.7317293418405,0.010938141622312894,0.002267603254197039,-0.008352625278479662,0.6272428319555569,-0.3776961018473968,-1.5289448542713928
22241,2.108,0.9999998680236806,-3.9092865556877946e-05,-0.00011688782330085821,0.0004987600687615598,-0.028543969665872086,-0.14566453315223318,9.740862006460196,0.010813951077049102,-0.0023317779173081827,-0.007740980875024255,0.6208861083985675,-0.3826270171396492,-1.5325258852477226
22242,2.117,0.9999998672868383,-4.6950302191416316e-05,-0.00011603556481523165,0.0004997576635955769,-0.015469624296007211,-0.12857580478013633,9.761420692626816,0.007944171770685184,0.0011805378974753763,-0.007653275356216475,0.6120817781513731,-0.386369690893263,-1.5385581095274001
22243,2.125,0.9999998699992938,-4.672486223551429e-05,-0.00012533345628668044,0.0004920464484333689,-0.0389836798737696,-0.09454605639289017,9.79163690655526,0.009948929914562034,-0.0011954300568838032,-0.009911713776386928,0.6167254590256727,-0.3890291184224093,-1.5365812915787147
22244,2.133,0.9999998718436983,-4.2122434781427686e-05,-0.00011997929916056951,0.0004900441359126108,-0.028509371561603967,-0.14333535815920814,9.740896659694,0.010936807855496621,0.002268906570960222,-0.00835163656527601,0.616727162103541,-0.38462526676748804,-1.5359071740732468
22245,2.142,0.9999998702235341,-4.022292140028088e-05,-0.00014114112622102968,0.00048786700483182397,-0.015411750421619326,-0.12613742550803955,9.761452599176225,0.010319282282994913,-0.004062488208898131,-0.008519049701431927,0.6264895377832049,-0.3990477113429611,-1.5372056658414863
22246,2.150,0.9999998716102309,-3.356142220725329e-05,-0.00012852373098795128,0.0004890141137854771,-0.028414536842116502,-0.14159379798916574,9.740922408392931,0.011430026422671494,0.004001641926540822,-0.007571521524505752,0.6152627153767342,-0.3963429876696735,-1.5357481727611642
22247,2.158,0.9999998706697389,-3.11275860105004e-05,-0.0001494631682171743,0.0004851312610354244,-0.006875577384182655,-0.1342399432742831,9.722147101043015,0.01031903991317481,-0.004061986661079818,-0.008517992546635794,0.6135761715197198,-0.38474967471486266,-1.5268635393331311
22248,2.167,0.9999998770126942,-2.8097175037277565e-05,-0.00013223539780960142,0.00047717810583966345,-0.03695098143514593,-0.129995106958406,9.78027459684353,0.010564257052300555,0.005137501366594791,-0.009742807514263489,0.6269860839548004,-0.388017051853021,-1.533934836016853
22249,2.175,0.9999998738018331,-1.9975929825444262e-05,-0.0001312968517526583,0.0004845187477907611,0.00786763730539629,-0.15592286949372774,9.731308958139616,0.011800162766055212,0.0011354443527998401,-0.00617850246001523,0.6221007873968266,-0.3870535168666411,-1.534911915549768
22250,2.183,0.9999998722034047,-2.0827613045291583e-05,-0.0001341209451408857,0.0004870020088237816,-0.0437542906105493,-0.11466156804165391,9.731831505268564,0.0096242640655632,0.0002926848223678146,-0.007304427166442088,0.6196434764062657,-0.39079942605912205,-1.5412042947848048
22251,2.192,0.9999998699026366,-1.6798381927347798e-05,-0.0001478346394863518,0.0004879113072819455,-0.007113989830888903,-0.13079410842011324,9.72219389757223,0.010812343987758932,-0.0023286418141986627,-0.007736528348039618,0.6216248342547455,-0.38674468890383434,-1.5300315492694605
22252,2.200,0.9999998721537872,-1.4267361885348103e-05,-0.00014973259822843665,0.0004827722041805756,-0.015550860096146086,-0.12004940798131057,9.761529148673167,0.010440580555000613,0.0005387929362198846,-0.009128746964919936,0.6221131139465002,-0.3867446889038343,-1.5300327828501488
22253,2.208,0.9999998750318728,-1.6771319193157907e-05,-0.00014041080915401586,0.0004795203501478997,-0.028697662890400058,-0.13560836292667394,9.741006741807901,0.009251882372447761,0.003160570917573051,-0.008696279110291855,0.6118388881257082,-0.3868514583864529,-1.538062785067156
22254,2.217,0.9999998772526854,-1.4242125866515253e-05,-0.0001423060798699289,0.00047438460796018876,-0.000804490962052814,-0.14187473495399108,9.770696592508878,0.010440156981407047,0.0005394147947659974,-0.009127922970395375,0.6203985925736644,-0.3870179270391015,-1.5322222955468694
22255,2.225,0.9999998797371432,-1.3906832356839102e-05,-0.00015160406620716573,0.00046620650582859054,-0.03732250789610611,-0.12409398541167199,9.780349839642524,0.009946476324325998,-0.001192841091766109,-0.009906572901543169,0.6189351341014316,-0.3914056014996867,-1.5316721202782315
22256,2.233,0.9999998761157397,-3.0116443797653294e-05,-0.00014072168368445815,0.0004765069913740801,-0.03537934782152807,-0.16323686448901834,9.768981204682008,0.005935488683271199,0.0035588921582991886,-0.005393535703169792,0.6177299023201012,-0.3927894306407791,-1.5255466635950565
22257,2.242,0.999999878352278,-2.5320634101867837e-05,-0.0001352308458642613,0.00047367384687969536,-0.029117209601409146,-0.13266033440611769,9.74104609206632,0.010932790204739792,0.0022729340680201658,-0.008347987054384163,0.6152531455509123,-0.38687087101965634,-1.5395361305704238
22258,2.250,0.9999998805722164,-2.2794979602569048e-05,-0.00013712147457870539,0.0004685441742087124,-0.03774739080374526,-0.12189569253568985,9.780375854329126,0.010439302367792367,0.000540534632715129,-0.009126462483473237,0.6209010245018542,-0.38596703520330644,-1.5266217474943407
22259,2.258,0.9999998799060474,-3.080425668123047e-05,-0.0001362478451302388,0.0004697611233318525,-0.014245390262469688,-0.15446725500348413,9.750225557775874,0.007940377766272997,0.0011837015985843792,-0.007649040502456044,0.6155243400494471,-0.3842873198548762,-1.5288278917642337
22260,2.267,0.9999998826418255,-3.323578501475315e-05,-0.00012719390912991856,0.0004662975739405576,-0.03797804304563307,-0.12045137976986905,9.780392855240223,0.009249868361724131,0.0031622960255931775,-0.00869457228657418,0.617732904261739,-0.390332061591821,-1.5243584258484366
22261,2.275,0.9999998862923967,-3.979204529916327e-05,-0.00013259756006931336,0.00045634381071406354,-0.02955585290506312,-0.12964685234577433,9.741085342950207,0.008263602371073563,-0.00030313920815746805,-0.01025156270805921,0.6230686961259642,-0.3866105746398579,-1.538338511257942
22262,2.283,0.9999998781722998,-2.5892985029986464e-05,-0.00012915839530442267,0.00047571319845315046,-0.029606913867897017,-0.12877915802528717,9.74109670066338,0.013155436960819972,0.0017401158267982113,-0.0032237061946105905,0.6150110112181728,-0.39149942922683634,-1.5387416854185572
22263,2.292,0.9999998784145853,-3.795359738965705e-05,-0.00014287381117628273,0.00047044384665047826,-0.02957829699549793,-0.12796449993081283,9.741107520025315,0.006953827028933329,-0.002281574123078423,-0.009205017475709893,0.6182117776061963,-0.38574232865104763,-1.5280829086675443
22264,2.300,0.9999998742636841,-5.417074000738104e-05,-0.0001319863189878099,0.0004807470835077867,-0.00810009569050718,-0.1209713331304946,9.722320308106863,0.005933658814666974,0.0035600737809817406,-0.005392843038062197,0.6186772217114391,-0.38537380151821077,-1.5371229941424152
22265,2.308,0.9999998790353831,-3.9365492691132975e-05,-0.00012931642542584297,0.00047292371417371803,-0.029825137441849836,-0.12665920599352248,9.741123830577076,0.013429192855013941,0.0016329724783037951,-0.009822145615103427,0.6121130845658808,-0.38181053817271465,-1.5261663085143455
22266,2.317,0.9999998783224572,-4.7244227909666004e-05,-0.00012844539650710363,0.0004739460245059194,-0.010428991721507356,-0.1228885797461911,9.810135419756094,0.007939056734795322,0.0011849394933797605,-0.007647278984778881,0.6238079896747648,-0.3892602958524026,-1.535619469444524
22267,2.325,0.9999998843177441,-4.148980217636525e-05,-0.00012935166323900366,0.0004614230615696687,-0.03853571480342469,-0.11509577287508797,9.780455165730169,0.011253747742125404,0.0007884429249301255,-0.010947508643758465,0.6230858911736681,-0.3843229096824157,-1.5315323147353945
22268,2.333,0.9999998869332857,-4.393116115949796e-05,-0.00012028999804546768,0.00045796701365936426,-0.015100335023674652,-0.14758827268153002,9.750330824640207,0.009247512547767225,0.003164141024355889,-0.008692729159775264,0.6199140623425468,-0.38846322951867135,-1.5307369389564804
22269,2.342,0.9999998885890321,-3.9461777671860096e-05,-0.00011466746284920261,0.00045619739649739463,-0.07340593004333927,-0.13631475241836605,9.778754141001789,0.010929434568457285,0.002276859506797229,-0.008344275883824963,0.6182087593167058,-0.38771145932908135,-1.5292776172712483
22270,2.350,0.9999998887155696,-5.931643934579802e-05,-9.917706198575407e-05,0.00045739951749291483,0.005937152501141478,-0.13964873729503574,9.731557470864896,0.005066346061697333,0.00469406217675096,-0.00756442139832169,0.624316335573042,-0.38060935487860703,-1.527678035612717
22271,2.358,0.9999998951542399,-6.061474121290979e-05,-9.61825033709165e-05,0.0004435834627762333,-0.050333280342313706,-0.16840338970106544,9.748642765725904,0.009570796489791375,0.0016771411913293543,-0.011293841590306572,0.614054203740275,-0.39188413355400936,-1.530920958395038
22272,2.367,0.9999998930835975,-5.4468921374262504e-05,-0.00010265339256924314,0.0004475803963822912,-0.03092169135222675,-0.1212872107905654,9.74118877795281,0.011302434304750395,-0.000588161882457924,-0.006948777435929147,0.6216291841037099,-0.3876985175736124,-1.528309778710436
22273,2.375,0.9999998912480692,-5.318583245989294e-05,-9.812415343463103e-05,0.0004528209003791745,-0.017996038614535883,-0.1040110453295288,9.761709012943475,0.010112194818859803,0.0020327537443505937,-0.006518951425690851,0.6230780534297048,-0.38973559246785805,-1.5346346745907748
22274,2.383,0.9999998934916267,-5.067426685032891e-05,-9.999599598199674e-05,0.00044771604253395636,-0.03107035155758005,-0.11958776763415571,9.74120931582656,0.010435997160132784,0.000544992719034217,-0.009120429162782294,0.6179570388102922,-0.38237966251531974,-1.5322776007857253
22275,2.392,0.9999998961140201,-5.0364732816152264e-05,-0.00010901293493648902,0.00043971754924021516,-0.02451873691815071,-0.13220898575968346,9.789713523320236,0.009943621487693581,-0.001188236495338367,-0.009897814704496438,0.6143198557871161,-0.3895738205244965,-1.5224065498179782
22276,2.400,0.9999998977686068,-4.580116298533043e-05,-0.00010361527616146498,0.0004377543877941213,-0.016007120204769267,-0.14130431491126294,9.750422472236606,0.010927422163285478,0.0022792551215808717,-0.008342093142932718,0.6196658260394168,-0.39507709559822135,-1.5323577944403584
22277,2.408,0.9999998961403356,-4.436493430655743e-05,-9.90779997579945e-05,0.00044264502767435074,-0.031237884754999095,-0.11706629513960541,9.74123940837045,0.01011109321680893,0.0020340968652473386,-0.006517915545445209,0.6204328318466856,-0.3963606261344296,-1.5186696014812875
22278,2.417,0.9999999005017783,-2.9407522224114e-05,-9.642689072963765e-05,0.00043454975022956456,-0.037832830068245914,-0.14596683946457273,9.769245323084622,0.013425203164481656,0.0016385197051382082,-0.00981639961416842,0.6184628895503562,-0.39132148008913864,-1.5253238081309333
22279,2.425,0.9999999051005418,-4.259374166224466e-05,-9.790867819290423e-05,0.00042237255056373643,-0.037911002724367454,-0.1451558127719134,9.7692571003753,0.006578342872376498,0.0005858416537002894,-0.01059362401295097,0.6218651347267973,-0.3826140753841803,-1.5315518787834674
22280,2.433,0.999999904380244,-5.048399090179294e-05,-9.702440360488265e-05,0.00042341130743323035,-0.016453406668264583,-0.13809575924345954,9.750467698432466,0.00793623453264203,0.0011879135644976078,-0.007643359965710704,0.6223533326792902,-0.38017288352955836,-1.531585466649576
22281,2.442,0.9999999008524088,-4.0613711994494476e-05,-8.871087476260974e-05,0.00043448369308113236,-0.023129569121102114,-0.12385626609967458,9.701977823986956,0.01228407124052252,0.00288293739561042,-0.005390514246528312,0.6208962540909384,-0.3908753024234882,-1.528509986174765
22282,2.450,0.9999999035607501,-4.016284913067677e-05,-9.784111784488773e-05,0.00042625409293535943,-0.0037061193584908125,-0.11994068592392113,9.77098979030499,0.009942500439813587,-0.0011867144882643937,-0.009894649724426299,0.6160023559221498,-0.3909335403230984,-1.5328917816832248
22283,2.458,0.9999999024742202,-4.587570107437229e-05,-8.963337725838722e-05,0.0004300149153700757,-0.025286589871827303,-0.12566446139080628,9.789797764648135,0.008427199306076499,0.002922334370493678,-0.0068654244146369395,0.616243783605521,-0.3836229065147014,-1.533965934955462
22284,2.467,0.9999999086663136,-4.7008248685359606e-05,-8.690074881897204e-05,0.0004158194910782751,-0.053502288960096844,-0.11799829404511286,9.760100906354042,0.009567191384692475,0.0016793500133385787,-0.011289393771547435,0.6172199796445633,-0.3911938367028967,-1.5341122222384445
22285,2.475,0.9999999123500967,-6.068353192760501e-05,-8.879697529148068e-05,0.0004046386102296689,-0.0019119831547865203,-0.15761356590039524,9.759731983122812,0.006577285231019972,0.0005863091355437157,-0.010591801307486975,0.6184523559917392,-0.38991176743710837,-1.5294932336111224
22286,2.483,0.9999999030319542,-5.925683086708052e-05,-8.982179082199866e-05,0.0004270325001260289,-0.03211064689938438,-0.11019673906957042,9.74131670350289,0.0101596296967653,0.0006605242993931078,-0.002519266030883153,0.6157766936398934,-0.39010411960069497,-1.5255773189862647
22287,2.492,0.9999999081283336,-5.6168576815672214e-05,-7.249425349841701e-05,0.000418727833383698,-0.008702510521675606,-0.1426974462047736,9.71124846361696,0.010549060653399013,0.005148207522240858,-0.009734525248864496,0.612103102352034,-0.3784446365981195,-1.5301174990164628
22288,2.500,0.9999999074375465,-5.413747966980219e-05,-9.34782151452051e-05,0.0004164803171256058,-0.0388131896291702,-0.13834967195401507,9.769352317131494,0.010317088188165449,-0.004050586281745166,-0.00849606167069315,0.6236006251297528,-0.38223083232742716,-1.5210623402688725
22289,2.508,0.999999905282675,-5.3309525628385754e-05,-8.885445246517027e-05,0.00042272641467280397,-0.017206124262444125,-0.13104927715713602,9.750563652975806,0.01010802491237562,0.0020381070656276656,-0.006514791040031972,0.6169755128416377,-0.38142906928440884,-1.534241022589781
22290,2.517,0.9999999107830867,-4.7433704793328935e-05,-8.978487943767202e-05,0.00041002748357862954,-0.03882798956730723,-0.13665418465532214,9.769376122058882,0.01124796196365285,0.0007947808323940465,-0.01093786724433422,0.6138116280155202,-0.3833302557462307,-1.5303012263844404
22291,2.525,0.9999999098231651,-5.564297427039475e-05,-8.902618837773745e-05,0.0004114995248891615,-0.025944884675194898,-0.11942098693821702,9.789874193459045,0.007934002482426324,0.0011899702647256876,-0.007640521318866883,0.6218682756251807,-0.38430673248807956,-1.530308638751633
22292,2.533,0.9999999118689334,-5.314884495235873e-05,-9.087646437875153e-05,0.0004064219406996688,-0.03895960333048043,-0.13513149835776667,9.769396778250462,0.010431832932272874,0.0005500930239260904,-0.00911381801147078,0.6125848349896692,-0.38555968280406283,-1.5327102076399215
22293,2.542,0.9999999138031557,-5.0819197146575916e-05,-9.274103058301369e-05,0.000401509890129525,-0.017478966118552174,-0.1278136823278743,9.750606117798432,0.010431561907770906,0.0005504021013816399,-0.009113452977261766,0.6196678025485645,-0.3804170027150205,-1.5315754465272473
22294,2.550,0.9999999144520232,-3.429670162913721e-05,-0.00010192044892010087,0.0003994144525347158,-0.017442471357401453,-0.12683064487711213,9.75061902186194,0.013796192751680949,-0.00121972103073311,-0.008413392694937048,0.6167402688679184,-0.38919558707505797,-1.5307192143963793
22295,2.558,0.9999999137492654,-4.236108291998209e-05,-0.00010097885940441063,0.00040063732989651545,-0.025998622981458056,-0.115953567374561,9.789915733791014,0.007933018924472766,0.0011907142878237323,-0.007639555531865004,0.621364989916951,-0.3782814033843381,-1.5362471326382883
22296,2.567,0.99999990978501,-5.8610369261137444e-05,-9.006834047809169e-05,0.0004109531486379113,-0.015472892034582167,-0.1652053083794377,9.739390073907586,0.005925703184089256,0.003565240131630192,-0.005389899688170141,0.6189130133382142,-0.3939632691535289,-1.5404280286235017
22297,2.575,0.9999999105206646,-4.226728134124485e-05,-9.924335412588614e-05,0.0004090512156660143,-0.03922146916211731,-0.13105739102570207,9.769451236679103,0.01379563956836167,-0.001218561099318117,-0.008411990245037821,0.6191753283124429,-0.38410143856902407,-1.5332345103632847
22298,2.583,0.9999999086660584,-4.1109004397062286e-05,-9.473857604725158e-05,0.0004147318736609995,-0.0026369008431839547,-0.14696341093138202,9.759897996970233,0.010105606083457307,0.0020409823585350257,-0.006512563789739068,0.6248082829861719,-0.3796134655035548,-1.5262275004691255
22299,2.592,0.9999999064402303,-3.5257225321999616e-05,-0.00010090399160364378,0.0004191596871838839,-0.017785612385357696,-0.12274818386239149,9.750670647805174,0.011297296766511462,-0.0005782877391029748,-0.006938185121666766,0.6194247535265871,-0.39457268003296075,-1.5311430564750577
22300,2.600,0.9999999050532918,-3.614964523655732e-05,-0.00010366859222897282,0.0004217101303445302,-0.02418157728040061,-0.1517122643607949,9.778729110103475,0.009614563145192523,0.00030667983959340307,-0.007288117950428838,0.6194220985815645,-0.38897088052279916,-1.5321939449571564
22301,2.608,0.9999999025260233,-2.780336714942397e-05,-0.00010273013124501539,0.00042851071979512634,-0.03933282837459196,-0.1274999742095315,9.769497862525645,0.011787334358631989,0.0011571425697896997,-0.006161566086313255,0.6155053274889082,-0.38756116787076883,-1.5363535017918373
22302,2.617,0.9999999061026148,-3.935065927868324e-05,-9.724555454498278e-05,0.0004204635413299692,-0.011423981832759753,-0.13359147172518523,9.799226838538441,0.007064392577111636,0.00232126612780993,-0.009811205536798887,0.6148006202097441,-0.3861949771944325,-1.525382500275152
22303,2.625,0.9999999054113429,-4.731179278206088e-05,-9.644523125091168e-05,0.00042147030380665834,-0.05470285013415774,-0.10278943563652101,9.760266272418432,0.00793150264497331,0.0011918891362975872,-0.007637620121545575,0.6179496461500584,-0.38266260696718873,-1.53520378623408
22304,2.633,0.9999999054878974,-2.875051565616306e-05,-9.833525100016469e-05,0.0004225254816239495,-0.024556944475222667,-0.14856226247432544,9.7787765411119,0.014284377233350779,0.0005192184712940141,-0.0076328579878464095,0.6155127528448466,-0.38825470016074864,-1.5334143746293145
22305,2.642,0.9999998977859913,-4.357169226074382e-05,-9.936092032418913e-05,0.0004389270119724392,-0.031129990159419547,-0.13441253319820626,9.730260161615416,0.0063007833195585315,0.0007018884988171996,-0.003991546470646976,0.6272386946286735,-0.3830893719996358,-1.5305825036883247
22306,2.650,0.9999999000324533,-4.6059948756836915e-05,-9.02641256575359e-05,0.000435506546678304,-0.018344301878511646,-0.1172912952380973,9.750736779695458,0.00923627086162613,0.0031724168400187568,-0.008684094117824068,0.6177166729468304,-0.3845573225512762,-1.5307831547000545
22307,2.658,0.9999999014722363,-4.1715863903577076e-05,-8.455961146351616e-05,0.0004337798709536928,-0.061581724259084404,-0.12940999592093033,9.788360404942072,0.010918576065765004,0.002288593960983851,-0.008333039020230523,0.617723983867802,-0.3818331862447852,-1.5278893235371203
22308,2.667,0.9999998994063258,-4.0567591359315255e-05,-8.004291515162667e-05,0.000439470977620254,-0.0036173486058992477,-0.13895071901557857,9.760015047176934,0.010103231257116395,0.0020437907621098,-0.00651000898197142,0.6189467376538845,-0.38792645956473853,-1.5270791665560666
22309,2.675,0.9999998950567793,-4.698277353925901e-05,-9.087226706390672e-05,0.00044656609887881607,-0.061758818814685514,-0.12780882198478646,9.788380325553288,0.008307975907726937,-0.0016714992648398175,-0.00623797253932779,0.6186987420863291,-0.38330760767416017,-1.5286047333464692
22310,2.683,0.9999998958788073,-4.041383394059771e-05,-7.815843442327146e-05,0.00044777266100905845,-0.016643498528792836,-0.1539035021617123,9.739573295367205,0.01140771407010471,0.004024604164113283,-0.007556868060660632,0.6208987455574371,-0.3915947182244059,-1.5275238062635066
22312,2.700,0.9999998977635254,-5.7823034319202365e-05,-6.431225981910523e-05,0.0004438393502451996,-0.01809726200003965,-0.13289862907853006,9.745187928326304,0.007741164908921027,0.002625156888982805,-0.008334586061942961,0.6174900224100002,-0.3910579482704731,-1.5238598659596498
22313,2.708,0.9999998993805538,-5.3075726566088214e-05,-5.872513466189705e-05,0.0004415577063245822,-0.019484764293467544,-0.11191274932116439,9.750797782993672,0.010917124463516463,0.0022903416204899532,-0.008331101991458595,0.6191835338830854,-0.3896741191293806,-1.5299865562235133
22314,2.717,0.999999897163777,-5.193270636772177e-05,-5.420064048782879e-05,0.00044725576588149296,-0.04116532236227674,-0.11752710583250069,9.769615375103958,0.010101920292154544,0.0020456002231723914,-0.006508304273399442,0.6099116395825431,-0.3857390932121804,-1.5278178193894314
22315,2.725,0.9999998994756575,-4.944833983250655e-05,-5.6124288078853077e-05,0.00044210134698001615,-0.017556926699169837,-0.150060541157241,9.739631658235508,0.010427013881227565,0.0005553535483407551,-0.009105501878991736,0.618477074482496,-0.39124706499519235,-1.519709084783548
22316,2.733,0.9999999017069846,-4.6975580435652345e-05,-5.795073153667588e-05,0.00043705952507529705,-0.004668914850660124,-0.13269757644319613,9.760101621639471,0.01042674385410819,0.0005556622965823861,-0.009105138433009894,0.6265027463264115,-0.3882352875275453,-1.531977419756358
22317,2.742,0.9999999004939452,-4.77476727036542e-05,-6.035730263742761e-05,0.0004394192254928985,-0.05424792174746749,-0.13155609196964407,9.749188636578843,0.009611644491248798,0.00031095373219668766,-0.0072824592351205366,0.6225927593317354,-0.3867899850479755,-1.5334516741205502
22318,2.750,0.9999999047510543,-3.284107650269581e-05,-5.7641757253806826e-05,0.0004313893527433323,-0.01768486670366044,-0.14747046492241875,9.739670990203914,0.013413085524166745,0.0016537487348938504,-0.009800367435547522,0.6184422920386303,-0.3841046740078913,-1.5334767783986598
22319,2.758,0.999999907108875,-4.2511189170762436e-05,-4.478208949019809e-05,0.0004265789548918508,-0.004987721132391258,-0.13009484842902896,9.760136502287368,0.007549983496785479,0.004058223698501945,-0.009032419067569257,0.6167420945546798,-0.38845352320206966,-1.529996565462781
22320,2.767,0.9999998982579421,-4.315232262529788e-05,-5.3022980894570004e-05,0.0004458817628603406,-0.026612777925775766,-0.13586138253936333,9.778955865259432,0.009664272518137411,-0.0010610292296036757,-0.0032852664307388537,0.6235602720207005,-0.3929414962675389,-1.5370350316644976
22322,2.783,0.9999998973536708,-3.742144733542076e-05,-4.296009289524847e-05,0.0004494960664129718,-0.036460111166893655,-0.13625929939517287,9.744473571612687,0.010507387174575724,0.002170309417823784,-0.007417437889534621,0.616986875658516,-0.38918264531958907,-1.5297433575610913
22323,2.792,0.999999899675637,-3.4901130274837796e-05,-4.478278604088803e-05,0.0004443254765083738,-0.03983512754258894,-0.1498709591578344,9.758541559849714,0.010425252629481728,0.0005572526001087903,-0.009102532622223799,0.6174675583418822,-0.3833626101349031,-1.5327516623036848
22324,2.800,0.999999899877118,-4.486942807551337e-05,-5.114384116478245e-05,0.00044228587598929206,-0.024693195840625282,-0.17244956148538018,9.767845314641068,0.007438620269964036,-0.0005407393285814771,-0.008406516593403485,0.6184713685522781,-0.38663791942121567,-1.521967623583519
22325,2.808,0.9999998933932099,-4.020345048232056e-05,-5.10908756221007e-05,0.0004571509305357082,-0.018323922493656723,-0.14193613122721796,9.739752030983816,0.010967240279165973,0.000921593207935092,-0.004331463816951458,0.615032886763604,-0.3816181860091281,-1.5300828399295476
22326,2.817,0.9999998988641535,-3.933998652490563e-05,-4.105620637954156e-05,0.0004461372392066873,-0.05513411437845967,-0.12425052076903477,9.749279509884168,0.01004534756001664,0.0034212724647464604,-0.010501362895087792,0.609894922314274,-0.383873496577898,-1.534434899790785
22327,2.825,0.9999998927782797,-4.184284179395554e-05,-3.7692045011585175e-05,0.00045964324763807365,-0.0402031006978951,-0.14676589370893967,9.758587243532212,0.00928412928993457,0.0018046842018921224,-0.004682941240831464,0.6196747174293635,-0.3842873198548762,-1.5288383772000862
22328,2.833,0.9999998919476746,-4.977188195029613e-05,-3.677457345963176e-05,0.0004607331434318242,-0.018809190653624814,-0.13960376319137138,9.739784814299442,0.007926977509474195,0.0011957895953195218,-0.007631089443629822,0.6152665584422741,-0.38216142684079546,-1.534226998771745
22329,2.842,0.9999998862500478,-4.726477339521002e-05,-4.408449150814108e-05,0.0004725700900368547,-0.012281950070217257,-0.1520659295504182,9.788352195002812,0.01047775088474654,-0.0008131895332964217,-0.005104398960355167,0.6242967553198802,-0.3853511534461401,-1.5354283514754767
22330,2.850,0.9999998886421533,-4.4804444747696374e-05,-4.589777781380694e-05,0.00046754853936387434,-0.005894066287722458,-0.12145806342826315,9.76024729753603,0.010423768613277443,0.0005587403936286939,-0.009100227799473767,0.615036856920249,-0.3896547064961773,-1.5285113603492129
22331,2.858,0.9999998920014288,-4.4420723348324006e-05,-5.48932095278691e-05,0.00045935897224161685,-0.04026995767104279,-0.14364982924679445,9.75863333513008,0.009934839165985108,-0.0011772459343883724,-0.009873854143294173,0.6182050425517737,-0.38724263359136035,-1.5307487985667807
22332,2.867,0.9999998906120957,-4.53368554506219e-05,-5.7624227201119466e-05,0.00046195217754253196,-0.033860761714622135,-0.11310563103521591,9.730522042089785,0.009608795310309469,0.00031460405130988924,-0.007277784728134944,0.6204234500211667,-0.3925032507500429,-1.5223831444340805
22333,2.875,0.9999998930161387,-4.275185255668732e-05,-5.9254493341738344e-05,0.00045675912222504394,-0.04025046999238698,-0.14204627543855872,9.758656888751249,0.010422921988853907,0.0005596308168659323,-0.009099269547047978,0.6238344030694635,-0.38594762257010307,-1.5251644385400238
22334,2.883,0.9999998920507494,-2.218284141156574e-05,-5.3807261332658016e-05,0.0004609893595899604,-0.005950246584576916,-0.11799800952249273,9.76028971072987,0.014765131795679638,0.0022694535804702273,-0.006846147902104865,0.622096139594804,-0.39562357186875585,-1.5367516228020617
22335,2.892,0.9999998894011722,-4.243555036858297e-05,-5.717137008508276e-05,0.0004648960121174932,-0.049051413355926575,-0.1301227188438083,9.797931069822269,0.0049399256993535425,9.724426417971232e-05,-0.006934142961135984,0.6182179449679961,-0.38570997426237535,-1.5256417246034637
22336,2.900,0.9999998832173066,-4.468912865335932e-05,-5.353975591593748e-05,0.00047822771760420426,-0.019009260325157377,-0.13318675149406123,9.739874289554121,0.009282128046060678,0.001807371980408905,-0.004681270794680688,0.6167364131462407,-0.38457673518447955,-1.5322453979771258
22337,2.908,0.999999881760027,-4.572385056431981e-05,-5.622468139979477e-05,0.00048086177509153015,-0.01908880425661132,-0.13242109160961996,9.73988457389497,0.009607883212347486,0.0003156805889269276,-0.007276275542020283,0.6177339906034274,-0.3859314453757669,-1.5239284267493767
22338,2.917,0.9999998796604251,-3.9627394364697675e-05,-6.25991718603163e-05,0.00048496406929790384,-0.027680217817534658,-0.12146347900210717,9.779142335449771,0.011290464195215438,-0.0005654543902938393,-0.006923123512891106,0.611876615293728,-0.38982764602656034,-1.523129501705218
22339,2.925,0.9999998782319311,-4.048330734637856e-05,-6.530319084028713e-05,0.00048747586426551415,-0.0405576882859733,-0.13718878272304552,9.75872511242735,0.009607430287026247,0.00031610454111607257,-0.0072757390773005885,0.6155255898696594,-0.38476908734806603,-1.5283331840943335
22340,2.933,0.9999998776567998,-4.344397024978809e-05,-7.530631069739204e-05,0.0004869578697952273,-0.018999842777298492,-0.12996837534389186,9.739917785297576,0.00911905774300206,-0.0014203794400198656,-0.008048814076550583,0.6145534865961554,-0.38889646542885287,-1.5265668858028858
22341,2.942,0.9999998798428575,-4.600048080398587e-05,-6.621877600098069e-05,0.00048354244921535995,-0.01906218748365085,-0.1292251860907956,9.73992755241006,0.009226333088729386,0.0031791428554114676,-0.00867654173280745,0.6186959363189201,-0.39162383717421106,-1.529715320808081
22342,2.950,0.9999998785460456,-4.194503138855634e-05,-7.986736651949357e-05,0.000484530403884448,-0.0557490593124205,-0.11160351179105335,9.749428989888267,0.01080161587263134,-0.002300884550450261,-0.007694939051373195,0.6106262555102179,-0.38827411279395213,-1.5348667492608776
22343,2.958,0.9999998722206589,-4.414862136107044e-05,-7.636771418838158e-05,0.0004977725761233274,-0.025407934077359542,-0.15733085607341837,9.768098696931837,0.009280539613293802,0.0018093974672784975,-0.004680079622974836,0.6199074498970172,-0.39362532224091706,-1.5333542974275869
22344,2.967,0.999999867468878,-5.0484117103095714e-05,-8.728760549326695e-05,0.0005048707304379726,-0.019062604009930362,-0.12688689482618407,9.739958293681998,0.008304478341690435,-0.0016642281367156469,-0.006226020925891361,0.6157551405692987,-0.3911938367028967,-1.5341085214963788
22346,2.983,0.9999998731961225,-5.246656260287934e-05,-8.725097761938962e-05,0.0004931959713253566,-0.028677933599484288,-0.14893317756566768,9.743840657631539,0.009578562670013663,0.0010025954237428897,-0.009272084102268298,0.6169849437107141,-0.38675115978156877,-1.5305080670657356
22347,2.992,0.9999998756183296,-5.0094945235701944e-05,-8.903688422871155e-05,0.0004881867012212586,0.008896394237646318,-0.1312447233062671,9.769743036283648,0.010419620070577321,0.000562740097867362,-0.009094863877698972,0.6233227282725,-0.38729116517436873,-1.5344235272601312
22348,3.000,0.9999998779054057,-5.2633811818263156e-05,-7.990558183763204e-05,0.0004848030048826163,-0.0622989337787817,-0.13670229966718347,9.777640805144914,0.00922418186553375,0.0031806068592285,-0.008675204407050573,0.6184583026575314,-0.38328819504095674,-1.5271394061176764
22349,3.008,0.9999998771504807,-5.075645499099145e-05,-0.00010064006085752071,0.00048269491758576744,-0.0040854014271185565,-0.14624846785652693,9.749349473739384,0.010313013811401824,-0.004035858219183151,-0.008464708462778331,0.6169879456523517,-0.3842937907326106,-1.5293198293191153
22350,3.017,0.999999878063908,-4.424500810138017e-05,-8.786980163823353e-05,0.0004839353742266398,-0.027862759912881698,-0.1119672739117942,9.779255155380543,0.011393966441904976,0.0040379835053754275,-0.00754862120900209,0.6167495444323969,-0.389879413048436,-1.5270477320146323
22351,3.025,0.9999998771337206,-4.225855169112373e-05,-0.00010874164306997572,0.0004817904245060838,-0.025566310071838766,-0.15094582687251235,9.768199038435755,0.010312779432606188,-0.004035357555698116,-0.008463665969160138,0.6160014367507002,-0.38190436589986426,-1.5332556109456874
22352,3.033,0.9999998827475113,-3.9396633633083814e-05,-9.140529779645229e-05,0.0004739176516412137,-0.04077263649448795,-0.126845861658183,9.758864137366166,0.010523896933574577,0.005163280120504394,-0.009723177887023546,0.6206626069340471,-0.39106441914820755,-1.5243561210469416
22353,3.042,0.999999881976397,-4.741109324826479e-05,-9.036610759613257e-05,0.00047500878661895375,-0.004349232960748945,-0.14289031780686304,9.749399154529717,0.00792153810269923,0.0011999013693070014,-0.007625442881002543,0.6164945440708542,-0.3787049329779179,-1.5313459578461577
22354,3.050,0.9999998804353905,-4.8345727645875586e-05,-9.307349119553854e-05,0.000477628748204126,-0.03245350849000903,-0.1355411841655925,9.719649188691982,0.009604316641615823,0.00032019116920071995,-0.007271313526573926,0.6094129080714333,-0.38677057241477214,-1.5319536570035117
22355,3.058,0.9999998819439662,-4.4134443587874746e-05,-8.77800722700545e-05,0.0004758769413743919,-0.04117475801859612,-0.12455742777630206,9.758891925408,0.010904960301007485,0.0023023662476167445,-0.008319753616514098,0.6194208732831306,-0.3892214705859958,-1.5326789463414303
22356,3.067,0.9999998803423394,-4.008712519945663e-05,-0.00010141022640660578,0.000476890234165614,-0.03254222043051032,-0.13383586463125205,9.719672524097994,0.010799690334039538,-0.0022964986230201026,-0.007688826384520023,0.6162561183291209,-0.3835581977373568,-1.5290835668273004
22357,3.075,0.9999998787798839,-4.11086875295403e-05,-0.0001040666106082108,0.0004795001915949405,-0.025899577954003283,-0.14609553941783093,9.768271905576126,0.009603636995788043,0.0003209304015365672,-0.0072704569887181705,0.6226100524665535,-0.3874317503160797,-1.5266066524554982
22358,3.083,0.9999998773020156,-4.703126323481044e-05,-9.584557207958358e-05,0.0004837330258805298,-0.041204023666424484,-0.1221205850807482,9.758922598926208,0.008407561343703364,0.0029382738743703616,-0.0068522712685770235,0.6174694412461268,-0.3843293805601502,-1.5320063653702927
22359,3.092,0.9999998749621957,-4.1040437420764886e-05,-0.00010200628880282664,0.00048783808061771545,-0.01979587102940264,-0.11486291326153245,9.740106051518492,0.011286312600327867,-0.000558063801915427,-0.00691559247287981,0.6145349926846817,-0.38923764778033193,-1.5338872025665855
22360,3.100,0.9999998741526389,-4.899822148826604e-05,-0.00010106716876122517,0.0004889573686490206,-0.03899963158864563,-0.1604116364047238,9.747904984634413,0.007920090527782211,0.0012009570486758675,-0.007623868594676082,0.6189368780489309,-0.38822234577207637,-1.5309818256300536
22361,3.108,0.9999998796094346,-3.617584473635104e-05,-0.00010560330720849569,0.0004778288042912921,-0.01985237406123451,-0.11324067396431789,9.74012493320587,0.012912659573722,-6.85524099076183e-05,-0.010556546122697076,0.6194009660729207,-0.384198501735041,-1.5405586793458708
22362,3.117,0.9999998773607608,-3.508496274369306e-05,-0.00010101847806249325,0.00048357292742322945,-0.028554815701682796,-0.10213385338720943,9.779360800913807,0.01008949015629545,0.00205998255019286,-0.006497136514132913,0.6243059818408014,-0.3845702643067451,-1.5317762816649818
22363,3.125,0.9999998789492816,-3.08591603785604e-05,-9.537463470615879e-05,0.00048171860387858755,-0.039270590763039195,-0.15778675052487892,9.747946740138318,0.010902583627423388,0.0023046157550281774,-0.008317598112459152,0.6223614565106707,-0.3833043722352929,-1.5283698667952248
22364,3.133,0.999999876490205,-2.4784274345768598e-05,-0.00010171072572911295,0.00048586031193291175,-0.020159314097012822,-0.11055866964335387,9.740155113897465,0.01128532606230118,-0.0005563134804261428,-0.00691359478178446,0.6179776199741653,-0.38910823022564267,-1.524131101375083
22365,3.142,0.9999998749544304,-2.5765109516778436e-05,-0.00010416012528658734,0.0004884444197267575,-0.02644918078114806,-0.13940071398340242,9.768368266901149,0.0096020553037403,0.00032286269033358423,-0.007267934067079821,0.6181987607550069,-0.38385731938356193,-1.5332352786304497
22366,3.150,0.9999998812733294,-2.495770847695655e-05,-9.409451490645993e-05,0.00047746901748811946,-0.02028749333861953,-0.10891683652643915,9.740173345046703,0.010031842586957747,0.00342855936321298,-0.010492153941111606,0.615030615993113,-0.38748998821568975,-1.5309816632701714
22367,3.158,0.9999998827496835,-2.063056374295325e-05,-8.862384933244505e-05,0.00047562675716061333,-0.02051171478371494,-0.10806887905820174,9.74018232092479,0.010901417700714273,0.0023058603528034395,-0.008316352442925565,0.613078138484052,-0.38821911033320916,-1.5307229042553832
22368,3.167,0.9999998781557902,-2.6977263088859488e-05,-9.952002276984709e-05,0.0004827591498644331,-0.04832777838075896,-0.14343122177354817,9.787230941204689,0.008301894436810146,-0.0016586385662267862,-0.006217641310483506,0.6186915292524721,-0.3889611742061975,-1.5314597393668996
22369,3.175,0.9999998804374911,-2.453678475731529e-05,-0.00010134627635001232,0.00047775713674230757,-0.005283986566595968,-0.12975608007963985,9.749582344738855,0.01041439883604508,0.0005682736076210438,-0.009087187113478213,0.6135769517344241,-0.38962882298523943,-1.5265547123558825
22370,3.183,0.9999998781537873,-2.3454500444306735e-05,-9.675114422348462e-05,0.00048350957937903186,-0.005382456056599171,-0.12892357297789617,9.749593334982752,0.010087436036804362,0.002062440406970339,-0.006495115927120464,0.6098980632126574,-0.3855661536817973,-1.5331916597589508
22371,3.192,0.9999998766653305,-2.9404887879388486e-05,-8.874705873533823e-05,0.00048777929016346355,-0.011874584024800131,-0.15784992936790312,9.777820765605775,0.008404140141190506,0.0029410325395372175,-0.006849909640035606,0.6177357345509267,-0.3827481896481566,-1.523238132101199
22372,3.200,0.9999998742090027,-2.333584248966622e-05,-9.50716652749945e-05,0.0004919337312447714,-0.020868369591280345,-0.1041546329881756,9.740224206028833,0.01128390359476187,-0.0005535796181980447,-0.006910501433022829,0.6174642584471862,-0.3953438628557541,-1.5340578367435742
22373,3.208,0.9999998684870418,-2.259940019083049e-05,-0.00010951453029344693,0.0005005214616819214,-0.011828621230945356,-0.15618264618001856,9.777847595994018,0.009984456018177908,-0.0025358497678920153,-0.00586081057465227,0.621375482605937,-0.37847052010905735,-1.5320938843008092
22374,3.217,0.9999998749863338,-2.1802862373953913e-05,-9.944318777960997e-05,0.0004895538828551815,-0.04226053111590263,-0.10893781778847719,9.759074142452045,0.01002923961078979,0.003429939521565928,-0.010490287355591094,0.6128430780284242,-0.3830440758554945,-1.5271284553683007
22375,3.225,0.9999998657936637,-2.6864598286634938e-05,-0.00012212965466567278,0.0005027676356884144,-0.03985651733316359,-0.14805921927999216,9.748096962866862,0.008685222697251922,-0.004517801052536043,-0.004810560763699023,0.6247913168084018,-0.3887364676539386,-1.5329431049924964
22376,3.233,0.9999998730743029,-2.810027788898884e-05,-0.00011934328445176572,0.000488691040528846,-0.02059461286161653,-0.10098518055367045,9.74025816375145,0.009542420116635562,0.001691881404788671,-0.011260754358920627,0.6167230411245099,-0.3905067752906514,-1.5375383526330948
22377,3.242,0.9999998753973688,-2.566492202356755e-05,-0.00012099217840468764,0.0004836397950235536,-0.03981127198300855,-0.14651438726808977,9.748120489366434,0.010412440407570025,0.0005702038532265309,-0.009084646944129417,0.6218677242804104,-0.38626292141064433,-1.5305268737297046
22378,3.250,0.9999998786005179,-3.0270990219007146e-05,-0.00011912178601181004,0.0004771714748994435,-0.0183900546065118,-0.13928359475897473,9.729297820513867,0.0087290171857793,0.0014482229898712816,-0.009439796519815191,0.6187055098364564,-0.3827837794756962,-1.5259259017330646
22379,3.258,0.9999998798625511,-2.0976338171502093e-05,-0.000124286350746019,0.0004736958728719333,-0.039917337472594225,-0.1448971926201871,9.748144228969032,0.012095126604226564,-0.0003067339577342704,-0.008728335862976758,0.6196498681557876,-0.379046115329397,-1.538674292884333
22380,3.267,0.9999998820235606,-1.856609481787438e-05,-0.00012604704279171593,0.00046874332877768664,-0.005581137603796693,-0.12085009896015751,9.74969663949245,0.010411638729250501,0.0005711268681899301,-0.009083569747511925,0.6191880145148695,-0.3945338547665539,-1.5282130188078167
22381,3.275,0.9999998841801253,-1.62465268067009e-05,-0.00012772605847739314,0.0004637476039893422,-0.039952899110194576,-0.14314323768931814,9.748169995317284,0.010411371596464703,0.0005714344979443598,-0.00908321083632948,0.620391167217726,-0.38632439474912167,-1.5351614227093924
22382,3.283,0.9999998743650094,-1.8949325671165174e-05,-0.00014315858784287879,0.0004800171951122524,-0.03985551726606686,-0.1423500459439451,9.748182008540178,0.00917077806989668,-0.002776799965005575,-0.004037194582923037,0.6199103128819095,-0.38701792703910154,-1.5322210619661811
22383,3.292,0.9999998761377898,-1.4613108291993498e-05,-0.00013751446082849083,0.00047812198754005746,-0.011769496894199512,-0.1480484523834177,9.777974211958968,0.010896446581748946,0.0023105492151044896,-0.008312474554225095,0.6211228719320638,-0.38339819996244257,-1.5354462166293374
22384,3.300,0.9999998808343709,-1.8213704629522118e-06,-0.00014198447710289284,0.0004670849334528884,-0.027068815237586814,-0.12388316562261699,9.76857568929098,0.012906359294514395,-6.096696802644813e-05,-0.01054641174018389,0.6184404581779429,-0.38460261869541745,-1.5342026627608
22385,3.308,0.9999998819033301,-1.908835146926143e-05,-0.00014461199149653234,0.0004635906944794673,-0.02468865948568499,-0.1630134382633567,9.757633286181347,0.005745808532067712,0.000343426866483816,-0.008744015972950069,0.6233190932468299,-0.38926353129126984,-1.5358623542702434
22387,3.325,0.9999998782425038,-1.8988681200936247e-05,-0.00014266626952379272,0.0004720177364689988,-0.018519434389044957,-0.13233445084366668,9.729394584947475,0.009840212908776567,0.0011982024741470148,-0.00687655112183846,0.6216223100925419,-0.3850487963610678,-1.5310306708948869
22388,3.333,0.9999998773291496,-2.503514851375633e-05,-0.00013414447610471527,0.0004761514328026262,-0.04021308094311914,-0.13765283849482152,9.74824799982665,0.008399308001814694,0.0029448345077435,-0.006847333680945089,0.6123655607652201,-0.39128912570046637,-1.5228672043082463
22389,3.342,0.9999998809944768,-5.229458547017108e-06,-0.00014223667889825934,0.00046663948840007947,-0.04028493733534959,-0.13672198918401499,9.748260806803978,0.014588443556970912,-0.0009359131689086153,-0.010187935145036383,0.6145385950146472,-0.3862888049215822,-1.5324613172706414
22390,3.350,0.9999998800695169,-1.1105226301633724e-05,-0.00013409559603283153,0.00047090975467866585,-0.006036079500014265,-0.11263124226676041,9.749794777852893,0.008398715794642573,0.002945282576781449,-0.006846953759494266,0.6204188876501204,-0.3852023232582475,-1.5241890361351977
22391,3.358,0.9999998847384218,-2.4769364062858005e-05,-0.00013587644534414405,0.0004598338975286311,0.009058181427500063,-0.1352081177178581,9.759228604639679,0.006557320359854528,0.0005877003146509468,-0.010562293508323599,0.6272475005876437,-0.3881705787502007,-1.5270969019992295
22392,3.367,0.9999998827934015,-2.276427189333664e-05,-0.00015627511259722147,0.0004576822701149298,-0.03376507466679164,-0.14743217657445448,9.796918245512556,0.010309692696090745,-0.004024518557216175,-0.008442667217311968,0.617717346900494,-0.38626292141064433,-1.5305163882938524
22393,3.375,0.9999998845711149,-1.834264371166744e-05,-0.00015073121021838456,0.00045585239623000223,-0.061747703088036926,-0.14010145873859103,9.767144422502549,0.010893379824686016,0.0023138566037115755,-0.008309786097484848,0.6245588949499442,-0.38867499431546115,-1.5283042384803989
22394,3.383,0.9999998868867865,-1.7975786232371654e-05,-0.0001595148422729305,0.0004477256981117681,-0.025063045564057255,-0.15598209376243324,9.757747266946891,0.009923215564678612,-0.0011644236525700175,-0.009848419423195127,0.6172320691503768,-0.3838055523616862,-1.5293269169665438
22395,3.392,0.9999998899586392,-2.260048704095324e-05,-0.0001576307640535133,0.00044127595636365627,-0.012235514967674326,-0.13850789509804134,9.778113436903677,0.008724480893898861,0.0014513224249701612,-0.009435243680223257,0.6196908261353792,-0.3864002711134879,-1.5224621797765985
22396,3.400,0.9999998909155218,-1.5290388432788878e-05,-0.00017010765992180992,0.00043473961469139876,-0.0489241662943761,-0.12096174667214873,9.787531471461035,0.01160616025608512,-0.002039780166050488,-0.009490943270904023,0.6169868266149586,-0.38771793020681583,-1.5297627701323433
22397,3.408,0.9999998904230532,-2.3282829188413707e-05,-0.00016913913479672658,0.0004358941894840759,-0.024981269203237122,-0.15360955693226064,9.757785113214391,0.00791181080166265,0.0012077423877948508,-0.007615174728971342,0.6252881327195621,-0.38576174128425106,-1.5295655060259763
22398,3.417,0.9999998898052262,-2.8488606023709047e-06,-0.0001633054322744126,0.00044012811182714766,-0.012291808175840331,-0.13596392567489815,9.778149074954518,0.014743205833076641,0.002303539968168245,-0.0068256835960322565,0.6165149944519084,-0.38152759372084566,-1.5232512252921875
22399,3.425,0.9999998938677004,-1.2473830670578842e-05,-0.0001505018679665321,0.0004352679397216621,-0.012542427594298524,-0.1350574997492637,9.778161314169791,0.007524666013727228,0.004067219469572712,-0.009021865938096065,0.6240823005499043,-0.38763704423513506,-1.5236776968921253
22400,3.433,0.9999998932092835,5.902220331505425e-06,-0.0001518722946101926,0.0004364417392194,-0.040785981111520465,-0.12773555260357178,9.748380617452906,0.014258061573748378,0.0005650045171925857,-0.007593740589306719,0.6248083647254339,-0.38205465735817684,-1.5261951461837053
22401,3.442,0.9999998893578451,-5.45790056740557e-06,-0.0001518186213222402,0.0004452028920581363,-0.02802226325896002,-0.11013629955511171,9.768737658557367,0.0070991381068065025,0.0009643642144541789,-0.005794614299842324,0.6194325504009194,-0.38793940132020743,-1.5280568737623874
22402,3.450,0.9999998830168768,-2.881828203730249e-06,-0.0001586732259793526,0.000456925305762926,-0.02559587503811022,-0.14932251093709695,9.757850067510475,0.01046583686188474,-0.0007863855039493724,-0.005080250605498626,0.6189394512546915,-0.3913829534276161,-1.5299632914333752
22403,3.458,0.999999881360778,-3.85936998894375e-06,-0.00016132560771805636,0.000459605899935874,-0.02556979295479593,-0.14850823244445482,9.75786256214038,0.009594128116334998,0.0003331086217694492,-0.007256514652797952,0.6245421368120438,-0.3855888017538679,-1.5349374960244626
22404,3.467,0.9999998807347122,-9.827882293530913e-06,-0.00015285876380718115,0.00046375443140389663,-0.019460414396228035,-0.11816477242856892,9.729575148660095,0.008394865933482537,0.0029484088863151537,-0.006844687918530635,0.6103876335942555,-0.38726851710229826,-1.532682008527029
22405,3.475,0.9999998841855641,-1.6483920306269022e-05,-0.00015826062793701547,0.00045421439081458066,-0.02579223950109334,-0.147103921923835,9.757883247624981,0.008237936618748835,-0.00028715175324974126,-0.010201184305786867,0.6184633918515694,-0.3879005760538006,-1.5251249857241136
22406,3.483,0.9999998856053506,-1.0048529341124483e-05,-0.0001455264804163216,0.00045553304671175967,-0.04118685809085714,-0.1231514904452694,9.748437918531188,0.011373813654755136,0.004057636010393919,-0.007537528993547317,0.611620773808283,-0.3903773577359622,-1.527760663779543
22407,3.492,0.9999998872582347,-5.64351046260311e-06,-0.00013996463748627827,0.00045371970295504866,0.008109783597757606,-0.12220369362721173,9.759400943516523,0.01088938969676457,0.0023180216468629998,-0.008305759125621823,0.6177351832061565,-0.3847043785707215,-1.5234563670792707
22408,3.500,0.9999998867689596,-1.3596885328460511e-05,-0.0001390221084709019,0.0004549176259598603,-0.047800736967697814,-0.15109525963861922,9.776764417157267,0.007909840089050475,0.0012093881162179502,-0.007612303277348749,0.629695724014029,-0.3893555848499722,-1.5244015902894734
22409,3.508,0.9999998887789965,-1.1214800561093515e-05,-0.00014075055090094244,0.0004500061174719529,-0.007346247084200958,-0.0975418543101598,9.749956516665934,0.01040486122299695,0.0005786171556603453,-0.00907361378579496,0.6167513210756009,-0.38767263406267455,-1.526344495652286
22410,3.517,0.9999998940365739,-3.3498015852998728e-06,-0.000133827372658532,0.0004404609568815347,-0.039303936001261065,-0.1597591509922413,9.737607144466477,0.01170022165318898,0.002562874489500903,-0.01012391998683055,0.6201764835778163,-0.38177494834517506,-1.5235013601252174
22411,3.525,0.9999998928226109,-6.353400837622573e-06,-0.00014376316104795523,0.00044005289986247676,-0.028987554875593954,-0.10225251441955535,9.768820545851575,0.00910884817457671,-0.001404725658961797,-0.008022071284390517,0.618717652868039,-0.3954165037812531,-1.5211194097271263
22412,3.533,0.9999998909899447,-5.1763413261785944e-06,-0.00013881775019545405,0.00044578350911799467,0.010190496238210046,-0.15807361110940704,9.74858817233398,0.01007627833638196,0.0020758734068129954,-0.006485296766279101,0.6199267931063189,-0.3818040672949802,-1.525697808992546
22413,3.542,0.9999998940614953,-9.81806946174282e-06,-0.00013692101530065733,0.00043935548160946184,-0.0266862051051336,-0.14061801065702703,9.7579764656734,0.008720385995560466,0.001454156362467041,-0.009430020553024835,0.6128475423123557,-0.3874155731217435,-1.5253613888096877
22414,3.550,0.9999998859622403,-2.2642842073267074e-05,-0.0001304312483275006,0.00045885781801963994,-0.02683809175884321,-0.13998963985090437,9.757985083327984,0.006769168889827854,0.002463234759976821,-0.0032047975375230115,0.615277945780931,-0.39064736043236226,-1.5297196274574292
22415,3.558,0.9999998861940501,-8.245164196916714e-06,-0.00014668638778733153,0.00045390198041731075,0.0012530961535931677,-0.14554852456989303,9.787801238374186,0.013287009525029944,-0.0029087990594749156,-0.009123643108750587,0.6235830422158029,-0.39135706991667824,-1.5280220631986514
22416,3.567,0.9999998921959506,-5.311495100407349e-06,-0.00012913994087634419,0.0004459851463806952,-0.039693770556922595,-0.15498172037080507,9.737682771210467,0.010498325143881907,0.005179080740038836,-0.00971219962578233,0.620404167721063,-0.387721165645683,-1.5300155236035708
22417,3.575,0.9999998952479227,-9.956767242937776e-06,-0.00012724043583229124,0.0004395621437050379,-0.042421122015632695,-0.11429444772112625,9.74854049019609,0.008719536262247628,0.0014547994953597718,-0.009428823028386688,0.6201730529003012,-0.389850294098631,-1.524859301421779
22418,3.583,0.9999998943640317,-1.587215875368846e-05,-0.00011874427529542127,0.00044375646176989057,-0.0017305676506863149,-0.1031853602243447,9.798680991705982,0.008391293714014236,0.0029517614381155285,-0.006841875463358292,0.6177330432184847,-0.3944820877446783,-1.5243034235632222
22419,3.592,0.999999892828706,-1.686099374952118e-05,-0.00012137770378598241,0.00044645910992904337,-0.024972644059856438,-0.17591998475069945,9.74719916794821,0.009591328447983508,0.0003375147606551984,-0.007251201887849664,0.6208857614019525,-0.390686185698769,-1.5326632345122442
22420,3.600,0.9999998913427612,-1.759373681934475e-05,-0.0001238748199594371,0.0004490656463187068,-0.04894773927296264,-0.1416815669038712,9.776899693898041,0.009591127171707273,0.0003377475276989329,-0.007250931820037577,0.6120903879361145,-0.38559203719273516,-1.5351501581233136
22421,3.608,0.9999998983299205,-2.388295151929951e-05,-0.00011014329231640508,0.000436621355833092,0.006625161333060798,-0.11126787482745151,9.759532869699566,0.008329714178564275,0.004313603147204413,-0.010837071478463127,0.6091720235589061,-0.39188089811514215,-1.5306645041817448
22422,3.617,0.9999998982744835,-7.479438734826483e-06,-0.00011953260527925945,0.00043486438884047206,-0.014973534013044555,-0.11682073394365186,9.778392777027971,0.01376936996169789,-0.0011650988757716083,-0.008351882023428079,0.6152803473342413,-0.38868146519319574,-1.528769037260133
22423,3.625,0.9999998956855436,-1.451300844160887e-06,-0.00012577795000350895,0.00043909760094843327,-0.02768649203882403,-0.1325903945462711,9.758086060080634,0.011274115243022709,-0.0005348868844779693,-0.00689136742413285,0.6204146522361227,-0.38766616318494007,-1.525865510694634
22424,3.633,0.9999998992937541,-1.1073725388809492e-05,-0.00011287010072520032,0.000434223668657263,-0.03651211620561695,-0.12148806547007229,9.797264461218525,0.007517324788627321,0.004070212204685464,-0.009017965452625898,0.620872127814583,-0.38880441187015047,-1.5380597228815576
22425,3.642,0.99999989567315,1.9735714537678054e-06,-0.00012272813955673827,0.0004399859063155088,-0.012641455024580498,-0.15411999854312383,9.767603595012732,0.01295743447947584,-0.00140751541896026,-0.006531877922472715,0.6204086647006993,-0.39306913965378076,-1.52823551533079
22426,3.650,0.9999998982726034,-5.65721002943387e-07,-0.00011341178697542034,0.000436568699109436,-0.04077138866348612,-0.1468951350903853,9.737803662649876,0.009200376324068274,0.003197150715158167,-0.008658919917501956,0.6159990924148734,-0.3855790954372662,-1.5341835531431893
22427,3.658,0.9999998956708295,5.459564578780287e-06,-0.00011965133081882081,0.00044080844172983576,-0.036779415586091706,-0.11891901010816448,9.79729498290413,0.01127340157518846,-0.0005335187892975363,-0.006889770722515628,0.6157778371990652,-0.38741233768287625,-1.525124671887411
22428,3.667,0.9999998936219809,6.38657905363903e-06,-0.00011504968770482142,0.000446630505054323,-0.015358065342152229,-0.11159959900356092,9.77845316010705,0.01007232443423056,0.002080814340020047,-0.006481174637805673,0.6206636932757353,-0.3866638029321535,-1.523926121947882
22429,3.675,0.999999896126288,3.745830591162504e-06,-0.00010584543554923669,0.00044331718428541384,-0.04112967606298498,-0.1444239083530907,9.737839120852486,0.009199577223041162,0.0031976765841016277,-0.008658237109956111,0.6177142795674463,-0.38676733697590493,-1.5317305094688085
22430,3.683,0.9999998950999545,-2.3136246809559566e-06,-9.740218676307724e-05,0.0004475573053243168,-0.028589812549963338,-0.12690637322825227,9.758159031223526,0.008388247919570309,0.0029543282820851395,-0.006839593190444449,0.6240674988815845,-0.3877146947679486,-1.5295365386459188
22432,3.700,0.9999999007247081,1.4807328324727082e-05,-9.620992573196016e-05,0.00043482751445039926,-0.028789150384919783,-0.12560161707566778,9.758175340273404,0.0118887348237734,0.0011403260280653442,-0.009411410708601848,0.6179640272564271,-0.3884470523243352,-1.5295114126016862
22433,3.708,0.9999998959650682,1.0417509497669891e-05,-9.949588826729974e-05,0.00044504145497311286,-0.026358489952744184,-0.1642035630418586,9.747399935641225,0.00877766423271522,9.761118631734606e-05,-0.005428307788315832,0.618460496170972,-0.39353149451376734,-1.5262711628996875
22434,3.717,0.999999897924108,1.2777364036006561e-05,-0.00010119730844006335,0.0004401677149400537,-0.028893501551558433,-0.1235028875695298,9.758201806799686,0.010399470276785274,0.0005849053346177393,-0.00906447542801007,0.6152752581402036,-0.3840690841803518,-1.5307834576536958
22435,3.725,0.9999999009664057,8.158073775585005e-06,-9.928374369468508e-05,0.0004337549572563367,-0.03514979874347448,-0.15228152666230255,9.786583388900759,0.008715496066784399,0.0014576556392302425,-0.009423512996130546,0.6199276877559898,-0.3901008841618277,-1.525343686015709
22436,3.733,0.9999998995251043,7.156014607808403e-06,-0.00010189826767224219,0.00043648060197761445,-0.020327646466882298,-0.13235856144211416,9.719063658023595,0.009588089873820548,0.0003420137796220824,-0.0072456495751754895,0.6125918806532875,-0.3933359069113136,-1.529921371456088
22437,3.742,0.9999999008146552,1.1736471930080893e-05,-9.630834401872315e-05,0.0004346925788940176,-0.041903252768800296,-0.13798005275683659,9.737929261275005,0.01088099048555458,0.002327214941012964,-0.008296882837889165,0.6098956044418635,-0.3858232146227284,-1.534164897956041
22438,3.750,0.9999998975690839,1.976720488000925e-05,-9.523288915986967e-05,0.00044204273069018785,-0.001201481254709022,-0.12650835051407552,9.788065855577404,0.011753618250102042,0.0012118317138401604,-0.006118895681111153,0.6196656216912618,-0.38897411596166637,-1.5324386801539087
22439,3.758,0.9999999009504391,9.988200570755122e-06,-8.263285726525296e-05,0.00043723124207726053,-0.02947631910160558,-0.11945527544259406,9.758250450966639,0.007512965891174642,0.004071852814721002,-0.00901559239505734,0.621879867311993,-0.3988956457162013,-1.5257203817237666
22440,3.767,0.9999998998303332,1.1978883449523677e-05,-0.00010345146938331504,0.0004353086530929602,-0.0054604757481338225,-0.1522119234634961,9.728634773543188,0.01030713345649591,-0.004012116686347603,-0.008417251394128956,0.6196667979461383,-0.3872588107856965,-1.5319730913408869
22441,3.775,0.9999998970940833,1.5260356793951012e-05,-9.123894902070601e-05,0.00044413331141424106,-0.029455581938586065,-0.11788651555057204,9.758269592891828,0.010551062475788344,0.003826535162849229,-0.005711566093603014,0.617979135051731,-0.37908963730509093,-1.5235313987260815
22442,3.783,0.9999998956496916,1.4253987097382596e-05,-9.384753729061605e-05,0.00044686694830183064,-0.04238336434120024,-0.13390647567594355,9.737984050318543,0.00958699960304496,0.0003434358995937235,-0.007243735207641074,0.6165033745516029,-0.3845184972848695,-1.5278506498714364
22443,3.792,0.9999998976271882,1.6295643654552477e-05,-9.544800142349336e-05,0.00044200649807646836,-0.04241205210208339,-0.13309848584980022,9.737995002967354,0.010397496687796083,0.0005871217118585877,-0.009061323856963828,0.6143049887273867,-0.3876985175736124,-1.528291275000108
22444,3.800,0.9999998995593016,1.8646280637502407e-05,-9.713876883105975e-05,0.0004371473010252067,0.00709321992479845,-0.13205604440014476,9.748978067237553,0.010397232289072836,0.0005874283268635996,-0.00906096936904499,0.6162443839938488,-0.3831314327049098,-1.5337282874061378
22445,3.808,0.9999998999951999,2.4836588739531455e-05,-8.437127659779211e-05,0.0004384908464976019,-0.014561164763081924,-0.13761920143487047,9.767847341327172,0.011360440419758281,0.004071376406544328,-0.007528595772766779,0.6208800636456608,-0.38632115931025446,-1.534918537883673
22446,3.817,0.9999998988423635,2.4032476084846253e-06,-9.527578165994932e-05,0.0004395816340108944,-0.051434848245642574,-0.12033974231127237,9.777172901037664,0.004444665019856101,-0.001639754694178118,-0.007676833782479395,0.6191844976158806,-0.38161171513139364,-1.529605088552584
22447,3.825,0.9999998949281997,1.2160768976911531e-05,-8.678167999309397e-05,0.0004499607150884173,0.0006129516018744966,-0.159382105526205,9.777408080925909,0.01223309505751932,0.0029572939778480167,-0.005350282390860706,0.6179516925328273,-0.38851176110167973,-1.5343937807298473
22448,3.833,0.9999998976462114,1.2497225178399448e-05,-9.57692823246227e-05,0.0004420176811386635,-0.008600927473325557,-0.10587000137375376,9.739475221732857,0.00991488600859272,-0.0011536129198925116,-0.00982537540666109,0.6162359049919268,-0.38781499337283276,-1.5370844719535524
22449,3.842,0.9999998968318479,9.384038139522592e-06,-0.00010581780353907495,0.000441645588805023,-0.014648632765717061,-0.13462544467274545,9.767888929031356,0.009104115550827959,-0.00139669097693766,-0.008007367945278695,0.6211445312636994,-0.38548203227124933,-1.526872953548177
22450,3.850,0.9999999003151555,2.4118440850826512e-05,-0.00010289215360624758,0.0004338216050534346,-0.03612355979140322,-0.14015874835831216,9.786760969315567,0.013371562229737967,0.0017033246246604852,-0.009750605728728415,0.6160015675335194,-0.38581027286725944,-1.5332038440890152
22451,3.858,0.9999998982465422,2.4965224147903166e-05,-9.81123892295636e-05,0.0004396107392556723,-0.05561964815602869,-0.14340404377602073,9.717797558152322,0.010066502208603287,0.0020880003542545445,-0.0064754331730381845,0.6150374164389454,-0.38794263675907464,-1.5282898899425987
22452,3.867,0.9999998994358131,2.9317756132699416e-05,-9.249335332017146e-05,0.0004378513589505317,0.0003499282173406086,-0.154981083896103,9.777478843453734,0.010876692705494856,0.002331579363637471,-0.008292696756968232,0.61649955152563,-0.38087612213613986,-1.529363891738015
22453,3.875,0.9999998938688246,2.675280915326026e-05,-8.876276343886885e-05,0.0004512956888827677,-0.04320079393564688,-0.12488202208148134,9.738100370628468,0.00925567929444091,0.0018452426920731661,-0.004657340397063775,0.6169929531071277,-0.3864649798908325,-1.5273377632109728
22454,3.883,0.9999998912035373,8.335917849592307e-06,-8.506440024332704e-05,0.0004585711220476534,-0.03674757645677446,-0.13693839763956098,9.786804231491649,0.005406587222424564,0.0018446195662843968,-0.006143911084581352,0.621865232813912,-0.3855435056097267,-1.5315130536409631
22455,3.892,0.9999998924658662,1.2567327992063465e-05,-7.930096796510659e-05,0.0004567512175521823,-0.036909683584027006,-0.13627663167968307,9.786812861178362,0.010876091336624706,0.0023322866070044994,-0.00829183575725365,0.6160127096543903,-0.3869726308949603,-1.52879353563096
22456,3.900,0.9999998952993728,1.2898606291675196e-05,-8.828211844207198e-05,0.000448821943760883,-0.015475840952266397,-0.1289860012079974,9.767963750988935,0.009913668464140293,-0.0011520914415668099,-0.009822046165860805,0.609171745645415,-0.3835808458094274,-1.5307745087521736
22457,3.908,0.9999998948517383,4.696833586820628e-06,-8.753993318541889e-05,0.0004501235526270481,-0.028214597522003552,-0.14513648092687778,9.747697287893718,0.007900248125935096,0.0012177832904025218,-0.0075999975656117266,0.6125990853132185,-0.38743822119381405,-1.5270696008641997
22458,3.917,0.9999998933824958,3.6776201099944367e-06,-9.01311332580282e-05,0.00045287730276356196,-0.00019891667460707345,-0.1506152267259594,9.777547074272887,0.009583997481685414,0.000347595534302417,-0.0072388431945509335,0.6208949960967998,-0.39014941574483614,-1.5290079292732073
22459,3.925,0.9999998900524193,1.174930857627876e-05,-8.899868214565584e-05,0.0004602568171597062,-0.028324879071965528,-0.14356323682737376,9.747720267727098,0.01174861936615419,0.0012200128137695883,-0.006112497541301951,0.622368832823052,-0.3825331894124996,-1.5254501522039543
22460,3.933,0.9999998920861998,1.4085350946027465e-05,-9.067363360819406e-05,0.00045542011757786465,-0.015647448713937074,-0.12578386951439413,9.76800523704397,0.010393783947952836,0.0005912097409365412,-0.009055516766908595,0.6162592347057256,-0.3845184972848695,-1.5278500330810922
22461,3.942,0.9999998898644884,1.4853247085015723e-05,-8.575064518628311e-05,0.0004611910873626204,-0.013159076437183358,-0.16489504649553796,9.757316158274284,0.010064165431375704,0.002090866095384252,-0.006473007886024986,0.6152673713526832,-0.38801705185302093,-1.5339052300803284
22462,3.950,0.9999998955478107,-8.706924849017811e-07,-9.482704520540805e-05,0.0004471145727775921,-0.037247289708269585,-0.13074199620804375,9.786887081588489,0.00606401255202517,-0.0011535054387661367,-0.01130692731274335,0.623807266677544,-0.3860899818802612,-1.5359056484219784
22463,3.958,0.9999998946937259,1.7379507094473973e-05,-9.63752095780345e-05,0.00044835511473560014,-0.02188069584697691,-0.1529715041987729,9.796472817935118,0.014241639402739006,0.0005950308185988978,-0.007567244011761611,0.6143205542625583,-0.3920117769402512,-1.5221300771261501
22464,3.967,0.9999998995321954,3.6606534075881424e-06,-9.81473439357276e-05,0.0004373663194183208,-0.031119115752963507,-0.09957436019805865,9.75846846648561,0.00654421653793614,0.0005892707927323103,-0.010541525186874654,0.6245458535769762,-0.38605762749158884,-1.5334663147289302
22465,3.975,0.9999998921738249,1.0396603981839868e-05,-9.044869099541711e-05,0.0004553715894024675,-0.028646843173228374,-0.1387912613676843,9.747788439582024,0.011417587841594834,0.0027221817101825358,-0.0035289817298813763,0.6196620357091487,-0.3924111971913405,-1.533858094592769
22466,3.983,0.9999998944794326,7.71108199628661e-06,-8.121257853137432e-05,0.0004520908978961766,-0.050349519679658464,-0.14440016632366534,9.766663887609935,0.009188907290398873,0.003205260502788176,-0.008650350256952209,0.618930710687131,-0.3882547001607487,-1.5334230096941344
22467,3.992,0.9999998956951884,1.2116086237865897e-05,-7.553954213736924e-05,0.00045028500984643067,-0.007626998345359847,-0.13069866815944242,9.728946116117324,0.010872669987954702,0.0023359653016763954,-0.00828849698498058,0.6181970985467696,-0.3894817669657942,-1.5338932189932073
22468,4.000,0.9999998942591214,1.1089207202341276e-05,-7.811971156017562e-05,0.000453051968900959,-0.016465142803297177,-0.11941217839802072,9.768083863128908,0.009582137382391581,0.00035018956658474504,-0.0072356420418119415,0.6121231485189895,-0.3876176316019317,-1.522182763726808
22469,4.008,0.9999998980852741,4.436342528124729e-06,-8.357061515471852e-05,0.00044365044000455837,-0.041918977924981456,-0.15249720502336217,9.727570995009664,0.00822754698598341,-0.0002800087303737387,-0.010178380192263668,0.626738811384466,-0.38656851393458386,-1.5351742238298012
22470,4.017,0.9999998877506077,5.7240011027201785e-06,-8.42702084699943e-05,0.0004662237015370583,-0.016471771339686993,-0.11794237452077781,9.76810170963024,0.010126215196162431,0.0007382544924651391,-0.0024752362181386604,0.6150257229733043,-0.3887364676539386,-1.5329184333787258
22471,4.025,0.9999998890466242,9.961837056092907e-06,-7.850440260441639e-05,0.0004643754512561356,-0.01659166733036338,-0.11708849555331399,9.768111779890347,0.010871587062307049,0.002336968216077002,-0.008287503633013825,0.6150520873244457,-0.38395907925886597,-1.5224828150454777
22472,4.033,0.9999998916681557,2.6673825442477154e-05,-6.823955387235105e-05,0.0004596689540686369,-0.02954514189969694,-0.132995620113614,9.747866556531786,0.013845264774586873,0.0034543680093753913,-0.00897789182999162,0.6233328984866495,-0.3962718080145945,-1.5303979219015476
22473,4.042,0.9999998913796916,1.8779814465643004e-05,-6.701209694420448e-05,0.00046086581835559024,-0.029725861783792936,-0.1321145746675063,9.747877983966577,0.00789717485359999,0.0012203541795251375,-0.00759600295702049,0.6150415210701239,-0.3815728898649869,-1.526665182239835
22474,4.050,0.9999998908628135,1.5744462961915742e-05,-7.689205711234084e-05,0.00046055844833487884,-0.02971034369970029,-0.13142610373022875,9.747887338520965,0.00910108072240868,-0.0013916045082323725,-0.00799778956261083,0.6208993786414694,-0.39207972115646306,-1.5272732170000145
22475,4.058,0.9999998920212401,2.0027638927684926e-05,-7.113008275009629e-05,0.00045879942643431356,-0.008272872098093749,-0.1241743569210121,9.729031047947856,0.010870439028114446,0.0023382054032960804,-0.008286286275652577,0.6181994919261538,-0.38727175254116547,-1.5329458642244533
22476,4.067,0.9999998941819365,1.7330489865263352e-05,-6.18854260755412e-05,0.0004555282256725133,-0.023351110730886193,-0.14235634538114028,9.796629423146255,0.009186106294585305,0.003207266890783727,-0.008648098743668108,0.6260095163973644,-0.38777293266755875,-1.533935604284018
22477,4.075,0.9999998972232851,1.7549378392184605e-05,-7.064190090798632e-05,0.0004474987816238544,-0.02739586173317715,-0.16898519284772381,9.73727182528071,0.009910405259519852,-0.0011478481610378327,-0.009813252007401718,0.6194282904651428,-0.38967088369051345,-1.5297430546074495
22478,4.083,0.9999998881918309,3.1211293899034785e-05,-6.670251649983758e-05,0.0004671112875972318,-0.03879980515016649,-0.1176129995676815,9.787047635068902,0.01309819270358225,0.0018595235012770256,-0.0031637317182425396,0.6186961934023472,-0.3808793575750071,-1.5296135612575217
22479,4.092,0.9999998841219796,-5.249083456864617e-05,-8.242306178539751e-05,0.00047138856414975094,-0.027505408626837705,-0.16725789988324005,9.737301337859284,0.0065418439876662095,0.0005892857688145867,-0.01053723687370357,0.6155209665894154,-0.3940714999065674,-1.5301631850610011
22480,4.100,0.9999998818374622,-4.6556283890188477e-05,-8.859470635921111e-05,0.0004757189844524803,-0.03013756776329035,-0.12658120142874757,9.747950145511968,0.011263984548631428,-0.0005151352486681982,-0.006869473455943773,0.6235638253071087,-0.388527938296016,-1.5356285589398055
22481,4.108,0.9999998848521663,-4.6159156296833524e-05,-9.750281820708168e-05,0.00046760901061818316,-0.03881173273523187,-0.11523027325962461,9.78707592927077,0.009909612722670031,-0.001147132992338022,-0.00981172542542812,0.621876268673742,-0.3835323142264189,-1.5271448057539543
22482,4.117,0.9999998825815984,-4.524740979543648e-05,-9.277004251428732e-05,0.00047347986303653195,-0.008626575008755034,-0.11847270012304038,9.729101841126395,0.010058849737290454,0.00209739158097715,-0.006467935553527673,0.6211428527076097,-0.3906182414825572,-1.5275373647680188
22483,4.125,0.9999998819067321,-5.33793722265689e-05,-9.143184625712016e-05,0.0004743178062663804,-0.036322173698740315,-0.15364710063820675,9.77646675831631,0.007895085468422195,0.0012220887423362722,-0.0075937069213393655,0.6250487714585267,-0.3810975932495314,-1.527673415126666
22484,4.133,0.9999998834029916,-4.4094331923381164e-05,-9.668447905209266e-05,0.00047106454410341184,-0.002175208566213848,-0.1294527855486164,9.777849919606298,0.0120726280790555,-0.0002708083862948531,-0.008684519233756734,0.6162638052506981,-0.39206354396212695,-1.526040905951433
22485,4.142,0.9999998857191529,-4.187206570084182e-05,-9.806752398886442e-05,0.0004660377366578097,-0.030253338142215987,-0.12246780738240622,9.74800233248121,0.010388177616579666,0.0005974610670974964,-0.009046875859700994,0.6208922757603674,-0.38259466275097687,-1.530084701183642
22486,4.150,0.9999998905188437,-6.770339764869476e-05,-8.535567179919138e-05,0.0004550746755881752,-0.03653033009918098,-0.15135497441020215,9.776501736089012,0.003651232682328157,0.004069075632878794,-0.010497787198210486,0.6199264379357774,-0.38961911666863774,-1.5258383936856093
22487,4.158,0.9999998921956624,-5.347779412565027e-05,-0.00010127313177447235,0.0004499917129767434,-0.017764806979158547,-0.10426536983686036,9.7682550090625,0.013277071464387535,-0.0028809794182155382,-0.009083521890233145,0.6164860814167847,-0.3838767320167653,-1.5346956715364883
22488,4.167,0.999999890066436,-5.7595085670861566e-05,-8.563109240708698e-05,0.0004574027085475716,-0.023926229716842135,-0.13281698202239664,9.796762008238185,0.00885215487795961,0.004710986362791709,-0.006066393897264202,0.6101402956325114,-0.38386702570016357,-1.5339472797683134
22489,4.175,0.9999998875983953,-5.698262453380549e-05,-8.125182031533215e-05,0.00046363166290035076,-0.05227155934558215,-0.12599307874222854,9.766908590245647,0.010057144228740272,0.00209971664174699,-0.006466158865604842,0.6221107042192636,-0.38846646495753856,-1.530986608475987
22490,4.183,0.999999889796496,-5.4725770024153336e-05,-8.290444150977208e-05,0.00045884522383949435,-0.01553840507160451,-0.14172923024659353,9.757676646362293,0.010387214561607247,0.0005988805261713098,-0.009045033264515882,0.6135811462787908,-0.38594438713123586,-1.5248944149391563
22491,4.192,0.999999888717055,-6.285781434729888e-05,-8.180095866334165e-05,0.0004603513623740617,-0.015602706741308838,-0.1409870689861383,9.757687294083716,0.00789351842319258,0.0012236581410956398,-0.007591689153155499,0.6206349600669883,-0.3943835633082415,-1.5352993887642583
22492,4.200,0.9999998864257161,-6.195607048120784e-05,-7.70543647193166e-05,0.0004662323725765754,-0.03110419991865816,-0.11725562428850916,9.74806374354293,0.010056436657119657,0.002100633601238108,-0.006465424454760019,0.6160022823568139,-0.3887364676539386,-1.5329209005401028
22493,4.208,0.9999998879284165,-5.756087704040752e-05,-7.144316228461947e-05,0.00046446288799470057,-0.05274009297544052,-0.12284855720014988,9.76694612999979,0.010865399537075413,0.002343746391555694,-0.00828123265889756,0.6218609973999141,-0.3880073455364193,-1.5331895282003993
22494,4.217,0.9999998850045057,-8.00562028614465e-05,-8.235829851347848e-05,0.00046561689189769916,0.005541074735147847,-0.13234622291314688,9.738845188791442,0.004442174451677495,-0.001639942405909842,-0.007663597213983675,0.6201488694064623,-0.3860705692470578,-1.534431686128366
22495,4.225,0.9999998859029768,-6.186756410901575e-05,-8.37461372860707e-05,0.00046621134947779817,-0.015870462274234838,-0.13802895351710706,9.757729158994913,0.01423337374212237,0.0006103548454390262,-0.00755401440203947,0.618689442000072,-0.3818914241443954,-1.5322859220138423
22496,4.233,0.9999998807137894,-7.836865130969784e-05,-7.273025152587205e-05,0.0004765931931152911,-0.05287549928927728,-0.12065684401020109,9.766972717154262,0.005877835255654999,0.003592833499975228,-0.005375470009220989,0.6269976711594007,-0.38404967154714836,-1.5293483531517722
22497,4.242,0.9999998907012584,-6.268407423951628e-05,-7.58208215567856e-05,0.0004570769974266868,-0.016178851018999196,-0.13641783323620274,9.757751309333212,0.01368821599865984,0.00021938179145843782,-0.012311040713971554,0.6172378322980782,-0.3901235322338983,-1.5270457301667786
22498,4.250,0.9999998891451146,-6.378637586331149e-05,-7.837697950453049e-05,0.00045988923238861985,-0.03765228854531087,-0.14191371741735292,9.776639086406135,0.009576472009045918,0.00035815324184732873,-0.0072263673136226,0.6230897223735673,-0.3882094040166075,-1.5300158374402737
22499,4.258,0.999999890670651,-5.9445788234470104e-05,-7.250529649673494e-05,0.00045811337703095107,-0.03775328642354937,-0.1410835018354042,9.776650713609119,0.010863665177989026,0.002345605240159755,-0.008279616166883075,0.6245466337916804,-0.3909367757619656,-1.5331574877516818
22500,4.267,0.9999998933891129,-6.422138837155584e-05,-7.055993842874965e-05,0.00045179494336084185,-0.01374052753834284,-0.1738188684657645,9.747215139599348,0.008700743171403291,0.0014680151661522936,-0.009405302989778565,0.6174764950836714,-0.3923497238528631,-1.5292142937579172
22501,4.275,0.9999998836234892,-6.983829771099418e-05,-6.743984849493119e-05,0.0004725753775279544,-0.03194352273353799,-0.1101666630225294,9.748143720799737,0.00843635871314694,0.0016179270219066056,-0.0028315767180046554,0.6201539013830168,-0.3889741159616664,-1.5324399137345972
22502,4.283,0.9999998883609448,-5.522010686321577e-05,-6.444229904930715e-05,0.0004648397874198536,-0.0012968594788102528,-0.1552527623073112,9.767461940183336,0.013356191709138468,0.0017227205585305507,-0.009730616301872752,0.6240778771356036,-0.3844861428961972,-1.5254285863080281
22503,4.292,0.9999998814822926,-7.410346856917714e-05,-7.954323770773963e-05,0.0004745702795734682,-0.01663508085158212,-0.13150982031574548,9.757817919670801,0.005317167704821458,-0.0027490503188870963,-0.005481402637929968,0.6187080094768814,-0.38374731446207605,-1.5249364863932644
22504,4.300,0.9999998920375893,-6.715326866859699e-05,-8.666869325257118e-05,0.00045155706820977875,-0.05333723676285486,-0.11428492556002685,9.767046846004009,0.011523680044241792,-0.0006568080394557943,-0.013433813922871006,0.6221217809487248,-0.3876758695015418,-1.526602183446268
22505,4.308,0.9999998891711042,-6.43358204878418e-05,-7.430546621934763e-05,0.0004604317308752743,-0.025381507758781955,-0.11937655369192877,9.796931340619983,0.010531160596996643,0.0038494377220807865,-0.005700479955674912,0.6286939928821066,-0.39290590643999934,-1.5343626817912386
22506,4.317,0.9999998876032485,-6.544429337210855e-05,-7.685267751902912e-05,0.00046325392708801476,-0.03822879534792726,-0.13555369608368792,9.77672709952231,0.009574962050170261,0.00036020658574655864,-0.00722395037767156,0.6225962799224388,-0.3813999503346037,-1.5320581431100262
22507,4.325,0.999999891009362,-7.032341515398558e-05,-7.447731529163636e-05,0.0004555096163074077,0.011241250124493918,-0.1343493304346069,9.787735760760215,0.008699115858522195,0.0014690950263431363,-0.009403481033762045,0.6226008177717063,-0.3879685202700125,-1.530261957694535
22508,4.333,0.9999998924732464,-6.608763106399933e-05,-6.87972175680267e-05,0.00045382029832533776,-0.045057615804876744,-0.12160642861817604,9.727992176143392,0.01086114176391056,0.002348349043012494,-0.008277164110980468,0.6155100815519714,-0.3821646622796626,-1.5344717339684972
22509,4.342,0.9999998859909661,-6.173311664309964e-05,-6.850690324220999e-05,0.0004685230853729034,-0.038568860936997414,-0.13313234195525844,9.776759036727519,0.01092793192142599,0.0009975049561934853,-0.004281434565965324,0.6196833517358835,-0.38424202371073496,-1.5254207195103733
22510,4.350,0.9999998932629045,-6.516260196793594e-05,-7.295625807293054e-05,0.0004515588549304801,-0.023199009166528634,-0.15529212887043686,9.786440151651576,0.009029388056699464,-3.278624314737764e-05,-0.011979688405395768,0.6182148858088748,-0.38645850901309803,-1.5268526103498778
22511,4.358,0.9999998835197799,-6.604283188176252e-05,-8.072982185937121e-05,0.00047125520395777587,-0.01709162897606004,-0.12512532644628233,9.757901089524264,0.009641205168855088,-0.000989300452210636,-0.0032270198025574157,0.6133238015814213,-0.37844463659811955,-1.530120582968184
22512,4.367,0.9999998860213091,-7.585961033118223e-05,-6.788084563368832e-05,0.0004664706625769823,-0.017210947139411993,-0.12442962927676139,9.757909775274733,0.007491201320433091,0.004080295276673794,-0.00900526280327545,0.6169731848536633,-0.38559203719273516,-1.5351624939301989
22513,4.375,0.9999998830420963,-6.834090914183197e-05,-6.693494592698112e-05,0.00047409390133429526,-0.038876988084446805,-0.1300870855122883,9.776798810449007,0.01173571235870138,0.0012416471740302774,-0.006095812560227363,0.6226064583105145,-0.3906247123602916,-1.5280293023229006
22514,4.383,0.9999998782912665,-7.479905110896239e-05,-7.769946689660767e-05,0.00048144090723734436,-0.05152679105318023,-0.14628915662583783,9.756605991133476,0.008287476336599027,-0.001625598490022297,-0.006167498001777879,0.6152982735530921,-0.389808233393357,-1.521673426331589
22515,4.392,0.9999998796509835,-7.034753478443707e-05,-7.179756067308836e-05,0.00048020240857101404,-0.0020132187594725432,-0.14502027789592206,9.767619100319017,0.010859273906182826,0.002350087932862993,-0.008275422685072215,0.6247887517765673,-0.3858199791838612,-1.5339584037606329
22516,4.400,0.999999881619359,-7.314490641304337e-05,-6.252787804358027e-05,0.0004769710215978306,-0.039094179740954124,-0.12768238757093317,9.776829643496194,0.009174572174375147,0.00321554951672321,-0.008639868716823366,0.6194161600896984,-0.395838572104413,-1.5345445370220603
22518,4.417,0.999999883493113,-8.596662977186351e-05,-5.935756549355692e-05,0.0004712750560419494,-0.041260255247481156,-0.14044263461791756,9.747202242095238,0.00829268510346686,0.0013493806297831734,-0.008492956516846544,0.6184358267237725,-0.39366091206845655,-1.53603589915601
22519,4.425,0.9999998875649915,-6.91225402287103e-05,-4.914346295546775e-05,0.00046655867608509893,-0.018103047539475437,-0.11896497475218935,9.75797631776734,0.013828321203540361,0.0034745530161009314,-0.008963249504523636,0.620644623497713,-0.38822881664981085,-1.5314743799752797
22520,4.433,0.9999998881436288,-8.124981965382534e-05,-6.272610756158221e-05,0.00046171054989086103,-0.05226261895709672,-0.14159056941640857,9.75667139516242,0.006933759621011355,-0.002262238254535519,-0.009106487006626572,0.622589009871098,-0.3853446825684057,-1.5349357971302506
22521,4.442,0.9999998833356483,-9.286323275592747e-05,-6.242433878042103e-05,0.00046990244940907426,-0.024124209472048505,-0.1469422285616796,9.786566847895887,0.007079413310021994,0.000986278968254529,-0.0057693846599459545,0.6145215225758367,-0.39223825766095743,-1.5392189823650586
22522,4.450,0.9999998817303302,-9.398354104300629e-05,-6.495379408144151e-05,0.0004727445661592729,-0.002716147179735488,-0.1398269436968347,9.767694654016548,0.009572103178306899,0.0003643615223529625,-0.00721913539086029,0.6160047901711649,-0.3899441218257807,-1.5319282497717606
22523,4.458,0.9999998795825552,-8.797292844867831e-05,-7.138533340733591e-05,0.00047749321792185954,-0.015362737228452049,-0.15601681948203194,9.747513916093181,0.011256421080003022,-0.0004999335731587274,-0.006853632957948967,0.6157615731884517,-0.38066112190048274,-1.531562342453197
22524,4.467,0.9999998779373962,-8.909502616555719e-05,-7.391316857195942e-05,0.00048033749910823603,-0.06764127542704017,-0.11571675592554971,9.747016530491178,0.009571663668183471,0.00036478062733708624,-0.007218618772184031,0.6165040812009713,-0.3872005728860864,-1.527570941751066
22525,4.475,0.9999998811879118,-9.612142305455974e-05,-7.936183184259795e-05,0.0004712605798936842,-0.030761636713822548,-0.13150627699990264,9.737840054713168,0.008218239735374003,-0.0002737277343547339,-0.010159302282963608,0.6250355056978366,-0.39020118276671184,-1.5329243092115883
22526,4.483,0.9999998784643886,-8.823021092683213e-05,-7.81479450243321e-05,0.00047872699604740494,-0.03682331142932356,-0.16007797534296375,9.766435930236186,0.011732584680819955,0.0012468220385866112,-0.006092139846238895,0.6216292821908245,-0.3906279477991588,-1.5282709535679317
22527,4.492,0.9999998803817104,-8.38710365036327e-05,-7.207770822329192e-05,0.00047645253480618104,-0.02707305110230189,-0.10212554448907067,9.797121827203751,0.010855903951698241,0.0023537601531361204,-0.00827222434671216,0.632859057495376,-0.3894105873107151,-1.5285596214728858
22528,4.500,0.999999873920154,-8.63542099665302e-05,-6.819546007781204e-05,0.0004899510239293385,-0.01567008876547587,-0.15190927645177815,9.747578304636718,0.00923946683472666,0.0018691185506463385,-0.00464211881745368,0.6145429039939808,-0.3860220376640494,-1.5307557238543268
22529,4.508,0.9999998798259924,-7.880386134555945e-05,-6.116701038260651e-05,0.00047999640518938986,-0.04006887001401322,-0.11750749105380667,9.77695328447007,0.011663527605403616,0.002596647684233536,-0.010086452972939693,0.6184360265897161,-0.3812075981710173,-1.5359567876052447
22530,4.517,0.9999998782060552,-7.993048354241935e-05,-6.368834806928454e-05,0.0004828486169589471,-0.00992601715606962,-0.12082950209111351,9.719009237664215,0.009570566071349193,0.00036627965538439634,-0.007216685906852239,0.6238161380279239,-0.39312414211452373,-1.5323941633045468
22531,4.525,0.9999998772466012,-8.819869132625034e-05,-6.252746951530608e-05,0.00048354740058014693,-0.024810068566443647,-0.13887006417997003,9.78668300482898,0.007885791836531047,0.001230317966597812,-0.007582205312532123,0.619916946157503,-0.40090036622177455,-1.5295954584752054
22532,4.533,0.9999998760041134,-8.42913112997398e-05,-7.593876527837202e-05,0.00048489177821769725,-0.015956690395565288,-0.14873495784903754,9.747626793198455,0.010778356451066926,-0.002242882689834749,-0.007610435898487033,0.6167545355393205,-0.3915623638357336,-1.5250721367635736
22533,4.542,0.9999998737213205,-8.990186375169944e-05,-6.745959882012517e-05,0.0004898205797557532,-0.018761296386384272,-0.10796652188099741,9.75810296006583,0.008361716092078033,0.002976646260075161,-0.006821800650961203,0.6235735050856858,-0.38286143000850975,-1.531797079293743
22534,4.550,0.999999873178122,-0.0001000448870001323,-7.372048692152488e-05,0.0004880574247847628,-0.01606821734021094,-0.1473190268264518,9.74764811035763,0.007408881467115186,-0.0005152355884461251,-0.008341575676612076,0.6152747803607691,-0.3882223457720764,-1.5309725737748896
22535,4.558,0.9999998741264506,-8.196908826047902e-05,-7.508708875064437e-05,0.000489275055609834,-0.044143386116856295,-0.14058198968186159,9.717765218623462,0.014222985900023471,0.0006291342920862694,-0.007538083278337331,0.6155051967060888,-0.38365526090337365,-1.5364052686485097
22536,4.567,0.9999998698618154,-0.00010248549266065163,-7.868433207887126e-05,0.0004935401213443334,-0.03152018757130244,-0.12274043771382048,9.737952061360556,0.004916052697377819,0.0001059833510392352,-0.006892460975055748,0.6177069931682536,-0.3902238308387825,-1.5346146343461171
22537,4.575,0.9999998707093671,-8.4389317117688e-05,-8.035283976996572e-05,0.0004949778923684132,-0.037556193972789594,-0.15132329639524006,9.766572711093124,0.014222447006737526,0.0006300023376214323,-0.007537389294127755,0.6238238695108463,-0.3845379099180728,-1.5293338640202128
22538,4.583,0.9999998689876801,-8.552255525260342e-05,-8.28660725660725e-05,0.0004978390600802587,-0.0161370216835296,-0.1439234798892,9.747698724061378,0.009568960971433171,0.0003682129192468266,-0.007214525830389965,0.6272464551155865,-0.39379179089356575,-1.5275107239555792
22539,4.592,0.9999998715053765,-8.825351096037779e-05,-7.299801008461287e-05,0.0004938338166508937,-0.027881959151690776,-0.0925245184641066,9.797214934240586,0.009167915246038676,0.0032201376687792022,-0.008635422966439158,0.615977331304409,-0.39887800725144523,-1.5427971026326106
22540,4.600,0.9999998705573069,-9.137519665271822e-05,-8.282763830132938e-05,0.0004936350120860206,-0.016338240340524272,-0.1424230121571811,9.747720427382202,0.009092656211376981,-0.0013775631830494055,-0.007973446018773407,0.625293066609002,-0.3857358577733132,-1.5276125587747116
22541,4.608,0.9999998728023877,-9.402287454073931e-05,-7.349324464666379e-05,0.0004900547429090765,-0.01920814453440011,-0.1016851893300156,9.758169567766469,0.009167323622084833,0.00322062496651703,-0.008635016121035058,0.6191571940537225,-0.3951838650808399,-1.5404124682711358
22542,4.617,0.9999998699056374,-8.614717636032669e-05,-7.225315437543206e-05,0.0004975408065557339,-0.029213087873633664,-0.15791896693796348,9.72757506280581,0.011728790186088588,0.0012529364779240103,-0.006087351432297197,0.6167241928576078,-0.38805911255829495,-1.5370824701056989
22543,4.625,0.9999998686834916,-9.423319846415707e-05,-7.142973623954937e-05,0.0004986490717843265,-0.019479148872717462,-0.10004045079330894,9.758186030103284,0.007883400876438514,0.0012322291641990856,-0.007579517331376568,0.6189423469352886,-0.3857520349676493,-1.5288171142578013
22544,4.633,0.9999998738378021,-9.173160448051375e-05,-5.3906377098862806e-05,0.0004909213739080249,-0.02573661512860375,-0.1286402435737038,9.786820424691948,0.010449911577346512,0.00520999790968328,-0.00968931891417416,0.6243175853932543,-0.38109112237179693,-1.5271833279428169
22545,4.642,0.9999998732359295,-9.511504410198967e-05,-6.341739063232603e-05,0.0004903666870474049,-0.017066323352037078,-0.13850331906459493,9.74777566186723,0.009092179584128196,-0.0013764553626348108,-0.007971440571378843,0.6228318672010583,-0.383886438333367,-1.5354440633046633
22546,4.650,0.9999998756389886,-9.290825109821695e-05,-6.501114819868576e-05,0.0004856579192141311,-0.017025518852282085,-0.13771384517418092,9.747786919297909,0.010375123838655641,0.0006126505047860439,-0.009026240161902207,0.6121073831178746,-0.39575768613273227,-1.528423073151531
22547,4.658,0.9999998742763839,-8.893128657851217e-05,-7.84861525986161e-05,0.00048721490794131114,-0.010316516313427709,-0.1490971095649245,9.796595357661282,0.010776542834281111,-0.0022383159352531695,-0.007603960874441142,0.6191805401153736,-0.3923756073638009,-1.5311715585415915
22548,4.667,0.9999998729586752,-9.709762936345997e-05,-7.741909051731471e-05,0.0004885293937161652,-0.0538016254704794,-0.11962945217847079,9.756957013764376,0.00788232738300818,0.0012332044849870966,-0.007578361585546487,0.6186892666559072,-0.3950770955982214,-1.5323553272789814
22549,4.675,0.9999998666095696,-0.00010631224200298439,-6.991222901986529e-05,0.0005005904814450908,-0.017054693006383098,-0.1354732395621294,9.747818264121014,0.007550155587594817,0.0027379172856866973,-0.0050049978524519525,0.6150263969269676,-0.39044206651330676,-1.5326516669725236
22550,4.683,0.9999998690725511,-0.00010410887879595842,-7.150215822558383e-05,0.0004958867442637806,-0.041459568564343637,-0.10117604497526848,9.777130128250386,0.01037425271376034,0.0006135752213260935,-0.009025050140737203,0.6160022987046663,-0.38922470602486303,-1.532914429683019
22551,4.692,0.9999998750596999,-9.148283239665115e-05,-7.597612761029484e-05,0.0004855297154218484,-0.0045715715163187195,-0.1166974156327161,9.767997679176725,0.012866124104809633,-5.925071388925745e-06,-0.01047172965640076,0.6089437717230367,-0.38740263136627456,-1.5243750465385473
22552,4.700,0.9999998684625465,-9.398760195649541e-05,-7.206180703663725e-05,0.0004990474094009613,-0.026087391188867298,-0.12223067384905444,9.786901644320414,0.009234221940733587,0.0018767231289017593,-0.004637447175267167,0.6147648004677478,-0.3849179175359587,-1.5395607804180715
22553,4.708,0.9999998666690672,-9.024872602805709e-05,-8.588645042812631e-05,0.0005011392353119771,-0.04532580528608165,-0.12631241331105006,9.717955725362845,0.010775772590574632,-0.002236639691252655,-0.007601464788398292,0.6218550752559003,-0.39536327548895756,-1.5355336494082195
22554,4.717,0.9999998687629821,-9.309172524301555e-05,-7.658470188544348e-05,0.0004979384832745599,-0.038720351562067185,-0.13771846071682134,9.766769477606713,0.009163543991465002,0.0032232247241507734,-0.008632449869338891,0.6208900295116551,-0.3891988225139252,-1.5309738182386396
22555,4.725,0.999999866406079,-9.206507952151125e-05,-7.158315819653435e-05,0.0005035749167497699,-0.04775517196090265,-0.12625488460155757,9.805825173682969,0.010040856966992473,0.002119698510829254,-0.006450852523576263,0.617472770144813,-0.39163677892967996,-1.5306887104819917
22556,4.733,0.9999998633819358,-8.420313254949436e-05,-7.032042563412292e-05,0.0005110782526638874,-0.05167858752852119,-0.15317431117765662,9.746641587865902,0.01172544514950101,0.0012583676976602267,-0.00608317607504479,0.6189548778331173,-0.39154618664139745,-1.5238570958446316
22557,4.742,0.9999998703032303,-8.545639406686996e-05,-6.730817561563854e-05,0.0004975543556698251,-0.017724874333916094,-0.12876391755965008,9.74790800476807,0.00949506597852509,0.0017186661332949508,-0.011204023435327896,0.6277258716308877,-0.38700174984476543,-1.5310202072251573
22558,4.750,0.9999998717143702,-6.920919663161601e-05,-7.601946550189494e-05,0.000495986260549561,-0.011101626576304934,-0.14001276059521647,9.7967285457544,0.013742032874185116,-0.0011071948242876953,-0.008287117098033052,0.6201543382928202,-0.38360025844263074,-1.5322669747561135
22559,4.758,0.9999998726826477,-7.533613245306354e-05,-4.812625976481282e-05,0.0004966316727718611,-0.0394394352802307,-0.13335284797438107,9.766827183692062,0.008426865544936409,0.007580001280876268,-0.007482422803658664,0.6238275127104429,-0.38280966298663405,-1.5278918015815584
22560,4.767,0.9999998669181162,-6.775990164641838e-05,-6.597564407921347e-05,0.0005071681773121884,-0.030772550098725898,-0.14323711063214253,9.727797520104593,0.011652742303531562,-0.003337787131604473,-0.005416546848189765,0.6169807082967163,-0.38921499970826134,-1.5321845416251718
22561,4.775,0.9999998662923172,-8.310883857272671e-05,-6.11601096998312e-05,0.000506722517552243,-0.024076414457616834,-0.15469322415205175,9.776619776280475,0.006195011275413617,0.0020962394868041727,-0.007942986454409828,0.625764751641381,-0.38753204892096377,-1.534182341328624
22562,4.783,0.9999998625884289,-8.029709687613265e-05,-4.900086350362482e-05,0.0005157270739800264,-0.03978233493143996,-0.13113600077078227,9.766855809382239,0.010513821744696563,0.0038691152987208434,-0.005690991172655425,0.611104246861142,-0.39418797570578773,-1.5389403454654946
22563,4.792,0.9999998655532124,-8.508791975180383e-05,-4.7140028281794535e-05,0.0005093441089842673,-0.03999170342393087,-0.13035714028573614,9.766865379402402,0.008686679216658432,0.001477449788369412,-0.00938833773737871,0.61551959416031,-0.3899279446314445,-1.5307064241590318
22564,4.800,0.9999998680360728,-8.289681706050624e-05,-4.871599081366872e-05,0.0005046609827516687,0.009460446231833099,-0.12889040023243242,9.777896903536282,0.010371306740676945,0.0006168627518742244,-0.009020063104975745,0.622590811036081,-0.3838702611390308,-1.5342228544822785
22565,4.808,0.9999998709043341,-8.786060071815052e-05,-4.670250025527073e-05,0.0004982877746762305,-0.003221443108920794,-0.1452544969559111,9.75776858758689,0.008686180009232358,0.0014779202960129478,-0.009387754548678061,0.6230870756024707,-0.382851723691908,-1.5310634904938305
22566,4.817,0.9999998600455853,-0.00010074636480119423,-4.0117201168768644e-05,0.0005178316234811449,-0.03433013530868206,-0.0988858519906502,9.738214011396478,0.006739439814101003,0.00249975808549268,-0.003188937620463205,0.6167562222693362,-0.386670273809888,-1.5244044901151896
22567,4.825,0.9999998636772253,-0.00010071408415565731,-4.880941150744935e-05,0.0005100194556764537,-0.02486781205535059,-0.15038100830775855,9.776685076912834,0.009896456003000919,-0.0011300279995878446,-0.009776861175707323,0.6240501893989139,-0.38658469112892,-1.5363880311680547
22568,4.833,0.9999998655908497,-0.00011059891510801042,-3.593434243673731e-05,0.0005052671421855999,-0.053059185967395686,-0.1439556376445392,9.746774684401602,0.007474917846387107,0.004086603062870408,-0.008997507038179413,0.6203826228243945,-0.38905500193334713,-1.5385434906851427
22569,4.842,0.9999998640210191,-0.00010486709134247019,-4.187771465337217e-05,0.0005091238489878532,-0.0036694777768697664,-0.1424843052485613,9.75780927465374,0.01124839352277863,-0.00048411546840237507,-0.006836626361556083,0.6189393449936507,-0.3882094040166075,-1.5300053520044212
22570,4.850,0.9999998667405923,-0.0001097074062047184,-3.988664944908729e-05,0.0005028838219068588,-0.040626897926952565,-0.12524017645007213,9.766929712713827,0.008685169134520668,0.0014787879796087696,-0.009386419862967168,0.6191664205746436,-0.39440297594144486,-1.5367603984606408
22571,4.858,0.9999998692819392,-0.00010739607844518634,-4.1456104264353164e-05,0.0004981802669430374,-0.025218019182079353,-0.14732962281186296,9.776730638979068,0.010369879711121494,0.0006188207511340591,-0.009017716515280081,0.6206527064594624,-0.39013970942823445,-1.5282749572636387
22572,4.867,0.9999998675999041,-0.00010855439086197414,-4.393142347490367e-05,0.0005010849716498981,-0.019291934058890688,-0.1172295726892709,9.748050565886876,0.00956284269526731,0.000377157316885764,-0.007204025359006976,0.6194372680765634,-0.3998785933357845,-1.5261895089189719
22573,4.875,0.999999866975009,-0.00011829237260778184,-4.9949897266855486e-05,0.0004995616944471564,-0.012637746193313022,-0.1286698431237228,9.796882223557667,0.007403743313404432,-0.0005104464365079015,-0.008329660439119714,0.6174788884630554,-0.39013970942823445,-1.5282669389891632
22574,4.883,0.9999998671474424,-9.810056633962106e-05,-4.398055178353322e-05,0.0005041300306388544,-0.019348218096016463,-0.11564565175734914,9.748069377439785,0.014686848026422995,0.0023956085282467203,-0.006765053335729551,0.6228327945464343,-0.3931597319420633,-1.5350769986136583
22575,4.892,0.9999998710825996,-0.0001117943446422988,-4.564182203087942e-05,0.0004932074948827436,-0.04090324857839748,-0.12121486234737266,9.766979344820129,0.006525155589177339,0.0005914913499028245,-0.010510945467736333,0.6223812329380612,-0.38442143411885255,-1.520541900647457
22576,4.900,0.9999998695195256,-0.0001199822396977269,-4.4554232877422296e-05,0.0004945504166903783,-0.04691805000069576,-0.14991431353936735,9.795687409209286,0.007877056191560754,0.0012380531864961007,-0.007571584660773301,0.6167341423757497,-0.39044853739104124,-1.5331442213177497
22577,4.908,0.9999998706984325,-0.00010178945413864231,-4.5707809267966667e-05,0.0004961379053363361,-0.025544283962631614,-0.1425862155530925,9.77680012408663,0.014212205263404033,0.0006492138809985491,-0.007521099573164982,0.6159979570296278,-0.38851499654054705,-1.5346329648135013
22578,4.917,0.9999998733544886,-0.00010663756443024817,-4.371050688018406e-05,0.0004899069586303499,-0.01967498868343522,-0.11237744332025601,9.748106943591852,0.008683219447404895,0.0014802124742618007,-0.009384247417441823,0.6152655456659217,-0.38875911572600924,-1.5346278790139265
22579,4.925,0.9999998715833086,-0.00010786640680703199,-4.643333584319182e-05,0.000492993052777807,-0.025687001759677898,-0.14091387752454418,9.776823993584413,0.009561469052883437,0.0003790999299335579,-0.007201923755244589,0.6277401056065846,-0.3883920498635923,-1.5253860713065197
22580,4.933,0.9999998740291712,-0.00010568981955248227,-4.799096984989948e-05,0.0004883320295061352,-0.04715870973043209,-0.1465328607362693,9.795737421198709,0.010367786845311474,0.0006212153033409068,-0.009014732033834625,0.6201712272135399,-0.3905923579716193,-1.5255819503553774
22581,4.942,0.9999998768829237,-0.00011744974266380093,-4.192133024169719e-05,0.0004802939696989247,-0.004387785909628394,-0.13296896001666683,9.757943279481719,0.006997436894219294,0.002340111383178862,-0.00975247716086784,0.6252776400305763,-0.3855726245595318,-1.5337187543634554
22582,4.950,0.9999998741787662,-0.00010961273647537926,-4.0612900413273554e-05,0.0004878299826314952,-0.041466923411391084,-0.11579628906585925,9.767042715552206,0.011719338795369037,0.0012691539312302098,-0.00607514822331392,0.6177073810344996,-0.3833852582069736,-1.5344611079388857
22583,4.958,0.9999998728019049,-0.00011810128363564274,-3.93945046919892e-05,0.0004887702256873884,-0.02012257562543873,-0.10857218546945714,9.748149154251413,0.007875669374641528,0.0012393034062067956,-0.007569883741433804,0.6208920268508668,-0.39358326153564305,-1.530183225305659
22584,4.967,0.9999998761723996,-0.0001179040204447467,-4.8274784829047616e-05,0.0004810648322113036,-0.03863601158374019,-0.154306294656564,9.756761981798745,0.009893727859982262,-0.0011260758208644398,-0.009769978037995406,0.6213570295640946,-0.38003229838784747,-1.5393980239217988
22585,4.975,0.9999998746522829,-0.00011923803516644113,-5.0650695440750564e-05,0.0004836447213379347,-0.013434782086036656,-0.11913826034419084,9.797001712009251,0.00956030621695649,0.0003808183420022217,-0.007200188332405937,0.6225999639916662,-0.380892299330476,-1.530599903528662
22586,4.983,0.9999998730412815,-0.0001274345258565301,-4.9555096983097343e-05,0.0004849970669894843,-0.0541582180645034,-0.12997749215354437,9.746965065383309,0.007875009152769286,0.0012398932479135724,-0.007569276049837788,0.6186878942268017,-0.3909335403230984,-1.5328985663770116
22587,4.992,0.9999998714443465,-0.00013579870757023652,-4.832638023823084e-05,0.0004861425332454785,-0.004726528250916254,-0.1285503746933903,9.75800233187604,0.007874843965914959,0.001240087802958466,-0.007569055654290101,0.6225983671748385,-0.3884697003964058,-1.5312319604630835
22588,5.000,0.9999998730385334,-0.00013165450444354784,-4.254632960486667e-05,0.0004845408327215221,-0.030017139995736193,-0.16218319888652163,9.717791748365707,0.010839079913851028,0.0023720089404030064,-0.008255803079381006,0.6223277648907052,-0.39031765856593215,-1.5417057871484916
22589,5.008,0.9999998706437816,-0.00013088520292584853,-3.7549021608734065e-05,0.0004900730096888526,-0.0050402005330870345,-0.12694150729000067,9.758023238381268,0.010032579785001917,0.002130491914300632,-0.006442698722631672,0.6223449517644826,-0.3877858744230277,-1.5349028260544861
22590,5.017,0.9999998730103494,-0.00011466331472029831,-4.620073162004174e-05,0.0004885663738552745,-0.026512559486176954,-0.13240369398875182,9.776940745698752,0.013735971802920575,-0.0010931357202557913,-0.008272148918710368,0.6150149605447534,-0.3804914178089668,-1.5371784508580917
22591,5.025,0.9999998746839258,-0.00012490428624442018,-3.341837316420018e-05,0.00048364683851344906,-0.011111426685078652,-0.15436692443319278,9.786782934791963,0.007467905430185522,0.004089570239014182,-0.008994321517297663,0.6145471966254622,-0.3852670320355922,-1.5290566012950966
22592,5.033,0.9999998645926805,-0.0001257304432167902,-4.123797117731566e-05,0.0005032950483387817,-0.03339400541949934,-0.11880179249370632,9.728117976106583,0.009631931046452751,-0.0009592152367521074,-0.0032029203233271157,0.6218518771400334,-0.39196178408682286,-1.536799537439848
22593,5.042,0.9999998671358019,-0.0001306141049786713,-3.9283831997464335e-05,0.0004971168020826199,-0.01419051653809403,-0.11289307523998746,9.797074601043787,0.00867990211637557,0.0014826427701973002,-0.009380277718218408,0.6260101903510278,-0.3894785315269269,-1.5336688378778158
22594,5.050,0.9999998654206941,-0.0001317894643724031,-4.173417226803804e-05,0.0005000483874402421,-0.05491354488106191,-0.12375192748276509,9.747041870500976,0.009558743140824047,0.00038301287281368495,-0.007197512335417569,0.6211230681062927,-0.3892570604135353,-1.535368566344329
22595,5.058,0.9999998681806416,-0.00012962761207731597,-4.302823125266741e-05,0.0004949585363639348,-0.03942723456299179,-0.14576487130622612,9.756890162515564,0.010364612352583338,0.000624975139857761,-0.009009811957171345,0.6140551102555866,-0.382112895257787,-1.5305621387239028
22596,5.067,0.9999998706766541,-0.0001274655068817346,-4.456853249942568e-05,0.0004903191467640956,0.0011853683597321432,-0.13330845793461965,9.806942097979322,0.010364354265891393,0.0006252794193058494,-0.009009467709046712,0.6162502370547382,-0.3921347236172061,-1.5314115108924105
22597,5.075,0.9999998687175378,-0.00012169362671442777,-5.076039267109958e-05,0.0004951554816472677,-0.03354995646501238,-0.11480767141529627,9.728165397413058,0.011243300869488281,-0.0004739883480848651,-0.006826564108240706,0.6140480200306228,-0.39142824957175726,-1.5333686133162028
22598,5.083,0.9999998691934031,-0.00014369858816241975,-2.343982041913302e-05,0.0004903207799622174,-0.039742175327991625,-0.14340911380278834,9.756923793709785,0.004567815522995076,0.007554969783590949,-0.008978016776372576,0.6230732503230841,-0.3936673829461911,-1.5365358549853672
22599,5.092,0.9999998728631512,-0.00012928208162753444,-3.948221970888387e-05,0.000485799319512416,-0.005925870178688551,-0.11903598042270248,9.758122382610821,0.01326200367642655,-0.0028383039499239896,-0.009023520137992418,0.6143027016090434,-0.3930820814092497,-1.5291965691978158
22600,5.100,0.9999998774172869,-0.00012686885259290218,-2.1900311484776977e-05,0.0004781109510774489,-0.04888483005499472,-0.13092789419310125,9.795949960217593,0.01042866704278909,0.005223995961374848,-0.00967959883386465,0.61772290570004,-0.38647792164630146,-1.5283160872076378
22601,5.108,0.9999998745775568,-0.00012597555399148313,-1.708943073623064e-05,0.00048444089633067027,-0.01886300138154239,-0.13447106136669007,9.738050235345707,0.010029648015049134,0.0021342827884012856,-0.006439686511196574,0.6179527380048845,-0.38289054895831476,-1.5339799587734977
22602,5.117,0.9999998759379047,-0.00012184700101874446,-1.1291940156960623e-05,0.00048285606044656023,-0.0338236372597192,-0.15205254563076454,9.80582338878485,0.010835323874049221,0.0023761851429725017,-0.00825170570758782,0.6118451127049913,-0.38852793829601595,-1.535598953003281
22604,5.133,0.9999998795961926,-0.00010875681558870006,-1.0874190817544684e-05,0.00047839450981074894,-0.015882284529775748,-0.13825575281729258,9.762507687885918,0.011441529548959517,0.0010733461611914213,-0.008443595196196557,0.616491648390257,-0.3843358514378847,-1.5324921350217315
22605,5.142,0.9999998847115745,-0.00010858522666256111,-7.55955730241859e-07,0.00046774513824837985,-0.05340770663257824,-0.1545956455704158,9.736918175725213,0.009954943442523453,0.0034758266998645686,-0.010433599991096453,0.6243114670750116,-0.38258819187324244,-1.5296050994356454
22606,5.150,0.9999998763639071,-0.00011138767854842323,-1.588504253483286e-05,0.00048436826965053155,-0.012793084534744483,-0.14213569640032875,9.786966159944445,0.009158519631259942,-0.002703240174300897,-0.0039535010997181685,0.6162549012046132,-0.3840529069860157,-1.5295653327830325
22607,5.158,0.9999998804081496,-9.52047276003917e-05,-5.209186398100027e-06,0.00047967969643439176,-0.05644044282542273,-0.11285454540216323,9.747165416194978,0.01379666199988218,0.003511802435187294,-0.008936580090674906,0.6145426669501209,-0.3789425812856457,-1.5308495512820455
22608,5.167,0.9999998735753658,-9.775874617399157e-05,-1.2188984584227268e-06,0.0004932453692517871,-0.00048244995800919707,-0.12301466092411646,9.807076680279533,0.009222186906024946,0.001894814374185869,-0.004625757744347789,0.6228418984584622,-0.3887170550207353,-1.5314734602312938
22609,5.175,0.9999998772982795,-9.784371882735031e-05,-1.0042760546229773e-05,0.0004855194906522028,-0.04113998576896721,-0.13394190901093758,9.757052557504975,0.009890061729538293,-0.001121203267413792,-0.009759471766635528,0.6147950532362719,-0.3857358577733132,-1.5275860367899086
22610,5.183,0.9999998798153442,-0.00010272198968756113,-8.023438168841599e-06,0.0004793256875438287,-0.04114414496635247,-0.13319038956816975,9.757062827029008,0.008676111851985649,0.0014854209820844486,-0.00937529725942492,0.6228386104294072,-0.3826302525785165,-1.5327749379768847
22611,5.192,0.9999998769374123,-9.514025530716347e-05,-6.595538992824689e-06,0.0004868572599381938,-0.02570647842038987,-0.15515216120508554,9.76694647469474,0.011712459719131795,0.0012807667634143005,-0.006066112259944503,0.6186852801514101,-0.38655233674024775,-1.5339332777164003
22612,5.200,0.999999875361195,-9.632959132985535e-05,-9.02622056884269e-06,0.000489812955673354,-0.019875268952192847,-0.12507769065681612,9.738173401768158,0.009555421592806763,0.0003877417469061151,-0.007191649789175372,0.6196698080617024,-0.38504556092220055,-1.5307816181657248
22613,5.208,0.9999998723861666,-8.868743182211597e-05,-7.6287849552814016e-06,0.0004972966839836107,-0.013282769878003364,-0.13616397248924947,9.787050413775445,0.011711979047064806,0.0012814102780041548,-0.006065541681115235,0.6235811102680007,-0.388925584378658,-1.5287867727032958
22614,5.217,0.999999880239265,-9.220080971077623e-05,-1.2034027839031273e-05,0.00048049521181222005,-0.007436815232153318,-0.10611385479418652,9.758270420581523,0.009009366374953458,-2.2546353962259396e-05,-0.011940649313693881,0.6213571358251354,-0.383205847798856,-1.5393559633507528
22615,5.225,0.9999998708385919,-0.00010726641432295467,-1.2528647606771887e-05,0.0004966485163113951,-0.05397200796869409,-0.14644700051090104,9.737041029890309,0.0062584874438767245,0.0007618572379430984,-0.003938438846121186,0.6155120870651095,-0.3867932204868427,-1.5336779056069747
22616,5.233,0.9999998749404754,-0.00010487857708259676,5.068607876762112e-06,0.0004889722150186775,-0.004687707023470012,-0.14486195637985472,9.748093280801088,0.01042276116811455,0.005227634858757031,-0.009676713422254426,0.6211237702734493,-0.37338284248075804,-1.5350906323867441
22617,5.242,0.9999998758758475,-0.00011052099484252901,-1.2096885564361078e-05,0.0004856820615945463,-0.04174455781695391,-0.1277357096654133,9.757133211944561,0.008612235443657043,-0.003110930839794054,-0.008698843957450592,0.6198893520257163,-0.3873720511460496,-1.5405178523555132
22618,5.250,0.9999998701480429,-0.00011505162331106634,-1.542729799831259e-05,0.0004962146911663387,-0.004633839836808708,-0.14338429454482327,9.7481151517602,0.008748901300040123,0.0001479307108959078,-0.0053782315156598445,0.6103759483025405,-0.3883064671826244,-1.5373073165346138
22619,5.258,0.9999998713926044,-0.00011106885837791713,-9.99709575934494e-06,0.0004947509890155603,-0.029177299383570287,-0.10896469503313003,9.77722247583551,0.010830560779045168,0.0023810285134302426,-0.00824722984843293,0.619655680347046,-0.38682881031438227,-1.5363736935133159
22620,5.267,0.9999998726546896,-0.0001069619075126387,-4.178132306065212e-06,0.0004931858655292755,-0.04189721673922027,-0.12536095918503082,9.757163358744057,0.010830300640854504,0.0023813360623175014,-0.008246883153254314,0.6113725129833748,-0.3962588662591256,-1.5293912255490465
22621,5.275,0.9999998654705662,-0.00011637839285130458,3.170405606894019e-06,0.0005054748932569743,-0.04209911882895906,-0.12461667674656003,9.757172022270096,0.007534016962807526,0.002754518837241389,-0.004994993202196196,0.6186862728881956,-0.39777858383264164,-1.5335403295970593
22622,5.283,0.9999998651035524,-0.0001125127335610069,-1.012538837553408e-05,0.0005069824830996997,-0.026558497443491064,-0.146643668157401,9.767075648676897,0.01076821157560097,-0.0022156096291434274,-0.007570974088784894,0.6262684252158567,-0.38671880539289644,-1.528090321034737
22623,5.292,0.9999998664933091,-0.00010816567511211556,-3.999100846417478e-06,0.0005052697871798003,-0.029583275618683562,-0.10571579912418355,9.77725692416633,0.010829521604609286,0.002382069906157431,-0.008246143776623742,0.6174628614963021,-0.39046795002424467,-1.5346107821272308
22624,5.300,0.9999998677222943,-0.00010406295847002727,1.8243038033607441e-06,0.0005037092085687777,-0.026739545262505295,-0.14488686944077064,9.767101373410771,0.010829261627931432,0.0023823774114186368,-0.008245797333254236,0.6145374596294018,-0.38922470602486303,-1.5329107289409531
22625,5.308,0.999999867342223,-0.00011420093435938984,-4.580102354142538e-06,0.0005022476540360759,-0.008409166453773624,-0.09767292742931322,9.75835776800549,0.007396957343960505,-0.0005040779332496563,-0.008313610806633048,0.6167396766535171,-0.38993118007031174,-1.5309536265171613
22626,5.317,0.9999998713769312,-0.00010480019311267677,9.488010981376174e-06,0.0004961582596173305,-0.039478335914093936,-0.16064664692779113,9.747062675177094,0.012104506629030778,0.004374803911234215,-0.009302963966915646,0.6162403284062274,-0.3909658947117707,-1.5353335825376495
22627,5.325,0.9999998697157931,-0.00010590335930515993,6.934663932825522e-06,0.0004993043018578158,-0.042700399688120505,-0.11971655500539749,9.757230762944065,0.009552751610464007,0.00039159803222780685,-0.007187094800390361,0.6213802329772858,-0.39138618886648324,-1.5302135777432258
22628,5.333,0.9999998666797012,-9.811157059272633e-05,8.31897390258231e-06,0.0005068979131880831,-0.06419190169133522,-0.12527595238508726,9.77615754760151,0.011708517858984522,0.0012873128401727435,-0.00606099995960923,0.6135485982179968,-0.39026589154405644,-1.5377776881935692
22629,5.342,0.9999998691801265,-9.587671269085429e-05,6.718167098265777e-06,0.000502396508370723,-0.027266930420453774,-0.1407157432787858,9.767160899288129,0.010357463458761179,0.0006332466074922763,-0.00899787398549659,0.6191848981382646,-0.3935735552190414,-1.529446552554025
22630,5.350,0.999999868821139,-8.981684867534945e-05,1.9885464131683722e-05,0.0005038801513799074,-0.0488808500488514,-0.14625710803446523,9.786090101484387,0.011297983150210422,0.004134799340110453,-0.0074905675490463544,0.6159881301203791,-0.3897873594897337,-1.5385226821733202
22631,5.358,0.9999998727511732,-8.95034771818649e-05,1.0960859952138982e-05,0.0004963533264189863,-0.02756413958412222,-0.13897615240235678,9.767184972202216,0.009886768578586965,-0.0011169251021007141,-0.00975045441942535,0.6204131535064097,-0.39817299447641635,-1.5264587424865512
22632,5.367,0.9999998737967123,-8.540990579045236e-05,1.6794349095324973e-05,0.0004948026447993019,-0.006176438267720502,-0.1317146021205688,9.748278959936833,0.010827014805710654,0.0023848318170538833,-0.008243441267626337,0.6098983166043697,-0.39313384843112537,-1.5330913614741482
22633,5.375,0.999999866592843,-9.458437855260418e-05,2.422647752798702e-05,0.0005072289123126775,-0.02780701748807394,-0.13738963999118428,9.767206728189143,0.0075313174602018255,0.002757247907664312,-0.0049932557615550875,0.6162365952934428,-0.3900088306031253,-1.536811234690266
22634,5.383,0.9999998650155674,-9.578952084867668e-05,2.181871533931985e-05,0.0005102128562277891,-0.0279282793089299,-0.13669584001146745,9.767216117612033,0.009551533161523308,0.00039327727864663315,-0.0071848681287935935,0.6152586634808273,-0.3858652753280024,-1.5373520066269193
22636,5.400,0.9999998660073858,-0.00010202634674014014,2.117345060430441e-05,0.0005070774301920503,-0.021751188015482977,-0.12691083713102552,9.777255786514974,0.009110949505311845,0.0009414354567781446,-0.00827638693541743,0.616243477478537,-0.3929026710011322,-1.534087107077273
22637,5.408,0.9999998642879844,-9.600239960618161e-05,1.5077561753960268e-05,0.0005118400327597327,-0.04948012150049164,-0.14079198746180294,9.786167241461014,0.011236491832370282,-0.00046013130991187797,-0.006811216372722577,0.6108604948815106,-0.38734940307397897,-1.5387862022679188
22638,5.417,0.999999866844348,-9.387708714043026e-05,1.3579580450561014e-05,0.0005072612478241814,-0.006623014091950716,-0.12707578897989252,9.748340240107192,0.010355557877065597,0.0006354439792801557,-0.008994829365628464,0.6182006436592516,-0.384824089808809,-1.5324899816970574
22639,5.425,0.999999865248743,-0.0001023324796480586,1.4412313975829106e-05,0.0005087463466152495,-0.05261671421574136,-0.09911426560890153,9.796304163684393,0.007864970012881431,0.0012486294932006333,-0.007556423543751018,0.6223461525411379,-0.3868029268034444,-1.5344275309558382
22640,5.433,0.9999998663404831,-9.824764406247681e-05,2.025505353075731e-05,0.0005072042487874803,-0.012676239796935527,-0.15473250951381243,9.777211213557672,0.010824901185331231,0.0023871104600639726,-0.008241372882950323,0.6228395296008568,-0.3916594270017506,-1.5324111087144219
22641,5.442,0.9999998647866933,-9.242901722698205e-05,1.4600469053110787e-05,0.000511537191202559,-0.006900667938998385,-0.12468182927365695,9.748370960835667,0.011235755107586147,-0.0004587220002134255,-0.006809754949430046,0.6255317212206692,-0.38771793020681583,-1.5297843577943924
22642,5.450,0.9999998658397797,-8.834661263910978e-05,2.0445479624613993e-05,0.0005099973341317919,-0.0439815209922047,-0.10747314246411777,9.757367611476903,0.010824318368179443,0.0023876235880157816,-0.008240840339744262,0.625774594898482,-0.3867479243427015,-1.530286153111721
22643,5.458,0.9999998600961033,-8.593009543366119e-05,1.416456423209215e-05,0.0005217500908642823,-0.028459357976591583,-0.12934147344378052,9.76731474294847,0.010430681754469689,-0.0006991716418789358,-0.004998117858743046,0.6198868115156604,-0.3851879202323587,-1.5415234448380235
22644,5.467,0.9999998628239237,-9.083945500542266e-05,1.620426114400638e-05,0.000515594558800486,-0.028483842448034632,-0.1285658868505441,9.767324910389567,0.008668657516735208,0.0014903490925954274,-0.009366149206061655,0.6174702950261669,-0.39140560149968673,-1.5316684195361658
22646,5.483,0.9999998621438223,-8.104785302260966e-05,1.6059603860096414e-05,0.0005185418700926566,-0.02414724351725735,-0.13277938616573126,9.747862365839563,0.011029124552273308,0.0009656433351753066,-0.0075240453526411516,0.6194177569065258,-0.3882611710384832,-1.5339124800876387
22647,5.492,0.9999998662110848,-8.095481877041514e-05,7.282543594809095e-06,0.0005108532999628283,-0.04112840512311818,-0.14336516784137143,9.74732535238405,0.009884191196941634,-0.0011139050399149237,-0.009744113342887212,0.6196698489313333,-0.38626615684951154,-1.5307654410230147
22648,5.500,0.9999998618063852,-8.746352948631246e-05,-3.3554572994459414e-06,0.0005183879647858895,-0.02851167878507333,-0.12528414256594478,9.7673674747285,0.008274929130144737,-0.00159563606489998,-0.00612234043160868,0.6181885705012906,-0.39270061252094396,-1.5372688161118742
22649,5.508,0.9999998645592599,-9.237223855510842e-05,-1.2905933979394703e-06,0.0005121983655878871,-0.019571491792492773,-0.13552745669269284,9.728422226353581,0.008667345877726159,0.0014911880425144473,-0.009364976636922132,0.6089181140212634,-0.3948620953625642,-1.5345309567514251
22650,5.517,0.9999998642154673,-9.554966427129688e-05,-1.1021353064013142e-05,0.0005121697360181847,0.008522980764562413,-0.14017585393586457,9.758411404419567,0.009079139351485776,-0.0013541458981615707,-0.007932463103033697,0.6284553300965133,-0.3906797148210345,-1.5321941182000998
22651,5.525,0.9999998664883417,-8.620227983408456e-05,-1.6009554325152388e-05,0.000509250586558312,-0.04091743340289801,-0.1403722910250724,9.747369801693791,0.012038109816009794,-0.00021424844338652593,-0.00861712550363633,0.6213856855157912,-0.3884276396911318,-1.5280553372280574
22652,5.533,0.9999998648067867,-8.742290902007805e-05,-1.839775559714867e-05,0.0005122549813982265,-0.0623382505961101,-0.14591542104444433,9.766308553661196,0.009547826812409687,0.00039794709794686595,-0.007179904833011092,0.6191524191605952,-0.3815358387670274,-1.542302481114345
22653,5.542,0.9999998661210533,-8.36297384218384e-05,-1.2455814656694842e-05,0.0005104985752548938,0.008493536048473542,-0.13760963120064612,9.758447956471658,0.010820962864622925,0.0023908391130876877,-0.008238362842933113,0.6182032332128646,-0.38847293583527304,-1.5314649766432948
22654,5.550,0.9999998685921678,-8.152023369258315e-05,-1.3936917371884235e-05,0.000505940570685317,-0.04113316093573922,-0.1378166992775337,9.747405360774264,0.010351746480689634,0.0006394011024573775,-0.008989797120392513,0.623062973847894,-0.3815131906949568,-1.540603520914997
22655,5.558,0.9999998698577657,-7.773725610252798e-05,-7.992885059694374e-06,0.0005041601776420905,-0.016269824637323592,-0.10223195333431045,9.787459158159587,0.010820381961391786,0.0023914983289010836,-0.00823775380371215,0.6191759777443276,-0.38507467987200567,-1.5329774502427085
22656,5.567,0.9999998678989347,-7.193160700421808e-05,-1.3903776980675846e-05,0.0005087579399869558,-0.025712308051265356,-0.15877224185257954,9.757392705749176,0.011232775780259684,-0.0004534273069948806,-0.00680454670402857,0.6101608195789012,-0.3888867591122512,-1.5258234283574648
22657,5.575,0.9999998689059748,-6.793494628835813e-05,-8.16865380970615e-06,0.0005074506377919753,-0.041386787280150814,-0.13517362087908638,9.747441299182505,0.010819800499350609,0.002392010902396858,-0.008237223111142495,0.6198793943336481,-0.3847385071278411,-1.5444593365720043
22658,5.583,0.9999998658998613,-6.720364302955561e-05,-3.2086270992505306e-06,0.0005134916111180352,-0.06965421208242113,-0.1289997501031721,9.717467362030511,0.010015386638276442,0.002151428082124116,-0.006426498766609515,0.6203904115248005,-0.38217760403513157,-1.5354605434010147
22659,5.592,0.9999998680993603,-5.849466387235727e-05,-8.258556580037485e-06,0.0005102072451675745,-0.050571529466154494,-0.12247777619999556,9.786408006453891,0.012036384361580938,-0.00021164921237196111,-0.008613728609680451,0.6191815692395785,-0.38626615684951154,-1.530764207442326
22660,5.600,0.9999998712719028,-7.04503540687762e-05,-2.6824292979658245e-06,0.0005024795815126443,-0.013618588869833807,-0.13798898039001212,9.777460584856126,0.006978949783235427,0.0023449414973526627,-0.009736345514722413,0.6231056921228373,-0.3861723291223619,-1.5236946423020004
22661,5.608,0.9999998665286427,-6.0807535161720564e-05,6.446927600746606e-06,0.0005130337005031917,-0.054400921182987054,-0.149271952411015,9.72747099302722,0.012168884878362226,0.003052539463062325,-0.005300066924776486,0.6157516972356455,-0.3804687697368962,-1.535471472384268
22662,5.617,0.9999998747666747,-6.436014482949921e-05,2.0607519870382264e-06,0.000496306518257856,-0.013943662190947502,-0.13634835904992942,9.777483143809766,0.008999961340938823,-1.8158337419916556e-05,-0.011922804408888363,0.6167365929726172,-0.38994735726464785,-1.5321742185492013
22663,5.625,0.9999998757145981,-6.052856610021962e-05,7.789380814852679e-06,0.0004948195697862334,-0.04212020003819554,-0.1302346415105753,9.747505397887172,0.010818145193417048,0.0023939485885150565,-0.008235413405345421,0.6196654500388115,-0.38384761306696025,-1.5325066241532912
22664,5.633,0.9999998771949444,-7.269914236874924e-05,-5.747111908860966e-06,0.0004901957790061507,-0.04211662947350878,-0.12951711992562545,9.747514971645847,0.0069232487583542794,-0.0022516175023451447,-0.009052721198066062,0.6208857695758787,-0.39093030488423114,-1.532659999083702
22665,5.642,0.9999998788765813,-5.661613032578137e-05,-1.4111650501393598e-05,0.0004887149451996578,-0.01388045678528803,-0.13398036017497136,9.777515972081556,0.013720835355489092,-0.0010608172248252634,-0.008236680384091885,0.6162426073506446,-0.38533821169067123,-1.5344315237684836
22666,5.650,0.9999998760007779,-5.589394084070947e-05,-9.140461270447325e-06,0.0004947633250821051,-0.02639033990217272,-0.15040657824828776,9.757523433784623,0.010013236837013476,0.0021540974662475,-0.006424680804481487,0.6159954001717196,-0.3858426272559318,-1.5356450281530958
22667,5.658,0.9999998743802873,-5.7342093764220056e-05,-1.1687304718273992e-05,0.000497809904780819,-0.02648575959745635,-0.14961291453631614,9.757535376450283,0.00954490929267951,0.00040194579210970683,-0.007175251421870365,0.6216056990853133,-0.38635674913779405,-1.5376056907251943
22668,5.667,0.9999998749398527,-4.626210312453726e-05,-9.332218509802952e-06,0.0004978885489641786,-0.014084484635863056,-0.13132096347128452,9.777551759150734,0.012502413577001846,0.0015440547881168639,-0.007859406312917917,0.6176969537369233,-0.38514909496595195,-1.5385884728480284
22669,5.675,0.9999998756299039,-6.375863419553034e-05,-1.202531469979901e-05,0.000494500156801635,-0.005204323287854669,-0.14156580471800478,9.738627586421034,0.005704890260628575,0.00035237004454806995,-0.008675180296252602,0.6162580094072918,-0.3847690873480661,-1.5283350344653663
22670,5.683,0.9999998753160019,-5.775717075525276e-05,1.1992349413304488e-06,0.0004960147698403296,-0.014327323252459133,-0.12988900475317042,9.777570533480553,0.011284009614395175,0.004148564087747934,-0.007483112323803854,0.6216108945403918,-0.39414267956164656,-1.5355492097605854
22671,5.692,0.9999998762645663,-5.36498496966979e-05,7.169848175225851e-06,0.0004945110098552055,-0.06409563493064403,-0.13013075461444254,9.766520254733512,0.010815869261572348,0.002396301826963395,-0.008233329688246591,0.6159852589615604,-0.39615063550608703,-1.539659153063268
22672,5.700,0.9999998800047886,-5.35104717390327e-05,-1.636430716346166e-06,0.00048695416625266615,-0.014628320378484586,-0.1281475547048,9.777593065510139,0.009880001693127225,-0.0011086528831926014,-0.009733985572516776,0.6204178176562849,-0.39009117784522596,-1.5246125643771733
22673,5.708,0.999999877402057,-5.956136095758955e-05,6.8999253140310005e-06,0.0004915289474132855,-0.021371812242975893,-0.11572939108025343,9.728674097904532,0.008325693294752924,0.003007137078990276,-0.0067981475909773825,0.6130783591800596,-0.3948103283406885,-1.5306355476847486
22674,5.717,0.9999998797495189,-5.7470443064812354e-05,5.440583641007367e-06,0.0004869994823292558,-0.04871683101598857,-0.15047273668249878,9.77655001889296,0.010347377939411304,0.0006445507430473639,-0.008982847364037275,0.6167325819463416,-0.3806902408502878,-1.5337618752722466
22675,5.725,0.9999998777338318,-5.172910295382257e-05,-6.169928841839356e-07,0.0004917886132728307,-0.04292965112151474,-0.12051405065931252,9.747626894065872,0.011229354901503246,-0.00044652272255073716,-0.0067974005536873714,0.6147753176785123,-0.38583939181706456,-1.5353978257949665
22676,5.733,0.9999998790544705,-5.471839421365099e-05,8.790401869490234e-06,0.0004886917948945413,-0.027402880866635875,-0.14235765854153629,9.75764139136673,0.009128538979036592,0.003248413753464382,-0.008607419808252267,0.6225927511578091,-0.3865458658625132,-1.5334549095490921
22677,5.742,0.9999998789420208,-5.8083176019878583e-05,-9.015115914502608e-07,0.000488611784300285,-0.027470357205533896,-0.14161942749207862,9.757651943775604,0.009075644679791004,-0.001348219100261936,-0.007922259103386117,0.6211252080939644,-0.37947935123957843,-1.5345215098603775
22678,5.750,0.9999998763342476,-6.44034290458282e-05,7.603936055921857e-06,0.0004930779536933125,-0.006113024060382856,-0.13450052399393644,9.738727200914262,0.008324425001819059,0.0030082291032747666,-0.00679734571575923,0.6220962495475592,-0.38048494693123236,-1.536708100965259
22679,5.758,0.9999998856558345,-7.046292656217116e-05,-3.949206578992645e-06,0.00047297748173373626,-0.024386360923123875,-0.1803169604859989,9.74769265897334,0.008529162832687898,-0.0017690828149883617,-0.012666487460709124,0.6147822489071639,-0.39019794732784463,-1.5326542856107215
22680,5.767,0.9999998887514575,-5.411712007001948e-05,6.67691990086705e-06,0.0004685337007804798,-0.009397886423753483,-0.09282593712709848,9.74872425675055,0.013769908201576165,0.003542834226962445,-0.008915020027370456,0.6186910187773328,-0.3921379590560733,-1.5316617972022613
22681,5.775,0.9999998837339937,-6.555671158932709e-05,6.882262318281625e-06,0.00047768917770592463,-0.0278045506228875,-0.13848166234163675,9.757696032169305,0.007052927893646036,0.0010153794105779528,-0.0057370408282763265,0.6206433082860909,-0.38579409567292333,-1.5319949710735161
22682,5.783,0.9999998790633461,-5.5869527601853e-05,1.57040709953927e-05,0.0004883700145730021,-0.0065486899923371,-0.1312888416738867,9.738770746452577,0.012162449772907315,0.0030622963495360125,-0.0052952303244786225,0.617467795385742,-0.3904420665133068,-1.532657834875966
22683,5.792,0.9999998814091783,-5.3806820806765356e-05,1.4344425742700112e-05,0.00048381886365092157,0.008951251584577569,-0.15303055517077094,9.748801921902768,0.010345458949456755,0.0006468313046819395,-0.008979774758864375,0.6206272159279278,-0.3841693827852359,-1.5383646976399197
22684,5.800,0.999999882554045,-5.680557028336611e-05,2.3759299831148876e-05,0.0004807291531707363,-0.04967012244274439,-0.14241105033407864,9.776665976184146,0.009126294844294778,0.0032501838247080347,-0.008605687425775487,0.6240579662336792,-0.39777534839377443,-1.533309780578225
22685,5.808,0.9999998842283508,-4.057301303060037e-05,1.5486616004931086e-05,0.00047922570943483917,-0.0283349370866593,-0.13507190406900718,9.757742305904573,0.013716979999890227,-0.0010520519687525602,-0.008226986890706344,0.6113519072977229,-0.388797940992416,-1.537547431245315
22686,5.817,0.9999998872308725,-5.2554593053491026e-05,2.1071728697270356e-05,0.0004715211968550747,-0.03414459826195533,-0.16329349628455417,9.78671636019445,0.006972778439836354,0.0023469251710142446,-0.009730856446550841,0.6177102076319726,-0.39411356061184144,-1.5333422754574044
22687,5.825,0.9999998853360376,-4.665239057545258e-05,1.4923201320998132e-05,0.00047637040680561165,-0.02844573957258369,-0.1334948263151318,9.757763685031204,0.011227267390158417,-0.00044208154994584286,-0.006792851657451335,0.6260020419978687,-0.3856146852648058,-1.536894144017793
22688,5.833,0.9999998842038283,-5.493235000640026e-05,1.6090599973049012e-05,0.00047782408864547015,-0.04988470886185027,-0.13913255969827212,9.776712088854088,0.00785505677125386,0.0012571164532009052,-0.007544943630282869,0.6150206419531925,-0.3843682058265569,-1.5349296183437466
22690,5.850,0.999999882843263,-3.8357790860925995e-05,1.2715084422703987e-05,0.00048236963732311856,-0.028555000864572768,-0.13143942342493412,9.757791281416436,0.011861733584356469,0.0005557007015344123,-0.007322021338633391,0.6203930501219708,-0.38729116517436873,-1.534416125776
22691,5.858,0.999999886584409,-3.8336728386963e-05,4.050646453234702e-06,0.0004747052316805013,-0.007129285378960806,-0.12366533214020346,9.738870125656428,0.009876985184784191,-0.0011047048583974041,-0.009726257673863283,0.6245503669044651,-0.39189383987061105,-1.5316798355990653
22692,5.867,0.9999998905211088,-2.3957439990173857e-05,7.349318339692753e-06,0.00046725774377404274,-0.01612150862599936,-0.11167848580552418,9.777792695466186,0.013298934544901348,0.0017941959300779883,-0.009660473076411182,0.6147706208329324,-0.39294473170640615,-1.5372569456185123
22693,5.875,0.9999998962089035,-1.836710579714432e-05,6.89014082142331e-06,0.00045518936456938244,-0.04109409542728766,-0.14560565327387953,9.737865744185228,0.011146066201442312,0.0008899474567433415,-0.010785527522558286,0.6242994184388292,-0.3911970721417639,-1.534374227564836
22694,5.883,0.9999998867052281,-3.135802555159279e-05,1.3604596053689269e-05,0.0004747853415112546,-0.0006951599258742518,-0.13259028961496724,9.78785386904319,0.006714009232191153,0.002531019798384123,-0.003176366372802908,0.6240607965228668,-0.39019147645011015,-1.5321894868309873
22695,5.892,0.9999998864120856,-1.3174427605037738e-05,1.2888146042712321e-05,0.00047627318441452335,-0.041349379721208786,-0.1440374068551003,9.737887988629849,0.014181116290859308,0.0007060515321833988,-0.007473486647600383,0.6162505268338698,-0.3823667207598509,-1.531296809627683
22696,5.900,0.9999998881961214,-2.3219137760789564e-05,2.582497219367627e-05,0.00047159483370236814,-0.022420105527155027,-0.13726617040995379,9.806818182931618,0.0074365967888509995,0.004101240605740465,-0.008980095860421741,0.6169849600585665,-0.3872393981524932,-1.5305015962086514
22697,5.908,0.9999998851614778,-2.2736726513936495e-05,3.079905161464554e-05,0.00047771486408279784,-0.04501146491338546,-0.10236009198672577,9.747825040739874,0.010005552516330866,0.0021638357969758063,-0.0064171680968439365,0.6264993973881585,-0.3987518251356232,-1.5333030067674995
22698,5.917,0.9999998832008822,-1.6962563562152475e-05,2.4951247615547013e-05,0.00048237737175486526,-0.022730336146731197,-0.13568862237614027,9.806839424402728,0.011225266280292624,-0.0004383525340994171,-0.006788673733348076,0.6216240049964838,-0.3804008255206844,-1.5303597888179612
22699,5.925,0.9999998855230079,-1.4836008426770519e-05,2.3937961249023665e-05,0.0004776618451158977,-0.029412680110662857,-0.12325130922455418,9.757895580508276,0.010341883508013966,0.0006507296424921988,-0.008974281543753434,0.6162455402091583,-0.3992400635065476,-1.5332706307159565
22700,5.933,0.9999998877207309,-1.2769136964060406e-05,2.250638268888131e-05,0.00047316903709111513,-0.008045600257556691,-0.11600381189164352,9.738963684803137,0.010341629813076169,0.0006510323603505906,-0.008973944325619826,0.6194034984090504,-0.38613851346326966,-1.5395563222919022
22701,5.942,0.9999998933952932,-7.207458306539994e-06,2.186881798922358e-05,0.00046117156181340284,-0.035250837041763405,-0.15057006509184173,9.786916460649586,0.011144208326662049,0.000891696428583645,-0.010782468548741583,0.6186888824813754,-0.38360349388149806,-1.5325073924204562
22702,5.950,0.9999998954987432,-5.142762709038343e-06,2.0440106253153676e-05,0.0004566817891209225,-0.0353014175090727,-0.14969682321684588,9.786929673558754,0.010341093303304646,0.0006517254363498287,-0.008973217642141307,0.621370160850251,-0.38533497625180396,-1.534200357959305
22703,5.958,0.9999998972283479,-1.5465441300680923e-05,3.349733206811483e-05,0.00045186507130203597,-0.008336272501609917,-0.11354071563685347,9.738992466507247,0.007434412584811114,0.004102217894041351,-0.008979063708058663,0.6201501028788222,-0.38606409836932337,-1.5339434493155497
22704,5.967,0.9999998928057634,-7.934885428167796e-06,1.589755013894952e-05,0.0004626799837454583,-0.014099243481115428,-0.14178996584246342,9.768008041975412,0.01164177398439308,-0.003278352471439993,-0.005348563246568776,0.6218521505713128,-0.38170554285854336,-1.5366913070322046
22705,5.975,0.9999998940907546,-1.1286580302709126e-05,2.5456339573363296e-05,0.00045939423998654676,-0.029764664287677316,-0.11833357005856283,9.757955389029197,0.009119970861430892,0.003254535448178635,-0.008601523441964659,0.6235767358972574,-0.38723939815249314,-1.5305182495479464
22706,5.983,0.9999998961971698,-9.225563032857808e-06,2.403206456510641e-05,0.0004549098797147601,-0.02665730673795841,-0.15764806941178383,9.748079686050911,0.010340255298029786,0.0006527672899571181,-0.008971885074128823,0.6211249346626853,-0.3897355924678581,-1.5346297402680207
22707,5.992,0.9999998949042694,-1.0501562274132947e-05,2.199072948775486e-05,0.00045781827723113055,-0.017533092464093486,-0.09924259029519676,9.777924392873281,0.009537361919923933,0.0004127639380406774,-0.007162897384726648,0.6250306780694374,-0.3934006156886582,-1.5348351958918067
22708,6.000,0.9999999003967217,-5.117991788678831e-06,2.1471453525499414e-05,0.0004457794629699289,-0.048139709560506665,-0.16241286855795314,9.767051204138584,0.011142380394087355,0.0008935825778582745,-0.010779878988610846,0.6186927300291271,-0.38797822658661424,-1.5309844442682514
22709,6.008,0.9999999015361835,-8.035181397168332e-06,3.114981462028383e-05,0.0004425977272939767,-0.017740057061739718,-0.0975773378660218,9.777940779554138,0.009118747274898704,0.003255555575980688,-0.008600635576921749,0.6211248529234232,-0.38729440061323606,-1.5346620945534408
22710,6.017,0.9999999023257141,8.085064635013289e-06,2.2718103732269693e-05,0.0004413242366584696,-0.014553796540523974,-0.1367544568882057,9.768079172494483,0.013711742269469229,-0.0010407262527034056,-0.008215035320077163,0.6186817677346328,-0.3921864906390817,-1.5353235732983823
22711,6.025,0.9999999017043149,-1.9202803610243283e-07,2.3954755415251824e-05,0.0004427386280616273,-0.03596128761145,-0.14228568683300336,9.78703782095768,0.007850307797494339,0.0012611705538340568,-0.007539414533411308,0.6186759718912269,-0.3848920340250209,-1.5376177018123154
22712,6.033,0.9999999033139682,-1.0257027184777878e-05,3.690117528749845e-05,0.0004380698015334984,-0.0428578297652173,-0.13016697353767895,9.738076746407462,0.007431647493339499,0.0041033653712777545,-0.008977844129855419,0.6228215216427442,-0.3880914669469673,-1.539539073928386
22713,6.042,0.9999999065291497,3.872237209150894e-06,4.0247051862891764e-05,0.00043047284765904294,-0.020713494032555808,-0.16341907234721395,9.797138954515969,0.013292595316824566,0.0018026176784089662,-0.009652310380567547,0.6211385764239806,-0.3918614854819387,-1.529230016470165
22714,6.050,0.9999999062281768,7.6912961598323e-06,2.707280870562593e-05,0.0004321475957879758,-0.002560744624946608,-0.11592258310709523,9.788065154349594,0.010757199788308667,-0.0021867903880716634,-0.00753009981885066,0.6272289331108343,-0.38631468843252,-1.5344463376198074
22715,6.058,0.9999999073443182,4.687199045754543e-06,3.693338636525685e-05,0.0004288651414284044,-0.015002130860262388,-0.13262887530054934,9.76813537881858,0.009116938297308698,0.003256897923736939,-0.00859937029691347,0.6211157163156902,-0.39076060079271524,-1.5382785746499734
22716,6.067,0.9999999108320865,1.2004145968531176e-05,4.377687604897937e-05,0.00041985152684308386,-0.02192068363626755,-0.1203080225563932,9.719172679496312,0.011605327083139072,0.0026506082965286996,-0.01002927231700842,0.6162359131658531,-0.38805911255829495,-1.5370812365250102
22717,6.075,0.9999999090235006,1.7726404478594267e-05,3.78482521601477e-05,0.0004245070963756131,-0.024317479629003973,-0.11974390429005152,9.807043266140141,0.011221728299661062,-0.00043092795704286033,-0.006781407958659656,0.623063210891754,-0.38859264707336055,-1.5405096934872784
22718,6.083,0.9999999121658578,5.7124388566183434e-06,4.3444934386948605e-05,0.0004168311194700424,-0.024387664273911643,-0.11900241910276053,9.807052115289519,0.006964968856583418,0.0023492732155816856,-0.009724121982300878,0.6216024274041108,-0.3807581850664996,-1.5389006976137012
22719,6.092,0.9999998812055583,-2.1447651688230493e-05,-4.620430201098231e-05,0.00048476182768599293,-0.015663895243472663,-0.1294797347695226,9.76817659061798,0.008778298086912146,0.004772668303274453,-0.006042998079119137,0.6133119818151727,-0.3938888540595827,-1.534799119098198
22720,6.100,0.9999998807021125,-1.9587205851840037e-05,-6.679935503809266e-05,0.0004834769364436919,-0.04378484018111213,-0.12365047496787249,9.738157547981437,0.010291965581690068,-0.003939835053339376,-0.008274476311406435,0.6182003457061936,-0.39434797348070194,-1.5326079183903267
22721,6.108,0.9999998797738918,-8.278293418359968e-06,-6.458315773859203e-05,0.00048601716844428607,-0.027981886567795395,-0.14531003693296668,9.7482676987519,0.012487870591420062,0.001565648354411284,-0.007841203538539418,0.6186728800364006,-0.38466409203389484,-1.5388415292728976
22722,6.117,0.9999998760214316,-5.692583201248186e-06,-5.225748599318825e-05,0.0004951705473047923,-0.015801243566001114,-0.12684512424998715,9.768210937214777,0.010463663336765426,0.003927145662251781,-0.005664268514402222,0.6213708266299881,-0.38679645592571,-1.533936826981645
22723,6.125,0.9999998786008913,-3.891075234294364e-06,-5.3693374772985665e-05,0.0004897959614763216,-0.01598012850727284,-0.12599950666197043,9.768221589881238,0.010336599135664348,0.000657260947784379,-0.008965851589777966,0.6223765442664076,-0.39177089319365627,-1.5223977850424608
22724,6.133,0.9999998806806972,-1.8626639071485906e-06,-5.5172423383679095e-05,0.00048537730253325707,-0.00032206114743138563,-0.1477345063659177,9.77833714969365,0.01033634644398311,0.0006575632950051527,-0.008965516033935967,0.6252660855216804,-0.39051648160725305,-1.5382922955143679
22725,6.142,0.9999998821686764,3.4424538261065216e-07,-5.621840732168804e-05,0.0004821846177762978,-0.03747296725942811,-0.13072508142011044,9.787193392075736,0.010336093795661099,0.0006578656231744403,-0.008965180550105955,0.6147790180955922,-0.3858199791838612,-1.533933115356518
22726,6.150,0.9999998745487709,-3.980271429236378e-07,-4.47885613518105e-05,0.0004988950484727842,-0.02862877252771539,-0.14105042826637598,9.748328382920446,0.009660336283622449,0.0036885381258573145,-0.0038555730314006687,0.615493049982792,-0.3893347109463488,-1.5412132219202044
22727,6.158,0.9999998817030012,7.964609921338362e-06,-6.386975348076271e-05,0.00048213193519890357,-0.028628910926298965,-0.14017675117178757,9.748340986097578,0.011895627045553208,-0.003458128076176538,-0.011886715253514379,0.6160041570871325,-0.3894591188937235,-1.5321788390352526
22728,6.167,0.9999998810657995,-3.659629298249867e-07,-6.274732799631938e-05,0.0004836641663053878,-0.04993188337935743,-0.1457825690749449,9.76730458271701,0.007846967032052636,0.001264218493267143,-0.007535272520317514,0.6218567538119899,-0.3902270662776497,-1.5348692381883777
22729,6.175,0.9999998781067976,3.261319512108731e-07,-5.771522678627117e-05,0.0004903623520416118,-0.021967660582878933,-0.15007325987750614,9.79734974026607,0.00999732300492844,0.0021742494543842113,-0.006409623318941592,0.618453344246313,-0.38258172099550797,-1.529102059654567
22730,6.183,0.9999998764204623,-9.7338733247052e-07,-6.008976316896293e-05,0.00049350515006567,-0.028757594209464044,-0.1378623462483351,9.748373610854268,0.009533042530013615,0.00041903218286239223,-0.007155753627309609,0.6201372495061571,-0.3890614728110816,-1.539031110707615
22731,6.192,0.99999987899821,8.553671538404983e-07,-6.150011066615035e-05,0.0004880784468688051,-0.028792161391940428,-0.13705728323147426,9.748384861292465,0.010334764094272192,0.0006592780969829431,-0.008963304784309779,0.6206285229656235,-0.38635998457666126,-1.5378473419702252
22732,6.200,0.9999998810447162,2.876189151381807e-06,-6.297061880225826e-05,0.0004836703244050671,-0.016453124462436564,-0.11866065866548131,9.768312710594671,0.010334511736615152,0.0006595803141819655,-0.008962969758763081,0.6162400504927363,-0.382665842406056,-1.5354435871080783
22733,6.208,0.9999998846745862,2.6523799033420085e-06,-7.185489958593282e-05,0.0004748480307176201,-0.028807245663491927,-0.1354014405731293,9.74840795613898,0.009870355797864439,-0.0010957022333073665,-0.009708797129230883,0.6284226921225311,-0.3923159081937709,-1.545112981168475
22734,6.217,0.9999998847408584,8.543826505222277e-06,-5.860947335511206e-05,0.0004764558765718064,-0.04130207443255761,-0.15210966058493358,9.728506120514522,0.011261607362887414,0.004171507553648262,-0.007470192664779507,0.6152778395198905,-0.38747381102135364,-1.5297616880284752
22735,6.225,0.9999998761066595,3.7606399702339602e-06,-8.085491818338763e-05,0.0004911568035853,-0.016527125027794496,-0.11616953939066249,9.768342528551425,0.008687362734132455,-0.004415842871984378,-0.004651539189392987,0.6123358675153923,-0.38875911572600924,-1.5346204775297951
22736,6.233,0.9999998793095941,-6.351767086384579e-06,-6.797282521257525e-05,0.0004865389476542885,-0.02320410161935584,-0.10412655722127677,9.719356527167502,0.007424358485105671,0.004106094178052643,-0.008974765020959025,0.6221069138889954,-0.3858005665506578,-1.5324869086283974
22737,6.242,0.99999988062441,-2.4920181281709733e-06,-6.213110856327379e-05,0.0004846490286610108,-0.034821376461674255,-0.16130064585311177,9.777534090950875,0.010797052294872109,0.002416650833509711,-0.008215534435895249,0.6094117318165568,-0.388485877590742,-1.5324192458165338
22738,6.250,0.9999998779212937,3.23448362975542e-06,-6.799165027822719e-05,0.0004894119643696564,-0.02921381593794874,-0.13145308501478692,9.748460788310613,0.011217962359240987,-0.00042354893211208033,-0.006773892740376183,0.6160066649014834,-0.3906667730655656,-1.5311861882669104
22739,6.258,0.9999998799118761,2.2204269998314333e-07,-5.889160795181302e-05,0.0004865264251255118,-0.013597349423339952,-0.15317642432819997,9.75860604341312,0.009110021433270003,0.0032618141692552726,-0.00859464106416768,0.6186852638035577,-0.3860640983693234,-1.5339397485734843
22740,6.267,0.9999998772019056,5.947202507272911e-06,-6.47494085975948e-05,0.0004912924978191921,-0.013702998624296006,-0.15235076137036582,9.758618821695233,0.01121762472156116,-0.0004228711349711017,-0.006773133788101073,0.6201433596504736,-0.3873202841241739,-1.5366125746433283
22741,6.275,0.9999998708698022,8.193561978792204e-06,-7.145829990184078e-05,0.0005030774854258206,-0.05077725489159535,-0.13533087482369502,9.767450630138887,0.01041579111394173,-0.0006624776361064533,-0.004965347654364116,0.6186851738903694,-0.3833787873292392,-1.5339753382874464
22742,6.283,0.9999998768043092,8.427707960836128e-06,-6.116648101145106e-05,0.0004925230976296903,-0.008084594109335215,-0.12170196472728906,9.729547650465726,0.009910763116499825,0.0035020888942378036,-0.010401602377753331,0.6233202368060015,-0.38657174937345107,-1.5354097071713897
22743,6.292,0.9999998783390062,1.212258892214484e-05,-5.5099995017749166e-05,0.0004900398006191422,-0.038746779583334764,-0.1160818097252986,9.787373062922004,0.010795415182864306,0.0024182878058843357,-0.008213910436993292,0.6262479911826552,-0.38438438302089306,-1.536178582731623
22744,6.300,0.9999998797475071,-8.875058932672904e-08,-6.86838470139586e-05,0.00048557954283564805,-0.02971287517843906,-0.12654832214212006,9.748524182106172,0.0069174600120012805,-0.0022453893555126224,-0.009022381280667546,0.6108747043354291,-0.38800734553641925,-1.5331617726349076
22745,6.308,0.999999880086258,1.0714633530177969e-05,-6.626396265469276e-05,0.0004850997358802315,-0.013944893428263971,-0.14829829854094465,9.758680905014192,0.012481309731435427,0.0015748969728210144,-0.007833472720749107,0.6145363978094922,-0.39435767979730363,-1.5333310217543867
22746,6.317,0.9999998820848648,1.2722286094394263e-05,-6.771994124569149e-05,0.0004807103179257435,-0.029758913131142723,-0.12483790082249697,9.748546096566853,0.010331392915299532,0.0006630448089162525,-0.008958431878215036,0.6157675243364555,-0.39259384303832534,-1.5292067407969656
22747,6.325,0.9999998786561964,1.3661596864108912e-05,-6.283308365463078e-05,0.000488418833637997,-0.014131733775745716,-0.14654617939567158,9.758707103563639,0.009992782139325715,0.0021797766550895525,-0.00640565281888947,0.6252753774340114,-0.39168854595155567,-1.5346143422755372
22748,6.333,0.9999998804893674,2.0767631425119377e-05,-7.513758212546088e-05,0.0004826430359577944,-0.029868198683341302,-0.12314099174324154,9.74856734576782,0.011554523963806703,-0.0019365931744590714,-0.009322610955726462,0.6250428329666607,-0.3879652848311453,-1.5300240071915698
22749,6.342,0.9999998775806079,2.1462076536447836e-05,-6.963227925251739e-05,0.0004894175047073961,-0.014132441389449395,-0.14479577005344454,9.758733231358015,0.009992220638693606,0.002180366511787842,-0.006405274307503988,0.6145312759197494,-0.3887688220426109,-1.5353583838621179
22750,6.350,0.9999998904026686,2.8324773071796352e-05,-5.753122785492842e-05,0.00046376989537018126,-0.051507562510951045,-0.12779843204279523,9.767548266558878,0.01151068610236818,0.003983310250540881,-0.014014037716578253,0.6157581833805676,-0.3899570635812496,-1.5329041066070486
22751,6.358,0.9999998861895432,2.1773703728543242e-05,-6.834147521106965e-05,0.000471673880801629,-0.03585399108631241,-0.1495215534478944,9.77771758105063,0.008264927282550344,-0.0015714676412807718,-0.006087214668068462,0.6128457166255944,-0.38815763699473177,-1.5260840377432858
22752,6.367,0.9999998856791651,1.3423072497852573e-05,-6.720161886088033e-05,0.0004732287191308581,-0.030178756915252108,-0.1199435760009917,9.748606251578183,0.0078421633352815,0.0012683673625805457,-0.007529805749568463,0.6294299738800734,-0.38873646765393866,-1.5329548240090372
22753,6.375,0.9999998911894291,1.8778059221202017e-05,-6.743293796006345e-05,0.00046121720844784117,-0.042612100545012375,-0.1367868540080518,9.728727979652101,0.011131012479712866,0.0009047613104639391,-0.010763161635364903,0.6291796830202484,-0.3892570604135353,-1.5353889204256896
22754,6.383,0.9999998895844034,1.7458878686020894e-05,-6.977980527829231e-05,0.0004643890044660328,-0.039346407184934824,-0.10712585389624384,9.787472792649138,0.009528357864853738,0.00042561702378075063,-0.007148706595391691,0.6147790344434446,-0.38630821755478556,-1.5339266444994342
22755,6.392,0.9999998880191283,1.605307113636049e-05,-7.189647556258186e-05,0.00046747719326194936,0.0011631578604292057,-0.16259855027805714,9.768967986363148,0.009528167213560803,0.00042584592978253303,-0.007148453699681906,0.6201583002755386,-0.3913926597442178,-1.5306987306043207
22756,6.400,0.9999998889982956,1.9982178232171083e-05,-6.597987655607645e-05,0.0004661016681088046,-0.05183442950559529,-0.12314398297598597,9.767606326307394,0.010791553239808117,0.0024224781972218418,-0.00821062435729528,0.6208763795764332,-0.3868288103143822,-1.5363767774650372
22757,6.408,0.999999888187315,1.6742868753139194e-05,-7.552221004708061e-05,0.0004665205563354137,-0.03047540269879676,-0.1159380788651464,9.748653788625852,0.009065412088570462,-0.0013303776014503966,-0.007892296053466561,0.6167397256970745,-0.391395895183085,-1.530934213945909
22758,6.417,0.9999998938452632,8.11706256912248e-07,-8.471175271693975e-05,0.00045291580033673235,-0.014613405142464444,-0.13783790337323956,9.758833277912082,0.006030599339122219,-0.001161459061397399,-0.011205019719116586,0.6113784106056098,-0.3881705787502007,-1.5270568106268525
22759,6.425,0.9999998948748561,4.863371629491776e-06,-7.89243855268452e-05,0.00045166089662986453,-0.009012834408164683,-0.10824434287837965,9.729705861399358,0.010790599884771634,0.0024236314823853442,-0.008209993123063081,0.6157452973121975,-0.391977961281159,-1.5380047097132816
22760,6.433,0.9999998889071164,2.1506604641636567e-06,-7.480282816004306e-05,0.00046538765108612246,-0.03621803484140778,-0.14274521911499807,9.777817515383823,0.009188416122162346,0.0019444901348256117,-0.004596004803838863,0.621861079139176,-0.39044853739104124,-1.5331571739149792
22761,6.442,0.9999998928295918,1.4606889151471364e-05,-7.882729957409529e-05,0.00045597554807349534,-0.018309092795444133,-0.09531362560998156,9.768565114208505,0.012815628854271205,6.428610437070872e-05,-0.010379367725459655,0.6208874808276731,-0.38677057241477214,-1.5319826461496922
22762,6.450,0.9999998935073593,2.3632842713035798e-05,-8.375017336085378e-05,0.00045322474225545524,-0.02722428940782101,-0.15207535482030118,9.739005349838951,0.01201436923144348,-0.0001749675068445402,-0.008572136080670265,0.6223432159909097,-0.39121324933610013,-1.5355898852741223
22763,6.458,0.9999998931956147,3.458392994992204e-05,-8.10751569903026e-05,0.00045369541549711875,-0.03290513369074394,-0.17998456646398817,9.768168453491327,0.01247610901207446,0.001582379335376947,-0.007827729825255814,0.6220950614270421,-0.400268307270272,-1.5371783864725796
22764,6.467,0.9999998928381236,4.5536580340438356e-05,-7.863293693976534e-05,0.00045394605647570854,-0.0522032136142352,-0.11633429529783962,9.767687841572885,0.012475814863760638,0.001582732869872605,-0.007827339758295797,0.6262655050134809,-0.3916173662964765,-1.5292462044959367
22765,6.475,0.9999998889599703,3.2360166429166084e-05,-8.533115196797339e-05,0.0004623326308900295,-0.01507704094587458,-0.13165899400552394,9.758917889841733,0.0065767055482293954,-0.000726016915728585,-0.006464038267646426,0.6184351936397403,-0.3931759091363994,-1.536286488419502
22766,6.483,0.9999998893507308,2.2069223909257958e-05,-9.154309092704621e-05,0.000460902742144238,0.006372387325239477,-0.12469254768340636,9.739959141323617,0.007377361538876548,-0.0004862796118701937,-0.008270523383278617,0.6221024332572116,-0.3809408309134844,-1.5342604460440945
22767,6.492,0.9999998880245929,3.989433792911949e-05,-9.248015416245481e-05,0.00046239232719225463,-0.052177657836965395,-0.1141240858433784,9.767714053093657,0.014161723176803444,0.0007418633447269922,-0.007445161387944493,0.6162581647118898,-0.38940735187184783,-1.5282735613230678
22768,6.500,0.9999998846102048,2.3106487493855063e-05,-8.138195743904651e-05,0.00047288755969246605,0.0005731002922232761,-0.15189781513186337,9.769140282583583,0.005813071513229467,0.0036307416412928546,-0.005357609480738049,0.6167285672283511,-0.3897452987844596,-1.5353509932610483
22769,6.508,0.9999998894655092,3.357032339699457e-05,-9.281466663202493e-05,0.00045970364474145077,-0.036653810627834335,-0.1350679370561882,9.777924958577234,0.012351884243278374,-0.0016905118403363892,-0.011119608279469582,0.6177050530465251,-0.3875482261152999,-1.5353825792793034
22770,6.517,0.9999998870369234,3.416521295139802e-05,-8.778025135513632e-05,0.00046589001536547305,-0.02760556559977657,-0.14541552257103926,9.739105991629083,0.009986750876837282,0.002187162801268075,-0.006400743486607579,0.6240742993274168,-0.38816734331133346,-1.526844765318346
22771,6.525,0.999999889002138,3.610557094842217e-05,-8.895097792451236e-05,0.0004612806337185419,-0.006321440794119677,-0.13819420474446145,9.720149627405101,0.010325608754592413,0.0006695628049079293,-0.008950400844702602,0.6230736790589614,-0.38804940624169326,-1.5363661514354254
22772,6.533,0.999999887361901,3.477169926600323e-05,-9.127779675893078e-05,0.0004644733340818842,-0.0525792993712462,-0.11004519643450399,9.767758701430324,0.00952478305895885,0.00043033408960452334,-0.007143635195854144,0.6167238458609926,-0.3961182811174147,-1.5372198193702202
22773,6.542,0.9999998919769811,2.0890604480217635e-05,-9.30721914363919e-05,0.00045491447070336865,-0.02777829334938918,-0.14314151717747753,9.739139186611066,0.006490133567517462,0.0005955280852471119,-0.01045672907810538,0.6226073811736786,-0.3813417124349936,-1.5276640117946811
22774,6.550,0.9999998883490853,2.851538431313871e-05,-9.151309766418086e-05,0.00046272458652353647,-0.027847319039125417,-0.14240638695030094,9.739149769046309,0.011672574739693487,0.0013471509070213622,-0.006018009973252497,0.6177099215445555,-0.3855693891206645,-1.5334555154563752
22775,6.558,0.9999998888852527,4.2324339010942043e-05,-0.00010703793601545519,0.0004571444109752063,-0.02106820689500532,-0.15260735843506734,9.78819727177222,0.01323698051159066,-0.0027694124599452266,-0.008928413927807648,0.6172315341534589,-0.38624997965517543,-1.5295386810875315
22776,6.567,0.9999998830571397,3.959598083963842e-05,-0.00010289552015249572,0.0004708825516389304,-0.009802908620047627,-0.09394593824378748,9.729853660947034,0.009184720091444432,0.001949539662853541,-0.004593238885157424,0.6225809514311273,-0.38416614734636867,-1.5381255135562655
22777,6.575,0.9999998872140602,4.848716943360743e-05,-8.857107784205395e-05,0.00046408622617016235,-0.03360092671557657,-0.1685008325265677,9.768370927537745,0.012047007231476173,0.004425713144666832,-0.00926890048978428,0.6313813405256674,-0.3916756041960867,-1.5336532884085112
22778,6.583,0.999999886366598,4.52231610666049e-05,-9.825650807836259e-05,0.000464292273513606,-0.028106018617094622,-0.13877440055733078,9.73920145413122,0.009062504911098647,-0.0013258860645657272,-0.007884795098449691,0.6143067898923695,-0.3862240961442376,-1.527578332352136
22779,6.592,0.9999998895351739,4.020117229038433e-05,-9.579698580065983e-05,0.0004584064175615408,-0.02139002451595118,-0.14924965675972726,9.788248344507807,0.008636915685809758,0.0015124054320913617,-0.009330112954634272,0.6140583165453796,-0.3857585058453838,-1.529293015263732
22780,6.600,0.999999893890555,4.7417260524626764e-05,-8.89501858062509e-05,0.00044950900632835945,-0.061969249869929424,-0.16131641672264,9.738345015847187,0.011584858382215096,0.002669103857550647,-0.010010914147331728,0.6179707214412186,-0.3857261514567115,-1.5268616998451596
22781,6.608,0.9999998940764568,3.891356035342145e-05,-8.7782209709175e-05,0.0004501411930557587,-0.028412245343225905,-0.13645380300501328,9.73923335478295,0.007836182913037917,0.001273475116018226,-0.007523322672307811,0.6228536491415868,-0.3896320584241067,-1.5268222687953725
22782,6.617,0.9999998971950134,3.703875295828644e-05,-0.00010392901808804132,0.0004398145659108381,-0.03740964659562841,-0.12447025034459684,9.778062742066968,0.009401413198439262,-0.00284327224504839,-0.010432108491836655,0.6221126198192132,-0.39040971212463443,-1.5302283698284265
22783,6.625,0.999999901982898,3.9281398853748205e-05,-8.580208434922672e-05,0.00043258429082444766,-0.012637540555209055,-0.15741930587540734,9.74947629742812,0.01035768072449337,0.005268666748847564,-0.009649953121329975,0.6194097556840383,-0.3887914701146815,-1.5370795485138595
22784,6.633,0.9999998978688959,3.2698716864075775e-05,-9.637943788515024e-05,0.00044034531399262365,-0.02185172321875637,-0.1453727482987834,9.78830567106616,0.00826156992962352,-0.0015635906923284469,-0.006076550861268545,0.6211222797176625,-0.38413379295769645,-1.5356806287501195
22785,6.642,0.9999999010198133,2.7418267199681005e-05,-9.425815588230976e-05,0.00043396313438015587,-0.049942848865489574,-0.13991735864189983,9.758247054766134,0.008635504510643863,0.0015137262425953214,-0.009328486563772503,0.6155206968498507,-0.3860155667863149,-1.530269954202888
22786,6.650,0.9999998994375975,2.6072997060209824e-05,-9.656769413836872e-05,0.00043717236196074,-0.0005237403520236659,-0.13754797146976455,9.76935286706596,0.009522090024469566,0.0004343542761155264,-0.007139601248019935,0.6194344169573118,-0.38841793337453007,-1.527318047686079
22787,6.658,0.9999998980466122,2.468635134704052e-05,-9.879614719039008e-05,0.00043992802896990885,-0.02865367506390967,-0.1320134181759936,9.739293848869721,0.009521900366184124,0.00043458278801497064,-0.007139349957261285,0.620636793927676,-0.3938856186207154,-1.5345735044021178
22788,6.667,0.9999998951630955,3.0373891581253286e-05,-0.00010457943221441976,0.0004447632710321541,-0.03772448640926648,-0.11987296293794233,9.778118973733788,0.011208646106918293,-0.00040523119594150525,-0.0067563347013438555,0.6223466793641297,-0.38411438032449297,-1.5342190022633924
22789,6.675,0.9999999026054275,2.156914838161799e-05,-9.793826066991374e-05,0.0004298046119425389,-0.028726100249143263,-0.13040675049348116,9.739315280203572,0.007747627675232018,0.0025936344486974213,-0.011516244567055616,0.6245487819532782,-0.381403185773471,-1.5323071958391885
22790,6.683,0.9999998924501009,2.254815162609087e-05,-9.814917753693716e-05,0.0004527229905608817,-0.003982145570045597,-0.16344070546578152,9.710747811013793,0.010068648239558562,0.0008751210847180314,-0.0024018175963077563,0.6247916474571646,-0.3801890607238945,-1.532812226585059
22791,6.692,0.9999998956961957,3.8189399093195926e-05,-8.692898575443056e-05,0.00044675778567472216,-0.03811540277657117,-0.11741206464380334,9.778147319043441,0.013728756871685684,0.0035909117685418387,-0.008882814506637892,0.6174924648329415,-0.3903126489586176,-1.5228930986196436
22792,6.700,0.9999998899126504,3.5446904021262945e-05,-8.276415527347304e-05,0.0004605087382933233,-0.01345293746066106,-0.15023907476402049,9.749588495587883,0.0091813049082317,0.001954765457062726,-0.0045900696370037835,0.6211150014923957,-0.38783440600603614,-1.538561518198886
22793,6.708,0.9999998929469349,3.0427888940497874e-05,-8.055428528616243e-05,0.0004546331155130634,-0.022668865721069856,-0.13820158652915598,9.788407689248476,0.008633905901912606,0.001514712328710716,-0.009326392239653192,0.625280879016074,-0.3901947118889774,-1.5324366891891166
22794,6.717,0.9999998926211391,4.1346902654582096e-05,-7.806244179552852e-05,0.0004549224109128177,-0.0014009018300910768,-0.1309470606851472,9.769443489867635,0.012467756380081668,0.001594378588298276,-0.007817884776739243,0.6167221873444699,-0.3834305543511149,-1.5378762984672214
22795,6.725,0.9999998945412666,4.313903776854339e-05,-7.933460549397395e-05,0.0004502915717053735,-0.050970844284174324,-0.13169005145864113,9.758356237465494,0.010320430391184337,0.0006756482527011596,-0.0089425376804841,0.6152561311446978,-0.38392526359977375,-1.5383543636808878
22796,6.733,0.9999998967051351,3.998619304680896e-05,-6.989424935042315e-05,0.000447331664429701,-0.017440449763300565,-0.10679110315547746,9.759217760988932,0.009093188378186028,0.003273814416095946,-0.008583835684853965,0.6184591891332764,-0.39134089272234207,-1.5267885185693817
22797,6.742,0.9999999061795247,4.1467013857274704e-05,-6.610902371124999e-05,0.00042608804880909666,-0.014133246709786202,-0.1461636628795022,9.749649482946381,0.010232708472437521,0.001993996158687692,-0.012936326277004449,0.6143051031623535,-0.3911161861700832,-1.5282459790005196
22798,6.750,0.9999998978292897,3.860036575010429e-05,-8.104319521272325e-05,0.0004430388491392795,-0.02990517415961513,-0.12294323708531725,9.739408806056211,0.009147583521635421,-0.0026387257796260948,-0.003882825214066359,0.6265010023789124,-0.3914185432551556,-1.5326677144045358
22799,6.758,0.9999999020967147,4.0879550298383115e-05,-6.311065457782006e-05,0.000436064752319492,-0.03557934849428419,-0.150981269196651,9.768650412447546,0.010351836416131036,0.005272461778599324,-0.00964728364240968,0.6187027776343835,-0.39329708164490684,-1.5270073703377982
22800,6.767,0.9999999010036894,4.271980316542945e-05,-8.361403538007036e-05,0.0004349440452037821,-0.0019488894811476168,-0.12602047749138182,9.76950818712673,0.010287270149204513,-0.003918455684629457,-0.008234489505810828,0.6228430665394126,-0.38675763065930324,-1.531011106846814
22801,6.775,0.9999998985788662,4.342327676908603e-05,-7.82515613841365e-05,0.00044139933130420904,-0.03554404578049412,-0.14932113315230547,9.76867605759351,0.009978996864794323,0.0021969896230265183,-0.006393796242364717,0.6147885388778569,-0.39382738072110524,-1.5301645701185105
22802,6.783,0.999999892379857,4.5787781684487376e-05,-8.491264706309682e-05,0.00045379907013774816,-0.035600401871158316,-0.14849306513538685,9.76868847501568,0.010406569008120032,-0.000639536689119793,-0.004945678569344502,0.6289434708315227,-0.38652968866817716,-1.5322503540660029
22803,6.792,0.9999998947670811,4.593313395956636e-05,-9.337581367711044e-05,0.000446807488037553,-0.03904813294571928,-0.10751002412978486,9.778257521228017,0.009859036356327108,-0.0010812029633400241,-0.009681219837850332,0.6274787788869298,-0.39092383400649666,-1.5321884156101808
22804,6.800,0.9999998937444965,3.9457534666453776e-05,-8.482677730568957e-05,0.00045139618596841917,-0.023304010924226973,-0.12919641024479622,9.788529197902058,0.008291167948013654,0.0030363337065068543,-0.0067771008046291735,0.6147944855436492,-0.3872038083249536,-1.5278107426250644
22805,6.808,0.9999998934142476,3.111766192598988e-05,-8.336452362535564e-05,0.0004530491592348575,-0.035757676661592824,-0.14627991474368193,9.768721290450856,0.00783155324193785,0.0012775779872400623,-0.007517954187227488,0.6206178504502611,-0.3808002457717736,-1.5420717697356288
22806,6.817,0.999999900471003,2.742951191634005e-05,-8.775709619517397e-05,0.00043658252136596123,-0.023513913785797508,-0.12785682450502528,9.788546285194041,0.008971086232599903,-2.9183986538800265e-06,-0.011869348161797287,0.6196760898584691,-0.388430875129999,-1.5282951381020558
22807,6.825,0.9999998979785043,3.277844149957842e-05,-9.345054802630272e-05,0.00044072162384696517,-0.03577016466214813,-0.14478042238573946,9.768743585273212,0.011205335201653625,-0.00039846091601910806,-0.006749523109642731,0.6186893275651052,-0.37847375554792456,-1.5323312180134305
22808,6.833,0.9999998950666319,3.845124992207956e-05,-9.920370022137218e-05,0.00044558596581656813,-0.014349219225209379,-0.1374763221788372,9.74977553464611,0.011205106701352224,-0.0003981849488362824,-0.006749220568576903,0.628222111675499,-0.385250854841256,-1.5278705495223348
22809,6.842,0.9999998967104875,4.189927919562633e-05,-9.277685195106892e-05,0.00044296266248990693,-0.023523427415654816,-0.1252279632646107,9.788580248304816,0.010776404391571816,0.002438438531622695,-0.008197481205748626,0.6221119622134024,-0.3891923516361907,-1.530488665377545
22810,6.850,0.9999998983950246,4.3847305860102906e-05,-9.416181723532715e-05,0.00043865807491532907,-0.039466854333928755,-0.10195766517782077,9.778315310925487,0.010317008271224592,0.0006795605528627902,-0.008937852621859903,0.6201726241644241,-0.39546827080312874,-1.5250290049717208
22811,6.858,0.9999998951639004,4.983804638846651e-05,-9.957159064201297e-05,0.0004441552159942782,0.0012834745475945708,-0.15726474387315928,9.760089483594696,0.011204526520308553,-0.00039713698384514666,-0.0067481182249991955,0.6189210145607014,-0.39343297007733047,-1.5372609601972806
22812,6.867,0.999999892101579,5.550747682805662e-05,-0.0001053190007763636,0.00044902523120858876,-0.06398704790216307,-0.1356876862904987,9.738722776812102,0.01120429818681511,-0.00039686107544887136,-0.0067478159273444485,0.6194148448780763,-0.39340385112752546,-1.5350651281202967
22813,6.875,0.9999998926467444,5.960998623339701e-05,-9.937357699044814e-05,0.0004486402137974761,0.013526612487495768,-0.1376993265839668,9.779922446661253,0.010775204979479687,0.00243949711025406,-0.008196537977960675,0.6198948209120739,-0.38490174034162256,-1.5383531409832607
22814,6.883,0.999999897195747,4.748360820413347e-05,-9.382358680865642e-05,0.00044107928669556023,-0.020311025852073086,-0.1611311565935977,9.779113878160755,0.006941746321117227,0.0023557065321773386,-0.009705537697898812,0.6182111281743115,-0.38476908734806603,-1.5283399687881205
22815,6.892,0.9999998929880016,5.669616800106423e-05,-8.479263275155722e-05,0.00045124243989728735,-0.03635608253771192,-0.13795347752359333,9.76884021777128,0.012121468707115597,0.003123106901722322,-0.005265998122776333,0.6228590117669041,-0.383988198208671,-1.5246996179941665
22816,6.900,0.9999998943196741,4.446128129423292e-05,-9.834905066319089e-05,0.0004468907017620897,-0.06448800226858163,-0.1325476157826328,9.738762714100734,0.006911804209572421,-0.00223956564278765,-0.008996010644093104,0.6201579324488592,-0.3804072963984188,-1.5308443248887114
22817,6.908,0.9999999008647554,6.16134169407594e-05,-9.365897064831654e-05,0.0004309318553984713,-0.030822882709260445,-0.10754015572412497,9.739588203592618,0.014059694742643025,0.0020814250932814234,-0.011420691742226548,0.6272300848439323,-0.38386702570016357,-1.5339904550924117
22818,6.917,0.9999999024545453,6.355378250308061e-05,-9.503495405618751e-05,0.00042663822408118754,-0.024198998835461675,-0.11756838382097085,9.788673594887955,0.010315163580079762,0.0006816353323625027,-0.008935189680701242,0.6187099332507571,-0.3859346808146341,-1.5241750123171618
22819,6.925,0.9999999036486892,6.720860928354043e-05,-8.861444505096875e-05,0.0004246564439651341,-0.03658424271183663,-0.13448556144412616,9.76888772249456,0.01077348034941382,0.0024415555444011064,-0.008194822920113767,0.6140574791131923,-0.3791705232767717,-1.5296244902407747
22820,6.933,0.9999999028490555,6.392180083221993e-05,-9.825859027010872e-05,0.00042492485442414176,-0.015243965063975167,-0.12728918130741623,9.74991249592091,0.009057154129707779,-0.0013164452997267467,-0.007869599626691294,0.6140442215264282,-0.38851823197941426,-1.5348721488971555
22821,6.942,0.9999999055080345,7.780002898530936e-05,-9.512499752132003e-05,0.0004169919815939995,-0.033055078687130035,-0.17294565235072576,9.759416545644472,0.013259144757699029,0.001844170761483556,-0.009614220003792043,0.6159948570008755,-0.38804293536395884,-1.5358600277026255
22822,6.950,0.9999999048416112,7.130415313268124e-05,-8.655846013049448e-05,0.0004215923613905828,-0.03682262454324398,-0.13190066573832412,9.768922069103143,0.008286316938460084,0.0030404124219111355,-0.006774271926354177,0.6243184309993681,-0.38792322412587127,-1.5268486175372322
22823,6.958,0.9999999071340039,7.12989701539761e-05,-9.514279566238567e-05,0.0004142418237296636,-0.024632931261013142,-0.11337902849199205,9.78872193259777,0.009855779306806188,-0.0010768595063511378,-0.009673197661189337,0.6245533524982506,-0.3889482324507285,-1.5304980687095293
22824,6.967,0.9999999079452755,7.5146907044781e-05,-8.913816839864266e-05,0.0004129367620553688,-0.015563437310031713,-0.12393666632683194,9.749955184256,0.010772009166191806,0.002443162204916029,-0.008193520251219808,0.6208837885845193,-0.3870341042334377,-1.5334441211595986
22825,6.975,0.9999999109955797,7.00088387556494e-05,-8.672524039560232e-05,0.0004069229997416484,-0.02124405710248072,-0.1519227903073544,9.779259286782086,0.008626323814866287,0.0015201176881320308,-0.009318000810189235,0.6194191048138527,-0.39167236875721945,-1.5333789472752344
22826,6.983,0.9999999131267996,7.002859284569903e-05,-9.546538986368866e-05,0.0003996607916918078,0.012381290452339482,-0.12698664725815692,9.780068927101734,0.009855287701255148,-0.001076038925445562,-0.009671982106730977,0.6159837802714143,-0.38883353081995553,-1.5402444527323447
22827,6.992,0.9999999115277781,6.868342229149605e-05,-9.790482798420525e-05,0.00040328856699724903,-0.02121390572376271,-0.15038364039853064,9.779283142498619,0.00951423223420519,0.00044534970018213845,-0.007127611635178414,0.6235667455094844,-0.38362937739243586,-1.5344726754786058
22828,7.000,0.9999999150017008,6.166567122756836e-05,-0.0001031828633793415,0.0003943947684513538,-0.0493173139778556,-0.14508684574819325,9.749198927969712,0.00816756050858917,-0.000239283047688798,-0.010056675805095904,0.6191929974478665,-0.3959726863683893,-1.5262406589853001
22829,7.008,0.9999999085606688,6.603508918044775e-05,-0.00010215245266570058,0.0004099791417666801,-0.008986543838320099,-0.13109020876588745,9.799087979465643,0.010860287289961778,0.0011309787561855232,-0.004197849118804877,0.6179646521665332,-0.3886879360709301,-1.529264058766736
22830,7.017,0.9999999129069486,5.389212770643625e-05,-9.659572887316844e-05,0.00040243135866965254,0.0036048632247071403,-0.18195056411105998,9.750861508334783,0.006937767873637795,0.0023571174584450325,-0.009702342197558939,0.6218603888376603,-0.3882547001607487,-1.5334304111782655
22831,7.025,0.9999999146023224,6.999200521145658e-05,-8.56305416287577e-05,0.00039820080069129417,-0.02160420096864059,-0.14732678761057524,9.779328820879849,0.013713901856066881,0.003608541206157692,-0.00887146597260084,0.6182211349099367,-0.3888673464790478,-1.5243790720003771
22832,7.033,0.9999999109388575,6.338951589071353e-05,-9.615960866039056e-05,0.00040602632421155764,-0.037536200687905155,-0.12406443741120715,9.76902201496839,0.008256945185759708,-0.0015523926793217758,-0.006060791639706269,0.6150291781725981,-0.3813934794568693,-1.531550785796538
22833,7.042,0.9999999134020959,6.0027777507253526e-05,-8.668380443992323e-05,0.00040258959873236904,-0.025352263294701197,-0.10555097412012121,9.788807634768673,0.009082137144535617,0.0032818207774321503,-0.008576967344764201,0.6165118944231559,-0.38105553254425745,-1.524478288181312
22834,7.050,0.9999999148767684,6.195350402376754e-05,-8.804115691498641e-05,0.0003983176797221375,-0.03413664676258696,-0.16275150181278802,9.759588144318878,0.010311681727122539,0.0006860338536466373,-0.008929914638959875,0.6091581447537506,-0.3826755487226577,-1.5361580554073186
22835,7.058,0.9999999131238099,6.206566301978082e-05,-8.324896167663452e-05,0.0004036952272492558,-0.01648841660501496,-0.11536067413871032,9.75005890496056,0.009970352145319064,0.0022078665215212144,-0.006386351498354181,0.6155046126656136,-0.3846349730840897,-1.5366364453407497
22836,7.067,0.9999999146031047,6.398959371565287e-05,-8.460447119847934e-05,0.0003994260867770532,-0.022108948257923554,-0.14328897850989808,9.779387686460034,0.0103112828907903,0.0006864978730891571,-0.00892923627372395,0.6160021188782898,-0.3838540839446946,-1.5329856091109435
22837,7.075,0.9999999097192845,6.0880077429571225e-05,-8.062343965458627e-05,0.0004127407183374099,-0.043581975304345225,-0.1488862372596328,9.798390564639243,0.00917131561341161,0.0019696598093960345,-0.004581630278409658,0.6225859588859031,-0.3863373365045906,-1.5361434474481228
22838,7.083,0.9999999218298682,6.378154714000918e-05,-8.320605233703095e-05,0.000381246540692637,-0.016790125353387385,-0.11294697184188036,9.75008664989711,0.010561773383230479,0.0004781306564935598,-0.015465966432864051,0.6140511037115226,-0.39141207237742115,-1.5321480212841623
22839,7.092,0.9999999182235337,5.717320231610339e-05,-9.376966982052996e-05,0.0003892189611585615,-0.04671661072018357,-0.17657927750285604,9.739883883796448,0.008256320072244104,-0.0015506174673795804,-0.0060584975301324505,0.6142877773318306,-0.3894979441601303,-1.5351039423797397
22840,7.100,0.9999999181441164,4.874847850567702e-05,-9.256160316844567e-05,0.00039085508303085743,-0.009984822843268912,-0.12244837765116064,9.799198808924878,0.007824419904735518,0.0012840954446809978,-0.007510017019105382,0.6216248832983027,-0.3882094040166075,-1.5300121366982082
22841,7.108,0.9999999139226724,6.145568450794672e-05,-0.00010173488033562616,0.0003975271823087196,-0.028951417870651714,-0.1285206075445421,9.730346497258084,0.012886577533940242,-0.0012209579372617668,-0.006351244512293096,0.6179627610883622,-0.3874770464602208,-1.5300125911286704
22842,7.117,0.9999999167641559,5.633714406161638e-05,-9.962906990749142e-05,0.0003916271896209787,-0.05032601546407271,-0.13404020899531166,9.74935190908201,0.00862237320906233,0.0015230779031640555,-0.009313749063683603,0.6133174098318993,-0.39019794732784463,-1.5326505848686558
22843,7.125,0.9999999166824849,6.533054405454604e-05,-0.00010456954502737591,0.000389142844568734,-0.010032035478326016,-0.11988461556569815,9.799230463719674,0.011997065513468365,-0.00014644083297245383,-0.008540832247835578,0.614538043669877,-0.388244993844147,-1.5326795522487133
22844,7.133,0.9999999152543367,6.39386547874258e-05,-0.00010681285970067548,0.00039242092272933656,-0.013130989787603414,-0.14829196429674493,9.740723159781162,0.009511011510305882,0.0004499561095519561,-0.007122819661349989,0.6221180887055712,-0.3879394013202074,-1.5280636584561744
22845,7.142,0.999999910918753,5.9242714695264084e-05,-0.00010987058251431768,0.0004032136434367484,-0.03816451504406722,-0.11375897895418705,9.769145021303364,0.008712543158865523,0.0002114712651376691,-0.005318572195296276,0.626757419730906,-0.38964500017957554,-1.5278086110665132
22846,7.150,0.9999999123622796,6.11568648640891e-05,-0.00011121565275811529,0.00039895657610410003,-0.05042447904551636,-0.1308285457312571,9.749395028037492,0.010308908899779808,0.0006890288518613667,-0.008926337897096613,0.6218653309010264,-0.3884729358352731,-1.5314742284984588
22847,7.158,0.9999999181247913,5.942041216299878e-05,-0.00010768742298817346,0.00038551659420615615,-0.013265258623349065,-0.14598218755674636,9.740757867805772,0.009419384763190528,0.001762553039550059,-0.011116499293345591,0.6216097873686394,-0.3794987638727819,-1.5359874538795146
22848,7.167,0.9999999103735713,7.069878073220177e-05,-0.00011034935546019373,0.0004025885645314048,-0.043850598729659185,-0.14002211996011094,9.798520047794966,0.012543810195110966,0.0003045077535240565,-0.0038065698607838818,0.618685198412148,-0.3841111448856258,-1.5339656320018205
22849,7.175,0.9999999131294226,6.698991946435024e-05,-0.00010079021066577502,0.00039886693436474996,-0.0012524791910349486,-0.12636557484612254,9.760538444632054,0.009077424586021052,0.0032850786014187,-0.008574140494001903,0.6216240703878937,-0.382353779004382,-1.5303339053896248
22850,7.183,0.9999999122052506,6.368663737250636e-05,-0.00011040564140500409,0.0003991792799533578,-0.022692647832372365,-0.13201637497852867,9.779545018405264,0.009053314821428333,-0.0013096481416362462,-0.007858956173078472,0.6272221490128544,-0.3863502782600596,-1.5371316400902963
22851,7.192,0.9999999110148953,6.199505216794907e-05,-0.00011223719131222026,0.0004019074869187945,-0.013504900137678518,-0.14272725995367408,9.740805775293389,0.009509703697564507,0.0004516695475637221,-0.007120925080992987,0.6226061803970234,-0.3823246600545768,-1.528139306893329
22852,7.200,0.9999999109163678,7.09401877564311e-05,-0.00011702655943212455,0.000399298799200513,-0.022653488266963517,-0.1303865773746359,9.779566976077076,0.011995098978583875,-0.00014354774983930122,-0.008537570207046706,0.6181873778985616,-0.39392767932598943,-1.53774087578198
22853,7.208,0.999999907389222,7.845612996247429e-05,-0.00011519083462298796,0.0004071820911493848,-0.03491702644888875,-0.14728338349974524,9.759831070874935,0.011653254993701324,0.0013793831185920746,-0.005995822366709889,0.6179578925903321,-0.38945588345485627,-1.531939654951599
22854,7.217,0.9999999069419049,7.192518495856794e-05,-0.0001065948066758455,0.0004118015259476793,-0.006981690043330885,-0.1509402642778653,9.789953059572943,0.008277967952899966,0.0030474182946943367,-0.006769574278112453,0.6191693080813147,-0.38852793829601595,-1.535617456713609
22855,7.225,0.9999999047828755,7.376221717144579e-05,-0.00012704853182075984,0.0004109161063385307,-0.050934536509281834,-0.1233969785430359,9.7494892695094,0.010283821107680042,-0.0039038101916207798,-0.008207642671701392,0.6277263902799531,-0.3840690841803518,-1.5308149139612535
22856,7.233,0.9999999006260292,8.320792575221094e-05,-0.00011796998428748203,0.0004217907730352183,-0.044154834250525715,-0.13333314213723876,9.7986119843122,0.012108815905950891,0.0031417383452378373,-0.005257723896039217,0.62089352558058,-0.3830764302441668,-1.5295899935137418
22857,7.242,0.9999999031969633,6.553804894246875e-05,-0.00012018404476115806,0.00041817056737336714,0.002117864028304457,-0.1600279990968788,9.751246366508896,0.005677197535112053,0.00035877525939343705,-0.008631059951187655,0.6216295311003252,-0.3796393490144927,-1.5281724294459145
22858,7.250,0.9999999030688139,7.447789437440186e-05,-0.00012496554207421897,0.0004155707148423173,-0.05103194351853707,-0.12105640929882114,9.749518103791582,0.01199381693865509,-0.00014175713286345164,-0.008535429281145717,0.6155407920603633,-0.3966532769029002,-1.522315806341981
22859,7.258,0.999999903158461,6.614037316747245e-05,-0.00012351472768647,0.00041719615532774664,-0.022961861236987482,-0.12469952370754236,9.779640423678646,0.007820557910146726,0.001286955195999435,-0.007506137635807469,0.6235674603327789,-0.386555572179115,-1.5341897319296933
22860,7.267,0.999999901592583,6.473569074530519e-05,-0.00012574140430242714,0.0004204916337765878,-0.035237826186043965,-0.14187009675636988,9.759910105691942,0.009507981435273316,0.00045379319939663323,-0.0071185510670472105,0.6189296652150738,-0.39387591230411373,-1.5338368316504838
22861,7.275,0.9999999013847827,7.376393215468041e-05,-0.0001303536158169991,0.0004180876011332074,-0.023029911238856185,-0.12312017509318812,9.779660276579564,0.011993159103325083,-0.00014075769124930116,-0.008534369429822046,0.6174633311018104,-0.38607056924705785,-1.534424901434579
22862,7.283,0.9999998967220088,6.905192843508368e-05,-0.00013347403694317317,0.0004289201379297243,-0.029770420384818527,-0.11146097742805616,9.73055439377442,0.008709797320721031,0.00021583013149747922,-0.005314540094653031,0.6243024122065409,-0.3884955839073436,-1.5331892252467578
22863,7.292,0.9999998986656193,6.894285251900732e-05,-0.00014203721299121353,0.0004215934828836094,-0.022983532055075608,-0.12152307024289945,9.779680360580919,0.009849171072265562,-0.001068745564749822,-0.009658189248913564,0.6147691012731552,-0.3844070310929637,-1.5378584224302994
22864,7.300,0.9999999040188624,7.091462956862708e-05,-0.00012426013345206345,0.0004141168921760726,-0.019451523348542648,-0.16089626368977222,9.770338618855524,0.010326525470892935,0.005287982803613364,-0.00963838347072325,0.6172218053313246,-0.39045177282990845,-1.5333895733048462
22865,7.308,0.9999998997804348,6.417470829403823e-05,-0.00013501013873605037,0.0004220106512158356,-0.044654172910945575,-0.12633202453709025,9.798702484123822,0.008253603276237979,-0.0015450199167400512,-0.006050509639177287,0.6150010126564737,-0.3876452892813168,-1.5426993467777583
22866,7.317,0.99999989776648,6.466795516023928e-05,-0.0001298491152191086,0.00042828062363811447,-0.0019480504166226775,-0.11282161333018258,9.760704280495531,0.009962532855431585,0.0022170785917530653,-0.006380265694921029,0.6216322187410527,-0.3862176252665031,-1.5271085992496478
22867,7.325,0.9999998949273743,6.825082947187051e-05,-0.0001429563893008635,0.0004301750054324001,-0.04096965053297289,-0.1649430730729706,9.789380882811775,0.010738638139973918,-0.0021390147335299025,-0.007465485049669302,0.6159972912498906,-0.3870535168666411,-1.5348964957911615
22868,7.333,0.9999998932763524,6.683947604492345e-05,-0.00014517500705387825,0.00043347893369324555,0.014037379397260909,-0.1334577591363046,9.771112582863562,0.009506395114726451,0.00045573122225485126,-0.007116497010770404,0.6172376442977754,-0.38450879096826773,-1.527120145023245
22869,7.342,0.9999998913446931,8.265421277401738e-05,-0.00015344954188625318,0.00043235647444511726,-0.04760772514611502,-0.152391323710408,9.740288045324927,0.013679008374774584,-0.000970743258500079,-0.008143656524759516,0.6162569475873821,-0.38990206112050674,-1.5287553272788
22870,7.350,0.9999998963386973,7.047072389430739e-05,-0.00014788327245884042,0.0004248376270722472,-0.044613487434908616,-0.12214232859854876,9.798755789706616,0.006928078216956703,0.002359372142857732,-0.00969523029098169,0.6199208300926743,-0.38793940132020743,-1.5280581073430761
22871,7.358,0.9999998939061863,8.843859275879163e-05,-0.00014858784346680426,0.0004269518528717842,-0.035570892782860804,-0.13280480266835795,9.760036462854881,0.014133999644066067,0.0007922423748439996,-0.007406411633462401,0.6218599437539306,-0.3933844384943221,-1.5336065855852912
22872,7.367,0.9999998985356647,7.81545137534966e-05,-0.00013563835317598205,0.0004224011945470573,-0.007651617085244826,-0.13632030124430963,9.790167048651933,0.007382988613189323,0.004121575175852998,-0.0089585459458185,0.6223508493867177,-0.3796975869141029,-1.5325684111322924
22873,7.375,0.999999900939613,9.214465011976202e-05,-0.00013185415260926386,0.0004150236263795607,-0.03599493222993242,-0.13109617532572582,9.76005800729708,0.013243249217081475,0.0018636949920980343,-0.009596781649960254,0.6189331531100724,-0.3875094008488932,-1.5324562423541281
22874,7.383,0.9999998993950611,9.072852614901924e-05,-0.0001340657000801366,0.0004183355001077711,-0.014718937999165533,-0.12379099972657115,9.741063070643449,0.009505251888641318,0.0004574083568947639,-0.007114558574365956,0.6238183842766363,-0.3865199823515755,-1.5315050462495492
22875,7.392,0.9999998961229907,9.62586144014463e-05,-0.0001394775726151382,0.0004231244425250967,-0.048269177434009915,-0.1472466225032138,9.740363920372637,0.011192762340703717,-0.00037430510727263285,-0.006725951283411819,0.6235754942509713,-0.3870017498447654,-1.5310097217893046
22876,7.400,0.9999998975317801,9.814448523343617e-05,-0.0001407921565547597,0.00041890530892268454,-0.014720271146696183,-0.12208028949778127,9.741084658818973,0.010302139530587232,0.0006960715082093016,-0.008917110416954782,0.6213795263279176,-0.3887041132652663,-1.530493285863596
22877,7.408,0.9999998956530386,9.861141780359395e-05,-0.00013526304012581358,0.00042505718421497856,-0.041632008617124176,-0.1563052074871707,9.789519816983896,0.00995967028008501,0.0022204172516816583,-0.0063779037841584525,0.622126567707493,-0.3832558406522844,-1.5247074739087598
22878,7.417,0.9999998976391672,0.00011273640318198721,-0.00013173753503305485,0.000417920304499235,-0.008239085362285094,-0.13105999849375077,9.790238407022603,0.013241688424967781,0.0018654350957773508,-0.009595013030892158,0.6235735377813907,-0.38383790675035856,-1.531784137579575
22879,7.425,0.9999999035175964,9.838065131378757e-05,-0.00013310450938292513,0.0004069019965889204,-0.03643858249004303,-0.12590071506981085,9.760124759083443,0.0064711237709213195,0.0005975360178865904,-0.01042901322192902,0.622840730377512,-0.3906764793821673,-1.531935813615774
22880,7.433,0.9999999008022915,0.00010019871949697832,-0.00015351656135908774,0.0004059412381325921,-0.020370103107251236,-0.14749915590126164,9.770548180545374,0.010282157250581344,-0.0038972527523695576,-0.008195482007866899,0.6208808193385862,-0.3904679500242446,-1.5346194171920506
22881,7.442,0.9999998969967865,0.00010784215243666975,-0.00015154855976317084,0.0004140163294499162,-0.024000043952737447,-0.10640470967256417,9.779854094604914,0.011646310132478048,0.0013904361308776088,-0.005988430602144334,0.6240652890202915,-0.3769831569242136,-1.5304112527209919
22882,7.450,0.9999999027790282,0.00010788594401027525,-0.00014113784122653426,0.0004035872489311756,-0.02044969492176627,-0.1457332865271359,9.770574512396632,0.009864740148794765,0.0035296132544139,-0.010371407305014168,0.6218512277081487,-0.3909885427838413,-1.537056597560424
22883,7.458,0.9999999015360433,0.0001061338009775673,-0.00014304806941560467,0.0004064489754305613,-0.03653023949289212,-0.12267528156556552,9.76016549125997,0.00950344227914715,0.00045985287966398165,-0.007112020091941302,0.6123630039073118,-0.3886167564158511,-1.5238792676478405
22884,7.467,0.9999999056169765,0.0001113145665992267,-0.00014345819161666663,0.0003947085665296793,-0.020647627043596385,-0.14410914910643516,9.770598186397775,0.011097330126950381,0.0009364194568844703,-0.010717292310820388,0.6228227632890303,-0.388329115254695,-1.5390476016870278
22885,7.475,0.9999998973253229,0.00012068144691771439,-0.0001534603483600221,0.00040894407217569663,-0.02061801117980284,-0.14316682758476307,9.770612102737905,0.012081610721674912,-0.001439605679331941,-0.004530689491192094,0.6213781702466644,-0.38504879636106776,-1.5310300541045423
22886,7.483,0.9999999083983743,0.00012732439320967465,-0.0001412566008343592,0.0003834557532943351,-0.036644876393604725,-0.11994546440707586,9.760198992270412,0.011457286260985943,0.004006625324330469,-0.013975926122779507,0.6201493798816018,-0.38289378439718197,-1.5342296282930041
22887,7.492,0.9999999043484272,0.0001081489156052487,-0.00015641130687228043,0.0003938812660099787,-0.020752879076062703,-0.14152910445366898,9.770635673983225,0.00531213689776047,-0.002709966750280012,-0.005364847026003893,0.6240668903193307,-0.3879620493922781,-1.529777421623785
22888,7.500,0.9999999057513316,0.00010812546141731843,-0.00016509677295803706,0.00038671600474854395,-0.011409746218461421,-0.15247797662440302,9.731933319253395,0.009844916935135646,-0.0010633817554939235,-0.009648426066436322,0.6184410994359014,-0.38533174081293675,-1.533948838068766
22889,7.508,0.9999999067050195,0.0001136843565336638,-0.00015140070228910092,0.0003882571909226896,-0.008535174318098413,-0.12210966687134804,9.790353876769489,0.011207528392449217,0.004225437932144261,-0.0074431227451449795,0.6230792133367288,-0.38753204892096377,-1.534175556634837
22890,7.517,0.9999999059113351,0.00012259432526269648,-0.00015613445140080448,0.0003857071230728561,-0.02086657159371484,-0.1391148598061442,9.770670107236812,0.011986695974130204,-0.00013052689365027385,-0.008523319967487904,0.6164801429249187,-0.39074442359837913,-1.5370462636013922
22891,7.525,0.9999999044211143,0.00012115972703544436,-0.00015832396064876153,0.0003891164436049755,-0.04222653839924283,-0.1446213570699964,9.789696847415616,0.009501768029171236,0.00046211171363355857,-0.007109801019395803,0.6191753283124429,-0.38410143856902407,-1.5332345103632847
22892,7.533,0.9999999056116736,0.0001230296437369983,-0.00015961976900649835,0.00038491801711006173,-0.020909165139742173,-0.13743670682683257,9.770693764533325,0.01029833826180565,0.0007004124327139774,-0.008912056988468671,0.6203839462099426,-0.39173384209569684,-1.5380196641583646
22893,7.542,0.9999998961006041,0.00012573445991786672,-0.00015225597925069611,0.00041086219471846825,-0.036983955609705896,-0.11433937402494834,9.760264996891065,0.010503841703917114,0.0026824286904121217,-0.001645403903197325,0.6130535017325575,-0.3893250046297471,-1.5404746987975375
22894,7.550,0.9999999014472735,0.00011352682291677174,-0.00014668206627821344,0.00040336270903101754,-0.05476262094444675,-0.1602210604548831,9.770039902253512,0.006922297259923061,0.002360888594598988,-0.009690595334329567,0.6245538711473159,-0.3860155667863149,-1.5302927754456255
22895,7.558,0.9999999034383987,0.00012563094116793956,-0.0001505743774798199,0.0003932777860032801,-0.021328992279519288,-0.13508187548414355,9.770725698445515,0.012782443366922669,0.00010899564588331838,-0.010323826994246402,0.6162478191535754,-0.3936123804854482,-1.5323685719467905
22896,7.567,0.9999999039899516,0.00011715817051990705,-0.00014932697920648489,0.0003949626619970255,-0.06543510457974593,-0.10771905220557171,9.7301574314902,0.007813001813354958,0.0012932589557024532,-0.007498057404496995,0.6123314686228704,-0.38634057194345783,-1.536361660660072
22897,7.575,0.9999998999883617,0.00012473172512248294,-0.00014791587376715426,0.00040321973743658485,-0.021478083845228573,-0.13345413539534795,9.770747739279587,0.011642439776724692,0.001396968804791802,-0.005983878080466686,0.6174664883480463,-0.3882514647218815,-1.5331751905456605
22898,7.583,0.9999999012430947,0.00012659682830707484,-0.00014920633263889875,0.0003990294656398986,-0.04290945077945842,-0.13894043031637943,9.78977615302561,0.010297184655956703,0.0007017135660128449,-0.008910093668714966,0.6174676809507752,-0.387024397916836,-1.5327031308755545
22899,7.592,0.99999989765097,0.0001321335549256573,-0.0001548976639269524,0.0004040364924880512,-0.028318449734808945,-0.12104383735519413,9.721619399175571,0.011188279625720913,-0.00036561669134310953,-0.006717584722662401,0.6228462483074271,-0.38967088369051345,-1.5297516896722694
22900,7.600,0.9999998993797802,0.00014433551759668512,-0.00015872411327294954,0.0003939725169957674,-0.02829955924690082,-0.12007492393749494,9.721631470888292,0.012781115375863704,0.00011054810970341322,-0.0103217772463512,0.6174764705618929,-0.3916173662964766,-1.5292240000435433
22901,7.608,0.9999998953307494,0.00015203166154536678,-0.0001567187854859603,0.000402074726824716,-0.03375140180871416,-0.14770014998333764,9.751118647157558,0.011641338420092424,0.0013985466127303696,-0.005982786952862099,0.6194443256058224,-0.3895867622799654,-1.52339597604084
22902,7.617,0.9999999009562901,0.0001398158919091655,-0.00015114280762533444,0.0003945817759331737,-0.005782421887208843,-0.15120135309917057,9.781266408480153,0.006920299874159955,0.0023613380604703637,-0.00968906987028782,0.6191951783051693,-0.38741557312174346,-1.5253774253586385
22903,7.625,0.9999998973948808,0.00015778428856248817,-0.00015158291871641388,0.000396657238860533,-0.027253529910115613,-0.15672079930664298,9.800298151880005,0.014125305364586449,0.0008079959263044669,-0.007394116844472433,0.6182128966435892,-0.38231818917684246,-1.5276399678543164
22904,7.633,0.9999999025622356,0.00015969133407140755,-0.00013376572386317737,0.0003892055096714604,-0.022097254971110463,-0.12711906246733898,9.770830832219305,0.010310896011302247,0.00529735111178061,-0.009632698368693099,0.622854890787873,-0.3898697067318344,-1.5263307965540145
22905,7.642,0.9999999017555813,0.0001562750593727527,-0.0001430072806583403,0.0003893788014664413,-0.050362224860053165,-0.12209366501153232,9.740701080671267,0.009045982366540781,-0.0012979998597031457,-0.00783933923948742,0.6184492477890605,-0.38919558707505797,-1.5307235319287888
22906,7.650,0.9999999003565687,0.00015483280298134595,-0.0001451827332244431,0.0003927284425829906,-0.0008570277535795228,-0.11920280324220292,9.75183106577211,0.00949900500171581,0.0004659014952311033,-0.0071053372444673905,0.6167240130312313,-0.38268849047812653,-1.5371536495336233
22907,7.658,0.9999998963351393,0.00016210534446848743,-0.00014350653148606502,0.00040057139566955946,-0.04363021005422912,-0.1310953135385564,9.78988116532862,0.011639947648473332,0.0014009576783733618,-0.005980941670893907,0.6257520453993872,-0.39492356870104156,-1.5392117650069326
22908,7.667,0.9999998975123292,0.00016396120524363948,-0.00014478670517281317,0.0003963948333888312,-0.05046803847916602,-0.11960179043308115,9.740731448962435,0.010294949871706831,0.0007040764333770236,-0.00890676638550915,0.6155278487745098,-0.39696534030457425,-1.5274390574480083
22909,7.675,0.9999998979766919,0.00016820845990566302,-0.0001385346032615183,0.00039567749930568814,-0.03462337687811461,-0.1409712396324948,9.751215190157117,0.010747741368890474,0.00246819082557651,-0.008172909195885326,0.6284403731235956,-0.3861191008300663,-1.5381144330961918
22910,7.683,0.9999998998850125,0.00016627968976735022,-0.00015459144800568413,0.00038559371615738333,-0.017068462712206675,-0.0935618649558132,9.741396483735858,0.009388583608153806,-0.00282309216834581,-0.010372956497241032,0.6118642070047922,-0.38769528213474513,-1.5280409886902573
22911,7.692,0.9999999001359384,0.00016143606868879715,-0.0001384421731712693,0.0003930652280538506,-0.027908449524573033,-0.15001042928936056,9.800401316413444,0.00871575744124351,0.004823548110096911,-0.006027944832419371,0.6267362136569266,-0.3826755487226577,-1.5362024643121057
22912,7.700,0.9999999017231942,0.00014916870640607508,-0.00015196363183775675,0.00038885646898539396,0.00548816967529197,-0.12499374364863507,9.80105322063166,0.006904219827349168,-0.002232043966269245,-0.008961043329216633,0.6140352565711457,-0.3971109350535997,-1.5384206849943056
22913,7.708,0.9999999002612708,0.00015994763531354233,-0.00014927493308397786,0.0003893728252783552,-0.0187618212073671,-0.1602190378982441,9.761738186111296,0.012434631353518077,0.0016412134497616447,-0.007781198080996805,0.6242999779575258,-0.38948500240466133,-1.5341527571582219
22914,7.717,0.9999999016849843,0.00015990748291364585,-0.00015793825988851234,0.00038225008158494946,-0.0347464694552634,-0.1371042326953153,9.751269889253438,0.009840856296372104,-0.0010582746647122125,-0.009638087744983025,0.6203998342199507,-0.3872555753468293,-1.5317308233055114
22915,7.725,0.9999999005158767,0.00016876204842595653,-0.00016235240122098986,0.000379643656482289,-0.02254938684770828,-0.11820708516670521,9.770941679927875,0.011981324092043968,-0.00012201781187282845,-0.00851370245282723,0.6157580689456007,-0.38653939498477885,-1.532949402606637
22916,7.733,0.9999998963378448,0.00016590272633286497,-0.00015801930929760813,0.0003934850479198103,0.0025673146798851814,-0.15119514854952204,9.742757538963843,0.009153546029143643,0.0019950147450007536,-0.004567901892140053,0.6159961395167927,-0.3895011795989975,-1.5353523783185574
22917,7.742,0.9999998971864451,0.00015733093683472,-0.00015699941007038518,0.0003952534130344435,-0.013535094086256123,-0.1283018012743935,9.73227934634949,0.0078087952448440716,0.0012966721271835467,-0.007493456045298812,0.6260311103375902,-0.38790381149266795,-1.5253882246311938
22918,7.750,0.9999998929043439,0.00017703438033698704,-0.00015033662921208482,0.0004003111633564915,-0.03503340001553001,-0.13376859682254313,9.75131519490664,0.014573811852446519,0.0025793861421240837,-0.006655662984001994,0.6206480014399562,-0.3970009301321138,-1.5301373125157265
22919,7.758,0.9999998930685297,0.00016044051966890543,-0.00013863327454538392,0.0004109775956731694,-0.028516710084615163,-0.14349527188794176,9.800497122515868,0.00577685406116391,0.0036513063801809397,-0.005349744981094248,0.6235771564592084,-0.38137730226253314,-1.5303517814265468
22920,7.767,0.9999998901067912,0.00016224929482354974,-0.00015900133506002414,0.0004100977292045098,-0.001781680484535254,-0.10789573550635666,9.751962598941166,0.01027980849724814,-0.003887010760321199,-0.008175658876080592,0.6208734021565742,-0.390018536919727,-1.5375553089260312
22921,7.775,0.9999998879982164,0.00016432203696326378,-0.0001461413485839034,0.00041909966526862007,-0.03525976833956514,-0.13145485570427623,9.751345841704483,0.010400834574048383,0.003998285582360074,-0.005635939552612644,0.6199089077570993,-0.3818978950221299,-1.5327772427783797
22922,7.783,0.9999998896574808,0.00016427741445153806,-0.00015479925060187026,0.00041198925914442676,-0.03537093659537258,-0.13063472152436778,9.75135645985577,0.009839708309861467,-0.0010570607047463113,-0.009635101396511019,0.6177191480654766,-0.3847884999812695,-1.5298034456458802
22923,7.792,0.9999998831089618,0.00017842185271398236,-0.00015635139445158597,0.0004213097984297283,-0.0072305422013314,-0.13385764025470642,9.781518172546678,0.013324221391234656,0.0005796644505650881,-0.005585212825058099,0.6260316780302129,-0.38643586094102744,-1.525163518796038
22924,7.800,0.9999998840109346,0.00019248793805962748,-0.00015275323584335897,0.0004142378060864907,-0.04465463751186368,-0.11695557175089678,9.79005567847659,0.013227491798165885,0.0018824650211905973,-0.00957937747729614,0.6225978403518468,-0.3911582468753572,-1.531440489155529
22925,7.808,0.9999998853037129,0.0001944020926915896,-0.00015345163529389413,0.0004099426587881018,-0.0568775505096131,-0.1340372717464471,9.77042212025165,0.010291179710895607,0.0007080106917102787,-0.008901488931953222,0.6247701025604963,-0.3815228970115585,-1.541340193666631
22926,7.817,0.9999998814567995,0.0001774226516354421,-0.00016136287170042088,0.00042375654885469505,-0.02629246395472771,-0.13868484432193529,9.712733101899463,0.005763544701620661,-0.0009417499767892059,-0.0046209170037315285,0.6157718006200846,-0.3913505990389438,-1.5275140890948191
22927,7.825,0.999999877588383,0.000170573995450914,-0.000171735422083149,0.0004315491580420659,-0.04076509044740474,-0.15500533929545554,9.780948122427267,0.008247317563671754,-0.0015312165832791571,-0.006030494110701886,0.6196605243232978,-0.3841176157633602,-1.5344563359760137
22928,7.833,0.9999998889047577,0.0001668144096755526,-0.0001569751451116535,0.00041197357746955307,-0.014176895536028583,-0.11938108504696923,9.73239194746374,0.008957552525985546,0.004602318933768918,-0.01255501055678743,0.6194319091429605,-0.3872102792026881,-1.5283106984544215
22929,7.842,0.9999998822329564,0.00018112051706779705,-0.00015846636819150778,0.00042144731801257377,-0.02360280512824315,-0.10680307068052791,9.771070500871797,0.01332282984740112,0.0005826117870889447,-0.005583216182353865,0.6194220577119334,-0.3877502845954881,-1.5322101220998665
22930,7.850,0.9999998832124243,0.0001726201597754264,-0.00015719668630465134,0.000423162640198902,-0.01444801327635613,-0.11762262152051725,9.732412958776893,0.007806345122415898,0.0012985153034294314,-0.007490701216383637,0.6177105873242926,-0.38703086879457044,-1.533191984478715
22931,7.858,0.9999998817212601,0.00017105940814835993,-0.00015935401517521867,0.0004265002260354154,-0.003869544305817125,-0.1676493725074141,9.772483565543144,0.009494342555244492,0.00047200077278014666,-0.007098510316461788,0.6213811885361549,-0.38307966568303403,-1.5298353455008382
22932,7.867,0.9999998801789407,0.00016959699098323942,-0.00016150256343126958,0.0004298789212312815,-0.04123870673004785,-0.15106955905315364,9.781007718511864,0.009494157401625633,0.0004722276225048999,-0.007098266143600574,0.6218463510361922,-0.39272326059301454,-1.5389868968118945
22933,7.875,0.9999998842755599,0.00017463399452139885,-0.0001616933756635928,0.0004180993749222283,-0.01994066976348885,-0.14386400020047418,9.761990578814835,0.011085062865015805,0.0009473730673283181,-0.010700428117877022,0.6260322293749833,-0.38447967201846267,-1.524945283817966
22934,7.883,0.9999998791465216,0.00016142267151542325,-0.00015481148765352366,0.00043781624849222874,-0.04818934220912103,-0.13902802563565453,9.731845744147149,0.006666073482233474,0.0025893255432029444,-0.003155749784747096,0.6255040743536106,-0.3910370743668498,-1.5407276255117088
22935,7.892,0.999999886485356,0.00018010903754592358,-0.00015627636763645205,0.0004125138865903237,-0.03619534031271645,-0.1201181839567748,9.751488651440425,0.014363871807989797,0.0005963176608748175,-0.01390974829950816,0.6169622143852427,-0.38955618205974046,-1.5395048583888715
22936,7.900,0.9999998874681006,0.0001716037775251647,-0.00015500169874692953,0.00041423471968255615,-0.03626170908747446,-0.1192206574250074,9.75149941519252,0.007805173594231845,0.0012996366858122762,-0.007489358399767689,0.6196687380678665,-0.38993441550917896,-1.5312051464077003
22937,7.908,0.9999998802788762,0.00017578697634245747,-0.0001541754183954338,0.000429850104342504,-0.020353951652741047,-0.1406319407013546,9.762036821952172,0.010837363780592623,0.0011752172215802647,-0.004171796495833718,0.6130786162634867,-0.3840658487414846,-1.5305337881341896
22938,7.917,0.9999998839902228,0.0001705764764467979,-0.0001520078779360284,0.0004240481246272584,-0.03256565853791085,-0.15791025509837192,9.742420727010503,0.008600287872098076,0.0015372018747697586,-0.009290009407780006,0.6213629398424676,-0.39074442359837913,-1.5370585994082775
22939,7.925,0.9999998823053591,0.0001812096593044362,-0.00014942474987338135,0.00042452864667506964,-0.04191972929811292,-0.14535740680864975,9.781091382329237,0.012427757188118444,0.0016507012874366386,-0.007773310179013559,0.6265084359087769,-0.3923561947305976,-1.529725351813471
22940,7.933,0.9999998754879004,0.00018348521929807457,-0.00015587310850482985,0.0004371051732987309,-0.020612042439660073,-0.13806174361588702,9.762072967979188,0.010385584403807225,-0.0005889069199701433,-0.004902338494223139,0.6211377880353505,-0.3867382180260999,-1.5295420788759557
22941,7.942,0.9999998816410209,0.00018355639688234776,-0.0001449366291457618,0.0004266361063870875,-0.020723336032890113,-0.1372401252840171,9.762084317645646,0.009846077591685145,0.0035401559205519334,-0.01035896633498603,0.6118537470115113,-0.3884826421518747,-1.5321812953135683
22942,7.950,0.9999998831087592,0.00017316364877019083,-0.0001510539366081014,0.00042541688634621677,-0.015504024010268982,-0.10801655172279598,9.73252268796407,0.007353088605685972,-0.0004648260314447868,-0.008219202221551912,0.6179676459342449,-0.3859864478365098,-1.528079056448658
22943,7.958,0.9999998847076106,0.00017303709304435425,-0.00015990715890019648,0.00041841681439552044,-0.058119055101433295,-0.12005742204355556,9.77059659591971,0.009836447638161033,-0.0010528935651837154,-0.009627113241944771,0.6172296185535092,-0.3843067324880795,-1.530296919735092
22944,7.967,0.9999998798434556,0.00018237073381986572,-0.00015066507908514107,0.00042936467493074996,-0.01160316031692072,-0.14666877002144893,9.723463785104093,0.012082051820870651,0.003180795324041689,-0.005239949863243902,0.6172290345130341,-0.3852864446687955,-1.530528096427332
22945,7.975,0.9999998755850661,0.00017735789042289525,-0.00015373153164060727,0.0004401597974808342,-0.03021933362857894,-0.12239252941614868,9.800778276301624,0.00869659256561333,0.00023828066538836268,-0.005293701881430977,0.6213790403745569,-0.3926132556715287,-1.5306856374133317
22946,7.983,0.9999998714737599,0.00018292491991042778,-0.00015927943272754967,0.00044522017009077065,-0.0330652172168232,-0.1513895078532321,9.742522554672048,0.011179905002899181,-0.00034962294111630696,-0.0067013685410655935,0.6255292542759493,-0.38773087196228473,-1.5307608314200245
22947,7.992,0.9999998673450702,0.00018862157704856018,-0.00016440342278593018,0.00045022578468589916,-0.020930237363277884,-0.13239423009413745,9.762150799682974,0.01117968173090925,-0.0003493489032162547,-0.0067010742303244995,0.6189461045698521,-0.38744145663268126,-1.5273297558195587
22948,8.000,0.9999998712619741,0.00018340171456894013,-0.00016223049727638034,0.0004444334730573215,-0.0636517979944259,-0.1443232146578598,9.800232170967622,0.00859803032256407,0.0015384610752822005,-0.009287672624950605,0.6245423656819776,-0.3924241389468094,-1.5348469040252863
22949,8.008,0.9999998639329144,0.0001979896259597395,-0.00016351052959437523,0.00045409092442066825,-0.021048343033649344,-0.13070099448738612,9.762173364009904,0.013318253469734689,0.0005919514867851098,-0.005576580670935199,0.6201506133539617,-0.38288731351944755,-1.533741391480188
22950,8.017,0.9999998713993683,0.0001819655001029664,-0.00017271799893398942,0.00044074742959912235,-0.03311022293104252,-0.14801319444815228,9.74257427887706,0.006008046115108866,-0.0011677090881376585,-0.011141574413906175,0.6211333482731975,-0.38309907831623746,-1.5312994391489425
22951,8.025,0.9999998613963657,0.00019273370354085575,-0.00017501420216408173,0.00045763631671940746,-0.02097477031296475,-0.12916389919439558,9.762193980170313,0.012522735686554744,0.00035579289679773873,-0.003775402469721972,0.6167329170773161,-0.3906991274542379,-1.5336292227020238
22952,8.033,0.9999998619380378,0.000208645607900923,-0.0001639761189232727,0.00045354464895532536,-0.017201365999074538,-0.16834019485180585,9.753159762519527,0.013669663024448324,0.0036580874051793232,-0.008839848585570772,0.6196673165952038,-0.38432614512128294,-1.5317677980769828
22953,8.042,0.9999998622977201,0.0001915724146626654,-0.00015281443632857552,0.0004640606632074962,-0.03351157758782472,-0.1454143638320533,9.74261204265133,0.005769087263816265,0.0036553808751710578,-0.005348258406080408,0.6216326638247825,-0.3810878869329298,-1.5269324248426221
22954,8.050,0.9999998636615701,0.00019338763913134843,-0.0001540492102922389,0.0004599422824538054,-0.033680362302065184,-0.14476465028278862,9.742621138002221,0.010285159835111742,0.000714598407242907,-0.0088926550561022,0.6230828320145468,-0.38507144443313845,-1.5327432004818087
22955,8.058,0.999999862334125,0.0001915436888615737,-0.0001558127901660233,0.0004629958103678377,-0.02163152455944133,-0.12585549881532532,9.762235757962175,0.009489991735059431,0.00047778231202976027,-0.007091820117187198,0.6196538301385062,-0.38683851663098395,-1.53710604873254
22956,8.067,0.9999998601063328,0.0001919427013328017,-0.0001505385230653736,0.00046934365557761796,-0.03382159008038074,-0.14317727844276332,9.742644105941181,0.009940063358269694,0.0022439714346034934,-0.006361366246862817,0.612085980869666,-0.38292937422472156,-1.5368945766821323
22957,8.075,0.9999998615314148,0.0001933946399471017,-0.0001521258022278619,0.00046518104457748504,-0.009762654104465205,-0.10613178245142664,9.781856091973761,0.010284555773812128,0.0007152719115142658,-0.008891720157900298,0.62406825457451,-0.3918614854819387,-1.5292374179542962
22958,8.083,0.9999998618892108,0.00018675130553620043,-0.0001434397960498714,0.00046986224973140963,-0.03407700371177524,-0.1416081911442728,9.742666148007036,0.00825125930156317,0.00306882063693334,-0.006754633081622016,0.6206295847855332,-0.3812270108042206,-1.5374270491567916
22959,8.092,0.9999998574656783,0.00020435158255738685,-0.00014383286222233624,0.00047182747028148245,-0.02214498320411227,-0.1225842598413998,9.762276234706329,0.014110958240805582,0.0008335378398452201,-0.007373409651589979,0.6255312679630134,-0.39260354935492703,-1.52996376762996
22960,8.100,0.9999998644839392,0.00020241442397755125,-0.0001407620938153039,0.0004585264851862723,-0.05566117318663943,-0.14611365067243787,9.76173091948398,0.009390398599059473,0.0017770296084313219,-0.011084910214143059,0.6143012556146019,-0.3867414534649671,-1.5297689271527244
22961,8.108,0.9999998635443772,0.00019916827511990494,-0.000150105956989114,0.0004590331440864746,-0.00621858899953649,-0.1430036457048451,9.772874070972387,0.009039028208689494,-0.0012868674717429604,-0.007819837425937084,0.6206311206931628,-0.39025294978858754,-1.5368191014879207
22962,8.117,0.9999998642464831,0.0002028541805951904,-0.00014393277308012592,0.0004578652140263228,-0.01833553688695183,-0.1603248056013463,9.753292745687986,0.010733309860876623,0.0024828758929890983,-0.008160312002473398,0.6235748284712339,-0.38554027017085946,-1.5312732527669648
22963,8.125,0.9999998627818532,0.00020127799151647383,-0.00014583823723240526,0.00046114493780111067,-0.034482057136022905,-0.13738652485132524,9.742725169647006,0.009488561484057889,0.0004798712125578225,-0.007089455297089776,0.6208870030482385,-0.39092383400649666,-1.5321717622708857
22964,8.133,0.999999863452097,0.00020496172525327348,-0.00013966264763948697,0.0004599791551752539,-0.022518693025921258,-0.11843711733899487,9.762326571982257,0.010732795577169444,0.002483432658643031,-0.00815978629967433,0.6174784352053998,-0.3950253285763457,-1.5284463488247308
22965,8.142,0.9999998652968126,0.00020523500891481494,-0.00014818546756630106,0.00045312913746224675,-0.023900920899304033,-0.186324985609919,9.782958135187302,0.009833194368466998,-0.001049047309533109,-0.009618609602835988,0.6267591636784053,-0.38646174445196524,-1.527118316418335
22966,8.150,0.9999998597923505,0.00019199800121434297,-0.0001412734291165181,0.0004728571302292161,-0.02262501021045038,-0.1169325587391784,9.762344461630118,0.006659939379840125,0.002596712381405694,-0.0031530686783022687,0.6213559922659636,-0.3858976297166747,-1.5398086104496065
22967,8.158,0.9999998617327851,0.00020392393549630526,-0.0001446325558142281,0.0004626346970786989,-0.04406647268084368,-0.12250529801773036,9.781394852987429,0.012765523335724383,0.00013125615638350655,-0.010294341173344988,0.6150108232178699,-0.3858846879612058,-1.5388161002750236
22968,8.167,0.9999998574038259,0.00020947502453807509,-0.00015014873055142484,0.00046772630926165607,-0.03478257351033384,-0.13331177342639172,9.742780710020424,0.011176066703578083,-0.0003421987829295692,-0.006693701891943542,0.6213857836029058,-0.3913570699166782,-1.5280165120855531
22969,8.175,0.9999998585058584,0.0002009111656649082,-0.00014892956793412354,0.00046951352565109607,-0.034813791227219594,-0.13254353589342283,9.742791078355399,0.007798997948769095,0.0013045397806076859,-0.007482302817252072,0.6201391160625493,-0.38954000486540424,-1.5382922846313067
22970,8.183,0.9999998541344017,0.00020646080333692275,-0.000154443105339426,0.00047460766865506875,-0.022777476433617834,-0.11363044225011053,9.762383103107378,0.01117571211023166,-0.00034157358652903933,-0.006693100977787386,0.6221140776792952,-0.37868228490584727,-1.5296513151792193
22971,8.192,0.999999853294981,0.00020272125999977624,-0.00016381496839894236,0.0004748460413374925,-0.04005969335109285,-0.1594199809939079,9.772452107695939,0.009037704976366134,-0.0012848926932402418,-0.007816510630141951,0.6184481532734462,-0.39335208410564976,-1.5311567664563908
22972,8.200,0.9999998540870568,0.00020639547186498437,-0.00015763016042184098,0.00047368714088989684,-0.04408095336408085,-0.11836729080009162,9.781445736853957,0.010730529409517114,0.0024855916460827495,-0.008158124571870283,0.6179635494769926,-0.3926003139160598,-1.5297005287228798
22973,8.208,0.9999998509194443,0.0002089978766651059,-0.00014490868478425032,0.00048320021800334767,-0.006954611038731389,-0.1332483030331277,9.773011453267168,0.010385109549918097,0.004015787257226949,-0.0056288430017939865,0.6269791036825916,-0.38219378122946784,-1.5366977887723503
22974,8.217,0.9999998531877381,0.00021925313731713974,-0.00015603758178718728,0.00047032418307897455,-0.019104710975848444,-0.15047921215018167,9.753448141746409,0.012314647940758849,-0.0016334817972765787,-0.011020450323112383,0.6216037834853637,-0.3844135019706982,-1.538363929372755
22975,8.225,0.9999998440731331,0.00021396187846741077,-0.0001778565201396201,0.0004841911633413886,-0.013570183335022799,-0.12117287673017457,9.72381238468329,0.008687855775775468,-0.0043471588997147,-0.004549267036660073,0.6243164336601563,-0.3835387851041534,-1.527639210470213
22976,8.233,0.9999998449218113,0.00021763106119804783,-0.00017166741668479647,0.000483035581315612,-0.006707612502955445,-0.13067931428878646,9.773046314525713,0.010729336217473955,0.002486589200851451,-0.008157343155652124,0.6211424440112993,-0.3784122822094472,-1.52769913619512
22977,8.242,0.9999998460913831,0.0002208138474015639,-0.00016501216456736532,0.00048148669811643504,-0.05634897970413673,-0.13223552810369588,9.761924834977528,0.010729090392891386,0.00248689200318915,-0.00815701938772113,0.6172204002065141,-0.38533174081293675,-1.5339457541170447
22978,8.250,0.9999998441918725,0.00020898362012241762,-0.00016460160788016524,0.0004907630670478865,-0.04721031374323413,-0.14332334964774365,9.723317709182469,0.007002944369196493,0.0010691035485716296,-0.005680705598284132,0.6152599950403017,-0.3887882346758143,-1.536824944671599
22979,8.258,0.9999998455713716,0.00021060039727693582,-0.00016610428798157596,0.00048673819548513515,-0.03521756002782999,-0.1244596861238634,9.74289624902982,0.010279767620974134,0.0007203998074121433,-0.008885075755570609,0.6137998609845433,-0.3819270139719349,-1.5349588886774455
22980,8.267,0.9999998463622157,0.00021426525517041458,-0.00015991025214869678,0.00048558691981062175,-0.0192802603376183,-0.14569490267815785,9.75352043547179,0.010728350615931886,0.002487756164823291,-0.00815626295899678,0.6159881055986004,-0.3890550019333472,-1.5385323884589461
22981,8.275,0.9999998385923723,0.00021620069432334437,-0.00016673438805885963,0.0004982691369020884,-0.023356074275556006,-0.10458310933992293,9.76248285019862,0.01037953403831491,-0.000574654787848843,-0.004889745585763945,0.6228395296008568,-0.3916594270017506,-1.5324111087144219
22982,8.283,0.9999998411242919,0.00021424450143842395,-0.00018274768516394409,0.0004883174870333423,-0.0473176613747584,-0.14012808728882217,9.723363762266176,0.00938166679192156,-0.0028132704145064093,-0.010340838073591938,0.627458920720277,-0.3873655802683151,-1.540048736043369
22983,8.292,0.9999998535769701,0.0002226028929916243,-0.0001626806404774274,0.0004656490097407572,-0.01931005107532983,-0.1431744994852742,9.753557701223187,0.011869697903721515,0.005787891004019453,-0.013221714484726265,0.6201657011096986,-0.39135383447781097,-1.5277693097274239
22984,8.300,0.9999998424636185,0.0002337643484204826,-0.0001650592441600777,0.000482889649457965,-0.04088215755956072,-0.14854225261160853,9.77262009879969,0.012516124963504908,0.00037212043350423417,-0.003765170495862872,0.6184271433736956,-0.39224149309982465,-1.5394729694169749
22985,8.308,0.9999998382327652,0.00023763937067695286,-0.00017794417214192078,0.0004851781575769382,-0.028756267925029166,-0.1294159455925593,9.792193882853935,0.010724384864086826,-0.00210381752354463,-0.007416149167525667,0.6201583247973174,-0.39212501730060434,-1.5306890243186944
22986,8.317,0.999999842631531,0.0002323835449848096,-0.00017574843087812074,0.00047942391479240115,-0.019440756563132877,-0.14045769404557015,9.753596940960604,0.008589512131774696,0.0015437459650550754,-0.009278441115802297,0.6311256216491157,-0.39588710368742136,-1.538235919054706
22987,8.325,0.999999843286226,0.0002467211571777551,-0.00017156568775873962,0.0004723572896102366,-0.028855088021127767,-0.12774278923150956,9.792215563646854,0.013208754948162319,0.001904933634448873,-0.009558565571112511,0.623074238577658,-0.3863373365045906,-1.5361446810288115
22988,8.333,0.9999998476445074,0.00024146351835682508,-0.00016936788339261616,0.00046660567034466057,-0.04781356481948801,-0.1348098391191539,9.723436524920439,0.008589044157659811,0.0015441695730339321,-0.009277825780131454,0.626234570117367,-0.38884970801429164,-1.541490949958844
22989,8.342,0.9999998425865468,0.0002486538564898851,-0.00016718656429375684,0.00047439097171595747,-0.01981136684943862,-0.1378689618664228,9.753633132648611,0.011620354848608488,0.001432608801661494,-0.005958852270332875,0.6142946758647774,-0.39288002292906155,-1.5323733439096625
22990,8.350,0.999999849984843,0.00023635308814214792,-0.0001615906354723162,0.0004669646408971461,-0.01469964613934111,-0.10869638864514358,9.723958211593908,0.006900054436870696,0.0023657156983020577,-0.009673090435312188,0.617710440193621,-0.3826367234562509,-1.5332502221924713
22991,8.358,0.9999998452894553,0.0002417999439913845,-0.00016730443951147976,0.00047218966273867354,-0.04135996576702332,-0.14274059110671708,9.772704549216543,0.011171838689940993,-0.0003341742372473897,-0.006685922356749152,0.6181921483094773,-0.38901941210580765,-1.535852637101556
22992,8.367,0.99999984595675,0.0002454505332198869,-0.00016109512628257916,0.00047105081767441633,-0.020109283359917032,-0.13549585448404408,9.753665777972621,0.010724879144265714,0.002491386836975429,-0.00815329875093228,0.6137971696521013,-0.3936609120684566,-1.536024180139469
22993,8.375,0.999999844183648,0.00024406026705357017,-0.00016350374197081542,0.00047469336640447375,-0.04155132877552024,-0.1410313052891235,9.772728552872435,0.00948286064694714,0.00048743873369587844,-0.0070811951203034644,0.6159940240508995,-0.40001124632934093,-1.5361897285168828
22994,8.383,0.9999998394604334,0.00024959132692344845,-0.00016898230932729097,0.00047982106700160333,-0.04154954131287693,-0.14019265763495026,9.77274062808114,0.011171294638752221,-0.0003332280242721536,-0.006684902349620269,0.6211290801634948,-0.3845864415010813,-1.5329888554225468
22995,8.392,0.9999998401497832,0.00024311772476585583,-0.00016033477238789728,0.00048465135996239865,-0.015074688417052458,-0.10463943008164349,9.724002141199321,0.008241715387335011,0.003076426526676137,-0.006749456485215965,0.6155115765899702,-0.3899700053367185,-1.5338799634423363
22996,8.400,0.9999998444025705,0.0002481839252456761,-0.0001606374233332789,0.00047306996541047076,-0.013694005577571614,-0.1424661511910317,9.802952143904323,0.011069780321488962,0.0009611120930622286,-0.010678846141097783,0.6203960929332397,-0.38605439205272163,-1.5332117108866699
22997,8.408,0.9999998462948423,0.0002479985982069166,-0.00016931683008668415,0.00046608883103360085,-0.03654703478629631,-0.10936748603903551,9.743072455448479,0.009828058225641898,-0.0010428861736996571,-0.009606502369497037,0.6223549339783293,-0.39115177599762274,-1.5309516355523691
22998,8.417,0.9999998420876371,0.0002516576926560296,-0.00018219501993178578,0.0004682927301743453,-0.03641173473114344,-0.10853578597899055,9.743082263106654,0.01072284945640412,-0.002099595836750766,-0.007410723049009877,0.6147753422002911,-0.38657174937345107,-1.5353881195093406
22999,8.425,0.9999998424879213,0.0002468170268686223,-0.00016608285197177483,0.0004759432470365215,-0.037702761843619474,-0.17641564536481638,9.763909772316556,0.008688194081300423,0.00484535280398333,-0.006021883524479056,0.6125660431251375,-0.3954247488274349,-1.5401484610968905
23000,8.433,0.9999998443487761,0.0002467221648510334,-0.00017467671222339375,0.00046895484172533364,-0.020577770983411642,-0.1290462827951961,9.753752263511538,0.009827564774495888,-0.0010422958804046799,-0.009605434787545674,0.6203934952057004,-0.3821614268407954,-1.5342399513689744
23001,8.442,0.9999998426679424,0.0002451031977697744,-0.00017705613265768131,0.00047248242146168823,-0.0459352774869947,-0.09435248344388833,9.781698328572602,0.009481302251071046,0.0004895700195014647,-0.007079095748785722,0.6174634128410725,-0.3885117611016798,-1.5343925471491588
23002,8.450,0.99999984393049,0.0002468744597736135,-0.0001782414890684472,0.00046842498658359363,-0.04191389746109337,-0.1338155237570449,9.772828472329538,0.01027461503037397,0.0007262543757921371,-0.008877893851004756,0.6184417570417126,-0.3865491013013805,-1.5336885425196476
23003,8.458,0.9999998446701307,0.00025037733835941,-0.00017209735425223788,0.0004672830020087634,-0.04203558916696091,-0.13296352486232277,9.77283957901784,0.010721759324773945,0.0024946800840718424,-0.008150767426175334,0.6245335515490812,-0.38709881301078225,-1.5383357411429235
23004,8.467,0.9999998453306599,0.0002540140634070286,-0.00016587339245531123,0.00046615612184173,-0.016832791888794767,-0.16600573835085408,9.74492466239183,0.010721514551517214,0.0024949825429121776,-0.008150445355371672,0.6167316754310297,-0.39046147914651014,-1.5341206949433819
23005,8.475,0.999999842836677,0.00026460693639556023,-0.00016297697773456666,0.00046663507669651776,-0.03831745889109467,-0.17142086449773844,9.763996349433523,0.01240998713844475,0.0016754319587746294,-0.00775337308809813,0.6252740131788321,-0.38778910986189485,-1.5351543459450254
23006,8.483,0.9999998437612262,0.0002579118671828614,-0.00015424914041319758,0.0004713450906106284,-0.009231444160438964,-0.10572939944831021,9.773346018196989,0.008238865590609715,0.003078900746524195,-0.006747765190619347,0.6196574569902501,-0.38462203132862083,-1.5356704571509698
23007,8.492,0.999999846799866,0.0002453558794529336,-0.00016751535008901593,0.0004670538992084863,-0.005180622399377108,-0.14538120311870717,9.7644925860246,0.006897360045677451,-0.0022258905487864064,-0.008927160678509698,0.6209005875920508,-0.39134089272234207,-1.5267946864728246
23008,8.500,0.9999998526367432,0.00024709971194633774,-0.00014959961254491327,0.0004596609408193614,-0.02662102377843605,-0.151036411779623,9.783559550150462,0.010272102410234006,0.005320547783671909,-0.00961871932845151,0.6265032568015508,-0.3850585026776695,-1.5317753619209962
23009,8.508,0.999999854029282,0.0002488717464245135,-0.00015026282698927452,0.0004554397340812225,-0.0429552246832246,-0.12817309964776782,9.772899581186348,0.010273321429605185,0.0007281759541233214,-0.00887539379712773,0.6191619808124907,-0.3907638362315825,-1.5385177587336276
23010,8.517,0.9999998517995687,0.0002492149345257395,-0.00014491934211694325,0.0004618345381916749,-0.055081425905275073,-0.14559617175973497,9.75338543274791,0.009926686137938377,0.0022605580230666855,-0.006349983304834461,0.6255207098826178,-0.39046147914651014,-1.534142899395775
23011,8.525,0.9999998479578197,0.00025291874476754097,-0.00015760458030307764,0.00046397978700493745,-0.02696651356454782,-0.14853902288848503,9.783596838940474,0.010721586933336996,-0.002095539884654913,-0.007405149271020341,0.6172106795583061,-0.389777653173132,-1.5377934109058173
23012,8.533,0.9999998498034185,0.00025281635808977083,-0.00016618732345063733,0.0004570107255549251,-0.009596676249826566,-0.1010809128468569,9.773394849348204,0.009825806341457032,-0.001039710138789908,-0.009600743700738462,0.6194271469059711,-0.39236266560833205,-1.5301957017063035
23013,8.542,0.9999998481698658,0.00025141557859159066,-0.00016831039463236432,0.00046056711044134926,-0.045595262686103866,-0.1550460125180399,9.714844198613395,0.009479122861915046,0.0004928454769926417,-0.007075647161826159,0.6177173795961989,-0.38723939815249314,-1.5305034465796843
23014,8.550,0.9999998493809693,0.0002531762938234014,-0.00016948231966261524,0.0004565255154355336,-0.02683576979411847,-0.14611482927768968,9.783633702845679,0.010272087257211102,0.0007293957954820562,-0.008874048214869437,0.6208800799935132,-0.3868093976811789,-1.5349120670265888
23015,8.558,0.9999998392254532,0.00026043066281807487,-0.00018655320433959497,0.0004678919105095907,-0.038735664028694904,-0.1634791894140637,9.764130895745987,0.011616623517721225,-0.0031494347334896267,-0.005207732853035,0.6252901382327,-0.3903902994914311,-1.5287716776644535
23016,8.567,0.9999998388732829,0.0002762459926302623,-0.0001754032090647118,0.0004638698893496401,-0.021528227887585908,-0.11583055713049616,9.753916109888861,0.01364654841316178,0.0036846524762423854,-0.008823058742775544,0.6269979899425229,-0.39357031978017415,-1.5292221714386336
23017,8.575,0.9999998466950992,0.0002641962452564712,-0.00016908464595441545,0.0004563118499916866,-0.055092162979109315,-0.139609020775214,9.753472907400074,0.0068936809583737815,0.0023674268882071183,-0.009668145946078666,0.6238183842766363,-0.3865199823515755,-1.5315050462495492
23018,8.583,0.9999998413277739,0.00027157308522676477,-0.00016711689717802093,0.00046439684441876837,-0.027123646244895383,-0.14260786119854654,9.783684656417758,0.011613418181569607,0.0014443322206242073,-0.005950957590712972,0.6157420501527734,-0.38711175476625126,-1.5392900103161624
23019,8.592,0.9999998426254827,0.0002731015734066564,-0.00016828143860452076,0.0004602672027128736,-0.050108434230794856,-0.10961577698848808,9.723741626889867,0.010270984490652939,0.0007304984665833775,-0.008872452174385679,0.624787114090109,-0.39217678432248004,-1.5346066378377645
23020,8.600,0.9999998437962256,0.0002748567272081737,-0.00016944714602783485,0.0004562334581388848,-0.011138057783836542,-0.1628880462035702,9.794403329950836,0.010270743899355854,0.0007307963208831297,-0.008872135784564745,0.6245526785445872,-0.38724263359136035,-1.5307648351157315
23021,8.608,0.9999998330159461,0.0002841611216661146,-0.00017868567276263237,0.0004704168019212171,-0.005896771199221934,-0.1336231347397067,9.764660164781338,0.01206234771537845,-0.0013779954328907054,-0.004479433493493381,0.616234516214969,-0.3831831997267855,-1.5376341819086667
23022,8.617,0.9999998419042783,0.0002681040278603655,-0.00018790188193744403,0.0004571701344402886,-0.03389969570433419,-0.12915888407565754,9.73446702480929,0.006000076374690688,-0.0011703919631350496,-0.011118110827787681,0.6191620870735315,-0.39393738564259106,-1.5384756981625811
23023,8.625,0.9999998425811444,0.00027156776756863404,-0.00018189939194007904,0.0004560715359900615,-0.027148572757022593,-0.1385593015476684,9.783742761152823,0.010716087677350264,0.002500657701874957,-0.008146073763227827,0.6189279049197222,-0.3965709296607996,-1.5345335971557457
23024,8.633,0.9999998432150988,0.0002751810309699586,-0.00017564989020673518,0.00045496405763306345,-0.01801711447847371,-0.1496147933723359,9.745187977710023,0.010715843680976006,0.002500959898316678,-0.008145752939644344,0.6145440802488574,-0.38430673248807956,-1.530290135041305
23025,8.642,0.9999998409046831,0.0002840701698880893,-0.00018033181687860308,0.000452741850058798,-0.05554700975614124,-0.1330490562471165,9.753562021562841,0.011958491000813079,-8.585166892470102e-05,-0.008472640207171958,0.6201476441080285,-0.38632115931025446,-1.53491668751264
23026,8.650,0.999999838595895,0.00029286205373620745,-0.00018487371892575856,0.00045040172019680867,-0.01808742874278783,-0.14772549459407788,9.74521667071912,0.011958211474256578,-8.550537253798146e-05,-0.008472272688723812,0.6133122143768209,-0.3824120169039921,-1.5347070658332649
23027,8.658,0.9999998366757124,0.0002927817008881944,-0.00017971960898368475,0.00045675845549647987,-0.03429146515117798,-0.12484628146376493,9.73452191949617,0.009922185650691327,0.0022657207483409688,-0.006346780914131672,0.6211241544479811,-0.38485644419748133,-1.5349385672452693
23028,8.667,0.9999998377836672,0.0002945290848769517,-0.00018087711641270307,0.0004527347198938518,-0.043735527411903556,-0.11209039737483437,9.773093812358848,0.010268881578958904,0.0007327535427709274,-0.008869716341025308,0.6201427102185886,-0.3863470428211923,-1.5368696347639044
23029,8.675,0.9999998369494252,0.00029079991478679233,-0.0001902666314014757,0.0004531392076865209,0.009868079301175364,-0.14893486136825082,9.775460811067623,0.009030214352544355,-0.0012723809375337356,-0.007796130356268176,0.6165066462328058,-0.39011706135616386,-1.5265556429829297
23030,8.683,0.999999836624275,0.000304732996635058,-0.00018650317589800878,0.00044621271769897726,0.0005203382772546155,-0.13608441024673829,9.814034373632422,0.013195618429356204,0.0019213037276672848,-0.009544189797361725,0.6272066161733878,-0.38301349563526954,-1.5432798962500858
23031,8.692,0.9999998335829734,0.00028934408896164694,-0.0001867447158311527,0.000462861140125484,-0.04383061929511386,-0.10961821948084952,9.773121425875566,0.006201375685823918,0.0008427910274917664,-0.00387286257913786,0.6189232035919304,-0.3851199760161469,-1.5363944911420773
23032,8.700,0.999999832759795,0.00030513497401958014,-0.00017556638248160676,0.0004588567044997558,-0.034674965653551035,-0.12076228589228756,9.734572084536683,0.013640704126491439,0.0036913730434843493,-0.008818825972355867,0.6184416017371146,-0.38191083677759874,-1.5337500156619461
23033,8.708,0.9999998420368968,0.0002886081305541883,-0.00018484631936175185,0.0004454922741041823,-0.027970375936954683,-0.1299965462181356,9.783857963588993,0.005998897156551039,-0.0011707317535106269,-0.011114414773029711,0.618682351775108,-0.39120677845836566,-1.5350923966061423
23034,8.717,0.9999998459972448,0.00028516629489838197,-0.00017520463194079224,0.00044270645835129454,-0.040028031796794594,-0.1476885505634111,9.764377290192344,0.00902400476340327,0.0033210954655781087,-0.008541923765079508,0.6221113699990007,-0.38992794463144453,-1.530723077498327
23035,8.725,0.9999998413505763,0.0002823106243470898,-0.00017057243885369342,0.00045662301376494114,-0.03505527729551872,-0.11862773904394304,9.734596965365222,0.009127779314976478,0.0020322572863945487,-0.004547054160615919,0.6147709514816952,-0.384397324776362,-1.5371260672110751
23036,8.733,0.9999998385062396,0.0002929531171317068,-0.00016768721408524898,0.0004572165393034488,-0.040381631188027824,-0.14607837827716952,9.764400057523961,0.012401602964379366,0.0016875203640996355,-0.007744045356425806,0.6245398251719217,-0.3902400080331186,-1.5358524965077966
23037,8.742,0.9999998456573246,0.00029073041921713356,-0.00016460124308485352,0.0004439229446516106,-0.01919393557187946,-0.1388483343150041,9.745345075474045,0.009370552913098646,0.0017878440221344987,-0.011063529859852546,0.6208868477436407,-0.3862855694827149,-1.532233235413184
23038,8.750,0.9999998413880157,0.00029436995218798064,-0.0001774264656255593,0.000446195163740546,-0.03531078007842617,-0.11606385388815751,9.734626949158388,0.010718272408049692,-0.0020870502854301695,-0.007394017111002554,0.6159991741541354,-0.38802028729188814,-1.5341511988577692
23039,8.758,0.9999998374026495,0.00029599946165503237,-0.00019768482647381603,0.0004455330539977524,-0.02826304105467114,-0.12521576638937412,9.783919478113265,0.010272914161334122,-0.0038565580622213756,-0.008117910912375001,0.6150153692410637,-0.3926973770820767,-1.5370166794309905
23040,8.767,0.9999998380381615,0.0002995931992668444,-0.00019141553739210617,0.00044444083741117626,-0.056315411295492744,-0.12071287932901355,9.753718090708807,0.010711227910361729,0.002505724631268497,-0.008142069480875194,0.6230761868733125,-0.3892570604135353,-1.5353735006670832
23041,8.775,0.9999998449702655,0.0002976479863236077,-0.00018835497806609738,0.0004312627080451997,-0.007049078925080559,-0.11719882950015265,9.764870340206004,0.009369222898645115,0.0017885410988451608,-0.01106259232846333,0.6252871444649883,-0.39309178772585146,-1.5299566799825317
23042,8.783,0.9999998444561945,0.00028577259291729236,-0.00018789483476502222,0.0004405872704038797,-0.02847305473886384,-0.12288086858679374,9.783948470825326,0.006992169231923326,0.0010809995668032988,-0.005668982766328397,0.6174806896280384,-0.3886652879988596,-1.527553996341191
23043,8.792,0.9999998403777541,0.00028115458307321063,-0.00019044411910397146,0.0004515834413692958,-0.028522333415265777,-0.12224322298748114,9.783956315699202,0.00868112762841282,0.0002648622078682333,-0.00526971776770597,0.612091768539146,-0.38997971165332024,-1.534603683596741
23044,8.800,0.999999841847883,0.00028103048632883515,-0.00019899854268124942,0.00044466352980865217,-0.019136410851858836,-0.1334696133179939,9.745420338360258,0.00982058458522878,-0.0010331081963332056,-0.009588809241210918,0.6213647573553027,-0.38975824053992864,-1.5363391859032214
23045,8.808,0.9999998329299178,0.0002954302241227115,-0.00020058578830858134,0.0004545618336853856,-0.02845977533949362,-0.12055015377513201,9.783977507867263,0.013295885360326646,0.000639180699947762,-0.005544787908528273,0.615986001998348,-0.38149701350062065,-1.539365041962973
23046,8.817,0.9999998409431566,0.00028307430209799687,-0.00019497435407875112,0.0004471773723483775,-0.05250510449099933,-0.15639061417659575,9.74504487878876,0.00688673328932512,0.002369283764235298,-0.009663026103503773,0.611109495051492,-0.3851264468938813,-1.5368629906638769
23047,8.825,0.9999998353949163,0.00029649203354678805,-0.00021083577506766221,0.00044367881406531416,-0.007239981972229105,-0.11256647572071136,9.764924702104729,0.013198257560827775,-0.0026642371133830944,-0.008788951572687737,0.6242971840557574,-0.37973317674164236,-1.535258647925535
23048,8.833,0.9999998378820629,0.00027942457992803817,-0.00019958264312529256,0.00045422958982782314,-0.040550151295359084,-0.13647745096431466,9.764538267738233,0.005746612585503954,0.003667965974260755,-0.005343977122612001,0.6194103315505874,-0.3875676387485033,-1.5368516072501615
23049,8.842,0.9999998361297905,0.00028586994668197317,-0.00021132066206455008,0.00044873415695491174,-0.028654619331590997,-0.11744023328842287,9.784014761564721,0.011508870038921952,-0.0018478297921392737,-0.009187542027633696,0.6289293349429399,-0.38806881887489664,-1.5378456648421361
23050,8.850,0.9999998397304275,0.0002908787322695474,-0.00021156760455114226,0.0004372274361171922,-0.024412336921160585,-0.15681004914037888,9.775312154009319,0.011055960061777023,0.0009742665618112628,-0.010660827955515506,0.6152635810224149,-0.3853511534461401,-1.535405530232739
23051,8.858,0.999999841121119,0.00029050600716498985,-0.00021992804092488716,0.00043011121057667757,-0.028597206140286692,-0.11567410182247355,9.784035968390695,0.009819281216347266,-0.0010315228526842507,-0.009586260394742337,0.6204011657794251,-0.3901785346946412,-1.531203761350191
23052,8.867,0.9999998394220687,0.00029080316250489004,-0.00021453016464947474,0.0004365388484827329,-0.04059722439955508,-0.13321700579909387,9.764583100043659,0.009915821800036351,0.0022736389931866537,-0.006341996657799297,0.6076748935062746,-0.38545792292875874,-1.543442317143533
23053,8.875,0.9999998388559053,0.0002768963591109003,-0.0002219643133856072,0.0004431121908324661,-0.01934328551867698,-0.1262038450574495,9.745516728642686,0.0065459949013084925,-0.0006874358807707429,-0.0063903934987448825,0.6194234955324486,-0.39384679335430867,-1.5316409995734999
23054,8.883,0.9999998398873432,0.00027861902345275034,-0.0002230937701681488,0.0004391194571136133,-0.024485797244066625,-0.153807359876583,9.77535967595947,0.010263040222615483,0.0007395261075823451,-0.008862201534379542,0.6177106281939239,-0.3882514647218815,-1.533175807336005
23055,8.892,0.9999998409189367,0.00027866300379487664,-0.0002315857837483485,0.0004322927899538791,-0.05679081022692581,-0.10911705722183083,9.753851950736944,0.009818615336463344,-0.001030648589510656,-0.009584931922279705,0.6199091039313283,-0.3877567554732226,-1.532699592493371
23056,8.900,0.9999998436058297,0.00025787914225058217,-0.00023516026487671585,0.00043701980971621435,-0.01505715715870593,-0.16440353067029867,9.73684826650175,0.004856406185962661,0.0001281236709271683,-0.006789632641821186,0.6191779587356869,-0.3889708805227991,-1.532193328166812
23057,8.908,0.9999998438570827,0.0002717473952377897,-0.0002312189520196905,0.00043008947884738035,-0.028705019173084104,-0.11137205136080205,9.784085571007001,0.013187363193378114,0.0019318593211013447,-0.00953595959396221,0.6201409008796799,-0.387577345065105,-1.5375858128404185
23058,8.917,0.9999998422931368,0.0002701849783626774,-0.00023323000402359712,0.0004336098990122252,-0.007487190677284833,-0.10410476021855704,9.765018389984075,0.009470365950934813,0.0005049260746021641,-0.007063767805852673,0.6216090198100732,-0.39342002832186157,-1.5362912712654355
23059,8.925,0.999999838105439,0.00026538585975147046,-0.0002360329896130106,0.00044457605577999544,-0.024601139796178634,-0.15000284434349742,9.775418505953935,0.008678485487978883,0.000269363864814271,-0.005266267886119736,0.6165097380876318,-0.3903450033472899,-1.5253318155223472
23060,8.933,0.9999998390947219,0.00026895606896423275,-0.00022973881032243063,0.0004435011190145824,-0.03665311689120836,-0.16757814009143077,9.75597886843656,0.010705594527376598,0.002511750397856614,-0.00813786054036013,0.6274562412534755,-0.3810314232017669,-1.5411093308110937
23061,8.942,0.9999998497263168,0.0002577589748795888,-0.00023034622899959197,0.00042549767229110424,-0.04100237890592611,-0.12656049051047322,9.76466995049889,0.0072308682206860654,0.0008355837711449344,-0.012180327189531897,0.6225866328395665,-0.3880429353639588,-1.5358766810419207
23062,8.950,0.9999998438522647,0.0002772671130797699,-0.00022336833784250462,0.0004307261076892846,-0.013016844966825024,-0.12923331742052455,9.794902885437509,0.014527273273520576,0.0026544231696888176,-0.006614262601580497,0.6206501496015541,-0.38746734014361917,-1.5292870206032332
23063,8.958,0.9999998518112423,0.0002629627015152145,-0.000224876137265702,0.0004203080225557787,-0.03702443691158246,-0.16512089315535636,9.756019362623752,0.006438889878869586,0.0005999271237081534,-0.010382523183794793,0.6208888369089262,-0.39042588931897065,-1.5314458779087456
23064,8.967,0.9999998469245722,0.00026843989836728186,-0.00023024772118772246,0.0004255312446961449,-0.0199530848586646,-0.1177701236237349,9.745621067865068,0.011158598062051345,-0.00030765398043053376,-0.006661725196802714,0.6211363420409091,-0.3803975900818171,-1.5301144368308643
23065,8.975,0.9999998455133232,0.00026850079450441676,-0.00022453343270818294,0.0004318163851302564,-0.03452469850238705,-0.1331467097774311,9.81401395360312,0.009912650121328836,0.002277745136273713,-0.006339496327820993,0.6220897515369965,-0.3890647082499488,-1.539280163436777
23066,8.983,0.999999844666229,0.00025660812949924755,-0.00022405442602153354,0.0004411568878207852,-0.025286096190004482,-0.14449072228290435,9.775499786013594,0.006988174135596405,0.0010854392863290153,-0.005664985947626244,0.623324076179827,-0.3907023628931051,-1.533889994447727
23067,8.992,0.9999998484803437,0.0002597572680065201,-0.00023145869303711265,0.0004266055842859061,-0.03209807845362986,-0.13389720771529545,9.726205615531516,0.010608363435772102,-0.0007923660426524732,-0.011377569933459643,0.6223437918574586,-0.38998941796992187,-1.535361944010424
23068,9.000,0.9999998469094072,0.0002581873083285925,-0.00023345798879149322,0.00043013700540125445,-0.05338310115418843,-0.13943055999239382,9.745297526697655,0.009468571144983312,0.0005076299537570831,-0.0070610810552424585,0.620147166328594,-0.3904744209019791,-1.5351058036338336
23069,9.008,0.9999998479512008,0.0002618093767489961,-0.00022698284008497858,0.00042898976202632714,-0.0321903606364199,-0.13227059307532193,9.726227567729206,0.01070311056999617,0.0025146349239423896,-0.00813569864955514,0.6172254975744784,-0.3901882410112429,-1.5319280982949397
23070,9.017,0.9999998442474963,0.00024848457265240687,-0.00021996740569081168,0.00044874797066082715,-0.041766220555124633,-0.11952625457840914,9.764755350315017,0.006639375906440283,0.0026216826932417996,-0.0031453574705247603,0.6199066615083869,-0.38850205478507815,-1.5336663598333773
23071,9.025,0.9999998443791398,0.00026425648830961154,-0.00020869177395367103,0.00044481226157353464,-0.03520812277625096,-0.12856475983388996,9.814072621816496,0.013626694537213498,0.003708144106961476,-0.008809274682333813,0.6201380297208611,-0.39394062108145833,-1.5387222837303665
23072,9.033,0.9999998464168308,0.00025194055955256333,-0.00022216149434339927,0.00044083618224978027,-0.05399958654716721,-0.1362637467390954,9.745338923617707,0.006892448536711812,-0.0022204030967096144,-0.008904459103390352,0.6213738939630357,-0.3862920403604494,-1.5327227058066888
23073,9.042,0.9999998412366101,0.00026114937039354224,-0.00021257143533048105,0.00045181981552916694,-0.009728075604975623,-0.1609098289244475,9.786372060859788,0.01204327929282799,0.0032378163698836043,-0.005215133654363072,0.6221077513211831,-0.39238854911926985,-1.532155433651355
23074,9.050,0.9999998393701612,0.0002614252061975889,-0.0002071455967086692,0.0004582654414458088,-0.042323005302762916,-0.11621288379867481,9.76479294976384,0.009910693772616785,0.0022802171424496196,-0.0063375761624444625,0.6184312970484314,-0.3873364613185101,-1.5378288491429588
23075,9.058,0.9999998374656126,0.0002617292792584931,-0.00020162575000471535,0.000464665029515381,-0.016932316834797116,-0.14936468971568226,9.737087497469618,0.009910507917502552,0.0022804486462900805,-0.006337332236076744,0.6196606714539695,-0.38851176110167973,-1.5343980982622574
23076,9.067,0.9999998324761411,0.0002671993250134309,-0.00020698150301558891,0.0004699051687277532,-0.04257663575899238,-0.11455381302551884,9.764811451775982,0.011156761593702845,-0.0003040064107724974,-0.006657598316484111,0.6182075912357556,-0.38967088369051345,-1.5297399706557284
23077,9.075,0.9999998279145418,0.0002623680525671467,-0.00020977910341071827,0.0004809642604432107,-0.06387571357636243,-0.12008981910122389,9.783903773989339,0.00867595410297679,0.00027391889182262665,-0.005261799557683583,0.6184410749141229,-0.3845993832565502,-1.533958544354392
23078,9.083,0.999999835764217,0.0002499819914379098,-0.00020415944950142497,0.0004736026412887199,-0.017094025183640903,-0.14707704093945578,9.737122036708984,0.0068795645696640845,0.002371328718929377,-0.009657451333606524,0.6221161976274001,-0.3867285117094981,-1.5288121908181087
23079,9.092,0.9999998374074842,0.0002496057157955034,-0.00021246797336400944,0.0004666254944386711,-0.026521121259583794,-0.13433498546185843,9.775641349289689,0.009815377437827996,-0.0010260177200376228,-0.009576072232881866,0.6138205974530146,-0.3932938462060396,-1.5267509161245045
23080,9.100,0.9999998375278885,0.00026532546239207283,-0.00020120483423858608,0.0004626696554282765,-0.005315140922929004,-0.12704124324020352,9.756570363957385,0.013623671976840949,0.0037116355343326194,-0.008806923729103635,0.6189226440732338,-0.38683204575324953,-1.5366159615486912
23081,9.108,0.9999998385589932,0.0002671358036900719,-0.00020242653482593188,0.00045885068096603195,-0.038709813962656006,-0.1508245385408845,9.75624431152523,0.010257633840610647,0.0007460868148273182,-0.008853904943231912,0.6206414253818462,-0.38482732524767627,-1.5327402680069082
23082,9.117,0.9999998369413164,0.0002655567482225258,-0.00020441208967992934,0.0004623988006881921,-0.03875093875915889,-0.1500253078797831,9.756256470615261,0.009466298965256111,0.0005108948863590246,-0.007057065276082835,0.6245565260923387,-0.3916173662964765,-1.529241886963527
23083,9.125,0.9999998385169852,0.00026538238076241193,-0.0002125103891696325,0.0004553872312223109,-0.01741546583646095,-0.1429036870947185,9.737183611397114,0.009814713818366096,-0.0010251313136055678,-0.009574457036097217,0.623556596125399,-0.39369326645712893,-1.53849003581732
23084,9.133,0.9999998368890132,0.0002638014730136299,-0.00021449340238266086,0.0004589371531560493,-0.01738474899989904,-0.14212264723068402,9.73719509733939,0.009465860976126613,0.0005114670258596886,-0.007056618251537804,0.6311300732769094,-0.38145818823421385,-1.5364738620874205
23085,9.142,0.9999998385567926,0.0002634448060288073,-0.0002224141405248751,0.00045168038765737835,-0.0386573478354227,-0.14768202162460167,9.756292594160612,0.00981431311901582,-0.0010246576814587852,-0.009573803667735147,0.6238233018182238,-0.38600586046971325,-1.5295585698553686
23086,9.150,0.9999998333483293,0.00027075298537004606,-0.0002203320353665581,0.00045983685028908185,-0.03356839952446444,-0.11859647422879493,9.72639925543366,0.011597152981755272,0.0014715759709875435,-0.0059335516951484904,0.6130866174859739,-0.38353554966528614,-1.5273667197079688
23087,9.158,0.9999998352026741,0.00026187901799119406,-0.0002187973466450691,0.0004616727477233785,-0.033675119968941195,-0.11781322831876818,9.726408403210392,0.007775814386701552,0.0013244132951854067,-0.0074576672385157595,0.6142989930180371,-0.3928573748569909,-1.5306645150648062
23088,9.167,0.9999998301353928,0.00026733975329692837,-0.00022413466796420757,0.00046692857296732606,-0.010687888753711874,-0.14870594928288267,9.78656410671751,0.011154564645688704,-0.000299701440045657,-0.006653784130692126,0.6225860978426486,-0.39048736265744804,-1.5360884451629087
23089,9.175,0.9999998339423682,0.0002725128830805537,-0.00022435447704464862,0.00045554037533525484,-0.05072964440716919,-0.16279392840862994,9.736931104055005,0.011046611778608165,0.0009834153647351822,-0.010648068354296143,0.6216130917455469,-0.3860738046859251,-1.5346795052768396
23090,9.183,0.999999832420492,0.00026908176612700695,-0.00023375347605293325,0.0004561943706094412,-0.05501052374672537,-0.12167923748204287,9.745526282464512,0.009022615691986306,-0.0012590193557235861,-0.007775686073464914,0.6152612285126616,-0.3887817637980798,-1.536336707858783
23091,9.192,0.9999998299522148,0.0002794810652547545,-0.0002308591275992519,0.0004568259397472146,-0.03880872337003491,-0.14268108596137324,9.756366412539474,0.012386691779830492,0.0017088828603602033,-0.007728639853706413,0.6169854787076318,-0.38430673248807956,-1.5302963029447478
23092,9.200,0.9999998317966537,0.00027084832579371635,-0.0002294764281064131,0.00045868117160587497,-0.03892306767999867,-0.14186395107638,9.756377870273576,0.007774760050953181,0.0013252546038653764,-0.007456679522999887,0.6181990304945717,-0.3919132525038144,-1.533128509488563
23093,9.208,0.999999836161847,0.00026728576020793336,-0.00021980424948050392,0.0004559832161462103,-0.02720093363886229,-0.12274259898766789,9.775791906970035,0.009007211107050493,0.003332961911455469,-0.008532294341866352,0.6189081039705528,-0.39472151022085333,-1.54237126958914
23094,9.217,0.9999998308856759,0.00027458621524588807,-0.00021770905540326857,0.00046414846475409133,-0.027389386736200196,-0.12190505378608626,9.775801862199382,0.011595295397362641,0.0014747154772086068,-0.00593141174298264,0.622845549831985,-0.38723292727475866,-1.5300281623640979
23095,9.225,0.9999998251927228,0.000283816905863268,-0.00020808548297793564,0.0004751451561853117,-0.03947541768550277,-0.1393903144987461,9.756411308274396,0.012036812774424938,0.0032472666096928443,-0.00521085202414543,0.616252777564794,-0.3943188545308969,-1.5304059184099001
23096,9.233,0.9999998275868915,0.000271494824835107,-0.00022154860122528485,0.00047120373992516157,-0.03950905778491605,-0.13862319863462838,9.756422098883638,0.006890832544019106,-0.0022189040263984965,-0.008896069356322436,0.6199074090273862,-0.39240472631360607,-1.533370474570297
23097,9.242,0.9999998283444054,0.00027538357206580567,-0.00021519512454651232,0.00047028300630541783,-0.04891506136182268,-0.1257973853577905,9.794921751484019,0.010695740689129223,0.002522301068341831,-0.008129169056809306,0.6157747862138698,-0.38840499161906117,-1.5263323222052831
23098,9.250,0.9999998202986939,0.0002775609649136836,-0.00022140284540441186,0.00048305617752499003,-0.0020644442144388555,-0.15257486974513704,9.748196640361828,0.010362218616046356,-0.0005315561878643492,-0.004854320319633558,0.6238127927813854,-0.3853285053740695,-1.533718289049932
23099,9.258,0.999999821598116,0.00027911630712411286,-0.00022226005491857476,0.0004790597992949044,-0.039586158814165204,-0.13622135161502325,9.756455618545345,0.010253707432568622,0.0007502646806086396,-0.008848711331759414,0.6301593179107321,-0.38899676403373695,-1.5341740309835683
23100,9.267,0.999999820099504,0.0002756807285876106,-0.00023165122351953918,0.00047972784562637106,-0.03955614672566916,-0.13544052176733254,9.756466610478771,0.009021450579209691,-0.0012571478528741026,-0.007772300138968211,0.6164678163752452,-0.3910532515611859,-1.5419253963010113
23101,9.275,0.9999998215589242,0.00027548160765477416,-0.00023990517139588997,0.0004726917729431653,-0.02756153655194791,-0.11621723799975463,9.775870649888473,0.0098117722708562,-0.0010216990176752268,-0.0095680314624253,0.619163806499252,-0.39002177235859414,-1.5377951098000293
23102,9.283,0.9999998232220576,0.0002686832331834103,-0.00023109112312070173,0.0004774537323474678,-0.039529086941271614,-0.1339476540255461,9.756487329909598,0.00821421845877325,0.0030993709312305915,-0.006734974394923549,0.6206371164025123,-0.385094092505209,-1.5344458614232226
23103,9.292,0.9999998303737554,0.00027008146061111016,-0.00021305489813703543,0.00047001710141850194,-0.03304551688581851,-0.1429164709171236,9.805832157843854,0.010236242055544463,0.005342599216495597,-0.009606881911153048,0.6201540158179837,-0.3923917845581371,-1.532394617735009
23104,9.300,0.9999998256389904,0.000271848048148995,-0.00023321936005432802,0.0004694990499024261,-0.022957817719989376,-0.08572295554664114,9.745949027022961,0.01026943704412419,-0.0038394678444174223,-0.008087651884736405,0.6264920492892705,-0.38194319116627107,-1.5362115538073875
23105,9.308,0.9999998303280566,0.0002681340767880689,-0.00022313737458961572,0.00046653798003595327,-0.03988485514783203,-0.13158891233044412,9.75651798061303,0.00900388003750131,0.0033352575978053533,-0.008530332469686566,0.6128239755546969,-0.3836326128313031,-1.5346896551098663
23106,9.317,0.9999998342124946,0.0002730874309419652,-0.00022332788014161505,0.0004551075652487612,-0.014404683502975867,-0.16475185915341753,9.728906595737634,0.011042556628244271,0.0009874784129970601,-0.010642390685632667,0.6242802914433234,-0.3910532515611859,-1.5419451335920278
23107,9.325,0.99999982964693,0.0002697996421549832,-0.00021891614537090243,0.00046903090026094283,-0.0401655444499969,-0.12996037352620005,9.756538657619089,0.009112259916724636,0.002055105798560053,-0.004535287683415817,0.6174713813678551,-0.38700498528363264,-1.5312384204371061
23108,9.333,0.999999836971189,0.00026770551255677466,-0.0002157540106569193,0.00045589643653543363,-0.04031378144984128,-0.1292123518511448,9.756547981529733,0.009352514726343682,0.0017982135356108008,-0.011044766087898906,0.6238085900630923,-0.3887688220426109,-1.5353818218951998
23109,9.342,0.9999998443760728,0.00026366497288085475,-0.00021983246334250859,0.00043977528451649624,-0.04543606144243621,-0.15664267285027522,9.786516057547527,0.008911370170175924,2.5672342073241536e-05,-0.011763688989689667,0.6203875894095392,-0.39000559516425803,-1.5365776017197104
23110,9.350,0.9999998382539709,0.0002831103755100691,-0.00021274902915728274,0.0004450599937837564,-0.0073013406768918125,-0.10270556054675754,9.75685560330313,0.014512185626770717,0.0026793920769633077,-0.006600423182609529,0.6213634012740497,-0.3861029236357301,-1.5368759541441679
23111,9.358,0.9999998395866695,0.00028278299749245054,-0.00022116160675268487,0.00043811865452726,-0.04559165794090495,-0.154702268106905,9.786546200083695,0.009810392036135556,-0.0010192330731797238,-0.009563962205849489,0.6172037728514334,-0.38615145521873856,-1.5405272448044365
23112,9.367,0.9999998414807258,0.0002741345029702688,-0.00021976349069643885,0.0004399918240131311,-0.031117615585378008,-0.13797833042732988,9.718117935985546,0.007770964700076413,0.0013288426058730015,-0.0074523588446797386,0.6221080247524624,-0.38213230789099034,-1.5320472032437118
23113,9.375,0.9999998426867789,0.00027533435226186455,-0.00022083556542929847,0.0004359461722468844,-0.04061459455026697,-0.12509682670441463,9.756600370819426,0.01025064730418136,0.0007543707927782775,-0.008844327325543883,0.625760401792416,-0.38657822025118554,-1.5359041118876484
23114,9.383,0.9999998436900647,0.0002770044906655469,-0.00022190038910315237,0.0004320284429524558,-0.024422794933442987,-0.1460882282019802,9.76748498621895,0.010250410348833913,0.0007546672558739593,-0.008844016788789434,0.6220960006380585,-0.39147354571589854,-1.536806625087276
23115,9.392,0.9999998448784919,0.0002786058781839333,-0.0002225997185562867,0.00042786811264519415,-0.00317851402013774,-0.1389197981164929,9.748400498411652,0.010250173433443702,0.000754963701954923,-0.008843706318740208,0.6172241496671516,-0.3867770432925066,-1.5324616311073442
23116,9.400,0.9999998433489936,0.0002769998284343009,-0.0002245458181613535,0.00043145365731241266,-0.019468018044014438,-0.11630168897373819,9.737533792154691,0.009459889018516245,0.0005201520225930675,-0.007047933453169692,0.6154991356053297,-0.3868611647030546,-1.538804392141544
23117,9.408,0.9999998477629315,0.00026954959411689994,-0.00022995981338414504,0.00042300781861507794,-0.012650204224847379,-0.12524184202737249,9.786890166241072,0.008119655314633434,-0.00020837241325689769,-0.009965460774504407,0.6191727387588297,-0.38045259254256003,-1.534259515417047
23118,9.417,0.9999998487157379,0.0002712157749521373,-0.00023101962891644315,0.00041909478159060637,-0.024529320840231638,-0.14299578374183086,9.7675304820403,0.010249468251945868,0.000755872463788026,-0.008842879409781767,0.6198998120189974,-0.38658469112892,-1.5363775457322022
23119,9.425,0.999999856497426,0.0002601327279837274,-0.00021793520400862967,0.0004145362929655643,-0.029105016045905673,-0.10196697848687038,9.776025197704742,0.007309917551352832,0.004147925929016435,-0.008931497022922459,0.6218435898301289,-0.3839479116718444,-1.5400798458650393
23120,9.433,0.9999998523831937,0.0002570873704480529,-0.00021333153658363184,0.00042851992956822923,-0.02496300703810174,-0.1416161301669229,9.7675494833257,0.009109402360367306,0.0020597098417735583,-0.004532978780890885,0.6198776013425915,-0.3864570477426782,-1.5451690437914345
23121,9.442,0.9999998561490447,0.0002596878926633016,-0.0002210568314212842,0.0004140023735071307,-0.025005672372613818,-0.14081569659802254,9.767560947313694,0.010598877393271668,-0.0007817221636672631,-0.011355606074062613,0.6162341692183537,-0.3912423682859052,-1.537771531173188
23122,9.450,0.9999998545830198,0.0002599140152543859,-0.00021556697676742152,0.00042048724397160777,-0.025056930398973467,-0.13998331748310636,9.767572780329798,0.009898840033609359,0.0022954269965660586,-0.006327943684581862,0.613051635176165,-0.38884647257542443,-1.5412135248738459
23123,9.458,0.9999998528733309,0.00025827437370344765,-0.00021806031051965473,0.0004242609639352696,-0.020127214440553196,-0.11105720771108453,9.737593677689532,0.009458711229003814,0.0005221402701977453,-0.007046008598012783,0.6208749335819918,-0.38048818237009957,-1.5369491354199458
23124,9.467,0.999999851332639,0.0002566623331201321,-0.00021999745842501547,0.000427855425070376,-0.025198181599154202,-0.1384284789603668,9.767594575868072,0.009458531782503218,0.0005223650174914508,-0.0070457735366670545,0.620875746492401,-0.3863438073823251,-1.5366273667285293
23125,9.475,0.9999998466185298,0.0002634091761322712,-0.00021775052596479787,0.0004358477160457083,-0.02023870362211825,-0.10943801767737009,9.737611780137712,0.01158799266820287,0.0014875120076844623,-0.005923255145776701,0.6223289901891391,-0.3900670685027355,-1.5412207857642177
23126,9.483,0.9999998543077744,0.0002473042354846024,-0.00022697340340812212,0.0004227388310537371,-0.01583899909973404,-0.14904509866011864,9.729157664299823,0.005988770589305248,-0.00117236198249136,-0.011084933705109847,0.619663820526279,-0.39044853739104124,-1.5331516228018809
23127,9.492,0.9999998609762933,0.00024890445997583,-0.00020884175429025106,0.0004153060141098336,-0.046725789654473,-0.14253738238784341,9.786725587829515,0.01022699937425777,0.005349124884351902,-0.00960346008766186,0.6191621442910148,-0.3956462199408265,-1.5384530501627873
23128,9.500,0.99999985552656,0.0002628197270898633,-0.00022400644167274898,0.0004119390299866561,-0.02553404675920005,-0.13525096937905526,9.767638221647509,0.013187653640929164,-0.002631926167527918,-0.008749040138547071,0.6206315330811877,-0.38414673471316535,-1.5366558687950633
23129,9.508,0.9999998564707235,0.00026448164206226794,-0.0002250709851470095,0.000407984123791763,-0.02544793954309145,-0.13429906998909596,9.767651578628355,0.010247205564580706,0.0007588071614703954,-0.008839481044332487,0.6191891580740412,-0.39184207284873535,-1.5277603717089627
23130,9.517,0.9999998549852553,0.0002628644915202654,-0.00022700078390534435,0.0004115851939398137,-0.041757886397764295,-0.11170894113390686,9.75675801380661,0.00945734041410719,0.0005241142212265204,-0.00704415592178235,0.626489071869411,-0.3851329177716158,-1.5373900852683815
23131,9.525,0.9999998503003703,0.00027011854157838714,-0.00022441396659789742,0.00041961122728762326,-0.025566075943892534,-0.13264373298914173,9.767673890556033,0.011586477517951712,0.0014901220307841907,-0.005921715757369143,0.6172213602475951,-0.39558151116348184,-1.5335657477118718
23132,9.533,0.9999998512441987,0.0002717722971898454,-0.000225459026745324,0.0004157157998714814,-0.025649501607048607,-0.13175673258251688,9.76768567603336,0.010246575633635336,0.0007594168788770039,-0.008838593231354441,0.6228197368256136,-0.3900541267472665,-1.5402455457192739
23133,9.542,0.9999998554504816,0.00026480277369968317,-0.00023057516070711516,0.0004072021643634986,-0.058797066941668946,-0.1558830900544868,9.767450761879708,0.008117125473361684,-0.00020634386272622168,-0.009960463963076864,0.609417331485734,-0.38992147375371006,-1.530202767587609
23134,9.550,0.9999998572788492,0.00025796985440304314,-0.0002217289456095551,0.0004119831429953434,-0.01632491034761467,-0.14255453882663874,9.72925412835556,0.00820593615691476,0.003106985443290148,-0.006730285383745526,0.6206271668843705,-0.38270466767246275,-1.5383841102111717
23135,9.558,0.9999998522681122,0.00026682871975104694,-0.0002124652547004345,0.000423231264702161,-0.054138844125868044,-0.12628851643746106,9.737454641699989,0.012024783215600129,0.0032657788260519365,-0.005203170283543285,0.6145349436411245,-0.38777293266755875,-1.5339066151378375
23136,9.567,0.9999998540397039,0.0002581610809022299,-0.00021104924746159166,0.00042512544305355114,-0.01675517062508698,-0.1409338011330748,9.729277008767342,0.007766480045119661,0.0013331484785675666,-0.007447268525686564,0.6211397853745622,-0.3911226570478177,-1.5287514859429752
23137,9.575,0.999999851765696,0.0002651175806976097,-0.00022283192506282034,0.00042015138679009085,-0.03118941770222391,-0.1560501379095537,9.7977569764354,0.011496526884436668,-0.0018210388565337429,-0.00914946512947349,0.6140693605791361,-0.38399143364753824,-1.5249215319481813
23138,9.583,0.9999998502413057,0.000263494798259101,-0.00022475355997557002,0.0004237613652961315,-0.03795265873420604,-0.145638669589046,9.748405166121604,0.009455945336721396,0.0005260695681895278,-0.007042016637876898,0.6167475961367425,-0.3869596891394914,-1.5278189123763608
23139,9.592,0.9999998511749484,0.00026500319437021283,-0.00022579645128693803,0.0004200468436638508,-0.02615792141696483,-0.12628940444801504,9.76775654634961,0.010245148569005606,0.0007611547933160498,-0.008836530349626545,0.6235835445170158,-0.3879361658813402,-1.5278232407918315
23140,9.600,0.9999998521270806,0.00026665013112032163,-0.00022683316283345892,0.0004161613156700165,-0.03303798397862498,-0.11590842468601989,9.718399883506606,0.01024491259398716,0.0007614508806684028,-0.008836221421136926,0.618182345922007,-0.3910241326113809,-1.5397326481757487
23141,9.608,0.9999998472783891,0.0002739447280834752,-0.00022443730973818423,0.00042429397665536006,-0.010013806165151892,-0.14633901660781362,9.778704110881327,0.011584146103270798,0.001494058791639762,-0.005919111750798742,0.6177025615800266,-0.38682881031438227,-1.536368759190562
23142,9.617,0.9999998491521528,0.00026344024005704546,-0.00023044931703441166,0.0004233060640700798,-0.03816376491283839,-0.14236127742467458,9.748452753305688,0.007326461296662941,-0.00044024033575486326,-0.00816304837628737,0.6172332208834748,-0.38135788962932976,-1.5288710344391476
23143,9.625,0.999999856755322,0.0002487652333587804,-0.00023228652533089356,0.00041309582966481595,-0.04261120291417788,-0.10148011545941252,9.75686607439231,0.006425593602177096,0.0006017705427124441,-0.010362680103272058,0.6216381208454994,-0.3966856312915726,-1.5247724101646685
23144,9.633,0.9999998511573367,0.0002663336656098882,-0.00023255972308142405,0.0004155329809028198,-0.059497816721575496,-0.14730868248583762,9.767579600567368,0.014062671032486929,0.0009232693398097541,-0.00730778302611529,0.6167322676454312,-0.3897258861512563,-1.5338862828225999
23145,9.642,0.999999858522643,0.0002525093084179154,-0.0002341175094667501,0.000405441408055198,-0.005146905807643564,-0.11524864358522549,9.748708238275636,0.006425209665923427,0.0006018680103239536,-0.01036215992021615,0.6194312842328544,-0.3869693954560931,-1.5285580522893716
23146,9.650,0.999999857090892,0.0002527109830613991,-0.0002285964449264093,0.0004119454088324077,-0.026543280096640816,-0.12091872579236726,9.767823468612793,0.009892943676368577,0.0023029248400959013,-0.006323299888990474,0.6257591192764987,-0.38511997601614684,-1.5364117612717167
23147,9.658,0.9999998558073683,0.00025085780894968204,-0.00023008534987544886,0.00041535085686725444,-0.059764277022554976,-0.14503518936139131,9.76761199355894,0.009454298277245188,0.0005285813299065275,-0.007039673152053973,0.6272281937657612,-0.3826561360894543,-1.534738987454346
23148,9.667,0.9999998566579138,0.0002506675519312485,-0.00023854606937433767,0.00040858989652403584,-0.02662389927700526,-0.11935079911187893,9.767842533006212,0.009804815302703754,-0.001011018428304552,-0.009550446577290515,0.6130922661987084,-0.38643586094102744,-1.525130828907792
23149,9.675,0.9999998585369031,0.0002416955990478542,-0.00023682722431431688,0.00041039283278400895,-0.02215990848303027,-0.15896529757297212,9.759465227275209,0.007763825091347949,0.0013355819908236041,-0.00744477865563628,0.615264451150307,-0.3929156127566011,-1.5350611135415282
23150,9.683,0.9999998584613925,0.0002518211221148393,-0.00024773799655772744,0.000397855755582721,-0.02213773851620905,-0.15815178151571102,9.75947849708001,0.012283547052210507,-0.001582039372830622,-0.010938596887781041,0.6164756704670608,-0.386128807146668,-1.5388165655885468
23151,9.692,0.9999998545268953,0.00023292445840183377,-0.0002632907832848258,0.0004091092130081237,-0.03141640328922912,-0.14519065678717333,9.797923189225829,0.005308922480027936,-0.002682963947692514,-0.005288225326104796,0.613807070126686,-0.39458562178842965,-1.5321053439227719
23152,9.700,0.9999998557853151,0.0002363892959604209,-0.00025687979044158404,0.00040812035298218394,-0.02641570807434486,-0.11646028414698537,9.767877989613117,0.010680337251714734,0.0025395181968315217,-0.00811684511470659,0.6165102894324022,-0.38838881442472506,-1.5251135805442753
23153,9.708,0.9999998564962405,0.00023835537978089073,-0.00025799768791724947,0.00040451378816330075,-0.026542006844665945,-0.11561062802322,9.767887740131703,0.010241975574751741,0.0007650111210303985,-0.008832714510523485,0.6162404346672681,-0.3941394441227793,-1.5352915219666032
23154,9.717,0.9999998570344087,0.00023816058377804737,-0.00026645238024365316,0.0003977610184557295,-0.038340538417565524,-0.13338334946070998,9.748579034845768,0.009803679688797818,-0.0010095403304806719,-0.009548507207438744,0.6162424356981941,-0.38021170879596505,-1.534499467767866
23155,9.725,0.9999998554211574,0.0002363466051409909,-0.00026857650255496604,0.0004014531219014308,-0.010194289529405594,-0.1357557745503346,9.77885657388393,0.009452601645034852,0.0005309063889304548,-0.007037898964606506,0.6167404650421476,-0.3950544475261507,-1.5306415641113709
23156,9.733,0.9999998595323558,0.00023093106740805811,-0.0002662625858297791,0.00039586657549804894,-0.05967062963320891,-0.13820718587643208,9.767711564813533,0.008551110678586696,0.0015716346226573807,-0.009237825015213556,0.6140412277587165,-0.3912197202138346,-1.5360571512152335
23157,9.742,0.9999998601666907,0.0002329261539463609,-0.0002675140838100437,0.0003922349052287213,-0.03163789303185296,-0.14059015055645108,9.797989570868959,0.010241038928970613,0.00076621386017899,-0.008831586311776168,0.6186919252926443,-0.3823667207598509,-1.531302977531126
23158,9.750,0.9999998552545062,0.00025230681330270225,-0.0002603230492779075,0.0003975728220822509,-0.010488750266049791,-0.13325070805137068,9.778890721952369,0.014496678762180781,0.0027054167934588216,-0.006587553197000809,0.6211256413120534,-0.39241766806907497,-1.5343500321476504
23159,9.758,0.9999998521471681,0.00023695932293300325,-0.0002604582041173344,0.0004143880366840876,-0.06002740815058182,-0.13560482535899263,9.767745852836317,0.006184276363553415,0.0008680616720183574,-0.0038545416906654675,0.6115992943030242,-0.3936641475073238,-1.5362627474327786
23160,9.767,0.9999998522842615,0.0002489047858417656,-0.0002639220025594694,0.0004047505891776562,-0.022473482182376315,-0.1502395991080961,9.759602738339115,0.012719352704274971,0.00019593792809568326,-0.010218617796253255,0.621615722168791,-0.3909432466397001,-1.533638323080367
23161,9.775,0.9999998578475884,0.00024334567910632094,-0.00027577278989672184,0.00038605317254636817,-0.031869611984611614,-0.13710771183164877,9.79803816914588,0.008463444209525495,-0.001743351615545801,-0.012461831948654401,0.6206402327791172,-0.3860543920527217,-1.5332123276770144
23162,9.783,0.9999998567792656,0.00024353012512096702,-0.000270230356791061,0.0003925685690314223,-0.05999963030954694,-0.13324031709738987,9.767778565325472,0.009888787943543302,0.002308082930882108,-0.006320544965996856,0.6304023223713638,-0.3919326651370178,-1.5346240594442244
23163,9.792,0.9999998579157866,0.0002451395360184433,-0.00027057595174028235,0.00038841172616001484,-0.022523426429691105,-0.14781866759309575,9.759639589167358,0.010239706742811557,0.0007677097805346471,-0.008829780390461714,0.6182010887429813,-0.3796943514752356,-1.5323138072900317
23164,9.800,0.9999998587334019,0.00024676435820934154,-0.00027158518263188495,0.0003845543089581622,-0.010771785022401557,-0.12837673990793183,9.778955610719796,0.010239471671595309,0.0007680054775972076,-0.008829472947088987,0.6174660187425379,-0.3926488454990683,-1.5333610712383121
23165,9.808,0.9999998505476044,0.00025898244719560487,-0.00028012762486097695,0.0003916138082013529,-0.05067105490104263,-0.14294377007526424,9.729394822198032,0.01283111149804254,-0.0010761209331830472,-0.00622224571059382,0.6179763374582482,-0.38764998599060396,-1.524638750759151
23166,9.817,0.9999998574960586,0.00025865120461981056,-0.0002694890455186255,0.00038142243135955823,-0.022645232660037214,-0.14513307051401167,9.759679613596537,0.009774532951394547,0.0035831869741421393,-0.010314215360061635,0.6252840444362359,-0.3926197265492632,-1.531183742871656
23167,9.825,0.9999998470493806,0.00025407035388537636,-0.0002908156322534879,0.00039594916195580216,-0.022607547702927448,-0.1443836397195731,9.759690816374734,0.008689127324773647,-0.004290551412643086,-0.004470447069719713,0.6211205357701631,-0.3873170486853067,-1.5363709233982972
23168,9.833,0.9999998477479544,0.00026965720415515185,-0.00027939388921453297,0.00039208177072640963,-0.03889722499534239,-0.12176435185606346,9.74872888212274,0.013591508116680424,0.003749749952240055,-0.008785615728485869,0.6216136839599481,-0.38533821169067123,-1.5344450931560576
23169,9.842,0.9999998544659948,0.0002672145755520223,-0.0002759630244434115,0.0003788255130275406,-0.010995259051032946,-0.12392483328973494,9.779012792025858,0.009336454972371932,0.0018081494108775585,-0.011028593524649782,0.6157556265226594,-0.38728469429663437,-1.533916169946643
23170,9.850,0.9999998495099003,0.00027261370019759066,-0.0002811736644082172,0.0003841917722727776,-0.02284393147958707,-0.1417173267562946,9.759729347592852,0.011139944303670242,-0.00026942286672016174,-0.0066270294325752165,0.6167333539871193,-0.3853252699352023,-1.5334562837235401
23171,9.858,0.9999998542156552,0.00026876331896181046,-0.0002715854709400685,0.00038154459616483884,-0.022960274457520864,-0.14090039468457552,9.759740901811334,0.008984564563417431,0.0033496226468053177,-0.008519437496913387,0.6199023607029794,-0.3890129412280732,-1.53536871782115
23172,9.867,0.9999998527470997,0.0002671132202715677,-0.00027346744480820926,0.0003851906841936791,-0.04891992093681176,-0.10614425406322416,9.787177231034802,0.009449377531241284,0.0005354673992638659,-0.007033259926867479,0.617953444654253,-0.38557262455953173,-1.5337002506531274
23173,9.875,0.9999998535953216,0.00026855299210845477,-0.0002744280509972258,0.00038128450067727385,-0.011362229930769796,-0.12072023146724747,9.779052458216686,0.010237488059523011,0.0007701955007451404,-0.008826740782080577,0.6160126279151282,-0.3845314390403384,-1.5288258899163802
23174,9.883,0.999999849061395,0.00027577286955008263,-0.00027219521908901167,0.00038953340519711334,-0.02323711700346605,-0.13846757135837956,9.759775067016925,0.011576067941105331,0.0015077232875551636,-0.00591107080939114,0.6225832385494707,-0.3787825835107314,-1.5372202193585578
23175,9.892,0.9999998504868328,0.000278593743637684,-0.00026562772024686356,0.00038839895986076707,-0.04467109599904099,-0.1438917051070886,9.778906839445199,0.010673814542094458,0.0025464070056911044,-0.008111570471344358,0.6203972446663375,-0.3836067293203652,-1.532755828359274
23176,9.900,0.999999851671886,0.00026624631287008687,-0.00027905766526532995,0.0003845723944973339,-0.039728185375923264,-0.11515355980461195,9.748805855998931,0.006885049738670896,-0.0022114582951015603,-0.008868267959385862,0.6162570701962753,-0.39356384890243973,-1.5287067958506697
23177,9.908,0.9999998494162552,0.0002767522668808133,-0.0002758149899968404,0.0003853592366260716,-0.04464565311191283,-0.14239821323558538,9.77892881855706,0.012363525022448005,0.0017433326539183977,-0.0077039651504676645,0.6260062283683092,-0.38168613022534,-1.5352370820296088
23178,9.917,0.9999998483515612,0.0002769198815933791,-0.0002702521855038333,0.0003918877264655729,-0.023526400567142704,-0.13516721142767443,9.759820639014597,0.009884811870405925,0.0023129124675353935,-0.006317354960780383,0.6189276433540833,-0.3887591157260092,-1.5346371308690905
23179,9.925,0.9999998497834421,0.00028000008373100756,-0.0002634658999973283,0.00039066451814177237,-0.01916444752475115,-0.17467228719296693,9.751548569311925,0.010672754193316463,0.0025475488647742155,-0.008110647491549374,0.6145294665808406,-0.3899991242865236,-1.5360745619386318
23180,9.933,0.9999998479494971,0.00027652187218844793,-0.0002727784608365719,0.00039144418230432416,-0.033255079019700366,-0.12121056504921743,9.798243121288467,0.009011553498327579,-0.0012386256142808674,-0.007745234321635273,0.6206305203048352,-0.39074442359837913,-1.5370567490372449
23181,9.942,0.9999998536814779,0.0002626377883947427,-0.0002607244849805274,0.00039456451617947435,-0.0284179559405315,-0.09256398572546924,9.768128044875773,0.0065034787647953365,0.003920561843592749,-0.007131734876737053,0.6184750526215057,-0.3861302684170879,-1.5205093840021546
23182,9.950,0.9999998551832565,0.00025211070768044267,-0.0002667130967805567,0.00039362136737357197,-0.04071057305504679,-0.17901097742447972,9.770704764195415,0.007321061854372458,-0.0004348333981284803,-0.00815218529625744,0.6255090491126815,-0.3922317867832229,-1.5387585011177343
23183,9.958,0.9999998511055556,0.0002612412609209097,-0.0002565368580881905,0.00040463651645129345,-0.04044202823824122,-0.10987370555936188,9.748863859764741,0.01201035815018498,0.003287330261641898,-0.005194709491815035,0.6172210986819563,-0.3877696972286915,-1.5336692814252164
23184,9.967,0.9999998516548166,0.0002610279011345943,-0.0002649654321047343,0.00039792976700920224,-0.02418793703569679,-0.13067337889995057,9.7598802237021,0.009799222463621233,-0.0010034899522952463,-0.00953734359530419,0.6269990762842113,-0.3891697035641202,-1.5287921723395737
23185,9.975,0.9999998503026577,0.0002593675817443554,-0.00026639821577194745,0.0004014412917139724,-0.03593454216093444,-0.14855298251834745,9.74061769178158,0.009447150117252584,0.0005387039972843149,-0.007029810126452726,0.6201577571046946,-0.39359296785224474,-1.5309137301538505
23186,9.983,0.9999998514901572,0.0002627936820000861,-0.0002599448038254061,0.00040048451058112593,-0.024277461091216847,-0.12907576655082195,9.759901261440772,0.010670992404614289,0.0025495502462727923,-0.008109091555515131,0.6211188899097785,-0.3934297346384633,-1.537022392903971
23187,9.992,0.9999998523059597,0.00026476101887347887,-0.00026072903596287874,0.00039662328624241267,-0.02440352228333909,-0.1282273268737539,9.759912130462803,0.010234747422912438,0.000773510835668746,-0.008822520464663239,0.6191817245441764,-0.3909044213732933,-1.5307027343000275
23188,10.000,0.9999998531336716,0.0002663650858144605,-0.00026171321954276456,0.0003927957065633542,-0.05750118802155405,-0.15239026410800097,9.759777653672185,0.010234513274759879,0.0007738062123843412,-0.00882221448750747,0.6182066802382322,-0.38088582845274155,-1.5301005644896493
23189,10.008,0.9999998513722488,0.00026267289668168006,-0.00027086304538723443,0.0003935627525310716,-0.012660718866429447,-0.10794542917253343,9.77920021951168,0.00901054706833423,-0.0012366260660867667,-0.007742273263980696,0.6201453815114638,-0.39243708070227834,-1.5358122754247219
23190,10.017,0.9999998521820341,0.0002642748334716019,-0.00027184489497742993,0.00038973718764381365,-0.019820618136237707,-0.16617841043304246,9.751695701496708,0.01023400483525721,0.0007743577886076463,-0.008821723936978236,0.6216224572232137,-0.38944294169938737,-1.5309724331811303
23191,10.025,0.9999998541416827,0.0002557148020007758,-0.00027014357096333816,0.00039159801416502104,-0.033986432515161924,-0.11275542862616571,9.79834155809972,0.007755576264331697,0.001342850309192957,-0.007436339085872479,0.6242970696207906,-0.3763155081451716,-1.5353039439251233
23192,10.033,0.9999998545724771,0.0002712668078361935,-0.00025867885242727534,0.00038775584518384955,-0.0034057206854461283,-0.11791364576700611,9.740838120461897,0.01358317467265632,0.0037599159389024852,-0.0087793535953462,0.6159910830184596,-0.38586527532800236,-1.5373538569979521
23193,10.042,0.9999998507421499,0.0002637769160183901,-0.00026879193758406886,0.0003958387433758767,-0.00841151647648882,-0.14501841953612402,9.770998225785124,0.008222337000286283,-0.0014699640337198943,-0.005947769407410498,0.6213763609077556,-0.3862790986049805,-1.5317462321810564
23194,10.050,0.9999998526239021,0.000255061750910996,-0.0002673324454065793,0.0003977801415789191,-0.02475215643662524,-0.12270522044872094,9.759982239192526,0.007755055141647909,0.0013432938738162819,-0.007435721237118002,0.6233030744540026,-0.38983589107274214,-1.542202961979769
23195,10.058,0.9999998502473726,0.0002635506032178543,-0.0002713841213699895,0.0003954705685743298,-0.029714425322038142,-0.1498922931501183,9.790145736382044,0.011923473614163392,-2.6541010846918628e-05,-0.008411916017686585,0.6189399372080522,-0.38747381102135364,-1.5297709398836392
23196,10.067,0.9999998516938349,0.00025301580601983035,-0.0002773648452951762,0.00039454284032562,-0.03652998536890921,-0.13981234773156695,9.740744855783264,0.0073191986976846035,-0.0004330918491785023,-0.008148418707761252,0.6196489698144022,-0.3890614728110816,-1.5390298771269264
23197,10.075,0.9999998437614699,0.0002671785974890401,-0.0002783465399234558,0.0004044945446680553,-0.03653348789646602,-0.1389791363091963,9.740756769829153,0.013261249351734915,0.0007148119685625977,-0.005496862272829134,0.6206388603500118,-0.38191083677759874,-1.5337555667750447
23198,10.083,0.9999998438047616,0.0002809038818327835,-0.00027431424606067385,0.0003977878280959069,-0.024877471013250423,-0.11921790844801129,9.760025144151163,0.013145681088807471,0.0019853350408503127,-0.009490969115795287,0.6277110045711582,-0.3851264468938813,-1.5369049324072868
23199,10.092,0.9999998550639668,0.00018435380106018628,-0.00016281949431568124,0.0004789316586792227,-0.0368731795562054,-0.13708320464375354,9.740782353075081,0.0072863923184092235,0.004156809387424707,-0.008923393062703282,0.6206532496303067,-0.38793940132020743,-1.528059957714109
23200,10.100,0.9999998451065523,0.0001916399132681327,-0.0001795532449226834,0.0004907358223815234,-0.025155356392311267,-0.11762223680262564,9.76004379154066,0.01160265679147506,-0.0030716931976411113,-0.005128332023154995,0.6198995259315799,-0.3780405196377431,-1.536490785731173
23201,10.108,0.999999846538989,0.0001909245978975489,-0.00018770998984305053,0.0004850100578107352,-0.03940638314242178,-0.13234879238687206,9.828600882782256,0.009796473004286637,-0.0010000764715078902,-0.009531240496917382,0.6206400202570358,-0.3797072932307045,-1.5332964488191068
23202,10.117,0.9999998478956655,0.00019245247880081824,-0.00018861158124205667,0.0004812445953249469,-0.05798583876200458,-0.1409649852857065,9.759946492872473,0.01023134499615672,0.0007772188927571348,-0.00881830598186936,0.6152637935444961,-0.3916982522681573,-1.5353214090906466
23203,10.125,0.9999998518971839,0.00019880483725061217,-0.0001812600397182426,0.0004731036306988641,-0.025100663083559297,-0.11506105946151586,9.760074461863425,0.011453554829459797,0.002788673373955214,-0.009898256867140895,0.6181821088781472,-0.3839446762329771,-1.5398264756034674
23204,10.133,0.9999998476163788,0.0002023019773919158,-0.00019379455764940312,0.00047569401799067354,-0.03687158225972759,-0.13286868998112203,9.74084075997674,0.010699091108567347,-0.0020345864868429853,-0.007328370844936718,0.6118466604782616,-0.37948582211731297,-1.5349863086401119
23205,10.142,0.9999998519236438,0.00019433531774116459,-0.00019924101068979162,0.0004676424857606537,-0.0580397613555913,-0.13843044151077452,9.759982449045223,0.008105156609851819,-0.0001979402083823343,-0.00993873981859804,0.6179473753795675,-0.38853440917375043,-1.536102609574704
23206,10.150,0.9999998531989928,0.00019585879891566968,-0.00020013766202366416,0.0004638817094103313,-0.008667565358687903,-0.13429364343056815,9.771151290093021,0.010230342822348528,0.0007784464355221566,-0.008817159739821848,0.6152611876430308,-0.3875611678707689,-1.5363528850014931
23207,10.158,0.9999998543861777,0.00019910050135746335,-0.00019382354811805185,0.0004626219264528959,-0.046434278773936556,-0.11812974137405174,9.779243760438968,0.010664885944483758,0.0025559621652401186,-0.008104608956496905,0.6277236454217423,-0.375781973630106,-1.5319013921573144
23208,10.167,0.9999998558359724,0.00019880775660371643,-0.00020216221759273523,0.0004559977498993627,-0.03696447007850928,-0.1296936493881773,9.740883198498816,0.009795234738053969,-0.000998276748239648,-0.00952864751286239,0.6230787519051468,-0.3921735488836128,-1.5343582018989466
23209,10.175,0.9999998543582895,0.00019490517391112868,-0.00021076423091791373,0.0004570271459679194,-0.01827237847677729,-0.11944980407275842,9.809553960261807,0.00900780337632557,-0.001232038462014144,-0.007735712640849977,0.620398453616919,-0.3828679008862442,-1.5322772978320838
23210,10.183,0.9999998555823282,0.00019642452723326193,-0.00021165600440555405,0.00045327085030252986,-0.02046001916813878,-0.14978484912318218,9.751959960035272,0.010229369155422972,0.0007795874013229644,-0.008816061986261219,0.6196508036750896,-0.38856352812355544,-1.5383039927647864
23211,10.192,0.9999998539667595,0.00019443092012932334,-0.0002133413846629359,0.0004568900638773528,-0.04176995013039784,-0.15530896447095338,9.771105786256445,0.009442019775099808,0.0005458361480377667,-0.007023188450444019,0.6252904198379056,-0.3803781774486138,-1.5286602118282684
23212,10.200,0.9999998580321867,0.00018889863873494388,-0.0002109215215584572,0.00045140339147498417,-0.020580358639983618,-0.14825768014842552,9.751983042854684,0.008538319100068638,0.0015805599330037737,-0.00922483608225834,0.620158729011416,-0.38577468303972,-1.530529027054379
23213,10.208,0.9999998559625569,0.00018681880486752284,-0.00021218745887392626,0.000456234678787889,-0.020656770349029557,-0.14752849028999754,9.751993940181476,0.009441681726328723,0.0005464087809789929,-0.007022671368479567,0.6174660023946855,-0.3921606071281438,-1.5333675420953963
23214,10.217,0.9999998628537224,0.00020698199675360827,-0.0002063011809456193,0.00043461570629979953,-0.04668064455214132,-0.11251812156345117,9.779308766462373,0.014714579351956024,0.00245998571149523,-0.013071124527577069,0.6245336496361956,-0.3900282432363286,-1.5382969160004192
23215,10.225,0.9999998530291947,0.00020230250900781784,-0.00022788528361805996,0.00044842343995948306,-0.013828799097009993,-0.15480653263095068,9.801451389718876,0.008689407626288797,-0.004276207699081379,-0.004450844698869224,0.6311233790921179,-0.38417908910183757,-1.539123574843947
23216,10.233,0.9999998599577007,0.00020365224441572664,-0.0002096922241415537,0.00044117968436293897,-0.05836840394854227,-0.12953704479059944,9.760102577646604,0.010192647875296681,0.005370453734635536,-0.009593283086231986,0.6267518118878028,-0.3879652848311453,-1.5300283247239799
23217,10.242,0.9999998615903549,0.00020496250445140807,-0.0002097297446009476,0.00043683300839942175,-0.037344438786176444,-0.122389723509433,9.740976257764148,0.010227833275258537,0.0007815188568075105,-0.00881390532016195,0.621616338904971,-0.3909400112008328,-1.533394204673959
23218,10.250,0.999999859846745,0.00020502529693668323,-0.0002040444725674871,0.00044343767408499385,-0.030609812617017947,-0.13076989577252154,9.790417071711795,0.009874763363856431,0.002325554733188586,-0.006309824780308437,0.6203854939832129,-0.3826917259169938,-1.5374070197951952
23219,10.258,0.9999998584573626,0.00020130251837253643,-0.00021311363074556105,0.0004440102828026182,-0.03283771317495384,-0.1611664315567277,9.7328469923,0.009006563752396614,-0.0012297297190907428,-0.0077323232096888385,0.6189368535271521,-0.38748998821568975,-1.5309915319156797
23220,10.267,0.9999998596249682,0.00019250178398404094,-0.0002115660517622178,0.00044601895982664325,-0.025771310977717298,-0.1013892979149891,9.760224310921476,0.007749656599934198,0.0013479875033504617,-0.007430625990460489,0.6138105089781272,-0.386754395220436,-1.5307441671976683
23221,10.275,0.999999854593913,0.0002098786448785918,-0.00021170784564532647,0.00044938056820654284,7.183375745232126e-05,-0.13453937646731587,9.732954138843132,0.014042313119764975,0.000961109744897712,-0.007281795954503011,0.6162390785860149,-0.39048412721858083,-1.5358282902075497
23222,10.283,0.9999998556992367,0.00020288730864557946,-0.00020271259611610436,0.0004542530669049126,-0.014495581988524887,-0.14913360044745613,9.80153838335448,0.008183124628821306,0.0031261332431753407,-0.006719061962170977,0.6203932136004949,-0.3921735488836127,-1.5343514172051598
23223,10.292,0.999999857217109,0.00020277687087204985,-0.00021111188332669824,0.0004470783762698779,-0.04268934035605163,-0.14554884131977222,9.771252071695217,0.0097929048103105,-0.0009950782041702013,-0.009523212411653477,0.6150083480992239,-0.38565351053121255,-1.5397958093291977
23224,10.300,0.9999998524250067,0.00018745242601467512,-0.00021131855616883326,0.0004640646730328446,-0.030955707164435454,-0.12614700434274848,9.790476638377372,0.0061754386169690645,0.0008808763823998189,-0.003845442819364564,0.6169759460597265,-0.3943673861139053,-1.5340695448770538
23225,10.308,0.9999998568002287,0.00020438964393734374,-0.00020661715445682749,0.0004493703895065926,-0.014677387480749761,-0.1469291751342008,9.801571409346852,0.013924105758700312,0.002229779407403946,-0.011274903918888336,0.6184342417725859,-0.38317025797131654,-1.5366632593961327
23226,10.317,0.9999998551791722,0.00020082494734738416,-0.00021581729700335882,0.00045025977988945206,-0.031105648858379135,-0.12439609576810165,9.7904985676604,0.00900573357583856,-0.0012282709133288302,-0.007730024483513716,0.6225877273551809,-0.3838864383333669,-1.535443446514319
23227,10.325,0.9999998564158075,0.00020370394779787795,-0.000209151478382332,0.0004493648018758096,-0.026468113162652043,-0.16395328219332106,9.782386935184562,0.010659277745616733,0.002562003037990873,-0.008100276347612054,0.6172195427347598,-0.3965676942219323,-1.534285161216928
23228,10.333,0.9999998545871058,0.0002037568539405756,-0.00020345417898317417,0.0004559773117102351,-0.02179733293932519,-0.13520526661820118,9.752170096257442,0.009872412918097727,0.002328468922278201,-0.006307919465823209,0.6189394676025439,-0.3918711917985404,-1.529956820576291
23229,10.342,0.9999998529006943,0.00021278254924247543,-0.00020761439389750246,0.0004536721729052078,-0.03359679825297539,-0.1530875990806545,9.732974827050898,0.011916185194478845,-1.4562273734054458e-05,-0.00839996820327141,0.6221178680095636,-0.381348183312728,-1.528151015026809
23230,10.350,0.9999998599194448,0.00020018365596750608,-0.0002018800145664836,0.0004464661852087577,-0.03837336028705498,-0.11197084515716357,9.741097591742939,0.006843643254053828,0.0023821030316043793,-0.009631005506821094,0.6184393718362546,-0.3890032349114715,-1.53463266185986
23231,10.358,0.999999860468159,0.00019477228503002534,-0.00018520318735191347,0.00045478258449638747,-0.02495367665848999,-0.129617810386159,9.839986910552913,0.00861421314362773,0.004906418997569328,-0.006007230824551954,0.6169646649821103,-0.3890550019333472,-1.5385348556203233
23232,10.367,0.9999998563491224,0.00019644773426331455,-0.0002051480894212731,0.00045455943871057606,-0.034002877134846766,-0.15094111012336217,9.733006941119422,0.01026280055316137,-0.0038039235474582878,-0.008027787307117893,0.6189401660779859,-0.39430914821429514,-1.529680347884463
23233,10.375,0.9999998602028634,0.00020505336802125032,-0.00019030381629926086,0.0004487001532969848,-0.03402339293210898,-0.15004566143228537,9.733020716113295,0.011877416660346689,0.0045759023740438165,-0.009180325550936043,0.6201472562417825,-0.3931597319420633,-1.5350702139198715
23234,10.383,0.9999998585348353,0.0002032932367678383,-0.00019204763493772277,0.00045245980489025135,-0.022515227031120008,-0.13040550205094778,9.752233828025668,0.00943799775616219,0.0005519011103634653,-0.007016887607556158,0.6218362543873787,-0.3859396904219487,-1.5429833833136
23235,10.392,0.9999998603727931,0.00019263512809352003,-0.00019791129093985117,0.0004505299360109964,-0.00610156374663354,-0.15130625621807717,9.763347162652183,0.007313998385744958,-0.00042801876192759204,-0.008137685475597178,0.6196559255648324,-0.3941523858782482,-1.5362766306570554
23236,10.400,0.9999998585758249,0.00020299031887294363,-0.00019462587981656314,0.00045140229033429567,-0.04381788204174603,-0.13524651597777626,9.771395105038748,0.012347829028747153,0.001766456962277547,-0.007687265101815466,0.6179503446255005,-0.38510056338294346,-1.5349273135422519
23237,10.408,0.9999998629439034,0.00019566432768464647,-0.00019967626840735467,0.0004426703433466233,-0.02745865192301749,-0.1559931097264171,9.78251437677469,0.00810012431684827,-0.00019403957888726152,-0.009928922537999107,0.622105194463275,-0.3897161798346546,-1.5331674969909495
23238,10.417,0.9999998637515056,0.00020077326863585364,-0.00018563828671534907,0.00044466334614589134,-0.022771782669951442,-0.12732140901344302,9.752273986104564,0.011089236721301793,0.004343967970213969,-0.007387570390288653,0.6172173573952453,-0.38656851393458386,-1.535150169006375
23239,10.425,0.999999859678826,0.00020239539770345867,-0.00020549281967500524,0.0004443547376705111,-0.034484700555939655,-0.14524505388829706,9.733091914184786,0.010262466139521365,-0.003801959730777269,-0.008024460910529512,0.6238173306306528,-0.39189707530947826,-1.531922103634441
23240,10.433,0.9999998598708074,0.0002214229981405697,-0.00017897305722540838,0.0004463170024573915,-0.03933856848973604,-0.10388372209964805,9.741183349095008,0.014431063284433603,0.007337850055582151,-0.007348148637580382,0.622825806100299,-0.3870923421330479,-1.5378431867976976
23241,10.442,0.9999998562850168,0.0002128223715201984,-0.00019612565550937815,0.000451299580782644,-0.02792122173048149,-0.15243571909651957,9.782569147212865,0.007785217171399435,-0.0032374592973409633,-0.006642875931018226,0.6255248799052059,-0.38604468573612,-1.5324923082646753
23243,10.458,0.999999855446187,0.0002246618105093083,-0.00019368710879476178,0.00044846402248812517,-0.008983551631591591,-0.12470374127876536,9.767478302834949,0.011284359581059772,0.0012782936811111128,-0.008245806164224495,0.618205058899626,-0.3877308719622848,-1.5307423277096968
23244,10.467,0.9999998595840374,0.0002189595091278136,-0.0001908524862585052,0.00044324256140730606,-0.04445414137665165,-0.12837506852745761,9.771484920545186,0.0085314510390097,0.0015855142881316903,-0.009217133406475581,0.6196539609213255,-0.39074442359837913,-1.537054281875868
23245,10.475,0.9999998609231878,0.00021864385167013342,-0.00019915740057209531,0.0004366747089989925,-0.0444683746511886,-0.1276326022437755,9.771494582509787,0.009789749407448489,-0.0009905122418741351,-0.009514984307936536,0.6313684217615924,-0.39272002515414733,-1.5387668332289126
23246,10.483,0.9999998562210308,0.00023799007236397632,-0.00019126228764609226,0.000440837135898543,-0.02327432604678133,-0.12033259986528476,9.752361540057139,0.014468263359755797,0.002752186626603778,-0.006563423725852387,0.6174685220746774,-0.37530020613691606,-1.5323701946327553
23247,10.492,0.9999998630741688,0.0002271799792814672,-0.0001780714875442292,0.000436499078887663,-0.04480495919302755,-0.12576565437307816,9.771517251383855,0.007272106381168375,0.004162184336060316,-0.008918563731902772,0.6184547902407543,-0.3889223489397907,-1.5285297016996584
23248,10.500,0.9999998586543272,0.00022839054700470453,-0.0001979498973660099,0.0004374299053165624,-0.018811691102583957,-0.15910496057506965,9.744331518657704,0.010262033760434195,-0.003799578339987289,-0.008019994063932917,0.6206161882420239,-0.3864246933540059,-1.5427297100983868
23249,10.508,0.9999998535187801,0.0002372774247129571,-0.00018806848978617554,0.00044865586505273003,-0.016669976930250966,-0.12688796162067045,9.801848153975232,0.011990336607340918,0.003317136962337878,-0.005182832604636098,0.6159868230826832,-0.38759675769830837,-1.5390400378430145
23250,10.517,0.9999998580919053,0.00023142705567984494,-0.00018589423395126426,0.00044238108054644727,-0.014146859643052118,-0.1295072477666076,9.714077986903213,0.008530163751935386,0.0015863866773220725,-0.009215673672950328,0.6303942884531717,-0.39148648747136744,-1.5378040695846131
23251,10.525,0.9999998561679595,0.0002399621278052004,-0.0001900363289052371,0.00044041847300343816,-0.02859991179307884,-0.1440365931980279,9.78269446045607,0.011911818163667718,-6.93655957180012e-06,-0.008391817775695214,0.6220969561969275,-0.3831670225324492,-1.5364283928448887
23252,10.533,0.9999998605340052,0.00023601776399697426,-0.00017961069607372735,0.0004369983792893663,-0.028726724078804514,-0.14318778072393784,9.782706548206352,0.008961617248503861,0.0033660300570835648,-0.00850619454489601,0.6176965168271198,-0.3905229524849876,-1.5387614118265123
23253,10.542,0.9999998646342573,0.0002304488708088334,-0.00017716267753613787,0.0004315532076075305,-0.040531434455389245,-0.09307724793438901,9.741287703281525,0.008529547477372326,0.001586990956196527,-0.009214866384038468,0.6294138570001315,-0.38637939720986464,-1.539334256861067
23254,10.550,0.9999998608876917,0.00023379461844688266,-0.00018940458818449685,0.0004332327035229242,-0.04056801787494519,-0.16052180637578736,9.76355717557865,0.010693554599571617,-0.0020185952627263274,-0.007308285856662967,0.6275014019513603,-0.3849452623173164,-1.523233684858091
23255,10.558,0.9999998617119195,0.0002370771932306895,-0.0001827949692987437,0.00043238471986739514,-0.028904116435867568,-0.14082716876092,9.78274029349549,0.010651739176311932,0.00257032555729936,-0.008093663314760961,0.6269758937010841,-0.396860344990403,-1.5379683734982774
23256,10.567,0.9999998692430385,0.00022288545249605067,-0.00018369207259435116,0.00042201090436470975,-0.03588121530567557,-0.1311146238239358,9.733287470352373,0.006406190768152079,0.0006043879694705719,-0.0103350043668066,0.6189356609244232,-0.3887170550207353,-1.5314635915857857
