packet_counter,timestamp_s,q_w,q_x,q_y,q_z,acc_x,acc_y,acc_z,gyr_x,gyr_y,gyr_z,mag_x,mag_y,mag_z
26577,0.000,0.9979803013011593,0.006425574735217819,0.0018191433419844749,-0.06317215305552763,0.019602570930714026,0.0372897176042877,9.760650055743076,0.012403109319451704,0.0009153019120290357,-0.007663960708617381,2.0881968342230417,-0.5814182157053326,-1.2031790514116663
26578,0.008,0.9979805890812519,0.00642120895823511,0.0018180218972366695,-0.06316808283408928,-0.010502964613795756,0.02858496109055007,9.703234665418103,0.009224239566143554,0.00018608099434288568,-0.007514957673057829,2.087705200133976,-0.5784840244293046,-1.202722188758333
26579,0.017,0.9979805708104432,0.006423458142390837,0.001826642740832174,-0.06316789411285507,-0.003583263963424838,0.040327166582686653,9.742569528935796,0.010692951639003898,0.0027227968169217646,-0.00845167180707789,2.087940292590265,-0.5801813422330847,-1.2014835636463148
26580,0.025,0.9979808605772735,0.006420922105464514,0.0018124268044273258,-0.06316398332783396,0.010887602225354643,0.013255630009088522,9.769559340098144,0.009860959065871417,-0.0029226975881811246,-0.007566212160009415,2.089422994106984,-0.579472132461534,-1.203921040047162
26581,0.033,0.9979812058930262,0.006432723265814119,0.001831325475157483,-0.06315678112990904,-0.03412500049312005,0.08226936628074813,9.736826776427591,0.012833560977085068,0.0053240728773023376,-0.00676884094232422,2.0852115971794203,-0.5857406937038013,-1.1955909303576648
26582,0.042,0.9979810055809293,0.006432200206957766,0.0018221181692229655,-0.06316026587620188,-0.026845932718103534,0.04435532389676179,9.724482738088998,0.010257839891213401,-0.0016872493494303152,-0.0093431637443798,2.0874506294937114,-0.5745640430303292,-1.2012963204123803
26583,0.050,0.9979817852403685,0.006423793318309638,0.0018286743795978507,-0.0631486116859593,-0.01128070806604244,0.08261696569590607,9.754887137752032,0.008185931534402299,0.0020577603854912948,-0.005682700954803091,2.0882539247143455,-0.5817365184237978,-1.2109886727181058
26584,0.058,0.99798109474037,0.006425281899568675,0.0018244749659402312,-0.06315949322487038,0.011665843299288381,0.08205193206974291,9.772956125428257,0.010654364602136852,-0.0004519053001845546,-0.01112031954823555,2.091646563475069,-0.5853660120156868,-1.2075111959989764
26585,0.067,0.997980895588843,0.006422735126679188,0.0018279518101048924,-0.06316279842885011,-0.003957508741136007,0.045355052736741064,9.742547274127638,0.009617960710644762,0.0014205834469532767,-0.009289999777440699,2.092054659900479,-0.5833086691263737,-1.1965406299671688
26586,0.075,0.9979808775636972,0.006426983861055532,0.001823885837657317,-0.06316276859111045,-0.004002865384944337,0.046204965544672315,9.74254326282737,0.01132628975508589,-0.00038679901596151245,-0.008499966996612316,2.082844340044646,-0.572652728425754,-1.2057429880332546
26587,0.083,0.9979803153319413,0.006414876084361799,0.0018170785881104024,-0.06317307812815631,-0.003942951514054022,0.046967872945193674,9.742539637217257,0.0074753049677186885,-0.0011823731384456996,-0.010970642424684833,2.089871390960971,-0.5882098048297338,-1.1984633199987693
26588,0.092,0.997980604349586,0.006410492418727994,0.0018159591607919356,-0.06316898939599563,0.019112006340589998,0.04632832429581854,9.760612310382943,0.00921882966507308,0.0001846534643280138,-0.0075104873545720294,2.0898847981941406,-0.5750430306361137,-1.2002973454455248
26589,0.100,0.9979805894704765,0.006414549070050206,0.001811481506024539,-0.06316894122226725,-0.012436673587528667,0.021916709437800094,9.751470905493775,0.01132436038907555,-0.0003870661082165699,-0.00849846552467561,2.090832526722087,-0.5786678884094397,-1.1963494694072168
26590,0.108,0.9979800246532479,0.006402618461268495,0.001805083952015014,-0.06317925721207052,0.003614078387739342,0.010389702643286872,9.73021770371796,0.0074735922306044525,-0.0011833213091612697,-0.010969137679046276,2.084759495557879,-0.5789514224886815,-1.200541861430151
26591,0.117,0.9979805553167418,0.006420999603454451,0.0018160337500774883,-0.06316869474035022,0.02653703432093841,0.009974933511835057,9.748293085317558,0.014534233951559882,0.0035173879811859154,-0.005975593517146342,2.0876161222630962,-0.5761709623721283,-1.1905368944566816
26592,0.125,0.9979798680241873,0.006424303909598333,0.0017987356097259948,-0.06317971104642342,0.019077094787005457,0.049879021412027595,9.760594881151102,0.011287450305505008,-0.00356242654760564,-0.011165822589413036,2.0881326053023126,-0.5810906413497411,-1.194392937711003
26593,0.133,0.9979805258554091,0.006431114351726221,0.0017943940454218043,-0.0631687496438424,0.0036762120289562847,0.013273535115299023,9.730214176239452,0.011995292901632586,-0.00032107225803978647,-0.005877493816414273,2.0864738558690146,-0.5779818577307045,-1.2012710093006627
26594,0.142,0.9979806339415261,0.006421938275026036,0.0017881287576810541,-0.06316815322618932,0.019286954839032207,0.05164750390213791,9.76058526908399,0.008145044724494982,-0.0011182184991876984,-0.008348325446642688,2.0904081146688918,-0.5843663144370498,-1.2050881598417813
26595,0.150,0.9979806198508939,0.006425977524082575,0.0017836479676100162,-0.06316809174586327,0.012317923076262864,0.04144072764636601,9.721258604684502,0.011320235909836858,-0.00038812845057776857,-0.008495263079929106,2.0835622621619527,-0.5755637406089662,-1.2037568350132353
26596,0.158,0.9979807280780145,0.006416797524230245,0.0017773807295578298,-0.06316749173547759,-0.003617281445949218,0.05452470565592963,9.742500402264785,0.008144014138047672,-0.0011186251213636908,-0.008347449908612406,2.084552990707506,-0.5768029319904957,-1.2056910918137622
26597,0.167,0.9979807142546966,0.006420831293776888,0.0017728992721214136,-0.06316742617325369,-0.01955398361709195,0.06760983705015106,9.763740345822761,0.011318931455560002,-0.00038838737809729254,-0.008494291298925111,2.0828512073683907,-0.5765680740061664,-1.2066823948698888
26598,0.175,0.9979795334603515,0.006422447551062538,0.001786787873353865,-0.06318552326925103,-0.018208357493743593,0.08404107495624698,9.715454447137237,0.01040079311708302,0.003886836215206934,-0.01284093807385132,2.0812983131210903,-0.5857314220666751,-1.1946429929681344
26599,0.183,0.9979797037593557,0.006433091292066566,0.001774356993207408,-0.06318210093117856,-0.03382274315140888,0.047411590419874736,9.68508996826774,0.013026919387905248,-0.002194658930860251,-0.007701974942067106,2.0896114834427424,-0.5840387400814584,-1.1963074002044982
26600,0.192,0.9979801191881286,0.006415283401611949,0.0017710378931241528,-0.06317744272212433,-0.04268965222718923,0.07149529645679945,9.74564504990396,0.006036828304137845,-0.0005479490477864283,-0.007358239400137783,2.091635838886825,-0.5855962341814529,-1.2060441395602917
26601,0.200,0.9979804125149768,0.006410683580242564,0.001769500804695671,-0.06317331904668057,-0.012173934930051464,0.03197865270202111,9.751443430122755,0.009211345470616594,0.00018266253643786477,-0.00750496560364839,2.0850070802656635,-0.5806649656574324,-1.201012098008024
26602,0.208,0.9979805212926857,0.006401495620758829,0.001763236379482058,-0.06317270749039365,-0.02064861380200603,0.006122660663741963,9.760409430225291,0.008141057756351539,-0.0011197847927760852,-0.008344658085613845,2.087211561164189,-0.5787212003229155,-1.2019910709909025
26603,0.217,0.9979803264651136,0.00640073942013358,0.0017536069546917055,-0.0631761298760018,-0.004535486322593374,-0.0054295931999979695,9.739170593201449,0.010245394635173528,-0.001691454453881734,-0.009331183732635662,2.094790019305808,-0.5845942186935342,-1.203344855924261
26604,0.225,0.9979807414977419,0.006382923530128474,0.001750289504158268,-0.06317146803326727,0.018576329969367186,-0.006035808768981072,9.757247382043513,0.006035246355518026,-0.0005486063479475099,-0.0073570090118656555,2.0920087345441516,-0.5764127740843021,-1.1902583291304967
26605,0.233,0.9979807269808014,0.006385093481830429,0.0017588999963525647,-0.06317123892170329,0.0354983929029481,0.04776491849878068,9.739299791432211,0.010674090183434357,0.0027189248685130524,-0.008441811609078765,2.0815657318390572,-0.5845409067800583,-1.1978263977983146
26606,0.242,0.9979799173454758,0.006401758368140615,0.0017437995130130612,-0.06318276052984458,0.026996362266232716,0.022227646072943936,9.748271586048894,0.01445293127720153,-0.002834965356444878,-0.011302735361587277,2.088437907433287,-0.5740896912431078,-1.202758555947241
26607,0.250,0.9979806995163365,0.006393296593392112,0.001750353322562346,-0.0631710805258164,0.035527253958127676,0.04970818206898428,9.73928996045111,0.008172966153109563,0.0020560659113280605,-0.005676211125999767,2.0930758284357234,-0.5831224872369573,-1.2026388865272426
26608,0.258,0.9979806846218408,0.006397486424778748,0.0017462873228547362,-0.06317100418509662,0.012435986909251797,0.05175483217194624,9.721209014714255,0.011311977360647724,-0.00038977173408765055,-0.008488529569255932,2.0893857545699683,-0.5760056416662458,-1.1988269048403786
26609,0.267,0.9979803067452298,0.006390098410933828,0.0017445991237286802,-0.06317776796385072,0.01945943894195423,0.06361132627167168,9.760514288639481,0.008532285006196865,0.00011252473186938603,-0.01011965884370491,2.0803492913648354,-0.5750244873618614,-1.1984139634810171
26610,0.275,0.9979801101422291,0.0063895118866486,0.0017353853144870025,-0.06318118656819745,0.011023449488220798,0.03781712231120267,9.769494987009868,0.010241315309099728,-0.001692841057966648,-0.009327169958633618,2.080844664109664,-0.5755220182418983,-1.1993822508049554
26611,0.283,0.9979800984261187,0.006393507759916656,0.001730899519268876,-0.06318109045254537,-0.0364150321783109,0.025683461102602858,9.781633262173893,0.011309925678476669,-0.00039009762027246176,-0.008486969151267369,2.090386970486295,-0.5804324255823848,-1.2021957682167
26612,0.292,0.9979792878322645,0.006408308255912282,0.0017288883959555817,-0.06319244882118331,-0.0034235579833677724,0.06751760416663181,9.742419095710025,0.013807585760490551,0.00027173387070779354,-0.011250533137723461,2.081831569278928,-0.5804185181266953,-1.2007934936981308
26613,0.300,0.9979798906199924,0.0063969063337599484,0.0017171983456871099,-0.0631844026426382,-0.019351871650277568,0.08069709724593387,9.76364135135492,0.007741062096622787,-0.002355550930717415,-0.006561217700777508,2.0823476287155174,-0.591441437640693,-1.2045915907687184
26614,0.308,0.9979796927465006,0.006394465796034027,0.0017210776061217805,-0.06318766940359066,-0.03481913320578536,0.04377114326385802,9.733326461884225,0.009598052616596969,0.0014142313553480068,-0.009277824167172509,2.092305079750134,-0.5698884936741717,-1.1973986961792566
26615,0.317,0.9979804757350875,0.00638598583969508,0.0017276303957617898,-0.06317598063852717,-0.011940989729260826,0.04325826340061258,9.751400203952006,0.008168668723320614,0.00205546219430426,-0.005674021933643176,2.0908895833251795,-0.5794744503708157,-1.2041544550189578
26616,0.325,0.9979812576941431,0.006379540371208988,0.0017215163023442351,-0.06316444520052768,0.012510778421764419,0.05819893225900528,9.72117247361599,0.008809123429515538,-0.0010526108773342177,-0.005720555250339863,2.088644497004186,-0.5750175336340165,-1.1976209148003765
26617,0.333,0.9979807570174747,0.006385520129427591,0.0017220254628312619,-0.06317173722330896,-0.011978206946601138,0.04478002509725987,9.751393290740497,0.011700089395024975,0.0008420902088758427,-0.010262087964696714,2.082380886902973,-0.5751264753702497,-1.2091411023151304
26618,0.342,0.9979810494870235,0.006381071699759747,0.0017209062466933894,-0.06316759668083544,0.012469590885887913,0.05987804909071296,9.721162329113664,0.009201969551361,0.0001802746041714858,-0.007497911677899399,2.087726174875523,-0.5848592094985235,-1.205591401909921
26619,0.350,0.9979805491263467,0.006387045045019501,0.0017214139714114487,-0.06317488389390329,0.0039451147585925885,0.03416783704713131,9.730163133693187,0.0116985727517942,0.00084163460396158,-0.010260925726750905,2.0909430198812453,-0.5810087653779947,-1.211464240891539
26620,0.358,0.9979812712152633,0.006360590919683149,0.0017210337580747439,-0.06316615572855465,-0.013575394509533413,0.03164566593958003,9.799689449087532,0.003925251828376347,1.9344589919723117e-05,-0.006366005425733049,2.0896442333070473,-0.5750476664546769,-1.20078737633043
26621,0.367,0.9979796699247173,0.006385788105330553,0.0017206474209047289,-0.06318891912099596,-0.013082901455460047,-0.017493600029265147,9.748177763287375,0.016297324305960585,0.0009313555272950941,-0.014008127388255506,2.084775828129769,-0.5750662097289293,-1.2027760548747437
26622,0.375,0.997981425648674,0.006369790179584136,0.0017438243934310264,-0.06316216359334849,0.018139028491832094,0.008762696498334607,9.757246137868979,0.00609567071499591,0.005805190655523452,-0.002023726399996864,2.081327527658892,-0.5762474533784196,-1.198639358591653
26623,0.383,0.9979812340270958,0.006368986906157193,0.0017341812783703955,-0.06316553768344066,0.026443495398432076,0.03598462188560587,9.74823202306053,0.010234277399595728,-0.0016955847024650995,-0.009319591584650039,2.0891489622268486,-0.5730853578459073,-1.1998329960905876
26624,0.392,0.99798152712915,0.006364524825353253,0.0017330647433849735,-0.06316138709142108,0.026502527283262294,0.036775810668871756,9.748228909399089,0.009198968657274001,0.00017947622371603008,-0.007495225270165599,2.0918732751059363,-0.5792395923864865,-1.2051261265093576
26625,0.400,0.9979823713052526,0.006376027293397117,0.0017338840459933602,-0.06314686441949446,-0.004118205919390562,0.07775175312339105,9.742342525216266,0.013045349437815495,0.000983092211636236,-0.0050230194899209,2.0794042679022438,-0.5838548761013234,-1.2027318755016205
26626,0.408,0.9979821751744764,0.006373559113885077,0.0017377570365996484,-0.06315010671981966,0.01179990557741673,0.06635642691460097,9.721121102653404,0.009590876640356556,0.0014113786890290235,-0.009272530552633912,2.0828025485348234,-0.5833411198563154,-1.2000261714830978
26627,0.417,0.9979819842124122,0.0063727463158566285,0.0017281103913017648,-0.0631534712135903,0.010341495598045633,0.05172336509040363,9.769432004944404,0.010232014948338891,-0.0016966102409060886,-0.009317264899675999,2.0859446094726217,-0.5769520273314072,-1.1956690187988608
26628,0.425,0.9979811772574972,0.006387499627423354,0.001726097745695724,-0.06316478666806753,-0.012626298751830049,0.053893658196568744,9.751346364371027,0.01379501852175271,0.0002680495999221689,-0.011240110810677788,2.0930544131474456,-0.5830946723255787,-1.1997094093445717
26629,0.433,0.9979817817100395,0.006376073693775625,0.0017144002351963318,-0.06315670899390428,-0.012545422451485896,0.05476751327647563,9.751341596460891,0.007735334160095269,-0.0023577961532048417,-0.006553676100512707,2.0900945164330214,-0.5823228790034259,-1.195587686464689
26630,0.442,0.9979806063362442,0.006377581581042654,0.0017282649171849816,-0.06317474915103347,0.0019515039107239412,0.027761588177233586,9.778448023296745,0.010372862178556755,0.0038746724008294937,-0.012827126516996837,2.092072675415096,-0.5808905520046352,-1.1990050394262213
26631,0.450,0.9979813930332043,0.006370920028313833,0.0017217221105753073,-0.06316317131424157,-0.021187190267321833,0.029724593400975368,9.7603649345451,0.008802686884594959,-0.001053618980321725,-0.005713877682644303,2.081862178709669,-0.5765518486411956,-1.2049806719311706
26632,0.458,0.9979813792656685,0.006373200190404385,0.001730748083611888,-0.06316291213519758,-0.005230748362371386,0.018197176370957975,9.739154758183373,0.010654744514124655,0.0027145040475430953,-0.008431037794181058,2.0828221792157446,-0.5833666168584126,-1.2027115255672127
26633,0.467,0.9979813711505606,0.006377139242526674,0.0017262529362820106,-0.06316276579068349,-0.021353086103460657,0.03140585411339813,9.760359309422325,0.011296426002848194,-0.0003933967453802308,-0.008474845181161605,2.0887426673529,-0.5749008890230468,-1.2110500030683005
26634,0.475,0.9979815422184093,0.006386034480015987,0.001727343353984375,-0.063159134255648,0.0016452031471362533,0.03119447169190878,9.778437731752328,0.012363572511315634,0.000910902052732333,-0.007635556125809838,2.0903838757065234,-0.5735921603630706,-1.2017724217453696
26635,0.483,0.9979811680655798,0.0063785811037012,0.0017256271925334677,-0.063165845995737,-0.028998936749196444,0.07208901039943909,9.7725155859876,0.008516991194509266,0.00010466883072230725,-0.010107053676215554,2.0809015343276016,-0.5790140060392837,-1.2071617400958536
26636,0.492,0.9979809729044244,0.006376084848689904,0.0017295039612950586,-0.06316907533587435,0.0029932480814634163,0.04818320714842515,9.730104162257152,0.009584107197946924,0.0014091393674054878,-0.009267928600862905,2.091078377654829,-0.5796467248045427,-1.1965825364285823
26637,0.500,0.9979809654467754,0.006380013061277623,0.0017250072100918692,-0.06316891948882873,-0.013082336598833599,0.061350778849564074,9.751301696066077,0.011293858438812173,-0.00039397194213734417,-0.008472545348185829,2.0888830400664524,-0.5784283946065473,-1.1968543109540246
26638,0.508,0.997980773468674,0.006379371874532713,0.0017158006487750228,-0.06317226788304847,-0.019992032324189103,0.051061582519085796,9.712013339867076,0.010225565559771355,-0.001698959234172751,-0.009310550450227464,2.0840200056553493,-0.5782097619871891,-1.1995776766413553
26639,0.517,0.9979805816560982,0.006376673182603901,0.0017192381783614197,-0.06317547701889503,0.003037567788710758,0.050705801478667045,9.730091329695659,0.009582007491028988,0.0014084713526147199,-0.009266622602860718,2.090887544556248,-0.583134076783365,-1.203875564210162
26640,0.525,0.9979807538611499,0.006385555434232787,0.0017203310895143212,-0.06317182968278083,0.011379818438214602,0.07814971997300471,9.721033950109543,0.012359314791001217,0.000910554219676024,-0.007632447537180389,2.0877104184032054,-0.5804440151287925,-1.203436015275206
26641,0.533,0.9979807441422797,0.006387615996367458,0.0017289246275242497,-0.06317154029099997,0.025811102195027975,0.05137928128749439,9.748164734488933,0.010648097963537762,0.0027129297488757715,-0.008427204079537128,2.090648064091878,-0.5675144168287829,-1.2045139373254248
26642,0.542,0.9979806726307694,0.0063717273318931395,0.0017305799728446567,-0.06317422923315354,0.0026483787137051057,0.053220330748134606,9.730078013209962,0.006411158984377832,0.0006740113290061693,-0.009120827360902287,2.084752153799193,-0.58187170630902,-1.1995375548677354
26643,0.550,0.9979809711208705,0.006367031359152315,0.0017290252175986484,-0.06317002979351385,0.04166841339507452,0.04038494726205541,9.726962984500547,0.009188575630062373,0.00017661059283544196,-0.0074866099737853865,2.0920573086571936,-0.5708603763414302,-1.196902963280541
26644,0.558,0.9979807802202232,0.006366379722474463,0.0017198140433284886,-0.06317336274032645,0.017257047533510064,0.02694598643328344,9.757214465846083,0.010222362613800665,-0.0017001076008811605,-0.009307006581495057,2.084068156165765,-0.578760604780702,-1.206164364607666
26645,0.567,0.997980407262933,0.006358901081434071,0.0017180884529068466,-0.0631800543559058,0.01731980834478181,0.02770899518144999,9.757212216663135,0.00851106637509626,0.00010195148685095671,-0.010102186725823536,2.088678065661859,-0.579944166339474,-1.202212896725952
26646,0.575,0.9979802140001444,0.006356384363108828,0.0017219474947354943,-0.06318325520959356,-0.00576557569141637,0.029579717803065512,9.739126536055748,0.009577567530999634,0.001407122729879932,-0.009263482266334569,2.090652960423111,-0.5741128703359233,-1.2051837247426604
26647,0.583,0.9979800262441357,0.006355522935251472,0.0017122881741522722,-0.06318656989568557,0.0318614357594457,0.0015677944431865525,9.784358643805982,0.010220615063386672,-0.0017005398707276604,-0.009305275327827317,2.084319005094371,-0.584873116954213,-1.2070811261303631
26648,0.592,0.997981176235938,0.006358554668333068,0.0017164943636271566,-0.06316798483697271,0.0012289549821423173,0.04244007155320575,9.778395450578794,0.010929293146890858,0.0015564024952666108,-0.004030213661981625,2.084048457708423,-0.5797116262644264,-1.2034697391341538
26649,0.600,0.9979819649093404,0.0063518608053472906,0.0017099494165277594,-0.06315637460300166,-0.014197281472662242,0.005487955550557898,9.748190350492461,0.008794982676501997,-0.0010548024459802324,-0.0057060619378822754,2.08847699935408,-0.5765819814618559,-1.2081060856419776
26650,0.608,0.9979811592656856,0.006364681594630539,0.0017210192691950177,-0.0631675127861842,0.0011093431714941056,0.04413726767936255,9.778387953202115,0.013133303924742788,0.0033707889291688933,-0.011183781725486158,2.0833111590717706,-0.573113172757286,-1.2028053057802983
26651,0.617,0.9979812768629882,0.006355204978418812,0.001714299978249057,-0.0631667917199183,-0.030427294896463623,0.019569326689824144,9.76937563154337,0.008117485863819981,-0.001130274496403509,-0.008321192070522827,2.084993978026386,-0.5894374066648558,-1.1992197938135565
26652,0.625,0.9979815738217435,0.0063506910158454884,0.0017131884603458025,-0.06316258402881418,0.002491269784907645,0.06104613990898863,9.730032104082493,0.009183755966208526,0.0001753322102084244,-0.007482837016768257,2.090137092848002,-0.5860404531480142,-1.2014118731197907
26653,0.633,0.997979977079328,0.006373891903377207,0.0017258628911702549,-0.0631851267944399,0.0023153267532196094,0.062051995191618865,9.730025789793334,0.015621189152250598,0.004029018534399226,-0.013941632858976911,2.090124600596506,-0.5860242277830433,-1.1997030114298994
26654,0.642,0.9979794210356825,0.006361831536642131,0.0017194135131259377,-0.06319529971409951,0.025216032478630142,0.06187937521339979,9.7481052924908,0.007439148093764922,-0.0012067086888819703,-0.010935449736420997,2.0864451665984696,-0.5798978081538428,-1.1973464969449736
26655,0.650,0.9979805745491872,0.0063646493471210975,0.0017231928593173349,-0.06317669402186726,-0.005460563040040461,0.10261574210701234,9.74211169808746,0.010925301173737157,0.0015569229338518958,-0.00402750571658891,2.090192568173,-0.5839151417426439,-1.209000549801168
26656,0.658,0.9979808717450421,0.0063601232082555435,0.0017220722688711556,-0.0631724855525138,0.009075336740232164,0.07577768693971498,9.769276294583465,0.00918153619644774,0.00017471064860594856,-0.007480844756912393,2.0835483072410965,-0.5709067345270613,-1.2018478893244253
26657,0.667,0.9979805005122918,0.00635261484760316,0.0017203340077174025,-0.06317915267504101,-0.0139629998874266,0.07759754750183799,9.751184720746476,0.008504129889421045,9.838159690543103e-05,-0.010096277119624797,2.0906447714591714,-0.5892396352290312,-1.2040635258127776
26658,0.675,0.9979806753841232,0.006361452275846765,0.0017214354045241777,-0.06317547107018706,0.016656517899992042,0.03846226611766467,9.757176910574179,0.012347209656280049,0.000909397776452968,-0.00762322349343429,2.083275178874854,-0.5772170181363966,-1.1978834404042413
26659,0.683,0.9979803008213972,0.006352075394158906,0.0017327865443677601,-0.06318202087154623,-0.0065350423529975206,0.040377742197968386,9.739087267615437,0.007858148136013569,0.0032050693416808755,-0.010054761719287732,2.0823482556474047,-0.5824086416468435,-1.204677351120644
26660,0.692,0.9979804169139914,0.006342785878640317,0.0017265048953901295,-0.06318129236031877,-0.008057335031975662,0.02571894687408623,9.787443320604412,0.008113320247250066,-0.0011320387276848168,-0.008316695461824402,2.079654603031373,-0.5716553487563983,-1.2035783524769619
26661,0.700,0.9979804097256313,0.006344788029687692,0.0017350912740048364,-0.06318096965851946,-0.01652455731878065,-6.827091754817669e-05,9.79653865546481,0.01063416609958371,0.002710173128112394,-0.008419032165215595,2.0835635723343673,-0.5824016879189988,-1.2039360583860097
26662,0.708,0.9979805852869816,0.006353613818931886,0.0017361934840848805,-0.06317727925354008,0.01618220393975331,0.0416341151232531,9.757164689931255,0.012344651361089316,0.0009091844671623505,-0.007621011987705852,2.092279502203466,-0.5784005796951686,-1.1938998481422471
26663,0.717,0.9979813760124633,0.006346895501762268,0.00172964708693146,-0.06316564232805441,0.00778789271789082,0.015943647200728342,9.766263157860983,0.008789090970882273,-0.0010556647904824475,-0.005699648772300748,2.0832821478632293,-0.5796675859880768,-1.1988367543249716
26664,0.725,0.997982345423863,0.006345140803828679,0.0017287218772423054,-0.06315052597671716,0.0008554965221509575,0.005442757616228394,9.727002150353554,0.009854650812324233,0.00025078136803964764,-0.00486181026830375,2.08770883712511,-0.5775121417620462,-1.2032197063448422
26665,0.733,0.9979821530283773,0.006340507117736247,0.0017452312202482357,-0.06315357768426444,0.007625201416689659,0.01746712254094622,9.766260680920816,0.008920437167947666,0.004509816119573903,-0.009215329027040066,2.0920891604839307,-0.5748081726517845,-1.2012600934969577
26666,0.742,0.9979814761105115,0.006341777309068793,0.0017409831384306116,-0.06316426346090499,0.0012252801589888672,0.07243407356931025,9.729954234382104,0.010599206072893242,-0.00047551935023308395,-0.011071937435572147,2.083786630029997,-0.5774912805785122,-1.201051153462532
26667,0.750,0.9979812879631066,0.006339004020558765,0.0017444003738004326,-0.06316742016943595,0.038832074107312424,0.044564507118362275,9.77523630585737,0.0095644368236558,0.0014022914677252892,-0.009253922701569611,2.095034051742984,-0.5860589964222666,-1.2033291641523716
26668,0.758,0.9979813426933108,0.006361179134862771,0.001747725436832396,-0.06316423427754285,0.024073447158052878,0.07320302364170417,9.74802972851941,0.015506037955602315,0.0016441653758913382,-0.007760284613382118,2.083570693819688,-0.5826550891775804,-1.204910232932884
26669,0.767,0.9979815852946713,0.006338309372777032,0.00173876935287397,-0.0631629474309705,-0.008759770199961697,0.03327803949384746,9.787419933553075,0.00494409641508719,-0.0018698253476550435,-0.008169865162194173,2.0908645479898733,-0.58017438850524,-1.200729778097127
26670,0.775,0.9979807913930462,0.0063548012046824144,0.0017236487995949902,-0.06317424749828375,-0.030164193360890667,0.05039129953704632,9.720956602884728,0.014407170804170786,-0.002848063851979554,-0.01125076387874147,2.08698178864176,-0.5775190954898909,-1.20395742970389
26671,0.783,0.9979815830104741,0.006348068013435529,0.001717101059718801,-0.0631625962762454,-3.014286367347414e-05,0.06156071021816727,9.77829384462164,0.008785566930312566,-0.0010562659967137992,-0.005696172882058705,2.088216244630597,-0.5846173977863497,-1.2058342734802396
26672,0.792,0.9979809032653169,0.006347458268566053,0.0017259360527071763,-0.06317315597636063,0.015966001533665647,0.04998068250350964,9.757125859696865,0.009948838987328396,0.0026297213118682042,-0.011029857137392766,2.091322477868425,-0.5801349840474536,-1.1965761160460902
26673,0.800,0.997981513380049,0.006335964735405856,0.0017142207004636585,-0.06316498990682669,-0.03151498776138577,0.03754433566228949,9.769319640401111,0.0077193958636132196,-0.002363548098443354,-0.006532464551869548,2.0858060213664267,-0.5734268396571883,-1.210108834011693
26674,0.808,0.9979810188067296,0.006341969056428248,0.0017151435244644492,-0.06317217593735718,0.016010297863548607,0.05148907632199918,9.757117944659935,0.011658824059079054,0.0008294512868473903,-0.01023026441532458,2.082858210244976,-0.5785303826149357,-1.2076403444853177
26675,0.817,0.9979810175580127,0.006345798748748069,0.0017106322798918136,-0.06317193339860061,-0.037746554216403064,0.0934014012232195,9.732965822014448,0.011270455468115306,-0.0003992522636394231,-0.008451630728563806,2.0853317928041943,-0.5768631976318161,-1.2120329383128359
26676,0.825,0.9979814393170907,0.006327876269103582,0.001707262270643544,-0.06316715931598113,0.009070486916766896,0.04182031152901874,9.71786072299898,0.006006675799966567,-0.0005643427843710785,-0.007330105832402059,2.0835279310195527,-0.5816229408690013,-1.1990605499569396
26677,0.833,0.9979814342435663,0.006329831048776189,0.0017158413292797958,-0.06316681116363328,-0.02525122050786672,-0.013495709982409917,9.805662092593435,0.010622936037396325,0.002707571812158842,-0.008412831185218963,2.0835828810772923,-0.5870656477287484,-1.2065773733704872
26678,0.842,0.9979812455564331,0.006327246810650501,0.0017197118641185838,-0.06316994583290537,-0.023328967508610996,0.06800509584028154,9.760168399075477,0.00955718525570284,0.001399863353320217,-0.009249249792313476,2.091800377310001,-0.5752384841626562,-1.195154165026155
26679,0.850,0.9979804519128559,0.006341633629197832,0.0017172350023585616,-0.06318110783036517,-0.014945575488290846,-0.020156192530171417,9.696879116866144,0.013753986995386146,0.0002572296381043205,-0.011206072166363455,2.0933342902286975,-0.5824086416468435,-1.2045970401699444
26680,0.858,0.9979805697640789,0.006332304016837139,0.0017109719339067546,-0.06318035196360651,-0.0010097167360393758,0.0033680645382447084,9.775370482761428,0.008103767284538257,-0.0011363722937781627,-0.008307074072073399,2.0872097765568323,-0.578718882413634,-1.2017469478923466
26681,0.867,0.9979803834894028,0.006329491219969509,0.0017143793972343167,-0.06318348371626129,0.015707131185658103,0.05718265227327114,9.75708672950172,0.00955506587400305,0.0013992331410505774,-0.009247849957983154,2.0845170782870097,-0.5799302588837846,-1.2007784978271028
26682,0.875,0.9979806840526297,0.006324914012082743,0.0017132594601663444,-0.06317922492883489,-0.007382442186401334,0.05896554879278592,9.738991859795076,0.009167693012441708,0.00017114118602544348,-0.007469427920514551,2.090688144247089,-0.5814831171652162,-1.2099966512932985
26683,0.883,0.9979801946131869,0.006330691457162497,0.0017137229565147266,-0.06318636450317956,0.038616092817644394,0.05777510975597941,9.775168009737957,0.01165225473343224,0.0008276495286495367,-0.010225203479581899,2.0826189724744033,-0.5851288361220762,-1.2083119165903464
26684,0.892,0.9979812888742845,0.006315549559434244,0.0017105494999683367,-0.06317068078620842,0.03165285292707805,0.047188794170224056,9.735922333956978,0.006681709585625628,-0.0004857292535664129,-0.004712449913006243,2.0845314906987022,-0.577995765186394,-1.2027500253943448
26685,0.900,0.9979803057507965,0.006321415343917939,0.00172907844873924,-0.06318511952442057,0.015382521955358226,0.06027459596914375,9.757068637813529,0.01139022919519663,0.0051617933041046464,-0.011965362463050527,2.0879296018902305,-0.5799233051559399,-1.2000211429023286
26686,0.908,0.9979795146805484,0.006337860903413973,0.001713975637333323,-0.06319637714822808,0.02363712280945979,0.08787131068183995,9.747909606947626,0.01439566308278494,-0.0028509584275033485,-0.011237779627126196,2.0845152428473375,-0.5806603298388693,-1.200527421186499
26687,0.917,0.9979789657153094,0.006325523500561977,0.0017070350877768368,-0.06320646939558275,0.007090618471925274,0.035665913754133444,9.766211577342995,0.007422027396553216,-0.0012184867771771815,-0.010918058129967372,2.0847612632211314,-0.5791978700194184,-1.2007836666813576
26688,0.925,0.9979782877889485,0.0063248705701720274,0.0017158757287446093,-0.0632169983832879,0.008438506744185262,0.0515684302228504,9.717814454417411,0.009936356622256117,0.0026252905809198493,-0.011022481957160313,2.0893991164471477,-0.5892071844990895,-1.2006547258719615
26689,0.933,0.9979785922684656,0.006320070037070476,0.0017143034986353963,-0.06321271432309132,-0.0014340139802836553,0.010603801869606301,9.77536525921387,0.009163770665999257,0.00017037464194353052,-0.007466142209811918,2.09013372696255,-0.5831062618719863,-1.200951441090871
26690,0.942,0.997978405195353,0.0063174576013391315,0.0017181754588822624,-0.0632158237017313,-0.008437278261868866,7.226636695828828e-06,9.736128569595428,0.009549096080265163,0.0013975099279966378,-0.009243621184178477,2.0916016602413703,-0.5894582678483896,-1.20136871513014
26691,0.950,0.9979782248821992,0.0063164926517207684,0.0017084870711821024,-0.0632190292039027,-0.03224878331184888,0.05206058891509227,9.769250674530957,0.010196305136256856,-0.0017094227092326786,-0.00927900282947446,2.0898330954131175,-0.5742434224025823,-1.1932247291294515
26692,0.958,0.9979788341406742,0.00630518085049575,0.0016972421898523886,-0.06321084298293157,-0.0013216887420624737,0.012899352845814553,9.775362514884225,0.007712363097203603,-0.0023656610873463717,-0.00652336080812605,2.0874416895128247,-0.5747965831053766,-1.2000733870722515
26693,0.967,0.9979791995555306,0.006318468338452914,0.0017030738385970547,-0.06320358970706613,0.015364219957198336,0.06685102732914437,9.757025824896624,0.013387564565967167,0.002216022696006782,-0.006769273859027528,2.0844867230178434,-0.5801349840474535,-1.196626087304303
26694,0.975,0.9979790113752508,0.006315822690250716,0.0017069272317681411,-0.06320672145941632,-0.016147716690416144,0.04222032619494311,9.748097429407457,0.009546519928576257,0.0013965221233044188,-0.009241996612614956,2.0835249548485164,-0.5730737682994995,-1.1986534284170547
26695,0.983,0.9979798012269402,0.006307169340567555,0.0017134688412614525,-0.06319493636737614,0.008134037140225498,0.057126690553717094,9.71778362802204,0.008127166752179046,0.0020492925337808696,-0.005650493356181824,2.0840267713144636,-0.5835898852963339,-1.2005031763938936
26696,0.992,0.9979794369605381,0.006301650959180337,0.0016990505974658193,-0.06320162835072889,0.013702030013952045,0.05404129345002144,9.805414100873048,0.00912973614430488,-0.0030193542321925375,-0.010112444696238034,2.0867591714928615,-0.5760821326725374,-1.20690259865845
26697,1.000,0.9979789498005868,0.006307385172124249,0.0016995056640746458,-0.06320873616603,0.02294257061962987,0.031149575144747865,9.745043287872749,0.011641982955609918,0.0008249222405713014,-0.010217533720890747,2.088184494468492,-0.5792048237472631,-1.2014910503479188
26698,1.008,0.9979792519943376,0.006302768877825807,0.001698372644332613,-0.06320445572629112,-0.016212041366072464,0.045323023143328416,9.74808339039751,0.009159002851443693,0.00016910689259744607,-0.0074624076466841835,2.0909053228533923,-0.5841337743620022,-1.2063075238063237
26699,1.017,0.9979792498247162,0.006304657736290697,0.0017069439479913085,-0.06320407069551594,0.03804159654110099,0.07073711028600298,9.775085057097321,0.010607150520498527,0.0027045439328859198,-0.008403832492079027,2.095030956963213,-0.5792187312029524,-1.2029058176810412
26700,1.025,0.9979800425334256,0.0062980928981094175,0.001700858711695296,-0.06319237145789097,0.006620493846772805,0.045947424096737945,9.766168948101097,0.008773269221438356,-0.0010576900623918792,-0.005683632545690719,2.0947939104585176,-0.5799603917044448,-1.20387714122101
26701,1.033,0.9979800405776815,0.006299976416601576,0.0017094288420290546,-0.06319198334246229,0.01487723477354342,0.07328099272267893,9.756980403558314,0.010605910105569142,0.002704161085078597,-0.008403075034809885,2.084502682819422,-0.58162062295972,-1.1988092881072103
26702,1.042,0.9979802278930602,0.006310589052164568,0.001697466878516246,-0.06318828852348594,-0.0004012599409762972,0.03629254282230099,9.72693599856669,0.01296632815415048,-0.0022000287338630616,-0.007635167786015452,2.091635104813982,-0.5704578797419368,-1.2059437229973946
26703,1.050,0.9979790705611817,0.006313513721631743,0.0016977107911847304,-0.06320626586341638,-0.00866762462331153,0.010718122355777106,9.736122468446537,0.010958583732380438,0.0007402565306182927,-0.01282793707489262,2.093605362881902,-0.5800021140715129,-1.208280280433983
26704,1.058,0.9979786955196559,0.006304194711503147,0.0017094562451824664,-0.06321280073902462,-0.008828183221612199,0.011479396125878604,9.736121454984445,0.007827634597619133,0.0031914577804944676,-0.010039441474038973,2.0896190454747954,-0.5779447711821997,-1.197341838782455
26705,1.067,0.997979491432367,0.006297400868938977,0.001702907233422851,-0.06320108804162126,-0.010309046478586813,-0.0029769539573299515,9.78453634287392,0.00877112363226974,-0.0010579658984124665,-0.005681363789248158,2.091830783411482,-0.5743013701346212,-1.1993135290910026
26706,1.075,0.997978819874277,0.00629857299533884,0.001698687906411887,-0.06321168815942926,-0.010245898208499346,-0.0021890622558073396,9.784536618155524,0.010572231176585014,-0.0004865803314367134,-0.011048238438470645,2.090632889195458,-0.5804347434916663,-1.2024381066274625
26707,1.083,0.9979791264578619,0.00629373220403876,0.0016971084059237214,-0.06320737229473752,0.030278787480022665,0.0004315536699154037,9.733087323517456,0.009154229184539429,0.00016785045440338058,-0.007458434429501758,2.0854584478143625,-0.5723158824330364,-1.195960750372641
26708,1.092,0.9979789454028819,0.006292939914017349,0.0016878892037763876,-0.06321055663278691,0.0064552402867872755,0.05248935482130259,9.766136090227482,0.010186947073919319,-0.0017129331967601935,-0.009269262754144875,2.079162511451471,-0.5753126572596663,-1.2030589079451965
26709,1.100,0.997979313265364,0.006306178362700117,0.0016937244009348697,-0.06320327290974889,0.03776418424075819,0.07905723487264824,9.775022385175012,0.013375763307625977,0.0022159707233778765,-0.006761886783229074,2.091079891156505,-0.5835551166571106,-1.1967895739695487
26710,1.108,0.9979794982263517,0.006314895412138088,0.0016948339691615067,-0.06319945216242405,0.030711414097330334,0.06867086452696469,9.735797530706225,0.012311903243755947,0.0009059823018776937,-0.007596849831185746,2.0854725721762684,-0.5745315923003874,-1.1978928745349442
26711,1.117,0.9979793211166031,0.006313883248107539,0.0016851306368191685,-0.06320260941377705,-7.74869741979362e-05,0.10942309770685928,9.729608634255653,0.010185153290268008,-0.00171389470847064,-0.00926734794224168,2.0908594313852746,-0.5767496200770198,-1.2000298586643503
26712,1.125,0.9979787659971364,0.00629981485390668,0.0016917303696805791,-0.06321260159174406,0.02154290556059097,0.09408510377293942,9.796120908708957,0.006759248508064101,0.0018789724230437942,-0.01087232263974921,2.0908696984826824,-0.5831108976905495,-1.2014343332246027
26713,1.133,0.9979784072690017,0.006294050309609108,0.0016768469103462858,-0.06321923552184584,-0.016662161967229628,0.05766853040955938,9.74801741433585,0.009121146030337412,-0.003024037385657171,-0.010101669267887182,2.09356630484932,-0.5770215646098539,-1.202937386433945
26714,1.142,0.9979776133130346,0.006306665272535894,0.0016879098785471157,-0.06323021634789522,-0.0005756639950997634,0.04620094618963718,9.726893973741182,0.01307541039113482,0.003356665897669106,-0.01115061296087934,2.079705560271774,-0.583196660333967,-1.2105489835096643
26715,1.150,0.997977431500538,0.006303758299984922,0.001691294173129806,-0.0632332853084933,-0.025177064263834446,0.032943100899694926,9.757222821604707,0.009532753691339938,0.0013919476129563907,-0.009232607722511443,2.083020489625854,-0.5750059440876089,-1.1964413471268434
26716,1.158,0.9979776178950375,0.00631244968756627,0.0016923411916035544,-0.06322944836688014,-0.017461718252833287,-0.005081923286804786,9.745323296088408,0.01230763100739318,0.0009058495666011056,-0.007593653648715965,2.0808675420673017,-0.5801906138702109,-1.2025118119865446
26717,1.167,0.9979772546196009,0.006304790613640778,0.0016905426408947224,-0.06323599404470619,-0.048337536160528494,0.0355797337148678,9.739120409983821,0.008468853301643047,8.112484083232798e-05,-0.01006690269162156,2.0876960907120385,-0.5811578607189062,-1.2014760769447106
26718,1.175,0.9979774408479628,0.006313486559522919,0.0016916516380903503,-0.06323215764742673,0.005480816978867739,-0.004301686718892673,9.76342012151183,0.012306242948722542,0.0009057093892378381,-0.007592608999192064,2.087441757289244,-0.573820064619555,-1.2000826584616489
26719,1.183,0.9979772650341759,0.00631245459192352,0.0016819437610287565,-0.0632352943941607,-0.009217299784889055,0.024056018398017243,9.736098143922572,0.010180546183613946,-0.0017153518800006623,-0.009262405269949009,2.0862154279642513,-0.5782074440779076,-1.1993174913526596
26720,1.192,0.9979765895492727,0.0063116906784464345,0.00169078516999204,-0.0632457944680237,-0.025367490667156517,0.0372419536046941,9.757206867592263,0.009911891708267553,0.002615577350300512,-0.011008130400435585,2.093325350247809,-0.582641181721891,-1.2033741068298156
26721,1.200,0.9979764085553552,0.0063087668310285614,0.0016941651914954535,-0.06324885162855308,0.005314857539728586,-0.0017773545475457454,9.763420997450645,0.009528758352654333,0.0013906075500145537,-0.00922976129297846,2.0852567376305906,-0.578230623170723,-1.2017658610893918
26722,1.208,0.9979767152697541,0.006304117909679867,0.0016930558891996357,-0.06324450520424214,0.029650423790754665,0.013151396497284331,9.733080382462571,0.009145887803380144,0.00016575854350457447,-0.0074515249773288526,2.086247228958672,-0.5828876292526279,-1.2036676680270284
26723,1.217,0.9979765345110551,0.0063011890107903855,0.001696434655745696,-0.06324755878146371,0.021754389552555722,0.0528247972851055,9.74495262191987,0.009527565689277893,0.0013902196127851866,-0.009228891191226468,2.0912854416606703,-0.5737389377947006,-1.1915097950074989
26724,1.225,0.9979761626946768,0.006291849775077672,0.0017082414270077864,-0.06325403726912107,0.036304861091431495,0.026104576298183652,9.772283053686712,0.00781384640505893,0.0031854600335886976,-0.010032378520164836,2.0876571004558757,-0.5772007927714257,-1.1961424543340702
26725,1.233,0.9979755653112455,0.00631271183776004,0.0016978320262314617,-0.0632616635677919,0.029772077435863156,0.08101711078785205,9.73570553873659,0.015429670052163178,-0.0015471131418102152,-0.01037098682349038,2.0952268050017633,-0.5806209253810828,-1.1962988022481424
26726,1.242,0.9979753814434146,0.006310006171472117,0.0017017500450567248,-0.06326472873388243,0.03667484029903392,0.09352907125688938,9.774898773346106,0.009525470178356754,0.0013895495591986094,-0.009227342916312999,2.0806390797172876,-0.585826456347219,-1.2046573940723064
26727,1.250,0.9979761749148313,0.006301282419892889,0.001708288207509876,-0.06325290423077441,0.00660588732624258,0.08362393271178499,9.71759289445635,0.008110211415173721,0.0020469926492950015,-0.005640895286425068,2.085257912250164,-0.5870216074523987,-1.2019265416833718
26728,1.258,0.9979755129032616,0.0063024320771019335,0.001703941810955115,-0.06326335098373086,0.005164442764895699,0.06934403932403672,9.76603172587978,0.010557384848079748,-0.0004927846069334064,-0.011034572587357629,2.088150332767142,-0.5828227277927444,-1.1968179437651165
26729,1.267,0.9979758227335426,0.006297540607213549,0.001702354133280012,-0.06325899313152884,-0.017849030527775735,0.07101461577704107,9.747927222191052,0.009142191130587705,0.0001648775893945032,-0.007448291498536495,2.0942506244207433,-0.5754942033305196,-1.196354615793652
26730,1.275,0.997975154491298,0.006298650629130685,0.001698130936696364,-0.06326953745400962,-0.009987968759146003,0.032896455099365306,9.736071527327201,0.01055598313234365,-0.0004932867220431587,-0.01103341687517011,2.084326872120315,-0.5743848148687573,-1.2081572859606082
26731,1.283,0.9979754645706714,0.006293754424050737,0.001696542765683699,-0.06326517614649275,-0.027469626182104828,0.031047494715624863,9.805616262371325,0.009141070119942064,0.000164654646650132,-0.007447446724060128,2.0842621687646434,-0.5808928699139169,-1.1993062725341637
26732,1.292,0.9979766826612395,0.0062652133449911185,0.0016911098107372706,-0.06324893764972142,0.013086030650086488,0.033347455194598086,9.754165853658932,0.0035086982468506187,-0.001229078126357786,-0.004558222228787295,2.0969196822482,-0.5806000641975487,-1.1940892015465863
26733,1.300,0.9979751079705833,0.006289939089904363,0.0016906214885896178,-0.0632713389800677,-0.034313677123399854,0.020844039645430145,9.766416469344094,0.016185767982758417,0.0008997324476418933,-0.013920711775022758,2.0874712314649466,-0.5863100797715667,-1.204114540922283
26734,1.308,0.9979752900713689,0.0062967082057144045,0.001704876154595581,-0.06326741080554076,-0.0345154276129734,0.021973428321568744,9.766413279604693,0.011643403152772439,0.0040109986493219825,-0.007554764004637879,2.088886287343169,-0.583071493232763,-1.1972985180514992
26735,1.317,0.9979757268806163,0.00628037533948368,0.001687952445510304,-0.063262597632749,-0.003248629331917328,0.04840453452483692,9.775250732371912,0.0066352937081502255,-0.003682696442505654,-0.007337008383302357,2.091882215086825,-0.5790070523114389,-1.2063490598494864
26736,1.325,0.9979762161703307,0.006280431824901786,0.0016920209935469643,-0.06325476424270358,0.019860227709639435,0.04824294015455324,9.793346690190255,0.01019992144368701,0.0014756331043226114,-0.006610976544348193,2.094056018778188,-0.5819064749482433,-1.2031315832099276
26737,1.333,0.9979767085499637,0.006280264774575557,0.0016956174054891867,-0.06324691571734632,0.005951235553878803,0.026002663245428367,9.71495909229569,0.01019940358821446,0.0014754842025115956,-0.006610565835750233,2.0905689822127242,-0.5754687063284223,-1.1936960320264367
26738,1.342,0.9979770150500472,0.006275572876697518,0.0016945326666319882,-0.06324257407719273,0.028904882405583143,0.02594425066957165,9.73305693201685,0.009137605853380908,0.00016360476869175543,-0.007444579654820321,2.0857560184722335,-0.5738501974402154,-1.203268751557429
26739,1.350,0.9979773258550317,0.00627066006010165,0.001692940844058843,-0.0632381993177333,0.03714385697525015,0.05322535968111737,9.723786490254541,0.009137126015077908,0.00016346678969013546,-0.0074441990821764075,2.0925593792847184,-0.5777145490164337,-1.19878747896762
26740,1.358,0.9979767211903713,0.00628978281548352,0.0016960770375712057,-0.06324575809438625,0.03707018499187608,0.054196560911703294,9.72378141067707,0.014765955086762435,0.001556792270358035,-0.010331233873720693,2.0876555869542,-0.5732924009188579,-1.1959354167931038
26741,1.367,0.9979773338747114,0.006276288865068642,0.0016974244128716794,-0.06323739416491299,-0.003541605843682795,0.05331359871925605,9.775225089304284,0.007042136481079839,0.0007338800062139726,-0.0064712763243245175,2.087209454618836,-0.5833573452212863,-1.2017029087927091
26742,1.375,0.9979781315691405,0.006269655556458502,0.001691348448655787,-0.06322562510087477,0.05311703669469073,0.04333982229101355,9.702686440667723,0.00875541664057258,-0.0010601265314842186,-0.005665166949314325,2.0801421765266785,-0.5816646632360695,-1.2034797513600521
26743,1.383,0.9979779597607217,0.006268569550677215,0.0016816250358823942,-0.06322870396311188,0.02095952169405447,0.06887910951106371,9.744854113333917,0.010167796537306742,-0.0017200879307124166,-0.009248526760523,2.0864918544395255,-0.5758078702304216,-1.203733100912366
26744,1.392,0.9979774720769586,0.006272483048893865,0.0016955401993656246,-0.06323564126912373,-0.018291844542719916,0.0829477727765198,9.74783216396566,0.01095533578479473,0.003920671486178309,-0.010163407920820171,2.092295495893254,-0.5793979593645241,-1.196087684639853
26745,1.400,0.9979774823245593,0.006276132037321614,0.0016910050830817001,-0.06323523892255742,0.012473405134684678,0.04410395131765939,9.754123954271765,0.011227529490602439,-0.0004082711491211459,-0.008413075281501566,2.0835439416534456,-0.5823761909169017,-1.2012507043018947
26746,1.408,0.9979771211415857,0.006268650808953952,0.0016896773554494334,-0.06324171633837535,0.012483609507239632,0.044904745256457934,9.754120285953547,0.008452354811093948,7.284593725204358e-05,-0.010052909785963715,2.0911159560739465,-0.578230623170723,-1.2017230285823521
26747,1.417,0.9979770629135228,0.0062523443663751715,0.001690789411794894,-0.06324421965356301,-0.0036871428625916696,0.057894912192913865,9.77519897538321,0.00635839320264502,0.0006434601189240145,-0.009081131585422793,2.0827917900583692,-0.5840596012649923,-1.1985544793497143
26748,1.425,0.9979778559701084,0.006243821659786839,0.001697798615195744,-0.06323235852195319,0.0041013543752625135,0.019559316056913145,9.763402151890988,0.008099839799348873,0.002045496126920454,-0.005635123456559482,2.0915844919320077,-0.5796699038973583,-1.1990201980385546
26749,1.433,0.9979778601292325,0.006245563917429782,0.0017063503708860139,-0.06323189062208397,0.003907252720636898,0.020319143462359454,9.7634006811409,0.010572178066528852,0.002697215394443702,-0.008383611971047526,2.0977161779215088,-0.5828806755247834,-1.2028514184050745
26750,1.442,0.9979780567295609,0.006256077298645894,0.0016944386027943912,-0.06322806861627758,-0.004020983484297934,0.06020117542435693,9.775184916249978,0.012938677730873184,-0.00220199599152026,-0.007603785717898464,2.090843759633483,-0.5711137776000118,-1.1978860612663818
26751,1.450,0.9979769074783493,0.006258845566347553,0.00169462173110615,-0.06324592674090689,0.003944029183811797,0.02224684694513408,9.763396464221348,0.010921968864876102,0.000723142946890748,-0.012799126818787653,2.0794201260391914,-0.5868052927423221,-1.2049011692204314
26752,1.458,0.9979775179798414,0.006245551967809657,0.0016964021654852974,-0.06323755930700115,0.012112943013127344,0.04951363837185961,9.75409844598253,0.007037334019324602,0.000732437767391641,-0.006467739507848675,2.0889476417574935,-0.5733851172901201,-1.2056914172963733
26753,1.467,0.997977718024301,0.006255818683619219,0.001683969717912084,-0.06323371968812043,0.0052920748732733554,0.03873034835869371,9.714917071735739,0.012936811974113316,-0.0022021273225858815,-0.0076018855573004585,2.08447606620602,-0.5793886877273979,-1.195168302255016
26754,1.475,0.9979775363574473,0.006253016254378218,0.0016877986151301208,-0.0632367618516133,-0.010822015469357866,0.05203112025346118,9.735987179404006,0.00950816087689011,0.00138347278068616,-0.009215443392161125,2.094289174130174,-0.5857986414358403,-1.2016279743732097
26755,1.483,0.9979771779962192,0.006245265085445321,0.001685962280031049,-0.06324323200079421,0.012136227974159513,0.05196992703471557,9.754085639777214,0.008447300245807586,7.042050778019976e-05,-0.01004867777260219,2.0859369457759387,-0.5845107739593981,-1.1946206731368079
26756,1.492,0.9979771904720137,0.006249166991583205,0.0016819485985623244,-0.0632427565687167,0.003923673055767405,0.026235089335032918,9.763386570417774,0.011220934753637543,-0.0004095263089043473,-0.008407268355368723,2.0806268416273683,-0.5821482866604171,-1.2029833000926553
26757,1.500,0.9979778109209668,0.006237543834278453,0.0016702026569289066,-0.0632344240061976,0.01225580999466979,0.05353950983308822,9.754077001012408,0.007688995476744933,-0.0023739356498125304,-0.006492461843988557,2.0862590942782804,-0.5919366506114484,-1.2052907693649944
26758,1.508,0.9979780058077888,0.006246152815157713,0.001671274439706308,-0.06323047003357395,0.00409347728343402,0.027817191441624686,9.76338212198818,0.012279789845844337,0.0009032453940193175,-0.007572860313266171,2.0864237513101918,-0.5798699932424641,-1.1944170197623027
26759,1.517,0.9979778364367383,0.006245029603142542,0.001661540698137323,-0.06323351064753273,-0.04191924387137202,0.0302831896863909,9.72717508048993,0.010159013343196592,-0.0017232487442300787,-0.009239356525051185,2.0845272267756814,-0.5880004438475019,-1.2021667474559101
26760,1.525,0.9979772803627537,0.006228966252935175,0.0016811815082773448,-0.06324335133370385,0.012205421316829815,0.055925475350599274,9.754063675888068,0.006075948926547214,0.0049669946192833474,-0.01082837227713037,2.0862814414923365,-0.5785373363427806,-1.2083477281518789
26761,1.533,0.9979772861335832,0.006230672966625601,0.0016897288030116198,-0.0632428643595761,-0.027283274448408588,0.06976806274574827,9.757023335921728,0.010563680770276071,0.0026955074353998214,-0.008378965148886966,2.0862454274072104,-0.5831294409648019,-1.203421227081123
26762,1.542,0.9979775959633786,0.006225926726093024,0.0016885792379449007,-0.06323847319247043,0.0035581790525381846,0.03086951361348794,9.763373156211305,0.009125222931551295,0.00016043528537450344,-0.007434311004507242,2.086224029063037,-0.5828574964319678,-1.2004940677458018
26763,1.550,0.9979780912252871,0.0062256974275686355,0.001692173486847099,-0.06323058338149531,0.011699884855528305,0.058189146835681854,9.75405105504294,0.010184496931046325,0.0014737073643390094,-0.006600521039097321,2.0928251320040627,-0.5748128084703475,-1.2017429856306896
26764,1.558,0.9979781001421497,0.0062295248892370704,0.001688138632368259,-0.06323017352718566,0.020940401473327652,0.03502609327583315,9.693815761590303,0.011216384950428487,-0.0004105965932925344,-0.008403014069806211,2.0830757446774864,-0.5760543177611586,-1.203999891792679
26765,1.567,0.997977135037463,0.00623698356222304,0.001693499773524107,-0.06324452574713078,0.03460309113296483,0.05924538268420921,9.772144504988086,0.011971111048335651,0.0020317866920736894,-0.01195765049046887,2.0810387444849625,-0.5766777648892915,-1.1925334301208501
26766,1.575,0.9979769556178502,0.00623416599101275,0.0016973371324113923,-0.06324753178412194,0.004574031663256952,0.04923210007022407,9.71486989061681,0.009500656377640715,0.0013809835164158412,-0.009210035010820641,2.089848462171018,-0.5842735980657875,-1.195326805275132
26767,1.583,0.9979771584541174,0.006244399125587949,0.0016849046927852524,-0.0632436540657043,0.011467148060387037,0.06178905550661037,9.754029193204893,0.012928784229076359,-0.0022027502597193106,-0.007592711830012989,2.08526059489509,-0.5740850554245446,-1.2022935106914425
26768,1.592,0.9979770989086202,0.006228288685505929,0.001686501563754154,-0.06324613969611351,0.019484578991557963,0.0236405452618536,9.742297133092046,0.006348096199732523,0.0006373249923678553,-0.009073314208383526,2.0866608317030972,-0.578640073498061,-1.1934503319170326
26769,1.600,0.9979774133124518,0.00622331007135777,0.0016848983391639677,-0.06324171129508407,0.0194505923309599,0.02426983922410089,9.742295654843382,0.009121495173984157,0.0001594296135748774,-0.007431240231836126,2.0825474695714066,-0.5867450271010017,-1.198530767716665
26770,1.608,0.9979776078287489,0.006231890958494092,0.0016860618916244479,-0.06323776563721607,0.003245812884268078,0.03754056396897123,9.763349895568709,0.01227193232918866,0.000902540481456482,-0.007566617321371563,2.086500709699888,-0.5767959782626508,-1.2049444450157483
26771,1.617,0.9979777408138127,0.00622217432638699,0.0016792599081728078,-0.0632368047340455,0.019414498387765787,0.025966134529883615,9.742291352900825,0.00806121238242076,-0.0011549324914863004,-0.008263440014576929,2.0847485676403745,-0.5821112001119121,-1.1990469908232744
26772,1.625,0.9979780522587484,0.006217415002124856,0.0016781131484909716,-0.0632323880364124,-0.011536441104193417,0.06633511091043072,9.735899407324924,0.009119957845464514,0.00015896403757691528,-0.007430057867324047,2.0949935988174615,-0.577461147757852,-1.1977954575428127
26773,1.633,0.9979776961464341,0.006209620688890066,0.001676258984276331,-0.06323882320990953,-0.012883011643716228,0.05218419179932193,9.784394586175907,0.008437180262662715,6.539739078194657e-05,-0.010040235022520376,2.085959908454103,-0.5879587214804338,-1.1977618235551437
26774,1.642,0.9979775194656398,0.006206813296328128,0.0016801322188670917,-0.06324178417502516,-0.0036399868332654866,0.0288382270703861,9.724180323248753,0.009495684056229218,0.0013793900825228953,-0.009206832750930804,2.081357730431112,-0.5782398948078493,-1.2027709084883087
26775,1.650,0.9979767453247748,0.006220877789498389,0.0016775968884056287,-0.06325268483770743,-0.013016587066974804,0.05385787924287014,9.784385343050557,0.013677509615201828,0.00023799710508486655,-0.011143057991219108,2.086184733812984,-0.5832947616706843,-1.195118723882873
26776,1.658,0.9979763794582694,0.006211407750126464,0.0016892990148096392,-0.06325907623388997,0.0030059649518771187,0.04232747901595022,9.763330390638156,0.007779547395257435,0.003169901797958803,-0.010015091288642065,2.0869280132035932,-0.5808673729118197,-1.196601286884322
26777,1.667,0.9979763949669618,0.006214976428346287,0.0016847542485564462,-0.06325860225980831,-0.020130337806478805,0.04381936810235952,9.745220956997562,0.011208413966651246,-0.000412080784836023,-0.00839583301382938,2.095998705886497,-0.5772541046849015,-1.2016966062158831
26778,1.675,0.9979767059320297,0.0062102078526458625,0.0016836676024489152,-0.063254193528077,-0.02012295038973079,0.04464334661475855,9.745217231202906,0.009116751388720477,0.0001582976041414991,-0.007427294448433059,2.08818818229194,-0.5775005522156383,-1.2019955214764761
26779,1.683,0.9979763505416764,0.006202398563315915,0.001681808158069309,-0.06326061596995901,-0.012145320413624122,0.006417858614592458,9.733521556731976,0.008433683428625697,6.381707107271037e-05,-0.010037173699042187,2.092111750391783,-0.5836269718448388,-1.2043502512736084
26780,1.692,0.9979760635921772,0.0062147535861250686,0.0016747874932613288,-0.06326411638345525,0.0029194497087939044,0.04552560822608937,9.763316031084662,0.013297424289779971,-0.000982963793643165,-0.009362118819865305,2.093788362842751,-0.5865148049352354,-1.199915728516857
26781,1.700,0.9979766869748765,0.0062030942579137886,0.0016630332647945294,-0.06325573647217934,0.019223726774310022,0.03397230381834886,9.742267102559238,0.0076804988451781055,-0.002376806498010767,-0.006481117485177501,2.086716730630722,-0.5704115215563058,-1.2010969547821433
26782,1.708,0.9979768726975837,0.006209696795662446,0.0016772748879066342,-0.06325178238917276,0.01915554033949403,0.03475638589832355,9.742264473581017,0.011607568097217063,0.0040071859539673165,-0.007538173520134465,2.087986404331749,-0.5843918114391468,-1.2077913608038295
26783,1.717,0.9979780332774072,0.006210316615330964,0.0016942084321415723,-0.06323295597300782,0.04182219059515868,0.03494145982680228,9.760368986004874,0.01019899193810304,0.004672472696449259,-0.0039600076667113075,2.089613827205566,-0.575984780482712,-1.1966280122655821
26784,1.725,0.9979779835197795,0.006196080063768993,0.0016826622902278096,-0.06323544614578229,0.04990222134318466,0.06217276927106434,9.751001532212904,0.006996991813366107,-0.0024724194140604834,-0.009089814991400809,2.086208442031771,-0.5760010058476829,-1.1983618595845802
26785,1.733,0.9979775111175677,0.006201549803089024,0.0016830591992515313,-0.06324235444191724,0.026944174641887735,0.06362674881585222,9.732889165854429,0.01157936352955906,0.000806404547880068,-0.010169267174999237,2.0908501016899708,-0.5825971414455415,-1.1987536148351867
26786,1.742,0.9979778239720458,0.006196777969504255,0.001681965644832816,-0.06323791421597214,0.002557507620464747,0.050348789632846676,9.76329244841834,0.00911272100180139,0.00015710469859995122,-0.007423938447540228,2.085942485983164,-0.5818323018512335,-1.1953785387533182
26787,1.750,0.9979776513388047,0.006193679939392585,0.001685299933408531,-0.06324085326137345,0.04168880116127918,0.038005780306224375,9.760358104609624,0.009487599477431313,0.0013765167015472037,-0.00920107766551145,2.088168365225863,-0.5801604810495506,-1.1992846710715184
26788,1.758,0.9979789360229656,0.006183172927572522,0.001687404815129526,-0.06322154926927573,0.0023993301257889663,0.051805143773258636,9.763284868956434,0.007704413339317297,0.0008230380003976364,-0.0038462101178219207,2.085488667530688,-0.5740641942410106,-1.200094618116646
26789,1.767,0.9979783547773567,0.006203835227383595,0.0016769776497499334,-0.06322897729928686,0.01044152755180437,0.013803249089604425,9.751620135154699,0.015381944751758496,-0.0015550046736618791,-0.01032340814349157,2.0891256776106886,-0.5742758731325242,-1.196647806572614
26790,1.775,0.9979795075026664,0.006204631545584002,0.0016944150719024292,-0.06321023738037525,-0.020724377320701617,0.05446509050415206,9.745166028475804,0.01019474006871856,0.00467266421450945,-0.0039586275293071365,2.089629956448195,-0.5750291231804243,-1.1988343915419826
26791,1.783,0.9979787368616708,0.006218644469862738,0.001691867777427862,-0.06322109471027976,-0.04394714793895948,0.056109395208301695,9.727051442701173,0.013665355898848364,0.00023409137518812397,-0.011132514786134749,2.0832996889429034,-0.5840850982670895,-1.2012362640582426
26792,1.792,0.9979788704701162,0.0062091326239969245,0.001685515315118338,-0.06322009020376142,-0.060095460496245444,0.06940154235842114,9.748078112758183,0.008051726979213669,-0.0011594857367678553,-0.008253427782803628,2.088666985247409,-0.5853011105558033,-1.200697165492931
26793,1.800,0.9979791877137034,0.00620410197276933,0.0016839011844661503,-0.06321561900202712,-0.02085695998421881,0.0570081909292809,9.745151199348863,0.009109142262312284,0.0001558212818198697,-0.007420889186282821,2.0818390804786655,-0.575056938091803,-1.20182097873404
26794,1.808,0.9979793223633443,0.0061945900308241555,0.0016775180127682524,-0.06321459580561846,-0.005953442385072136,0.03050869003516482,9.772643321767463,0.00805084611902459,-0.0011598159992985521,-0.008252646510275451,2.0920926788663285,-0.5755451973347138,-1.2017413861520216
26795,1.817,0.9979791508227894,0.006191471227228131,0.0016808454476525234,-0.06321752103371457,-0.005964427996112475,0.031222214846792527,9.772641062234369,0.009482727452018,0.0013745133271791457,-0.009197724747310529,2.085691637054558,-0.5757197896777224,-1.1944617772306216
26796,1.825,0.997978057449327,0.006210406539796948,0.001702074164281613,-0.06323235440673085,-0.0062623318905950355,0.03219563073809763,9.772637721750339,0.014435946183032428,0.0058726612647247035,-0.012054197235653796,2.0949869517670825,-0.5703721170985193,-1.1968861827217199
26797,1.833,0.9979786830207726,0.006198725172847009,0.0016903119953239445,-0.06322394236137534,0.032799272730661445,0.02001995835808647,9.769718464318034,0.007675169412244375,-0.00237911795597534,-0.006473441118172711,2.0920853540517466,-0.5782213515335969,-1.2007393974369553
26798,1.842,0.9979794710169965,0.0061900457310257615,0.0016974226843861158,-0.06321216274353211,0.00979216240073766,0.021317800473649288,9.751607271984877,0.008074663952194134,0.00204151436274412,-0.005620820180273521,2.0835495326929863,-0.5789653299443708,-1.2020155234604533
26799,1.850,0.9979796713956615,0.006198287632267334,0.0016980739811699474,-0.06320817396658651,0.03400494163051834,0.036250839185608494,9.721183527259326,0.01225315998991333,0.000900328461079827,-0.007552096419475703,2.0886710119529583,-0.5787142465950709,-1.201247993568475
26800,1.858,0.9979796804584204,0.006200122857964025,0.0017070215516086123,-0.06320760987475048,0.048830976635361886,0.0754734780774965,9.750913079872467,0.010537185790668568,0.0026891596515311524,-0.008363389174059736,2.0859624386020816,-0.5772193360456781,-1.1981079319370704
26801,1.867,0.9979790295900546,0.006200819975088951,0.0017021992994754032,-0.06321794719598868,0.02562427276042708,0.011505886342160852,9.730580320414576,0.010511127526284728,-0.0005135015111167551,-0.010992193084089668,2.0877160602750613,-0.5763007652918956,-1.2042077879758124
26802,1.875,0.997979524845191,0.006200711652729625,0.0017062298218756611,-0.06321003041101847,0.03372437339842285,0.038871327147440266,9.721174378213638,0.010161884471375313,0.0014705852281851773,-0.0065849862374224915,2.086017693653714,-0.578267709719228,-1.2056664766029064
26803,1.883,0.9979795356031179,0.006202297916458073,0.001714757755754001,-0.06320947416155281,0.025415168838810932,0.013186661777948456,9.730578736437565,0.01053511750386686,0.0026886613576775024,-0.008362066477393673,2.0881563135210985,-0.5737968855267396,-1.1976360734127098
26804,1.892,0.9979803377940943,0.006195535310776172,0.001708633430239439,-0.0631976367469528,0.010466389765449127,0.04113056677459532,9.703056950817887,0.008730046435255948,-0.001063965693837857,-0.005638384172672808,2.0899037849990703,-0.5843454532535157,-1.202894621330365
26805,1.900,0.9979797602692487,0.006216147597072734,0.0016981994703701932,-0.06320501341304868,-0.03126331822589843,0.02569635975422166,9.803037850269632,0.015370071493935588,-0.0015576829668223643,-0.01031082834874812,2.0847344941107826,-0.579163101380195,-1.1971218202030192
26806,1.908,0.9979786147798638,0.006217123442060832,0.0017118818117820974,-0.06322263264712373,-0.028739958667267928,0.056195303011276926,9.705951599565484,0.010222701080085952,0.0038075371915263206,-0.012747559018775771,2.092625528365645,-0.5760914043096635,-1.2078362585456341
26807,1.917,0.997979413895785,0.006208231878723799,0.0017184073598581334,-0.06321071407057045,-0.04648666802135522,0.05463347972293638,9.775503024106584,0.008070053249863606,0.0020406051075920304,-0.005617946937021382,2.0957723161936253,-0.5787420615064495,-1.2041257148051396
26808,1.925,0.9979794279999779,0.006211912044618914,0.0017142801674750257,-0.06321024190030146,-0.038426813167870284,0.08193906985307453,9.76607965606111,0.011190306589284472,-0.00041700179214629936,-0.008378751924028023,2.089587075039323,-0.575705882222033,-1.1929684836345928
26809,1.933,0.9979796297788643,0.006220125778789976,0.001714929238815634,-0.06320623070111957,-0.022253246235185944,0.07046319676516823,9.745060113357173,0.012246423719795386,0.0008993161251568118,-0.007546639129749294,2.0892017379628163,-0.5841407280898469,-1.2070523859165445
26810,1.942,0.9979797579725758,0.006208694043651245,0.0017217134569845196,-0.06320514613576987,-0.03049906895098297,0.044735660885263276,9.754477336660269,0.007384925626213321,0.0019412476756556813,-0.008226117504731142,2.092557611621467,-0.5774681014856966,-1.1985456737164137
26811,1.950,0.9979789819328035,0.0062207194255011556,0.0017322363064364587,-0.06321592859061656,0.016626018884882406,0.05904283266227805,9.742152203177804,0.012991019254603955,0.003334234703660157,-0.01110048332137489,2.0811309340797184,-0.5855869625443266,-1.205144388741181
26812,1.958,0.9979794857581555,0.006220666169097989,0.0017362524336827665,-0.06320786933434666,0.015119719244635258,0.04527990969694107,9.79069586942105,0.010156034314558518,0.0014695872932826005,-0.006580564118159556,2.089875654883993,-0.578205126168626,-1.199046597937204
26813,1.967,0.9979791453431427,0.006214700270651444,0.0017212705821929087,-0.06321424039169915,0.024569681934302458,0.021813304727679384,9.730565392651691,0.009074371246350318,-0.0030514455740808326,-0.010038613999147869,2.090141068721236,-0.5801859780516477,-1.2019557476532867
26814,1.975,0.9979789734067438,0.006211791063461308,0.0017251149321552848,-0.06321713587530109,0.055772191772502804,0.04848595967717653,9.73924529497812,0.009470977672884703,0.001369896618133476,-0.009188759785408847,2.0893942201159144,-0.5826087309919491,-1.199984938454726
26815,1.983,0.9979791856470285,0.006221911831894596,0.0017126795558238801,-0.06321312804465647,0.0626159851160921,0.06122803933328652,9.778358783186814,0.012901771158927596,-0.0022057125630365066,-0.007561253330802483,2.0891629340918096,-0.5774982343063569,-1.2017442596267467
26816,1.992,0.9979794954123068,0.006215181288125987,0.0017246427370848111,-0.06320857430430667,0.055756933472140384,0.05026718573869431,9.739236351499512,0.00843786026829316,0.0032568601056718154,-0.007392814652573461,2.092844559355724,-0.5777678609299095,-1.2044005255466126
26817,2.000,0.997979517477312,0.006218651072018446,0.0017200795441173868,-0.06320800899378295,0.03812982650787309,0.04881560711566214,9.808790190701435,0.011184903588311503,-0.0004183984432616026,-0.008373702463590493,2.083775634336072,-0.5816275766875647,-1.199547011466258
26818,2.008,0.9979792302936173,0.006229002255023656,0.0017261088712979165,-0.06321135959327927,0.047454730070963416,0.025515703975092348,9.748669659563607,0.012612585721716491,0.002115488398678034,-0.009319403763648851,2.0859584118965326,-0.5838062000064106,-1.1975571038615267
26819,2.017,0.997978763594695,0.0062343710035539035,0.001726478839663951,-0.06321818807124033,-0.02301927120861697,0.013588524070694987,9.742881270919415,0.011555623475811194,0.0007980382007503374,-0.010149903807668555,2.0860030440245505,-0.5836200181169942,-1.2036624991727738
26820,2.025,0.9979792724711921,0.006234349817886961,0.0017305132129543123,-0.06321004607053037,0.024222743092760124,0.027970186579614618,9.730550512948534,0.010151176963134473,0.0014688412087142113,-0.006577349178407668,2.0991116708952298,-0.578640073498061,-1.1933593128395732
26821,2.033,0.9979802634213937,0.006232075688553263,0.0017291635790505338,-0.06319465995869743,-0.024481236563480824,0.0660862695378109,9.793538820071227,0.009778810280170797,0.00025201245922754485,-0.004799487218899085,2.0911372866417,-0.5794790861893787,-1.2046409165282765
26822,2.042,0.9979800985810421,0.006231070888962708,0.0017200762287003105,-0.06319761015669749,0.007998573331695135,0.042024227945542475,9.751541659092881,0.010125958135981635,-0.0017368249765560059,-0.009201900744593608,2.081348061853707,-0.5889700086054788,-1.2014483077121583
26823,2.050,0.9979793243121863,0.006243051135317658,0.0017305890458738974,-0.06320836668882139,-0.02999439120121816,0.005156537799457004,9.703765447740562,0.012980342893699488,0.00333095233034658,-0.01109428937757287,2.090139080784619,-0.583113215599831,-1.2016838103865388
26824,2.058,0.997980135916476,0.00623450070604118,0.0017375111770195446,-0.06319620536067573,0.022625565849499985,0.01672818931142608,9.779105433706933,0.008061400535138255,0.00203888028917556,-0.0056128062401105214,2.084778617915649,-0.5863008081344404,-1.203157680093786
26825,2.067,0.9979805205298838,0.006247390196559652,0.0017433706133206488,-0.06318869691281087,0.007533881744647227,0.04468723875762563,9.751530191474004,0.013291531987616153,0.002215316024643059,-0.006707164076659903,2.0889204490445192,-0.5794535891872814,-1.2019716246343015
26826,2.075,0.9979812165123894,0.00625394460209432,0.0017394819505807263,-0.06317716255031812,0.04668714999870263,0.032703821516494425,9.748651901217704,0.011863759862049615,-0.00031880668253392124,-0.005760019244938097,2.081829886336202,-0.5789514224886815,-1.200563277683671
26827,2.083,0.9979814206376699,0.006262108455570401,0.0017401259884469481,-0.06317311153690205,0.022325212578915517,0.08508600627914623,9.781163719742477,0.012234471414537037,0.0008971721512692836,-0.007537032377179445,2.083752569993278,-0.5796444068952613,-1.196391953963826
26828,2.092,0.9979821098437028,0.006268619973716495,0.001736306418219564,-0.06316168201971065,0.06153104167702299,0.07306718338391048,9.778284370366212,0.011862553223531847,-0.0003190853686415485,-0.005758975016740055,2.0935995176807856,-0.5870749193658745,-1.2074806935651843
26829,2.100,0.9979821337578602,0.006272059281838594,0.001731734262276917,-0.06316108824995345,0.02361683323812678,0.10163941870193173,9.732575072137665,0.011177647394559292,-0.00042114219506857436,-0.008366808343521385,2.083250160483653,-0.5776728266493657,-1.19446108132976
26830,2.108,0.997981720964585,0.006293738250982082,0.0017531661240449364,-0.06316486276352755,-0.009018758941846115,0.062117763176113186,9.77249118049272,0.01508507522134107,0.0059641308129588485,-0.009429039777765366,2.0900893998284227,-0.5788981105752057,-1.194887767031912
26831,2.117,0.9979815547641837,0.006290524197150551,0.0017564600894807703,-0.0631677172592344,0.006899018991639994,0.05067086435089248,9.751501402414869,0.009460423265641277,0.001364726299149801,-0.009180798827889,2.0820811588674344,-0.5789606941258078,-1.201537985390101
26832,2.125,0.9979812748030186,0.006302746470216198,0.0017494865000280318,-0.06317111544417085,-0.07155021965270084,0.012100321842015482,9.755193572015543,0.01326257650112151,-0.0009923825564689002,-0.009326625105687653,2.083100000583959,-0.5865843422136822,-1.2073179477364402
26833,2.133,0.9979808104391028,0.006308072764635393,0.0017498417179189723,-0.06317790964625077,-0.02551111633037909,0.012019140593791777,9.791429100264386,0.011545686174462388,0.0007935637759290136,-0.010141643549248236,2.0862190649553845,-0.5772355614106491,-1.1998150089391688
26834,2.142,0.9979810161744356,0.00631647185006085,0.0017508301596898686,-0.06317379308352979,-0.07969688947381633,-0.012451307876775779,9.764671701069988,0.012229380679513785,0.0008960877220950189,-0.007532928152068744,2.086723021854895,-0.5826272742662016,-1.2019575548088999
26835,2.150,0.9979812211495366,0.006324611365111358,0.0017514703917102764,-0.06316972277465575,-0.016220661723645356,-0.010379927823803717,9.731351537494342,0.012228673577998426,0.0008958834307176803,-0.007532366312176753,2.0918013824885247,-0.5864707646588858,-1.1952916671466414
26836,2.158,0.9979814176472447,0.006331150474513885,0.0017657956764239799,-0.06316556443264415,0.014613647644100964,0.08204557563586178,9.741988861555468,0.011566803006455495,0.003999972769398103,-0.007517410649570793,2.0916093239380533,-0.5818995212203986,-1.2024170607921931
26837,2.167,0.9979818132566722,0.006345933126869392,0.0017585689484022641,-0.06315803176895386,0.014482529661733369,0.0830819356823166,9.741980275425131,0.013943428173374739,-0.0008903562304492143,-0.006714835998541273,2.080811761748413,-0.5867102584617783,-1.1948814140528794
26838,2.175,0.9979816499605387,0.006343018582096305,0.0017623879360204055,-0.06316079833307398,0.04555092171637173,0.11002092538796215,9.750600345413673,0.00945576139124144,0.001362469456215502,-0.009177411492465388,2.07647151306848,-0.5777469997463756,-1.2023229917417622
26839,2.183,0.9979830596799582,0.006318902744272454,0.001761690883041523,-0.06314095742994602,0.03870036757251355,0.09866217972170452,9.711501504679346,0.004542606780098463,7.366920987305199e-05,-0.0036997521465004187,2.084044464891084,-0.5858102309822482,-1.2029235467533086
26840,2.192,0.9979822867852037,0.006331065609999178,0.001772509278197879,-0.06315165145961259,-0.001978172305126366,0.09776668358448305,9.762932899010767,0.012965655742644305,0.003325041011227805,-0.011084869483828697,2.088196918943567,-0.5801975675980556,-1.2031906406484127
26841,2.200,0.99798115497958,0.006333547529751568,0.0017725660642972387,-0.06316928439407934,0.029109351722629972,-0.00622755282439857,9.767596035816302,0.01085551927746156,0.0006873891342384392,-0.012744713335831118,2.0879795708962128,-0.5799882066158235,-1.2068565896618941
26842,2.208,0.9979809850252214,0.0063305108137894075,0.001776266363806003,-0.06317216981180154,0.014081977588834938,0.021627134489628694,9.73997616431732,0.009453366756933795,0.0013617775079694586,-0.009175508585680914,2.0928017457232726,-0.5774681014856967,-1.1985438890286202
26843,2.217,0.9979800440688806,0.006339635130683018,0.0017684574835239329,-0.06318633732710231,-0.0020662481191994733,-0.030503463011926545,9.75897820458697,0.012570124547600559,-0.0010985088073035124,-0.011926438507660545,2.0869433630173893,-0.5911416781964802,-1.1987010451826527
26844,2.225,0.9979806203068677,0.006359432038177591,0.0017670733402067008,-0.06317528447013178,-0.016985723413203934,-0.002365460947021647,9.731355482653257,0.014993151819631489,0.00042881856329399817,-0.005880142684721317,2.0879331711049436,-0.5799279409745032,-1.2005093890994405
26845,2.233,0.9979812438331421,0.006345744203409229,0.0017683646150642308,-0.06316677429114011,-0.025203215797259024,0.0374940976929158,9.74281319426107,0.006996104289293151,0.0007170251476782854,-0.0064362182278288336,2.0913636085581513,-0.5789676478536524,-1.2022025365496225
26846,2.242,0.9979804867610628,0.006361728612481948,0.0017532209783708678,-0.06317754877655951,0.00595936610044386,0.0643688115688711,9.751421226807423,0.01428406244995099,-0.002884740864295225,-0.011107052956837223,2.0850231925641878,-0.5799534379766003,-1.2032161594370752
26847,2.250,0.9979816495325199,0.006362177796860946,0.0017701714637047743,-0.06315866039603235,-0.025308582629921694,0.10482780130389553,9.74474358184212,0.010157550239458944,0.004674132243923293,-0.0039455742702077835,2.0935302568759826,-0.5821019284747858,-1.198006249668491
26848,2.258,0.9979824593879209,0.00635539123287373,0.0017641417835524045,-0.06314671456284902,-0.04169726560640342,0.11805267401719963,9.765696460432101,0.008711215461342563,-0.001068444693362172,-0.00561775555516166,2.090731008711856,-0.5810504877450627,-1.2158602413533386
26849,2.267,0.9979816992731688,0.006369209960013574,0.0017615457401492242,-0.0631574068255614,-0.07274363305216572,0.09293803388992745,9.75708094844136,0.013619685564644872,0.00021834949057009887,-0.01109236648030909,2.0896102749349583,-0.5757360150426933,-1.1961420839158197
26850,2.275,0.9979815284370113,0.006366133021533924,0.0017652438934393114,-0.0631603131948863,-0.04033552683805,0.06894725839054525,9.71515323649824,0.00944811205314104,0.0013594360642287038,-0.009171977000663458,2.0908737082441267,-0.5767681633512722,-1.2019828434527975
26851,2.283,0.9979813652754649,0.006362864022810857,0.0017685194128010903,-0.06316312898704315,-0.057839728863814735,0.002157497957525605,9.782791904846839,0.009447514930528821,0.0013592634299083633,-0.009171502376679172,2.088676331886817,-0.5792094595658261,-1.2019757271694442
26852,2.292,0.9979804069530489,0.006370243254265127,0.001774314410573263,-0.06317736261574534,-0.05669670211521185,0.017549910574426078,9.734187996367368,0.011900718860848057,0.002002305673691753,-0.011908081469974602,2.0859192521993197,-0.582290428273484,-1.1922003027773929
26853,2.300,0.9979810427153505,0.006358478820293746,0.0017625194199302667,-0.0631688345085504,-0.04171794179965638,-0.008647233276078924,9.761835041056996,0.007655313146209653,-0.002388250336498965,-0.006445211420593642,2.0938370386204235,-0.5794976294636311,-1.2065742697509971
26854,2.308,0.9979798979994322,0.0063592636013642175,0.0017762407412304359,-0.0631864536457057,-0.010712284655754776,0.018111562295252945,9.770430252242024,0.010182464508289583,0.0037861630658624717,-0.012725157716714643,2.0847611446123953,-0.5809067773696062,-1.2007674417499123
26855,2.317,0.9979820393402615,0.00635591666948703,0.0017833486544999455,-0.06315276039192462,0.036347194565667214,0.0324841847772213,9.758068770023577,0.009415759933698878,0.0022473341087777964,-0.000388666890747067,2.0777132938718994,-0.5821691478439511,-1.2052018242331781
26856,2.325,0.9979828442102106,0.006347191343926876,0.0017902286668141977,-0.06314072303564316,0.060464826204857616,0.04723911239444654,9.72758345027584,0.008045040994345672,0.002034971154223044,-0.005602876796737684,2.0891558464946987,-0.5767565738048644,-1.2007747207745711
26857,2.333,0.997983170674331,0.006342021461885961,0.0017885771400029129,-0.06313612916865345,0.07518439552434507,0.08644435506705976,9.757122135846915,0.009076048497672977,0.0001444614284835569,-0.007391355224749823,2.094535685883014,-0.5772564225941831,-1.201951437441199
26858,2.342,0.9979831893219016,0.0063455987199819985,0.001784574087662001,-0.06313558824543423,0.10640883986647323,0.04783476854398307,9.763824438441867,0.011160331416276781,-0.00042632690800299754,-0.008349932045648099,2.084535381851411,-0.5733619381973046,-1.2032823106910941
26859,2.350,0.9979830271297561,0.0063423106170472955,0.0017878435320833345,-0.06313838984699133,0.0994361204524971,0.1021565106975118,9.72662080553944,0.009443049132001412,0.0013574786524210571,-0.009168055865980865,2.0954778742037345,-0.5835597524756737,-1.1972456957863804
26860,2.358,0.9979835834059618,0.006310887055628569,0.0017821888161956509,-0.06313290552311639,0.09942904421785714,0.10265938646876899,9.726615580944523,0.0027986218465275593,-0.0013546233126190354,-0.007131702342740294,2.08656827061786,-0.5805460031371811,-1.2141863550506324
26861,2.367,0.9979820397626883,0.006335092028613588,0.001781571482907547,-0.06315489627213586,0.03606505230496061,0.03682881435354184,9.758054391304437,0.016063466176218903,0.0008587885514640692,-0.013820878986466471,2.093033285908953,-0.5789166538494582,-1.1968193355668395
26862,2.375,0.9979824812475855,0.0063169026931688705,0.00177805359313109,-0.06314984076541776,0.029290284085049034,0.025709113353394136,9.718980761187606,0.00593572774684764,-0.0006055978328227493,-0.0072601669566866745,2.090397847571484,-0.5780050368235202,-1.2036836852815287
26863,2.383,0.9979817243053415,0.006330677533467864,0.0017754498795180273,-0.06316049597834093,-0.03424822228833313,0.025377506151735684,9.752290451156663,0.013609320195456921,0.0002158283427170587,-0.011083344393316851,2.093346748591983,-0.5829131262547251,-1.206301266165137
26864,2.392,0.9979818686515738,0.006321039681673416,0.0017690530480532392,-0.06315935996643092,-0.058495667507029,0.012214471071657185,9.782780616582858,0.008019215590135296,-0.0011765451668594052,-0.008217796360668331,2.0850230908995573,-0.5814182157053326,-1.2032022523529793
26865,2.400,0.9979821959834809,0.006315851863262326,0.0017673997859013225,-0.06315475289499188,-0.089496651296262,-0.01315953342774702,9.774206177766583,0.009071803089359776,0.00014364960799235165,-0.007388122006242209,2.0884500777467867,-0.5787443794157311,-1.204423378537495
26866,2.408,0.9979822240706412,0.006319459553299336,0.0017632542524557428,-0.0631540640371833,-0.08145745764509912,0.01416547400803715,9.764654836022325,0.011155477143797748,-0.00042703858693896485,-0.008345908661380285,2.097937213792311,-0.5813857649753907,-1.1996899405201504
26867,2.417,0.9979820627959031,0.006316149873064531,0.0017665193964588077,-0.06315685234111794,-0.10451004039010107,0.01543164383186255,9.746529056003446,0.009437903214518943,0.0013560614538678628,-0.009164789549773582,2.0823409138887174,-0.585328925467182,-1.2036730445582282
26868,2.425,0.9979820941008474,0.006319817922405331,0.001762500167532517,-0.06315610302001629,-0.08153523152482453,0.015829259681345874,9.764651631535866,0.011154263618808445,-0.0004273103553468398,-0.008344813565967476,2.0825643782428687,-0.574559407211766,-1.200843767971135
26869,2.433,0.9979821245035608,0.006323155965049957,0.0017579093657372616,-0.06315541643171878,-0.05722207885559493,0.030765949141356153,9.734152122438823,0.0111536031245114,-0.0004275015187120559,-0.008344288422565155,2.090153357643471,-0.5831317588740835,-1.203636795174986
26870,2.442,0.9979813640927901,0.006337152472427156,0.001755795781672704,-0.06316608744578171,-0.01920729923006104,0.004411481680784527,9.779959833513027,0.01360353063727879,0.00021423238208515862,-0.011078920251105623,2.0796685579522287,-0.5763123548383032,-1.2054872981657718
26871,2.450,0.9979812034338196,0.0063338310402162885,0.0017590576081430958,-0.06316886807179302,-0.02625176844082438,0.05878044467813592,9.742705254413202,0.009435112675485241,0.0013550268455612947,-0.009162942982627481,2.086698172904744,-0.5806417865646168,-1.198558374207912
26872,2.458,0.9979810271640949,0.006328806067499481,0.0017758542259551865,-0.06317168650610998,0.012783054384439333,0.04662688611296443,9.739890361125283,0.00877000441624687,0.0044584971325448575,-0.00915342136915883,2.0862388820214615,-0.5745756325767369,-1.2025258593441264
26873,2.467,0.9979810583189787,0.006332133825607239,0.0017712619734732541,-0.06317098977194863,0.04364237593037029,0.07352766111687928,9.748443575166705,0.01115117401774456,-0.0004280203180024242,-0.008341811951375082,2.0839751532539657,-0.5815696289555257,-1.1934421493145668
26874,2.475,0.9979815608278466,0.006331904458253652,0.0017754398098158138,-0.06316295628790926,0.05985986142637986,0.06191956044772288,9.727504823732472,0.010119442229771786,0.0014632580098778553,-0.0065551051316063685,2.0884517776336176,-0.5799673454322896,-1.2046559123993041
26875,2.483,0.9979811033348394,0.006337106042226931,0.0017757632330119427,-0.06316965362044527,0.051509169817295274,0.10178092751992837,9.73885762359524,0.01151628240803488,0.0007836270750774039,-0.010118171998220283,2.0906492387114524,-0.5763054011104587,-1.2046746179194043
26876,2.492,0.9979809370047038,0.0063339939988774725,0.0017794964830235274,-0.0631724883751057,0.07568845226657643,0.11666360082523272,9.70834379769388,0.009432140415412849,0.0013539095134668102,-0.009160530189707323,2.0891327482636948,-0.5752616632554719,-1.1976150275774402
26877,2.500,0.9979809564838185,0.00633536378066219,0.0017879831878545938,-0.06317180365898965,0.05124322834651187,0.10344701912230857,9.738841471208929,0.0104837658466451,0.002674899123884515,-0.008331228892408025,2.0847608565626095,-0.5850569809343479,-1.2007280383449734
26878,2.508,0.9979817725033627,0.00632858045669878,0.0017820043840237208,-0.06315975998074527,0.04316746941045276,0.07772436279920833,9.748413131308142,0.008699079978507865,-0.0010701065089200941,-0.005604719798649211,2.087002339780679,-0.5899975210954946,-1.2067686966717446
26879,2.517,0.9979806473235641,0.006330941591935312,0.0017820109527488894,-0.06317729958746131,0.02016519913187993,0.07891590045647674,9.730279955380695,0.010827352781641805,0.0006731819882049205,-0.012722107127493627,2.0857571930918075,-0.582641181721891,-1.2034294321514085
26880,2.525,0.9979801257659068,0.006316610523243592,0.0017882816461980012,-0.06318679495366476,0.018797936320526766,0.06520912309099039,9.778910431547471,0.006660286816637521,0.0018138498347947017,-0.010808201011053504,2.086261810811415,-0.5785118393406834,-1.2056623740677639
26881,2.533,0.997979297645755,0.0063104340662514784,0.0017912221867665318,-0.0632004067665602,-0.03535465120120877,0.04011079950941939,9.752237031361508,0.008742750391798464,0.0012432639352345765,-0.011764245942719138,2.092361339980289,-0.5821691478439511,-1.2050947429655787
26882,2.542,0.9979784665480396,0.0063045111941063894,0.0017946108525238725,-0.06321402389435413,-0.043454848604070576,0.014313631405846586,9.761820800110963,0.008742015744324464,0.0012430511470539367,-0.011763661776241658,2.0884155432751257,-0.587733135133231,-1.1996992793130072
26883,2.550,0.9979775208473927,0.006311563782534121,0.0017998458221872534,-0.06322809977318744,-0.05986321727820925,0.02762563606337286,9.782740965167207,0.011875972162661265,0.0019940900167575147,-0.01189073894870101,2.0862220919587355,-0.5850523451157849,-1.2002290840211018
26884,2.558,0.9979766386142608,0.006287860600402843,0.0017958548726898197,-0.06324449774113496,-0.09091523986291453,0.0021621980620453963,9.774201703458948,0.004554173116919726,-0.0008306233831197479,-0.012463339827482756,2.0910854313637306,-0.5808766445489459,-1.197547439586059
26885,2.567,0.9979753334975157,0.006285496335000125,0.001790626499742687,-0.0632654718079641,-0.06659023049007651,0.016763398218318074,9.743689022149969,0.009770795127372788,-0.0006495374813264357,-0.01354650466407465,2.0806718126374872,-0.5770795123418929,-1.2091350523508888
26886,2.575,0.9979751695348715,0.006282376907981483,0.0017943389676378738,-0.06326826281714928,-0.0758570101192213,-0.023365659273608917,9.80192441980639,0.009425580034391914,0.0013529113347524474,-0.009155716200352038,2.094079320338453,-0.5804718300401712,-1.2063190905752503
26887,2.583,0.9979749974929191,0.006277061141087212,0.0018106748276661955,-0.0632710387073581,-0.027565665104198712,0.005425311235414623,9.74089507508159,0.0087586685522754,0.004456011284938379,-0.009148182582418389,2.091842784283931,-0.5813973545217985,-1.2009551732077632
26888,2.592,0.9979745511454448,0.006284453967590894,0.0017985118613210258,-0.06327769164139249,0.0180496787780633,0.07103219230775884,9.778871280240581,0.012173493901982683,-0.0023208359994076858,-0.010117291374480919,2.0940204282956882,-0.5803953390338799,-1.1982630283229054
26889,2.600,0.997974509442004,0.006267852632411014,0.0017994684958420573,-0.06327996871445753,0.027667801271542867,0.04718968117118339,9.718904956052905,0.006289809583971654,0.0006004170670825639,-0.009026963974747318,2.0867507059469164,-0.569479043346834,-1.2057445650441028
26890,2.608,0.997974516019166,0.006269357990839769,0.001808553135048149,-0.06327945687387236,0.01922485349365476,0.08685315090198308,9.730214247355361,0.01047451641293569,0.002674440239458229,-0.008325589575901526,2.0889167442769656,-0.5814019903403617,-1.2014648356583948
26891,2.617,0.9979741777034821,0.0062612808971280725,0.001806573468357806,-0.06328564838010253,0.057155662064353775,0.06040649591192413,9.776070994612247,0.008371344776808311,2.984660173810561e-05,-0.009981629481804331,2.087705047637031,-0.5806811910224032,-1.202701328132189
26892,2.625,0.9979736455603566,0.006246855115516295,0.00181298352521528,-0.06329528148981736,0.027339788517190225,0.04924659878038433,9.718895679591641,0.006652687191886721,0.0018105612017194248,-0.010802988555076441,2.083329806994599,-0.5872981878037961,-1.2053562247181515
26893,2.633,0.997973667016247,0.006248179568449394,0.00182147125355999,-0.06329456877725083,0.04891706723317417,0.0352215826493826,9.785672300513342,0.010472580122707905,0.0026743134273834964,-0.008324270458822705,2.077184115251926,-0.5801627989588322,-1.1996091051207738
26894,2.642,0.9979731444786941,0.006233805770200585,0.0018276886535122693,-0.06330404504542482,0.07298921222895575,0.04994838693485173,9.755150524569096,0.00665163033060372,0.0018099974375969208,-0.010802107299156863,2.0943468407210504,-0.5778165370248223,-1.2095164024895266
26895,2.650,0.9979739522166717,0.006224729805132146,0.0018342004544958615,-0.0632920148563985,0.04185231463980313,0.024388129534632562,9.746628969056454,0.008025337277204886,0.0020336493633765543,-0.0055912287373495895,2.0889401983341767,-0.577770178839191,-1.2046732036498615
26896,2.658,0.9979739792889041,0.006228188955611815,0.001830044906662188,-0.06329136797576312,0.05647036293150106,0.06381318792679931,9.776053335129252,0.011138207176783413,-0.00042902021039124794,-0.008328928220969093,2.0872020959160444,-0.5865217586630802,-1.2006962843829443
26897,2.667,0.997973821323932,0.006224801207290589,0.0018332961754609393,-0.06329409788575761,0.08901212312330825,0.03969326482300161,9.73423372317153,0.009419274319485952,0.0013512400157409056,-0.009150680738538662,2.088421744302448,-0.5755336077883061,-1.200547540976142
26898,2.675,0.9979736625367166,0.00622173975004544,0.001837148487551988,-0.06329679077939189,0.026586862697004922,0.05361095561239702,9.718874675084114,0.009418683650521365,0.0013510687260316569,-0.009150211074245171,2.094481757947902,-0.5828018666092104,-1.1945744339954871
26899,2.683,0.9979738147970391,0.006211778670482184,0.0018302537766759612,-0.0632955682201221,-0.012727705219502087,0.06712974579904638,9.72164436579574,0.008003863764593333,-0.001182109555729465,-0.008200687198084894,2.085710894965169,-0.5811161383518381,-1.197096138673051
26900,2.692,0.9979745713141389,0.006187115495916362,0.0018169732896542903,-0.06328643788574582,-0.005840909695608112,0.07978976890467411,9.760676899852076,0.004507498771298604,-0.0031452819132756285,-0.006296667838383827,2.0803116960016124,-0.5766847186171362,-1.1932711534798979
26901,2.700,0.9979726764133331,0.006201756879389684,0.0018058560060961776,-0.06331519744976731,-0.044569016710920006,0.02785691194977793,9.761786526942947,0.013923955158947489,-0.0017946957822509745,-0.015445544179061707,2.0857363200148917,-0.5748012189239399,-1.2005741260839164
26902,2.708,0.997973474157204,0.006192910209657202,0.0018129772500207282,-0.06330328471120174,-0.07554501514708405,0.00256321625761411,9.753278761765165,0.008021851023199961,0.0020333805783817665,-0.005589515653227161,2.086702030169243,-0.5764962188184382,-1.1990860238099623
26903,2.717,0.9979713852330312,0.006200883880986959,0.0018096993350583482,-0.0633355214984218,-0.08357828768669179,-0.023124479099328587,9.762905613436903,0.012203486317611529,-1.557423364138561e-05,-0.016266466664852475,2.097706215817993,-0.5721250647250568,-1.2014886650971102
26904,2.725,0.9979720112661015,0.006189226974064215,0.0017985757171410364,-0.06332711365873,-0.027870446612962976,-0.04760360141450941,9.739237266865937,0.007638403826821081,-0.0023926706742257364,-0.0064214008547468044,2.0857467057210344,-0.5794535891872815,-1.2019948255756145
26905,2.733,0.9979723439314313,0.006183953288955173,0.0017969168758895319,-0.06332243330342366,-0.03612864492242867,-0.007942301806163204,9.750509063852732,0.009051262792388402,0.000140252647071527,-0.007370485858528473,2.085992488877357,-0.5814089440682064,-1.2022186212075823
26906,2.742,0.9979727424413166,0.006196907223705513,0.0018032642506017732,-0.06331470542505156,0.025687883352772566,0.04535003415984103,9.76750234177956,0.013232853982990017,0.002216710746355516,-0.006668778182749758,2.085773728992958,-0.575826413504674,-1.2056914397641931
26907,2.750,0.9979737450919836,0.006194466008797328,0.0018019352889666754,-0.06329917635452492,0.051064777986501275,0.07462309064060804,9.688298674569442,0.00973800576108806,0.0002534306079056954,-0.004764925529563118,2.091336822503698,-0.5791770088358844,-1.198538372223935
26908,2.758,0.9979740570173347,0.006187463055289621,0.0018138801457261735,-0.0632946021404555,0.049685286877435134,0.061039909596791266,9.73696011011303,0.008381485465389745,0.0032424114586802827,-0.007364992905076686,2.0891344312064204,-0.5767287588934857,-1.1978452435919003
26909,2.767,0.9979740803596532,0.0061887438100545035,0.0018223632835735102,-0.06329386520367501,0.05738278030966552,0.08830859040436312,9.72731597857142,0.010462137021744986,0.002672366035971773,-0.008318257683039712,2.0847006204592193,-0.5786308018609347,-1.1924881170251556
26910,2.775,0.9979733403920822,0.006204644728594978,0.0018074172247702022,-0.06330440342849189,0.056150950687070704,0.07500593237866543,9.775975709117093,0.014242022893933401,-0.0028939361136737134,-0.011056242503471085,2.0857989676575257,-0.5721969199127851,-1.209143930854216
26911,2.783,0.9979728099766755,0.006189860708502395,0.0018132596414548307,-0.06331404473843663,0.018536957875362126,0.03745700128992496,9.728458010221543,0.006641666235221349,0.0018040421500095244,-0.01079596480310271,2.091614745536543,-0.5809299564624218,-1.2031587014772582
26912,2.792,0.9979731215103134,0.0061827880248180814,0.0018250217687045874,-0.06330948720962629,0.01832956579691979,0.03806726472709793,9.728456035313846,0.008379011266078455,0.0032418891600284813,-0.007363678836372354,2.0857538610945663,-0.5792187312029524,-1.2029736358171874
26913,2.800,0.9979736350767697,0.006182196912739887,0.001828599069140443,-0.0633013456289421,-0.022412406340065215,0.03729425612151813,9.779882898302356,0.010097400316505384,0.0014627060282611122,-0.0065394999098724585,2.0920596917845526,-0.5879540856618708,-1.1972289601631991
26914,2.808,0.9979736801610262,0.006185838170526928,0.0018246081307334778,-0.063300394289103,0.010160270466028954,0.013178926153353539,9.73810133563945,0.011127820409302387,-0.0004310524701990108,-0.00831954954518889,2.0823108636134426,-0.5811393174446537,-1.1995623552877166
26915,2.817,0.9979738985990212,0.0061937630060587175,0.0018252509735000363,-0.06329615686421727,-0.021247469840241746,0.05339489137253474,9.731200908878943,0.012176935641855796,0.000892570783387724,-0.007491699551352722,2.088186177411218,-0.5806719193852771,-1.2017212663623786
26916,2.825,0.9979755092309609,0.006176562895735672,0.001817205164665626,-0.06327267033553506,0.00972174868431038,0.08036229548251622,9.739673971868733,0.006241920715570966,-0.0017096070653755222,-0.002858667591092432,2.087445529833218,-0.5708951449806535,-1.2005987188269527
26917,2.833,0.9979745978587133,0.006187431318303067,0.0017962561651577258,-0.06328657982709163,0.0015746428192778457,0.12014208388268102,9.75089525063638,0.013187755396405461,-0.004219346146345598,-0.011878266113625364,2.0894192046189053,-0.582641181721891,-1.2034026618345088
26918,2.842,0.9979744188302899,0.0061822440868186425,0.0018130928093126834,-0.06328942970877346,-0.014295352288404565,0.06803594545217066,9.770205567788288,0.008737036388878404,0.004449515248705016,-0.00913932365430288,2.0825726404595537,-0.5840920519949342,-1.2019739874172903
26919,2.850,0.9979736731293185,0.0061958384023720016,0.0018104624909300003,-0.06329993327672026,0.01813468645569393,0.04395664953664474,9.728431575720618,0.013566512993361259,0.00020693625164447355,-0.011046634932645046,2.0925540254626482,-0.577707595288589,-1.1980551096719523
26920,2.858,0.9979733390921971,0.006188043869920042,0.001809040525228211,-0.06330600245327027,0.010200816621411153,0.018348739762689165,9.738092922934902,0.008355548627715516,2.2218149138049576e-05,-0.009968070084915539,2.0901248717021876,-0.5821181538397568,-1.1997400969874887
26921,2.867,0.9979733785306037,0.006191255252178885,0.0018044404635006244,-0.06330519802693263,-0.012793369811616767,0.019400331571138213,9.71995835202038,0.01112343281681886,-0.00043207997731877743,-0.00831589902234718,2.0791675602796493,-0.5797139441737079,-1.2037495559885762
26922,2.875,0.9979734211499655,0.006194793193351981,0.0018002735506800285,-0.06330429867448442,-0.028593302191312325,-0.03269474924460239,9.739296633435325,0.011122780318252574,-0.00043226949935025634,-0.00831537995948616,2.0906342332560826,-0.586784431558788,-1.2026219656949357
26923,2.883,0.9979734608362153,0.006197999087976749,0.0017956722980164226,-0.06330348991083487,-0.028555976856455896,-0.03179402178371156,9.739299725029506,0.01112212798096395,-0.0004324589875554602,-0.008314861007181833,2.0918660689000905,-0.5802068392351818,-1.2041403627257368
26924,2.892,0.9979729008760435,0.006216638832985412,0.001798823405035678,-0.06331040003848241,-0.02190596065713841,-0.01850558572436952,9.7783139170813,0.014611403138058357,0.0015302011172491402,-0.010216471963404312,2.0891737095123686,-0.5765356232762248,-1.2032182696074794
26925,2.900,0.9979745248594217,0.006201060736622514,0.001777207250155202,-0.06328693476336934,0.0019627347361025256,0.06185916009679965,9.749282398073,0.006909569624136986,-0.004812070571961827,-0.0028573553518671316,2.0843246130780173,-0.5812181263602265,-1.2078482631362708
26926,2.908,0.9979747267603165,0.006207203694460462,0.0017912523437595106,-0.06328275266617762,-0.0046983319727345995,0.050353553305273496,9.710268805389196,0.011499394273953217,0.003993987990391363,-0.0074852072906737115,2.0830573225043487,-0.5843315457978263,-1.2014798539972427
26927,2.917,0.9979749611352717,0.006217061726429022,0.0017788143362062105,-0.06327843953591146,-0.029503347114782565,0.10283248255648768,9.742330575710286,0.012838810149795663,-0.00221126732509317,-0.007487406588002655,2.079906812964709,-0.5838734193755757,-1.204681290914481
26928,2.925,0.9979751146010902,0.0062054690162355155,0.001785287364254083,-0.06327697480330045,0.009831655120704871,0.0909100570872257,9.739581120253485,0.007320284384257675,0.001914055132432475,-0.008186248668085426,2.0915266897882914,-0.5896050452800196,-1.1911132271434426
26929,2.933,0.9979749607775749,0.006201997315059281,0.0017885151286085245,-0.06327964999853428,-0.00662827165900342,0.1040897547981349,9.760447504548551,0.00939938719772589,0.0013440460167849196,-0.00913741515963748,2.0887150510372985,-0.587072601456593,-1.2072722642224951
26930,2.942,0.9979750032083949,0.0062037654085933085,0.0017977307707880345,-0.0632785463647493,0.010039122480432563,0.026904666728481325,9.738073212351587,0.010447674210481534,0.0026687069175113983,-0.00831031755823217,2.091110653084193,-0.5774912805785121,-1.2009976128287325
26931,2.950,0.9979746699064482,0.0061955951558752605,0.0017957118222302825,-0.06328466042282528,-0.005179667850532371,0.054392164807807834,9.710246775856197,0.008349451583085126,1.8729465361131757e-05,-0.009963021337506504,2.0798926377704876,-0.5823900983725909,-1.20274221321013
26932,2.958,0.9979750018092508,0.006190535624707703,0.0017945135405916116,-0.06327995538603223,0.001494695800595875,0.06737063634390122,9.74924595313333,0.009037596678588134,0.00013592268540044147,-0.007358974862074879,2.0906102992876052,-0.571615944298612,-1.1993479488508119
26933,2.967,0.9979744084568388,0.006204837189138581,0.001823274240785251,-0.0632870897713145,0.024708912747757595,0.002562651147643483,9.765896141897748,0.01326291233907831,0.007733465736479106,-0.010210097347226449,2.0874472127759445,-0.5723622406186675,-1.2008289348414125
26934,2.975,0.9979752231293418,0.006199706076801901,0.001804277117753334,-0.06327528939945233,0.032460137554012926,0.029978160580236925,9.756199204650507,0.00934762313266511,-0.004174233545640759,-0.005581150503483539,2.0935374630818293,-0.5811346816260905,-1.198992013452112
26935,2.983,0.9979754591798001,0.006209546636695337,0.0017918388946685895,-0.06327095478028978,0.04061262967233325,0.05737504181141474,9.746495854003136,0.012834567122563131,-0.0022116973990220726,-0.007482225947922125,2.0845494214927927,-0.5767982961719326,-1.2052028456166506
26936,2.992,0.9979760843788137,0.006195956077219523,0.0017936485030906012,-0.06326237397749396,0.017661630884797788,0.05839514307578972,9.728356489005584,0.006956504748353885,0.0007049667203098813,-0.006406519826083528,2.088184765574173,-0.5752987498039769,-1.201528135905508
26937,3.000,0.9979766004002406,0.006195306974973442,0.001797220131752542,-0.06325419531432432,0.07991686793607264,0.04615801748538264,9.743758187149153,0.010083590399927475,0.0014602983813698646,-0.006530585095165235,2.090811145322019,-0.5781518142551502,-1.1934246279192446
26938,3.008,0.9979764499508939,0.006194047390689245,0.0017881340786689189,-0.06325694979091764,0.04058770241454554,0.05969620985590645,9.746482015490743,0.010065209185444887,-0.0017604001611945576,-0.009133375091031098,2.0815802967476955,-0.5804092464895693,-1.1998187859917004
26939,3.017,0.9979768013877975,0.006190673709357653,0.0017733802666799346,-0.06325215073999835,0.001436452642895715,0.07321436619565615,9.749203828834407,0.00970519350812587,-0.0029676296890047836,-0.0073557898242471486,2.085953193627304,-0.5818462093069228,-1.1968432773446538
26940,3.025,0.9979768461820375,0.006194212591373328,0.001769335919846902,-0.06325121078153147,0.02457924809815401,0.07385778293380166,9.76733122950511,0.011112247001192453,-0.00043533196274769316,-0.008306277646666718,2.0850429249097395,-0.5785141572499649,-1.2059154206052862
26941,3.033,0.9979755507512443,0.006191687844240947,0.001764020940218164,-0.06327204228182245,0.009491669533016986,0.10139879751110689,9.73947790749796,0.009733396197423763,-0.0006728699029102876,-0.013512205987143852,2.086477543692464,-0.5762775861990799,-1.2017754804292198
26942,3.042,0.9979750465920391,0.006180981844146755,0.0017440324977629862,-0.06328159443082067,-0.02120279841947879,0.07582118068497279,9.731052109180398,0.007966281028443174,-0.004412393035765239,-0.010783382533911484,2.090937530506335,-0.5829548486217931,-1.2107133288170766
26943,3.050,0.9979752834160663,0.006190801670449369,0.0017315949283519775,-0.06327724112430265,-0.04515117095964917,0.06267977337568073,9.76162236544251,0.012829661149478434,-0.002211945517153727,-0.007477894306628288,2.0884573686731582,-0.5765564844597587,-1.2054207315578627
26944,3.058,0.9979750640095909,0.006169628730622613,0.0017275471780800434,-0.06328287981063639,-0.03657852475409474,0.024410036523354862,9.750480064862604,0.005215231374764928,-0.0007410321730442626,-0.00983335855460526,2.089464175629025,-0.5775724074033667,-1.2095544140927423
26945,3.067,0.997974551842563,0.006156732662168234,0.0017202653095896845,-0.0632924103256241,-0.08371639375565715,0.011117863710854166,9.762925483498966,0.007293095454940758,-0.0013109193313108358,-0.010782973495030863,2.085978788118077,-0.5730899936644704,-1.2003444432290125
26946,3.075,0.9979740928919453,0.006161886512735295,0.0017209681282898677,-0.06329912590079682,-0.06736005078333951,-0.0006351685314708311,9.742068359237422,0.011466771570014805,0.000771058888313238,-0.01008071661888984,2.079427823624085,-0.5787582868714204,-1.2059541505771834
26947,3.083,0.9979741358316441,0.006165031422566505,0.0017163584029538496,-0.06329826784734785,-0.08371001580106051,0.012785606536561508,9.762923498476543,0.011107611604022058,-0.00043562112019897336,-0.008303032383090356,2.098666114659438,-0.580404610671006,-1.199205611649056
26948,3.092,0.9979736212098649,0.0061524405222964235,0.0017096531643670794,-0.06330778728519211,-0.06849646170600349,-0.01313931611865139,9.790782991285234,0.007291413050426378,-0.0013118981050065346,-0.01078140881052855,2.089260765558422,-0.582264182124495,-1.2151269909476838
26949,3.100,0.99797401030459,0.006162984817859082,0.0017286221550096158,-0.06330011248137547,-0.04445481765634173,0.0016447595401457194,9.760199911160926,0.012530008994783433,0.005318727171603699,-0.006652515550672847,2.083089597933712,-0.5821761015717957,-1.2058949303973927
26950,3.108,0.9979748451340668,0.006156055076264645,0.00172218451454084,-0.0632877993457788,-0.013142281499508785,-0.036666893854622205,9.767212232578627,0.008669926624050575,-0.001072545286691328,-0.005574859877529142,2.0884088115042214,-0.5818647525811753,-1.1987784152551677
26951,3.117,0.9979747085504943,0.006154501290217426,0.0017123213792602857,-0.06329037180266218,-0.01363908987606177,0.029586793482147197,9.768597550442141,0.010057697291326268,-0.0017624977405911756,-0.009126598046028039,2.0889546107458687,-0.5758356851418003,-1.2066447312171034
26952,3.125,0.9979748463335677,0.006142746407739279,0.00171907205539326,-0.06328915818156028,0.02689547718515397,0.031757801124287936,9.717159225848903,0.007307109829438906,0.0019091285653679206,-0.008179119583756172,2.090128627302056,-0.5794373638223108,-1.2002538395054434
26953,3.133,0.9979745813996623,0.006152409258915799,0.0017246047698002448,-0.06329224659362148,0.0412582677177043,0.07140408044857915,9.746400459729402,0.012509662695737637,0.0020960354902826396,-0.009251522810292902,2.080803296202468,-0.5801071691360749,-1.193723380438532
26954,3.142,0.99797442857927,0.006149256470386639,0.001728595404971708,-0.06329485369812707,0.04111326518213711,0.07229632429566582,9.746394492859501,0.009383735771156561,0.001339010315318002,-0.009127378445400416,2.088250406331947,-0.5809994937408685,-1.210507380063042
26955,3.150,0.9979742927095381,0.006147694157825491,0.0017187301698333931,-0.0632974163299161,0.06413507959563422,0.07293480768416385,9.764521864395087,0.010055690996016272,-0.0017631951223501486,-0.009124245392043406,2.0875073811029137,-0.5797649381779022,-1.2090595847718333
26956,3.158,0.9979735403277085,0.006159429060055196,0.0017293801809613527,-0.06330784693562007,0.0737473608129953,0.04899383690307942,9.704691749285667,0.012864697355291837,0.0033013250138291352,-0.011026974240614273,2.0889560225829147,-0.5812088547231005,-1.2068378616739739
26957,3.167,0.9979741879316427,0.006147513355289045,0.0017175544784815786,-0.06329911775324099,0.06402425592617807,0.07471078818306985,9.764509163548915,0.007619794849264135,-0.002399609906566032,-0.00639721671295108,2.0861851404715055,-0.5774356507557548,-1.1951743522192573
26958,3.175,0.9979736434793919,0.006130957383016984,0.0017370593477695924,-0.06330877432756553,0.0717669793730064,0.10175586350469551,9.754756751207472,0.005940989852819241,0.004888631892680516,-0.010782537943908542,2.0811457192617233,-0.5782816171749174,-1.2071669089501083
26959,3.183,0.9979744712704632,0.006123727438969935,0.0017304880105972413,-0.0632966039052504,0.057096526289546104,0.063492204857052,9.725525807469548,0.00866651548658118,-0.001072806430977294,-0.0055711305091081745,2.085007097209769,-0.580420836035977,-1.2010144158553735
26960,3.192,0.9979740275443832,0.00612897525785993,0.0017311372120268308,-0.06330307396236888,0.009899603511593075,0.050477929252458684,9.737979693923347,0.01145747361252904,0.0007683862990207374,-0.010073259557877235,2.0906075827544703,-0.585040755569377,-1.1989763441480425
26961,3.200,0.997973892632158,0.006127400223528024,0.0017212688475916308,-0.06330562237806558,0.016595046658542372,0.06373277449446971,9.776949103859184,0.010052702362420602,-0.001764152259586199,-0.009120871604328267,2.0840771978112835,-0.577063286976922,-1.207401205031891
26962,3.208,0.9979728946532482,0.006116658607588388,0.001719401842054235,-0.06332244216864208,-0.037195235948452726,0.03823085409575017,9.75043333737275,0.007641609193019476,-0.00011121252638423047,-0.012551322307237035,2.086038854780417,-0.5819574689524375,-1.2085611860753371
26963,3.217,0.9979722707922491,0.006116916598367665,0.001714422454586598,-0.06333238363379119,-0.045010501274792836,0.012472353256506882,9.76018953169583,0.01040817366950946,-0.0005590694909899532,-0.01089677521702875,2.0918484430998916,-0.5770099750634462,-1.2017292637557189
26964,3.225,0.9979722462334374,0.006102426491808194,0.001702732939638853,-0.06333448380808665,-0.04488626359753053,0.0131736060805385,9.760189181014407,0.006927085310619888,-0.002522104837498168,-0.008996252883148412,2.0909039279604524,-0.5785164751592465,-1.2061167111968025
26965,3.233,0.9979707262800209,0.006126211862272924,0.0017020334306854135,-0.06335615280734502,-0.04599695398665066,8.388467563412463e-06,9.808921679287726,0.015963550767680208,0.0008339425053781835,-0.01374355664495341,2.089196604414113,-0.5809600892830821,-1.206350148636418
26966,3.242,0.9979705741663325,0.006122921766370361,0.0017057314478548262,-0.06335876740745026,-0.0757500391717756,-0.01124406131347308,9.751818887307053,0.0093758168132764,0.0013370252724326439,-0.009122181917494903,2.084760737953874,-0.5867658882845357,-1.2007118134135284
26967,3.250,0.9979713881539637,0.006113694133889642,0.0017122371920733927,-0.06334666063721288,-0.02085961181618567,0.029798920275758832,9.729582544304769,0.007989132803176896,0.0020288686216345868,-0.005572188880312834,2.094756027045509,-0.5857708265244617,-1.198694927814952
26968,3.258,0.9979722153934923,0.006105013641076887,0.001719551594366479,-0.0633342660284464,-0.01437381030214614,0.042852622390806436,9.768547309199757,0.007988800059330791,0.002028771651116226,-0.005571923943911959,2.0876950347011993,-0.5706579690870428,-1.2013316212821763
26969,3.267,0.9979722465384304,0.0061061225642780916,0.0017280126299538021,-0.0633334380767299,0.0017916375064177335,0.031081418331972057,9.747712268894748,0.010421030441384888,0.002663953547671468,-0.008296090599050279,2.0850091190345963,-0.5770053392448832,-1.2012909888168202
26970,3.275,0.9979722583365661,0.006107387504142682,0.0017370885975565014,-0.06333288191527355,0.025759241948159435,0.045894176129821385,9.717105822380942,0.010420410344616627,0.0026637728344401554,-0.008295596862392163,2.091622629506592,-0.5701975247555108,-1.2042371791548527
26971,3.283,0.997972109443679,0.006103806442021298,0.0017402910153578603,-0.06333548536669616,0.0014082737257743855,0.03273206010889991,9.74770692811071,0.009373385462382134,0.001335941854676246,-0.009119923430998985,2.089155948159329,-0.5752917960761322,-1.200788627858667
26972,3.292,0.9979715305852224,0.0061220298989721296,0.0017435540233560606,-0.06334275736556817,0.03283836404146529,-0.005402282406269372,9.75479080566915,0.014571799335574266,0.0015245780299271594,-0.010188903181541517,2.0869622257372584,-0.5765170800019722,-1.201281347009172
26973,3.300,0.9979731111626601,0.006100470103602365,0.001761179022734265,-0.0633194433747373,0.040414894496948496,0.0218756924305728,9.745011717774544,0.00488008567181263,0.00449496265220278,-0.0028514698582026853,2.0886710288970627,-0.5784701169736154,-1.2012503114158244
26974,3.308,0.9979729548583143,0.006097163670898711,0.0017650222710576876,-0.06332211827567139,-0.023380412107061398,0.021111218253451917,9.778305220842704,0.009371922029168627,0.0013352399816093485,-0.00911850703231297,2.0964723414050517,-0.5823622834612123,-1.199691377257513
26975,3.317,0.9979712415077009,0.006114242670703506,0.0017721299367621924,-0.06334727078279723,0.023648121403353352,0.03594218153003317,9.765832963122708,0.014234501264658401,0.002604666498937293,-0.014565318847444234,2.088123919483001,-0.5776612371029578,-1.1932047720811139
26976,3.325,0.9979711043425086,0.006113057410204637,0.0017632780793829794,-0.06334979302972192,-0.01576462061198847,0.0495425679900485,9.768513526434397,0.010045220969795505,-0.0017667309523453467,-0.009111715964758642,2.0899257086105005,-0.5770493795212326,-1.205893633933516
26977,3.333,0.9979714456220733,0.0061076294989847015,0.0017615919530465421,-0.06334498700515855,-0.007145651750215457,0.011308198796317705,9.757477676558816,0.009014575555210012,0.00013057209424793188,-0.0073400894623655046,2.0901070256286216,-0.5820949747469414,-1.1972988660019297
26978,3.342,0.9979711815169936,0.006117548955825783,0.001767780859983301,-0.0633480181787938,-0.047361063678200956,0.09028102579248796,9.761395640426981,0.012491020979071314,0.0020931559846356315,-0.009238469671458886,2.090704375154349,-0.5790626821341963,-1.2122169376537948
26979,3.350,0.9979714098855637,0.006125300133522794,0.001768422468277502,-0.06334365344112323,-0.03111775909960392,0.07875326698317435,9.740567529661124,0.012135230130344723,0.0008890255426341741,-0.007460951179925908,2.0896835285571016,-0.5746104012159603,-1.2061627201933585
26980,3.358,0.9979708466366466,0.0061435201641253144,0.0017712679832254548,-0.06335068297232357,-0.00040725851168371696,0.10624515683953346,9.74889991565351,0.01456514390047204,0.0015231875175725853,-0.01018343940369571,2.0908389873873103,-0.5884423449047816,-1.197233247907467
26981,3.367,0.9979705028835385,0.0061332421368203195,0.0017822766251741117,-0.06335678499814056,-0.023610541780589734,0.10721663070885717,9.730751291178331,0.007646233314625066,0.003106491834299742,-0.00994582035487911,2.0955214672650193,-0.5726295493329385,-1.2032089532824424
26982,3.375,0.9979709717921914,0.006117008499595778,0.0017660354832296794,-0.06335142291880383,-0.02359291507451869,0.10779117467599046,9.730744986108268,0.006566142827283955,-0.0037307677013353386,-0.007209546315655504,2.0823164207647733,-0.5782167157150337,-1.2003225387515766
26983,3.383,0.9979708244626576,0.00611339640974668,0.0017692294714643528,-0.06335400328896797,0.03108316158732183,0.06929687574041322,9.756003641009913,0.009366063389903447,0.0013332367647085814,-0.009114320043398624,2.080338871770482,-0.5708603763414302,-1.1969886282946207
26984,3.392,0.9979698836306041,0.00612034434983081,0.0017749218077691082,-0.06336799195125668,0.00013706015316216255,0.043737142081172325,9.747663863734067,0.011795368647249433,0.001967178343086854,-0.011836458405711913,2.0828347392436606,-0.582406323737562,-1.2044296586465013
26985,3.400,0.9979704060307474,0.006119580241254058,0.0017784943453802106,-0.06335973786530148,0.016372180377183874,0.0320955278046632,9.726848739801312,0.01005585627390318,0.0014581138595487683,-0.006512154409393076,2.0876941874959463,-0.5828644501598124,-1.2012157289147094
26986,3.408,0.9979700909412081,0.006111719029752954,0.0017768642171529462,-0.0633655050548221,-0.00786385509657747,0.018888606250132726,9.757465394143361,0.008318895739233648,3.888353521055438e-06,-0.009937074179177718,2.088206231694766,-0.5745941758509894,-1.204464566630227
26987,3.417,0.9979706135311419,0.006110950631696197,0.0017804367263358643,-0.06335724785466156,-0.007924607193271396,0.01963506997599243,9.757463872389001,0.010054809879334178,0.0014580168741022564,-0.006511419457651416,2.0921799043534315,-0.5788324599684302,-1.2136732859657196
26988,3.425,0.9979706373120819,0.006112151712385986,0.0017891479628394807,-0.0633565120088632,0.0004946744986836071,-0.018546040972653475,9.746467495528208,0.010408348630107783,0.002661034644134492,-0.008287853648815305,2.092578959133324,-0.578472434882897,-1.201465879509687
26989,3.433,0.9979706874771983,0.006115196573376921,0.0017845261492160768,-0.06335555834794693,-0.015976027674285256,-0.005141660883054652,9.767275481547783,0.011083783671522516,-0.00044044018152382484,-0.00827989776089262,2.089409908811812,-0.5880004438475019,-1.2021310537000438
26990,3.442,0.9979715279025211,0.0061083874555942,0.0017786679352913336,-0.06334314042559527,-0.023703517092280666,-0.030820355178075486,9.777093600596949,0.008654255604125744,-0.0010742826908976028,-0.005557447047656064,2.087667503106124,-0.5816090334133122,-1.1975654716731177
26991,3.450,0.9979713984403898,0.0061067479299010945,0.0017687815731343443,-0.06334561497373178,-0.022420892841009375,-0.016073477320511582,9.728332213296815,0.010037580961676505,-0.0017698188605745984,-0.009103075583094354,2.092593269880386,-0.5780027189142386,-1.203423499992833
26992,3.458,0.9979720981464013,0.006111012675240671,0.0017783745405164828,-0.0633339105799321,0.007166275389328774,-0.002756437793536278,9.78541638344319,0.01109707010358629,0.002786576813519916,-0.005685690137850656,2.0852726465998535,-0.5804486509473556,-1.203942108350251
26993,3.467,0.9979726380626283,0.0061122238307931035,0.001768870869838802,-0.06332555166760867,-0.0003161207346143469,0.05112674118991107,9.747627901140287,0.010727925006766122,-0.0016439571339985299,-0.00650114719010493,2.083278578648516,-0.5796629501695137,-1.1983485081278598
26994,3.475,0.9979729836110915,0.006107120650828408,0.0017676927022451615,-0.06332063109479684,0.04691636071046567,0.06584178629291562,9.735135326037277,0.009006151727834328,0.000127929465384399,-0.007332868772154043,2.0871761401227396,-0.574768768193998,-1.1971456945773737
26995,3.483,0.9979732142159057,0.006114829952644837,0.0017683322370585974,-0.06331623459527723,0.03164715412128061,0.09320832750441692,9.70716093747538,0.012125185461989058,0.0008876820878183938,-0.007453279498342338,2.0874686450083275,-0.5721459259085907,-1.2037607298714328
26996,3.492,0.9979735530191363,0.006111505101520261,0.0017542237601250196,-0.06331160777262834,0.015339233917242436,0.10662957371168803,9.727951314340599,0.009681672500022217,-0.0029736630507966612,-0.0073234853300268715,2.08912894183151,-0.5786748421372843,-1.1970943315174378
26997,3.500,0.9979726089607374,0.006116181154777242,0.0017724281798158132,-0.06332552874258765,0.030473633446325542,0.0809741261776431,9.755915633362383,0.011108868403764379,0.005064035937879496,-0.011838682642017139,2.092339789139171,-0.5840943699042156,-1.2021467230041132
26998,3.508,0.997972481983532,0.006114964851174839,0.0017633577824063872,-0.06332790046914155,0.013943608162152793,0.0943744013119042,9.776705482393526,0.01003393151236107,-0.001771518240664784,-0.00909912113042864,2.0908483679149295,-0.5818624346718937,-1.1985164452786785
26999,3.517,0.9979727300589281,0.00612465787076997,0.0017509230850670991,-0.06332339925372679,-0.016679873507250496,0.06884157688149412,9.768395065732225,0.012799250677096679,-0.0022137653291343373,-0.007442264967396952,2.0874255941584052,-0.5752639811647535,-1.1978716434905496
27000,3.525,0.9979726908989324,0.006108193934436601,0.0017526086535991612,-0.0633255600031399,-0.00022734850211109673,0.057075685487150044,9.747594883560684,0.006236974643498017,0.0005688169241667442,-0.00898678295360553,2.0909145847722757,-0.579262771479302,-1.2075744962460897
27001,3.533,0.9979732147396203,0.006107392566390315,0.0017561781922444666,-0.06331728244693698,-0.008083505892078666,0.03125955251405724,9.757433425526422,0.010046978344959965,0.0014566143581040396,-0.006506473230447896,2.088610267526416,-0.5796119561653194,-1.1929385368281769
27002,3.542,0.9979729705068484,0.006119260129231892,0.0017493515719028115,-0.0633201750020215,-0.03110919644210291,0.03220711265906292,9.73929054832509,0.01315030713094336,-0.0010119524701922178,-0.00921744065338539,2.0871720117525596,-0.5828204098834628,-1.196580959417734
27003,3.550,0.9979739835395364,0.0061166337008891625,0.0017480436875120277,-0.06330449678866344,-0.014687525566123925,0.0205904301400242,9.718496106676016,0.009693210272323742,0.0002543931035216711,-0.004728793623278739,2.092149735469422,-0.5763517592960898,-1.2095463717637627
27004,3.558,0.9979751233423427,0.006103150286757102,0.0017318784421641766,-0.0632882717687485,0.03145912175931551,0.021276530032586873,9.754773639380701,0.007251705056155427,-0.003607290245190615,-0.004598425839829624,2.0872327222908913,-0.582410959556125,-1.2048857804633333
27005,3.567,0.9979755178420238,0.006113511400043893,0.001750857604660474,-0.06328052831601588,0.015859450712269726,-0.030871205461233744,9.774475337282935,0.012485802191564074,0.005317607783886402,-0.0066354677815136974,2.087182922725959,-0.5799047618816875,-1.1980735121772612
27006,3.575,0.9979753945450054,0.0061122347870240295,0.0017415275521368997,-0.06328285352632607,0.024632504744316084,0.010446870254760548,9.715842318595541,0.01002982350731501,-0.0017735347314594434,-0.00909498088362662,2.092329488153554,-0.5782213515335969,-1.2007376127491618
27007,3.583,0.99797621071353,0.006102927504136577,0.00174802445056788,-0.06327070045655989,0.007074359500488638,0.009800979979802251,9.785411928476572,0.00797001157380795,0.0020251374628090053,-0.00556100908365759,2.083542411207665,-0.5787119286857891,-1.2010413489135787
27008,3.592,0.9979771217509639,0.006115760015319316,0.0017366133141389973,-0.06325540384263366,0.02374786998182442,0.07754195348185809,9.716909935761219,0.013486354497514137,-0.002086240204403965,-0.004836835248223372,2.0901321287403487,-0.5804185181266955,-1.200732814313158
27009,3.600,0.997977174415984,0.0061187569226192895,0.00173198024508482,-0.06325441014539135,0.03909300358484648,0.05207818116302897,9.744902510178195,0.011072275577368666,-0.00044425618754325504,-0.008270273404314866,2.0908893969400246,-0.582159876206825,-1.2041289586981152
27010,3.608,0.9979770489837688,0.006117453508921988,0.0017227069898189552,-0.06325676837179223,-0.015473006854692295,0.09192387886190351,9.719539134316381,0.01002765630197643,-0.0017746546802999876,-0.009092939838795909,2.0955546123200657,-0.5836594225747807,-1.2077429890242846
27011,3.617,0.9979766133944618,0.006122261698880438,0.0017229472568753281,-0.06326316844864906,-0.016586106860206812,0.078887907010385,9.768319257664434,0.011422824173343027,0.0007567176588757649,-0.010046311567998518,2.0871379347717354,-0.5852176658216672,-1.191919442071678
27012,3.625,0.9979774404669094,0.006113486473412696,0.0017302766401907325,-0.06325076873054022,-0.039710116187287633,0.079651833998913,9.750173026552028,0.007967525647364599,0.0020245197116183027,-0.005559816302823369,2.0821329294248785,-0.5787837838735176,-1.2086198730955717
27013,3.633,0.9979755566075493,0.00612573716296576,0.0017320628175585997,-0.06327925186392973,-0.039850478502173464,0.08050645513384512,9.750165437775967,0.013154352462344946,0.0012586412725559776,-0.015364978911328396,2.098716371715206,-0.576319308566148,-1.20608046181356
27014,3.642,0.9979748360215555,0.0061411726157566,0.0017165917710898094,-0.06328954083689435,-0.039792113882538914,0.0816122168894591,9.750156484206371,0.014171687696012932,-0.002914151980343059,-0.010975717911353586,2.0884175650999532,-0.584317638342137,-1.199975852274454
27015,3.650,0.9979756703312389,0.006133848108783781,0.0017100133429246583,-0.06327727229155651,-0.03188986397235331,0.10900855289963701,9.740273421430684,0.00864378455555374,-0.0010765817543037352,-0.005547358971904468,2.083040205027302,-0.5738107929824289,-1.199138290447705
27016,3.658,0.9979745635099097,0.006136137704381772,0.0017105012196417812,-0.06329449096766958,-0.053969808686417375,0.044257920645276505,9.72110417661358,0.010726621238662012,0.0006257381711438394,-0.012643358595042774,2.0903425247434324,-0.5779331816357919,-1.1961158692262956
27017,3.667,0.9979744207778153,0.006132437505344378,0.0017136673796298739,-0.06329701436513022,-0.024446169198366674,0.057702821188823715,9.77815514747822,0.009345233241655478,0.001324851597954236,-0.009100521801324915,2.097205133424888,-0.5767473021677383,-1.1997393336831679
27018,3.675,0.997974243803906,0.006127050180987364,0.0017309811290041085,-0.0632998551691339,0.023393076629699593,0.006904575163673497,9.764622812224987,0.008666282945228889,0.004425508844536401,-0.009111981667001102,2.0855365638795273,-0.5782769813563543,-1.2066465383727167
27019,3.683,0.9979748991469907,0.006115047024999795,0.0017191316196608893,-0.06329100614550733,0.054984730530524,-0.031407764016300056,9.771872781227291,0.007598960635219599,-0.0024075259201818593,-0.0063683752126363746,2.0830738414613945,-0.5777609072020647,-1.2037395437626779
27020,3.692,0.9979755066031525,0.006134252911946662,0.0017174198730308082,-0.06327961465095931,0.03979750639493256,-0.004070178230476552,9.743848864447166,0.014874038043838354,0.000446523706166414,-0.005784068188699103,2.083492120263686,-0.583285490033558,-1.194161863054376
27021,3.700,0.9979761447762969,0.006120243368809741,0.0017186410306700695,-0.06327087285279474,0.06275659606360337,-0.0031293417433930575,9.76198956053709,0.006919614279403919,0.000692802184079984,-0.006379928485761909,2.084059487290558,-0.5750870709124632,-1.2049785168251266
27022,3.708,0.9979773380236586,0.006122615616513068,0.001723171002836639,-0.06325169603196494,0.04625497962469583,0.01014656371651135,9.782760779471454,0.010727617142611725,0.0015850907288357374,-0.0038992973538390834,2.0918695533942784,-0.5814321231610219,-1.204617019686102
27023,3.717,0.9979766125901046,0.006135876280442652,0.0017204732429030995,-0.06326192944633062,0.038642753913412965,0.0640159938104398,9.74483319793879,0.013487118002598893,0.00018453711079391747,-0.010981619999731695,2.0896044466779466,-0.5825646907155998,-1.1953448148943706
27024,3.725,0.9979773383834083,0.006142155137551965,0.001717049513669203,-0.06324996240633567,-0.0007721388177438209,0.07753807504044526,9.747453565148497,0.011755806310672336,-0.0003155151037527091,-0.0056626965086044615,2.083740314959253,-0.5762103668299149,-1.1947155421368254
27025,3.733,0.997977572647745,0.006149782797885569,0.0017176826760696717,-0.0632455075865338,0.006929946111102779,0.1049756478097579,9.737547259984577,0.012105671869355055,0.0008843945795357628,-0.007439258699889311,2.082558346656597,-0.5843176383421371,-1.2000186847814938
27026,3.742,0.9979764736886445,0.006152121723629989,0.0017181842565357475,-0.06326260510868331,-0.03159927025317909,0.05289611921922532,9.739198576855424,0.010719726157840984,0.0006215308162821093,-0.012637653502105474,2.0879843994510257,-0.5875631786087854,-1.2075171056897325
27027,3.750,0.9979763497029277,0.0061504021074837555,0.0017082689305965091,-0.06326499667902707,-0.054561920321578215,0.05366136381540783,9.721053511058086,0.010018462211026006,-0.001778509297459047,-0.009082940981191898,2.0808566649821123,-0.5826180026290755,-1.2010238949217158
27028,3.758,0.997976539248788,0.006140696191948119,0.001701527945022928,-0.06326313114242202,-0.03916261444187219,0.02799368477281286,9.749095880318004,0.00794578588019381,-0.0012093067412238766,-0.008141269394739718,2.087956472665209,-0.5784932960664309,-1.2036968964647632
27029,3.767,0.9979779127802506,0.006147359052620301,0.0017107714156404925,-0.06324056325347152,-0.022818095533882223,0.016231656096144045,9.728331028339325,0.011766499032833245,0.002916930286626195,-0.0030746997238645505,2.083547663365104,-0.5801836601423661,-1.2017598111251506
27030,3.775,0.9979772021237608,0.006162889632454026,0.0016954267525375569,-0.06325067873735257,0.00018582733388808028,0.017363600722937668,9.746469687226107,0.014160786395690574,-0.00291810110956576,-0.010963358314174271,2.0827668733317983,-0.5830506320492289,-1.195146027359329
27031,3.783,0.997978396351204,0.0061648771509749305,0.0016993948781231485,-0.06323153298031563,-0.0007409074670778996,0.08386996361602128,9.747401141991439,0.010722530656949676,0.0015852874730094939,-0.003896300550313255,2.0866999405679953,-0.5808882340953537,-1.1988001794591185
27032,3.792,0.9979778559587333,0.006183278280359492,0.0017027715706795107,-0.06323817403037572,0.015545905025137004,0.07233063915002007,9.726634116798843,0.014522398563200617,0.001513465498072622,-0.010153742830727291,2.0898881810236984,-0.5777330922906861,-1.2007600953217938
27033,3.800,0.9979780910901758,0.006190882853391473,0.0017034017447289348,-0.06323370221646736,-0.0009753055317249816,0.08597639995327469,9.74738277007748,0.012100139695349399,0.0008832809196502994,-0.007435257220784601,2.0889419829415328,-0.5777724967484725,-1.2049173267484174
27034,3.808,0.9979779546380727,0.006189353369853475,0.0016940471861108999,-0.06323625673143458,0.00776140887224958,0.0478433133097554,9.736540513841517,0.01001458410221565,-0.001780640709546277,-0.009078863237390706,2.090577108876569,-0.5869543880832335,-1.1948077086937974
27035,3.817,0.997976742414375,0.00620437842797718,0.0016962045781497854,-0.06325385504729956,-0.0229422202558406,0.022247054026710785,9.728318841255927,0.013826565255659609,0.001379971643383949,-0.012750878334123828,2.088888936099884,-0.5706232004478194,-1.1976608513648712
27036,3.825,0.9979764944147811,0.006216168787168656,0.0016896910632988212,-0.06325678450020068,-0.03066743064609745,-0.003126530580070249,9.738243041020363,0.013126918784934598,-0.001018472350409873,-0.009195819317747874,2.088647676504483,-0.5806371507460536,-1.1980558505084535
27037,3.833,0.9979771351322722,0.006202128209946008,0.0016909007602672812,-0.06324802141940354,-0.01423131661946199,-0.014883931987113184,9.717491503444569,0.006912288930677655,0.0006896270462927965,-0.006374756408672611,2.0815355629550467,-0.5820602061077179,-1.1936994835963577
27038,3.842,0.9979764135807885,0.006215830139181048,0.0016890657186582863,-0.06325810974971076,-0.01640325967978894,0.037652202971964366,9.76720355472796,0.013474660955469193,0.00018010694360331942,-0.01097174401091794,2.0869725606110863,-0.5819018391296802,-1.2026950929588223
27039,3.850,0.9979776087761454,0.006217798321378577,0.0016930361094661848,-0.06323895155846666,-0.05590636943240205,0.05109257288210185,9.769807964689349,0.010717814684294986,0.0015856105679864915,-0.003893335469358343,2.0818370586538375,-0.5784724348828968,-1.2015444057725932
27040,3.858,0.9979782200020691,0.006237043145819584,0.0016915272325978296,-0.06322744997167622,0.006545203345356167,0.11906241734968498,9.737385475202627,0.014859438102767077,0.0004465375476136797,-0.0057725914315560995,2.0911330396627843,-0.5892396352290313,-1.204059956437191
27041,3.867,0.9979792360842885,0.006234339877531414,0.0016902180729083506,-0.06321171184027587,-0.01649256548308781,0.11993905349603902,9.719232120412133,0.00967477089181451,0.0002529659579058101,-0.00471431424662042,2.091636177768926,-0.5807136417523451,-1.2060904965072785
27042,3.875,0.9979791113686536,0.006231032957110388,0.001693827179836249,-0.06321391025403261,0.037144721400932855,0.14741249584705268,9.745563734066018,0.00932993468569906,0.0013174682323764044,-0.009090009076165934,2.087674522926814,-0.583327212400626,-1.1985257391358959
27043,3.883,0.9979791688414119,0.006233942955607947,0.001689174753705713,-0.06321284048737749,-0.02430479897094791,0.09507108271512169,9.729155686957329,0.011051542463723717,-0.0004506487634077958,-0.008251896368732225,2.0961793620845213,-0.5918207551473704,-1.1930114422376727
27044,3.892,0.997979246011639,0.006237603750494941,0.001685714728279959,-0.06321135337379732,0.016194061068353693,0.01802242441528987,9.725693972530657,0.011050908221986863,-0.0004508342890160785,-0.008251390436890533,2.0998526573553304,-0.5835342554735765,-1.1945282173219858
27045,3.900,0.9979792862531326,0.006238496607364642,0.0016941328183217644,-0.06321040486947076,0.014983781053730142,0.00513887714420312,9.77452411693489,0.010369795354086074,0.002649370642647698,-0.008267211287952722,2.085014083142249,-0.5826272742662018,-1.2019700476234532
27046,3.908,0.9979781905338394,0.006240822668417114,0.0016949220695397444,-0.06322745124076827,0.0005856220754468828,-0.03317277280905338,9.745592041270335,0.010704727893808918,0.000612484481665726,-0.012626051431835213,2.092331052487544,-0.5813973545217985,-1.2009516038321764
27047,3.917,0.9979790109983745,0.00623143004986798,0.0017014054457607831,-0.0632152521607667,0.023484566114005068,-0.032277011770728684,9.763736600184254,0.007949665136010215,0.0020205545289525705,-0.005550073321867426,2.0911030571639295,-0.5840735087206816,-1.199958538556077
27048,3.925,0.9979787610969879,0.006241209873581812,0.0017076659265452161,-0.06321806368214031,0.0003166671396324267,-0.03158732528641792,9.745597322661252,0.012438345298611262,0.0020795033996447295,-0.009204819656415487,2.084000086924642,-0.5823344685498336,-1.1968529191523016
27049,3.933,0.997978819605774,0.006244105698545363,0.001703011421669897,-0.06321697963671766,-0.016181406725873013,-0.018055354669115994,9.766337067898426,0.011048100994154954,-0.00045153323465102344,-0.008248478811989365,2.097022681151726,-0.5880583915795408,-1.2081788058423484
27050,3.942,0.9979793605804992,0.006243653308246401,0.001707121732864671,-0.0632083727372728,0.0057173959078981925,0.04844461906906123,9.785297806677617,0.0100185693263564,0.0014507276404114428,-0.006487907458606612,2.0877119488489857,-0.584108277359905,-1.203645370663522
27051,3.950,0.9979787347601288,0.006241664607565274,0.0017151173093029038,-0.06321823282973739,-0.04045281341858305,0.048946295458137695,9.749007933622268,0.009672401728904514,0.0025130696551734317,-0.010863110101003059,2.0876796903637285,-0.5860195919644802,-1.1992326121107209
27052,3.958,0.9979783349855734,0.00624883993729834,0.001702770882807489,-0.06322416840245541,-0.009779768402198187,0.07643862137591657,9.757182537795643,0.012075337615285661,-0.0023545118400516945,-0.010006558976446945,2.0844958493838868,-0.5772170181363966,-1.1978745169652747
27053,3.967,0.9979774175714308,0.006255321386799814,0.0017078365251503805,-0.0632378705066026,-0.02509370415088721,0.10370537515037165,9.72906548066089,0.011740772199802584,0.0019430290201797866,-0.011800531246975613,2.081574773484575,-0.5828435889762783,-1.1990632382225395
27054,3.975,0.997977647357646,0.006263188314991858,0.0017090078634675113,-0.06323343370995771,-0.03289337649516523,0.07821190495760123,9.739023892255124,0.012086084385104473,0.0008810632004194536,-0.007424410137430693,2.096966234536415,-0.5784631632457706,-1.2004572627351835
27055,3.983,0.9979775103307242,0.006259389259837566,0.0017121389764450257,-0.06323588775615345,-0.0023106409292606746,0.1057005032072816,9.747188609614414,0.009321849757027935,0.0013143857834244362,-0.009084019970758467,2.0852831509147323,-0.5833921138605097,-1.2053790327733942
27056,3.992,0.9979775640690659,0.006262542150402149,0.0017080471739856478,-0.06323483814670616,0.005319941190889817,0.13298413943605625,9.737206039421745,0.011043866188474753,-0.00045252946405700063,-0.008244472226982439,2.090128627302056,-0.5794373638223108,-1.2002538395054434
27057,4.000,0.9979782072533702,0.0062484661049889674,0.0017092452165835509,-0.06322604684364068,-0.031930700820783746,0.0943308082339967,9.690157637055673,0.006903738824871286,0.0006861720768809307,-0.006368142740329633,2.0852065652953473,-0.5810952771683041,-1.1949026001616345
27058,4.008,0.9979780614436092,0.0062450182354089785,0.0017131776249366866,-0.06322858251550852,-0.01779750054534118,0.05500251294197096,9.767118815504123,0.009320210834564613,0.0013138151217593622,-0.009082858310219972,2.082043800721682,-0.5772031106807073,-1.1964276252518724
27059,4.017,0.9979781215697171,0.006247889851119061,0.0017085195529713934,-0.06322747584337694,-0.0013919402874504427,0.04324582723402212,9.746389111171423,0.011042315668113284,-0.00045285832294389503,-0.008243034407520137,2.0911193389035043,-0.5809206848252955,-1.2021857784586214
27060,4.025,0.9979779734036573,0.006244357768143775,0.001712274865152233,-0.06323006177428132,0.038017235784760996,0.03166818028237976,9.743805357467592,0.009318990818907783,0.0013133783919133757,-0.009082012561134212,2.0891625952097086,-0.5823808267354649,-1.2016979026797598
27061,4.033,0.9979789918845807,0.006241617372344244,0.0017109697416869604,-0.06321429072730937,0.03028697967568482,0.0059858265398858345,9.75378680044041,0.00966557369291857,0.0002530762552502537,-0.00470645745663384,2.0882471251670203,-0.5768446543575637,-1.210058537270869
27062,4.042,0.9979792233922402,0.0062493247640447135,0.001711847104201151,-0.06320985047369251,0.06968923397830304,-0.005529430637901735,9.751208867305019,0.012081294199177733,0.0008803832515414153,-0.0074206948386540995,2.09496298938672,-0.5813278172433518,-1.1936082793097729
27063,4.050,0.9979790873228154,0.006245506493253806,0.001714971959488502,-0.06321229141663366,0.04659918754855097,-0.004844206506334899,9.733065765599253,0.00931735451384405,0.0013125541309665964,-0.009080800560598845,2.0862422648510193,-0.5772656942313092,-1.2029886092203956
27064,4.058,0.9979791346920132,0.006248678133042661,0.0017111870573943255,-0.06321133268509195,0.0849071803320923,-0.030085017177315657,9.779345418841267,0.011039564519462924,-0.00045371169756852826,-0.008240441268147262,2.082551580997482,-0.5789375150329921,-1.1990931850289555
27065,4.067,0.9979795522076332,0.0062608569998705375,0.0017170966461710702,-0.06320337510123372,0.046493511867534996,-0.003032636699239144,9.733067006503667,0.013119735148970888,0.0022140218999297493,-0.006598445949925711,2.089653003846884,-0.5772564225941831,-1.2019871311970654
27066,4.075,0.9979797782892188,0.00626859184610066,0.0017182360806579696,-0.06319900748303225,0.03757399978563527,0.037034925001573155,9.743788158045469,0.012078688876205512,0.000879787286396923,-0.0074185781102074164,2.0872276056862926,-0.578986191127905,-1.2041858610305562
27067,4.083,0.9979795481518244,0.00627991684760107,0.0017106452086854973,-0.06320172314136711,0.01457643542685044,0.03785784491989461,9.725639549226115,0.013106758609033741,-0.0010239723789372908,-0.00917553607474971,2.091836103345342,-0.5747965831053766,-1.2000412626919716
27068,4.092,0.9979791017315074,0.006284698358582751,0.0017113841286595728,-0.06320827665804285,0.012332663712827102,0.09069294435949131,9.775206034164777,0.011383099029634011,0.0007415366618627601,-0.010015293284186929,2.084280133446944,-0.5792071416565446,-1.201763728451168
27069,4.100,0.9979785800952654,0.006304488359959446,0.0017008646107874517,-0.06321482545363045,-0.018291878487861398,0.06511424625512473,9.767055728571213,0.015173971384717579,-0.0015938206133410365,-0.01011070463393251,2.0859994239775226,-0.5843477711627972,-1.2031672994336138
27070,4.108,0.9979784305839906,0.006298976960411093,0.0017173943894359487,-0.06321728825945609,-0.04141239661369375,0.06586805216416874,9.748904259960842,0.008629787343084162,0.004410252495631272,-0.00909782097742004,2.0828561884201497,-0.5819458794060298,-1.207363771523871
27071,4.117,0.9979786891040123,0.006308499288963747,0.0017049461210257063,-0.06321259439133406,-0.017402610874501286,0.08059066342676983,9.718179284146336,0.012758006696355755,-0.002220672825775777,-0.007395442671397648,2.0833248428869457,-0.5816762527824774,-1.2046771659115185
27072,4.125,0.9979782701014537,0.006313410809294627,0.0017051424945054897,-0.06321871351377707,-0.041450638986111635,0.06771146828299407,9.7488914691788,0.011380009549146598,0.0007403846289260235,-0.010012957770316333,2.086450350979489,-0.5823460580962413,-1.198055687767148
27073,4.133,0.9979783322510687,0.006316245962857106,0.0017004753309293737,-0.06321757491364106,-0.08856897608534818,0.05454087637919268,9.761461775996558,0.011033727141675078,-0.00045564190543618155,-0.00823518743446798,2.092579230239006,-0.5745663609396107,-1.2015029650672766
27074,4.142,0.9979786706020164,0.006310873320070073,0.0016995013424571691,-0.06321279614569769,-0.024999140673104533,0.05683203866068339,9.72817320234759,0.008964700696684882,0.00011364175352477812,-0.0072986607428388705,2.0833355844192956,-0.5812019009952559,-1.2061465401975526
27075,4.150,0.9979787330014405,0.0063137036846317935,0.0016948333609734705,-0.06321165369219098,-0.033727188779273415,0.017568913259407595,9.787055763812967,0.011032587850185344,-0.00045595294796802995,-0.008234241583013292,2.086965134131874,-0.5860427710572956,-1.2016791971596599
27076,4.158,0.997979212341237,0.00629534323215809,0.001691002152396583,-0.0632060194924088,-0.026045331168518517,0.04470458761182506,9.777034015667267,0.005855761176500963,-0.0006519603571904377,-0.007182253183539659,2.092088770769514,-0.5804231539452586,-1.201206783007923
27077,4.167,0.9979786920020368,0.006315107774542809,0.001680479293086353,-0.06321254395328588,-0.009496000971521765,0.03296108961179403,9.756326939368043,0.01516787784542877,-0.0015950373924050146,-0.010104929876153971,2.0908222257364693,-0.5727948700388208,-1.1949403591522654
27078,4.175,0.9979798451696236,0.00631518285969535,0.0016985368478281118,-0.06319384521644224,0.05393536108611144,0.03547264432592987,9.723038505814992,0.010013176377856679,0.004687143496927674,-0.00390123086139815,2.089389272952366,-0.5767426663491751,-1.1993081974954425
27079,4.183,0.9979781522776664,0.006331831490756057,0.0017054974457873316,-0.06321872163284316,0.03717538332834974,0.04905510794695031,9.74373658719691,0.01413321341083147,0.0025596831265714305,-0.014499235763347456,2.0864787352561427,-0.5848244408593002,-1.2019384788705492
27080,4.192,0.9979788135040786,0.006320089810168109,0.001694243703973937,-0.06320976032271584,0.060165233934557374,0.05018581756438042,9.761877375774219,0.007577429459326554,-0.0024175916056587725,-0.006338817673628382,2.096194215042946,-0.5835388912921396,-1.1950432338359978
27081,4.200,0.9979790546679143,0.006327561943396583,0.0016948630628356547,-0.06320518841984255,0.06131908063235892,0.06458534269425172,9.712997034860734,0.01206840336439458,0.0008781700664504309,-0.007411082901094188,2.08872483822344,-0.5746335803087758,-1.2086110899300908
27082,4.208,0.9979789063184176,0.006323942956241462,0.0016987118644707741,-0.06320778960684605,0.05359906360267172,0.03900777529289916,9.723026824645045,0.009305297610908233,0.0013073276978229356,-0.009072513551549564,2.0854507332853633,-0.5806070179253935,-1.19490545116854
27083,4.217,0.9979789699141534,0.006326753722879966,0.0016940401728917256,-0.0632066295914309,0.028376364912914485,0.01240283436232794,9.80263467698693,0.011027932653452525,-0.00045725101869275735,-0.00822994561750183,2.0815537817989234,-0.5767125335285148,-1.1961917072236021
27084,4.225,0.9979805636895419,0.006307400346483109,0.0016994089465836334,-0.06318325100852129,0.022898368805708745,0.013804507254412016,9.714914743513633,0.0055190497809909055,0.0013913155370364851,-0.002827436004526309,2.08888655844885,-0.5791654192894766,-1.1973356036090885
27085,4.233,0.9979803815563459,0.006334424881082942,0.0017125341556443892,-0.06318306985928078,0.044578787559269833,0.0013785993521988583,9.781940198212615,0.01655634628524224,0.004173711221513158,-0.008481666825890542,2.0813506767222116,-0.5770099750634462,-1.2018060053308317
27086,4.242,0.9979815677400682,0.00633653839867243,0.0017170846762103878,-0.06316399569702338,0.013590112090953918,0.05485404539717052,9.725559965483635,0.01069259291926827,0.0015875802879779788,-0.003876694094944117,2.0937727080350634,-0.5806348328367721,-1.1977742489662377
27087,4.250,0.9979808527649395,0.006349590057840562,0.0017143327867829615,-0.06317405546391508,0.012422719475386552,0.042262168466792836,9.774437695132521,0.013437634604754995,0.00016674443265972866,-0.010939597682738403,2.092787028317688,-0.5837969283692843,-1.19653064020909
27088,4.258,0.9979812220619145,0.006346437989737161,0.0017006521771875103,-0.06316890784890042,0.027770860592600848,0.09609089281934662,9.754334752413833,0.009642222404256825,-0.0029885509305064735,-0.0072695901629154305,2.0854578208824748,-0.5813486784268859,-1.1958749900207157
27089,4.267,0.997981286469798,0.006349234740255343,0.0016959760706103096,-0.06316773495597708,0.027904735558872705,0.09693265402707567,9.754326042327902,0.0110245728676438,-0.000458678485917799,-0.00822678784084108,2.0952433747911243,-0.573317897920955,-1.1985654455556258
27090,4.275,0.9979813278166929,0.006352284864246272,0.0016922843780544671,-0.0631668740703421,-0.019151492971894026,0.08372013908855204,9.766912314566069,0.011023945529667857,-0.00045886240014838213,-0.008226286863407256,2.0842569504954143,-0.578932879214429,-1.1985924460172905
27091,4.283,0.9979812148809365,0.0063504223196050565,0.00168231428655273,-0.06316911191218624,-0.026678367678528325,0.05813091589515925,9.776961700945508,0.00998458970759468,-0.001794776361650047,-0.00904532889794292,2.0849443140142943,-0.584978172018775,-1.1924260683062795
27092,4.292,0.9979807962644373,0.006355514028190588,0.00168333199077861,-0.06317518596922671,-0.05724956876137831,0.03227280367804469,9.768870126122607,0.01136633949474173,0.0007350209780978444,-0.010002623442505604,2.0957048908284936,-0.5730389996602762,-1.19490234754905
27093,4.300,0.9979814436437997,0.006341371708471446,0.0016845075734377214,-0.06316634849132907,-0.04970073702876762,0.05945418483807212,9.75880637768172,0.006888154630145233,0.0006797231484139754,-0.006356737709745931,2.094282171253589,-0.5838363328270708,-1.2006700247577806
27094,4.308,0.9979813072876228,0.006339797229904428,0.0016756950507245303,-0.06316889520696929,-0.05726611286022112,0.03369496488986019,9.768865226571814,0.009983069063268438,-0.0017952811796774033,-0.009043778765388515,2.0913917556173334,-0.5848638453170868,-1.2060528777901331
27095,4.317,0.9979815500517668,0.006347232017447516,0.0016763116137108469,-0.06316429672975007,-0.08023038092225952,0.034296041715404846,9.750716996630626,0.012059478093802471,0.0008765388247869354,-0.007404594487789391,2.0981828613957934,-0.5852941568279585,-1.1998951933733237
27096,4.325,0.9979815591913193,0.006332745045897466,0.0016646728397054094,-0.06316591421474661,-0.08903907707051424,0.07411374210453724,9.76132851273443,0.00687676168445328,-0.0025623575900257578,-0.00892823984070801,2.0845329703121678,-0.5823924162818725,-1.2029524272406127
27097,4.333,0.9979813146078887,0.006341953248826449,0.001670136589604197,-0.06316871034200577,-0.026546867328814925,0.06287504375246296,9.776932702225174,0.012401378805715065,0.0020702361581223343,-0.009181097083437974,2.083278561704411,-0.5799070797909691,-1.1983461902805106
27098,4.342,0.9979816750867835,0.006336631961374095,0.0016687552327694951,-0.06316358557220235,-0.056158577181677945,0.05052634434828708,9.719957485917508,0.008952639588029075,0.00010957580482536264,-0.007288874354398516,2.093317855992177,-0.5877586321353281,-1.2023489396412559
27099,4.350,0.9979820317453182,0.0063309417294214404,0.0016670022377820023,-0.06315856706611546,-0.02665282958623122,0.06447089435243737,9.776922018636263,0.00895219864027359,0.00010944644807333195,-0.00728852214583154,2.0932899122622555,-0.578932879214429,-1.1985264125689374
27100,4.358,0.9979820797678695,0.006332154400821083,0.0016762566549008923,-0.06315744173467777,0.01271180523187159,0.05294735858631462,9.77438528098644,0.010332860273301188,0.002639194577809308,-0.00824631368755699,2.08895624285628,-0.5780351696441803,-1.2068679936895155
27101,4.367,0.9979808152882127,0.006329172865302213,0.0016706763108274615,-0.06317786580900007,0.005035947350148744,0.02732140049793015,9.784458925543621,0.009626956368921798,-0.0007461457090220925,-0.013413601978280768,2.086703306453448,-0.5838224253713815,-1.1992606114880382
27102,4.375,0.9979806832489262,0.006325548800683197,0.0016741271422537113,-0.06318022311363329,-0.017988090218039793,0.02777876420937699,9.766311090047184,0.009293326876275184,0.0013025854773095458,-0.009064464731878177,2.0886976116222553,-0.5811903114488479,-1.2048866615733203
27103,4.383,0.9979805527404232,0.006321626288511351,0.0016772187513365475,-0.06318259515284526,0.013798226368485036,-0.01020376714186885,9.773863284720628,0.009292763997544102,0.0013024203040076898,-0.009064015118203048,2.088895108715322,-0.584547860507903,-1.1985052264601825
27104,4.392,0.9979798465062124,0.006335050675757792,0.0016749919822556442,-0.06319246396709607,0.021326803421381362,0.01716190562384734,9.763779822751285,0.013424497083933243,0.0001634725590911992,-0.010929379898571734,2.0906167599528285,-0.5813904007939539,-1.200231727351062
27105,4.400,0.9979792284137633,0.006332897332788938,0.0016829266596704749,-0.06320222958013788,0.0058040457180771,0.04421593129484766,9.73554521347758,0.009633685295153908,0.002495083275833196,-0.010840255123024282,2.0862277846629063,-0.5801767064145215,-1.2010078102637562
27106,4.408,0.9979786064174935,0.006331087828712956,0.0016914688670496818,-0.06321200355134078,0.012105732385112946,0.05794323406203787,9.774357710803327,0.009632969543924412,0.002494873202201045,-0.0108396833867888,2.0872099968301985,-0.5755451973347139,-1.201777079907888
27107,4.417,0.9979789644361706,0.006325380847906798,0.0016897145546575121,-0.06320696927365879,0.011995293849541375,0.058700886027222406,9.774353325620972,0.008948162243342042,0.00010872267479170468,-0.007284762629112897,2.089884730417721,-0.5760195491219353,-1.2002880740561275
27108,4.425,0.9979775409524899,0.006333540947682639,0.0017001385343297804,-0.06322834445444411,0.04350882772960684,0.0998163874727139,9.733495379384372,0.01203943386851462,0.0031179558777588677,-0.01354836544860438,2.0874462469619557,-0.5862776290416247,-1.2006968175425003
27109,4.433,0.997977608586238,0.0063362888618156464,0.0016954579885054943,-0.06322712729646249,0.02066198219127632,0.021440465164357467,9.76377279268083,0.011012933983350664,-0.0004607541811473934,-0.00821606225636571,2.081605077921426,-0.5833712526769758,-1.2032086952032912
27110,4.442,0.9979784777043658,0.006329343993929818,0.001689139882609073,-0.06321427251769193,0.0282986780684559,0.04867761255356427,9.753673141153733,0.008604859171358148,-0.001084366446953159,-0.005506184515369071,2.087712050513616,-0.5826434996311726,-1.2036592777476178
27111,4.450,0.9979783679080523,0.006327438031375697,0.0016791591119831104,-0.06321646257278728,0.020839492608483716,0.02299685215049256,9.763768873140014,0.009974369969228803,-0.0017982418088856667,-0.009033889533684192,2.08351921131203,-0.578681795865129,-1.1978677486323521
27112,4.458,0.9979787061998434,0.00632003171909238,0.0016909303951382158,-0.06321154898557511,0.028352206153545605,0.05017733938630453,9.753665385824828,0.00825893063767189,0.0032071140012675716,-0.0073092773288519495,2.09008729328307,-0.5835342554735766,-1.1945996048337186
27113,4.467,0.9979787544974327,0.006320732531563963,0.0016993153836470922,-0.06321049152826427,0.02054124168859788,0.02449738452360887,9.763765855926577,0.01032403148515761,0.002637710958752115,-0.0082408761337591,2.086258343261333,-0.5770424257933879,-1.2051880349547481
27114,4.475,0.9979789297300682,0.006310712286898201,0.0016929306750357426,-0.0632088974036843,0.028050671305210266,0.05167723055741382,9.753658425799127,0.007907589266532716,-0.0012295061077266245,-0.008100368757798383,2.0913592260263947,-0.5906812338649482,-1.2016030336797425
27115,4.483,0.9979791757929223,0.006318095395146907,0.0016935481915963545,-0.06320425815386474,0.0126317665334597,0.07856986780539663,9.725398579492333,0.012046966355397537,0.000875861327040832,-0.007394741390975661,2.0826142455842205,-0.576089086400382,-1.2076653076466042
27116,4.492,0.9979789026604643,0.006311930836223458,0.0016784393892506876,-0.06320958958062671,0.03571445534543183,0.0797807801776745,9.74353891217906,0.008934887414286129,-0.0031366623384877974,-0.009849617697992035,2.088196580061466,-0.5850801600271636,-1.2031442837014261
27117,4.500,0.9979789514862273,0.0063126205784895095,0.0016868227800479686,-0.0632085266462639,0.011665663774350443,0.06675174704503342,9.774302059501746,0.010321390235528175,0.00263715051645198,-0.008239551880143855,2.0879757475199248,-0.5836455151190914,-1.2063335757545424
27118,4.508,0.9979775284027025,0.006305394451945442,0.0016761563525598217,-0.063231995887531,-0.018919811464959555,0.04072029858334796,9.76626394435924,0.008578763720289378,-0.0020905132614353603,-0.014221124900611126,2.08236081567532,-0.5814483485259929,-1.2063954841999327
27119,4.517,0.9979773797650957,0.006299390215165056,0.0016923053033668868,-0.06323451006271588,-0.0025147088781894474,0.028795062531029206,9.745605651752644,0.008595564517033631,0.004398312180996203,-0.00908450609695586,2.0902036146992398,-0.5790464567692254,-1.21051164533949
27120,4.525,0.9979774495553239,0.006302255220924379,0.0016874263989343598,-0.06323325351688132,-0.02673692842276039,0.015778178144830447,9.776375402952112,0.011006875548100117,-0.0004618382037593638,-0.008210585434872856,2.0855399467090847,-0.5809670430109267,-1.2071092882489858
27121,4.533,0.9979770309347259,0.006306742683343879,0.001687581545817845,-0.06323940853583467,-0.028146242491765994,0.08218033993655446,9.776785015324746,0.011346823841193954,0.0007298481554559014,-0.00998720655327968,2.0855151147030386,-0.5787374256878863,-1.203712425495347
27122,4.542,0.9979775657232082,0.006305855281031097,0.0016911947553235394,-0.0632309604755025,-0.0677426916059218,0.09529140227485434,9.779280809791924,0.009977470522004858,0.0014448900409934694,-0.006460284482189961,2.0888974185899354,-0.5769821601520674,-1.198821202826568
27123,4.550,0.9979767718571302,0.006299002036768404,0.0016938094689408294,-0.063244101831286,-0.03590301924359707,0.05736660813888236,9.786895663767826,0.008584384769043864,0.0011522635658855016,-0.011650465443734243,2.0890736190034582,-0.5786029869495561,-1.1895265154622046
27124,4.558,0.997975747889898,0.006320773940307602,0.0016894659540462938,-0.06325820219690344,-0.026978099787133072,0.01928500438678273,9.776368455083468,0.015474281693440848,-0.0004089427865239004,-0.01184704540326655,2.0889238657622866,-0.5816553915989433,-1.202439010205269
27125,4.567,0.9979760024513892,0.006293196089584671,0.0017061572447233963,-0.06325648774299306,-0.003078078137063212,0.03386146816354996,9.74558920179628,0.0034252395654320858,0.004196944634415816,-0.008039225679460724,2.0832751449866445,-0.5777052773793074,-1.1978788047095428
27126,4.575,0.997975308535768,0.006308504730432306,0.0016909108587960485,-0.06326631917121028,0.00583556597541899,-0.004486607003029101,9.735071505927747,0.014096296913223469,-0.0029387308492331795,-0.01088638456887733,2.0857167062780757,-0.5745315923003873,-1.1978910898471509
27127,4.583,0.9979751604230338,0.006302476322410852,0.001707054233171415,-0.06326882278556548,-0.004253040925181494,0.022083225336134202,9.794511463304923,0.00858973767821185,0.00439652422511654,-0.009081941568246994,2.0913335074505603,-0.5755104286954904,-1.198084893737063
27128,4.592,0.9979750175075095,0.0063006655390026225,0.0016980091469508294,-0.06327150076921438,0.028666506730546815,-0.0024125288734355996,9.753221237438783,0.009965939031736428,-0.0018009670854764273,-0.009023979343821488,2.0830202524083834,-0.5784237587879842,-1.1964088972639526
27129,4.600,0.9979753784316855,0.006294912463215986,0.0016962485101268477,-0.06326642760743975,0.03627343154660939,0.024790681409993173,9.743083160190915,0.008937206814421807,0.00010629514897030809,-0.0072753500911596995,2.0810918082707164,-0.5835829315684893,-1.199792223351746
27130,4.608,0.9979761228763188,0.006300970541839594,0.0016925853592092562,-0.06325417846896479,0.05029699128937493,0.06509673089030056,9.771731683257705,0.01169771118950376,-0.0003155768100243795,-0.005610230170506584,2.0871718423115087,-0.5852617060980169,-1.1965577809442405
27131,4.617,0.997975903858826,0.006312119054921306,0.0016849734038530476,-0.06325672560941338,0.051403306422148756,0.07950184855176598,9.722791898461667,0.013064751687935033,-0.0010322713906291922,-0.009134741541046973,2.0874872251547356,-0.5873074594409222,-1.2063023774198889
27132,4.625,0.9979761179629434,0.006302402660864078,0.0016784350171984608,-0.06325449037188786,0.01197790798442365,0.09257171851872815,9.725276205703517,0.007899535624147528,-0.0012329386134733045,-0.00809193463113266,2.092156365575696,-0.5836849195768778,-1.210453328737506
27133,4.633,0.9979751922920307,0.006306571312862303,0.0016964843219092166,-0.06326819634624087,0.004286091045200109,0.06690661871340316,9.735416503623169,0.010989056825470933,0.005016856776086391,-0.011787475753523569,2.090641608902979,-0.5833758884955387,-1.20363090795205
27134,4.642,0.9979731870324482,0.0063161246730035776,0.00167990339205698,-0.06329930851128895,-0.004374272477307695,0.028055404668294915,9.794496126157535,0.01269716237726078,-0.0032362370717865805,-0.016069465289843807,2.0808709418409643,-0.5826365459033279,-1.202976879710163
27135,4.650,0.9979740167781614,0.006306549854656885,0.0016863714053562088,-0.06328700827244652,-0.033795875367551,0.015417685151509977,9.737559923546,0.007905801261782116,0.0020133256181147784,-0.005525556496360083,2.08755430616144,-0.5722571855541054,-1.2154786386021161
27136,4.658,0.9979737669430714,0.006315598128384173,0.0016913909730103091,-0.06328991159982632,-0.05800774015529894,0.002438438485407067,9.768347545508062,0.012372124251782317,0.002065873696573998,-0.009161396034620024,2.0828168423377806,-0.5831155335091126,-1.2019814741188946
27137,4.667,0.9979738390238335,0.0063182781521806805,0.001686701793731545,-0.06328863264665126,-0.018556471131981542,-0.008815910119660625,9.765862179976077,0.010996800008926408,-0.0004638382276397999,-0.008201238930649762,2.0920848287844898,-0.5857893697987141,-1.2006675441691257
27138,4.675,0.9979743993573945,0.006317747036966817,0.00169084453288688,-0.0632797388141799,0.00396566603042332,0.07132575287222429,9.735385264635855,0.009968154446395594,0.0014440013349698675,-0.00645398948782506,2.083109364167474,-0.5802485616022497,-1.2085988272603025
27139,4.683,0.9979742733522692,0.0063137316467608545,0.0016939123805991135,-0.06328204469318525,0.03584926644631592,0.033480090742781354,9.743058745799617,0.009270699346144684,0.001295133504337753,-0.009048124553245539,2.081581623864215,-0.5870030641781463,-1.2000003272118245
27140,4.692,0.9979743686936692,0.006316866180545726,0.001689210164295861,-0.06328035399040183,0.03432178887888311,0.0997975038685473,9.743359457542697,0.010995192486878136,-0.00046429452098973857,-0.008199692775080467,2.0910888989138123,-0.5823460580962413,-1.198021778699075
27141,4.700,0.9979750211301863,0.006302637775725946,0.0016903678083365352,-0.06327145180841823,0.03685046783852873,0.048385278295207584,9.694109292477185,0.006867570572045575,0.0006734930584541717,-0.006341243528388444,2.0865310480249484,-0.5768353827204374,-1.2090945376911983
27142,4.708,0.9979746816997169,0.006327084841486468,0.0016856131169443915,-0.0632744924292406,0.06629094208919074,0.06284365620138117,9.751031626804954,0.016156458346669813,-0.00026325229921709756,-0.009239236002657998,2.087254425628956,-0.578288570902762,-1.2078546610509429
27143,4.717,0.9979741802722225,0.00631172600183726,0.00169112540410802,-0.06328378717911633,0.02821001037643185,0.01046463571006428,9.75321725126962,0.0065077747584889045,0.0017137391513020067,-0.010712037800365053,2.082872199054042,-0.58269912945393,-1.2095539258688262
27144,4.725,0.9979748574563805,0.006299696727601097,0.001678939051094914,-0.06327463053799783,-0.0037746823996290453,0.0496501089641438,9.745521309836224,0.007556202424469238,-0.002425227801731894,-0.0063091175819657026,2.0818068728257226,-0.576235863832012,-1.1974151737232868
27145,4.733,0.9979746200236842,0.006308756146402008,0.0016843873054247667,-0.0632773278819084,0.0052585879364843505,0.011394807811408458,9.735066198391564,0.012365689256962189,0.00206446245175057,-0.00915724669801383,2.0870225804493843,-0.5812343517251977,-1.2095374932604355
27146,4.742,0.9979746828514887,0.006311620259990418,0.0016799611670624763,-0.06327616903417674,-0.04439982582232407,0.05025399096571198,9.796936367148408,0.010991801068093233,-0.00046511032094427454,-0.008196692876174564,2.0837504803920295,-0.5840364221721768,-1.196106109612982
27147,4.750,0.9979742470550589,0.006313980911311278,0.0016931633602016644,-0.06328245458084013,-0.04349735601445703,0.0644611955644213,9.74798010692072,0.010638871885717553,0.003822689482267387,-0.010004877704936514,2.086970759059624,-0.582143650841854,-1.202448652012917
27148,4.758,0.9979737792346131,0.00630125013863978,0.0016863759953585442,-0.06329128172881181,-0.019566349546409664,0.0789707684734058,9.717172734893984,0.007195305284379013,-0.001386219046717266,-0.010678403707106507,2.0903659788006435,-0.5743013701346213,-1.1993242372177624
27149,4.767,0.9979728550382865,0.0063053591456541346,0.0017044081891662217,-0.06330496067055731,-0.02076278749682893,0.06638417511365317,9.766119475957586,0.010974860795861087,0.005012019780251091,-0.011780998842988055,2.0910963423371305,-0.5779609965471706,-1.1990399923455868
27150,4.775,0.997973670865233,0.006297979415243745,0.0016989068120023864,-0.06329298089600138,-0.019885294294155694,0.08049530005830219,9.717159578681944,0.008589236601114688,-0.001085947880769456,-0.0054892505529050084,2.0872344730100374,-0.5829015367083173,-1.2051252678671904
27151,4.783,0.9979735462611611,0.006293934317714458,0.0017019666235074575,-0.06329526572611653,0.002052284230847646,0.0683783050263724,9.784259219673011,0.009263686089233232,0.0012927513488761731,-0.009043025340420917,2.0923222141712867,-0.5801651168681137,-1.1997425775761434
27152,4.792,0.9979741100651642,0.006295241382357249,0.0016931270701180622,-0.06328648272977466,-0.005432134827295479,0.04276454678340496,9.794442417009488,0.010651297356998629,-0.0016549244584326411,-0.006416389498774201,2.080851311160043,-0.5826110489012308,-1.200291525626048
27153,4.800,0.9979736748033112,0.006297583503896657,0.0017063260518576948,-0.06329275861417097,0.026001365051643237,0.08384340939374875,9.753440639629364,0.010634434717587033,0.0038215386126453474,-0.01000245783695402,2.0926091280173345,-0.5809531355552373,-1.205592793711644
27154,4.808,0.9979743346747223,0.006283748950200392,0.001707923802901555,-0.06328368530640252,0.027370204569330675,0.01906532847384427,9.753206623979702,0.006862259308935689,0.0006717886099311675,-0.006337059285306861,2.0896563866764417,-0.5799464842487555,-1.2024498810733346
27155,4.817,0.9979741203430588,0.006294833986326245,0.0017003046843644136,-0.06328616874612959,0.057864989973279976,0.04678743422655247,9.761160781039136,0.013049652379861429,-0.0010348548044386418,-0.009119448491474792,2.0847614326621815,-0.5767565738048644,-1.2008068451548513
27156,4.825,0.9979744683192361,0.00628926837024442,0.0016991485588774093,-0.06328126563589108,0.011916470826024983,0.04670588729750564,9.72485452950595,0.008923914168175867,0.00010262363722747826,-0.007263947488765748,2.099179655415828,-0.5762868578362063,-1.202659169058191
27157,4.833,0.9979731901229992,0.006284072982661924,0.001706547047218836,-0.06330173709819521,0.03376803398184194,0.034632814677862424,9.791963830625251,0.008899399286848601,0.002328963748065459,-0.013411319504781723,2.088179157590528,-0.578953740397963,-1.2007609988996006
27158,4.842,0.997973059675865,0.00628226679471053,0.0016975431684915945,-0.06330421496475622,-0.0031782477493886227,-0.0046542737784741675,9.745250560053092,0.009950906901480963,-0.00180661674483671,-0.009006922605576808,2.0891529719882937,-0.5667426235066303,-1.2003815063187822
27159,4.850,0.9979729141548858,0.006276145330616425,0.0017136625182620619,-0.06330668190458155,-0.02889203562481887,0.0478063976849654,9.776265115916333,0.008567566303326132,0.0043891948114757415,-0.009072953018693557,2.0845281248132506,-0.5750615739103663,-1.202289593365425
27160,4.858,0.9979729309682024,0.006278584555367665,0.001709580941493964,-0.06330628534136586,-0.0034418242120508005,-0.0031089041392360537,9.745251086580835,0.01098427402881147,-0.0004663933398423766,-0.008189195024536761,2.0862444561168974,-0.5714089012256616,-1.2032883606553357
27161,4.867,0.9979722291830192,0.006291402200125345,0.0017067876090179864,-0.06331615049803899,-0.019976431846559624,0.01052400786890282,9.765857688931167,0.01338212183578076,0.00015324906407090832,-0.010892559649465797,2.092825233668693,-0.5733480307416152,-1.2017568927147857
27162,4.875,0.9979722320423989,0.006291848663289549,0.0017158084059252375,-0.0633158172514987,-0.006173391900499905,0.05106304496313807,9.794402229214048,0.01029121167610268,0.002631157707299367,-0.008221770174341236,2.0864699138839904,-0.5833480735841601,-1.2007317704618654
27163,4.883,0.9979719970698984,0.006300852955494323,0.0017212514770765474,-0.06331847763255989,-0.029358722742331124,0.05147324985291032,9.776245108592578,0.012352588364544136,0.0020622178911885833,-0.009147948545290831,2.089957475716711,-0.5822178239388638,-1.2102391749131862
27164,4.892,0.9979735339938962,0.006296622348697528,0.0017153849148576763,-0.06329482956233909,-0.02940727394808364,0.05235303556451274,9.776240288923987,0.009281769114649827,-0.0009341990993363587,-0.002889868873302532,2.0933113953269538,-0.5779841756399863,-1.2014651611410057
27165,4.900,0.9979729879641556,0.00631200457095054,0.0017309664921507332,-0.06330148218798062,0.001935289060215962,0.09348358180787221,9.735198327440868,0.013721147176923642,0.004590703897923224,-0.010107672029049027,2.081356216929437,-0.5743315029552815,-1.202563870947342
27166,4.908,0.9979724860313706,0.006298787768377298,0.001723960241170874,-0.06331090236367348,-0.02222489240498105,0.08055856501309401,9.766009619658135,0.007187285928399624,-0.001392550470884086,-0.010668979603397927,2.0830234996851003,-0.5830668574141997,-1.196853104361427
27167,4.917,0.9979723409710147,0.00629264271032538,0.0017400724549149172,-0.0633133591938129,-0.005798901531412026,0.06854990730646937,9.745405701231226,0.008562087123359685,0.004387058027949193,-0.009070425006493745,2.092092136654966,-0.5833573452212863,-1.2016672150368428
27168,4.925,0.9979724353614108,0.006295923190644183,0.001736258148464857,-0.06331164993612853,-0.013428351451350854,0.042922352834926236,9.755623744358525,0.010979850859665989,-0.00046760638003110123,-0.008184578738602078,2.0933187031974305,-0.5755521510625584,-1.2024648320087228
27169,4.933,0.9979726018068344,0.0062833921017425715,0.0017422287037736923,-0.06331010713730699,0.002037215411339789,0.01777163536342897,9.78399953532536,0.007191640377538007,0.0018575901551803312,-0.008109036119637376,2.084066168229148,-0.5816878423288849,-1.2058924273409182
27170,4.942,0.9979726690592161,0.006286226840657662,0.0017379423038574682,-0.06330888341679418,-0.00445145323505623,0.005328598880120043,9.745249716783206,0.010978840159693852,-0.0004678017430768968,-0.008183608399682867,2.0830327277157736,-0.5786841137744105,-1.1981154411064947
27171,4.950,0.9979720581463081,0.006283877227721456,0.00174581183803377,-0.06331852957259687,-0.0210923318704885,0.01881285849918161,9.765842890315243,0.009587499590685986,0.0024762513132271778,-0.010811181755264732,2.0891193410305258,-0.5884284374490922,-1.1957810021306847
27172,4.958,0.9979719565571775,0.006280540730916552,0.0017499026466170574,-0.06332034881690163,0.010228821346722688,0.05976720137097384,9.724784949773357,0.009251560977375244,0.0012883674451191728,-0.009033712008180225,2.0881702345537447,-0.5789421508515552,-1.1995403834068208
27173,4.967,0.9979716573109209,0.006271807589232549,0.0017476306927798806,-0.06332599324621287,-0.00741663699841562,0.05990097912395501,9.79435130133037,0.008217654532901625,-5.317524455295384e-05,-0.009849346334774741,2.0877176754413673,-0.5787443794157311,-1.204428732600875
27174,4.975,0.9979715263532513,0.006268011443058419,0.0017512729766693033,-0.06332833223505464,0.016544457791027166,0.07438243253528315,9.7635208441394,0.009250411621120192,0.0012881152533114751,-0.009032883095514761,2.0954746608152277,-0.5784283946065473,-1.196806124383605
27175,4.983,0.9979723590010016,0.006258358829512646,0.001757736531790816,-0.06331598516190419,0.002529489619869502,0.035460430764582725,9.73500937293271,0.007886931657767566,0.002010626677140777,-0.005514145863535018,2.091083545091743,-0.5823391043683968,-1.1972894094034072
27176,4.992,0.9979724256400204,0.006261504320435659,0.0017545234598138745,-0.0633147129287388,0.008887791190451307,0.04943023259837612,9.773749316080872,0.010975782843315057,-0.0004682816558598451,-0.008180497117161742,2.0922829358653385,-0.580358252485375,-1.1943695515605641
27177,5.000,0.9979718152738322,0.006259138375201152,0.0017623884398820522,-0.06332434834121349,0.049382048985359035,0.05138308301746934,9.722329540450696,0.009583608485045364,0.0024747859588341156,-0.010808575230062175,2.090599354425995,-0.5750198515432982,-1.1978507603965858
27178,5.008,0.9979713796406727,0.006263871974960526,0.0017639585667810354,-0.0633307016868443,0.04180146344681304,0.025815586341443392,9.73256949564145,0.011309283994702426,0.0007187472887662436,-0.009956234295328274,2.0891736078477385,-0.5780004010049571,-1.2032043625233833
27179,5.017,0.9979717470931311,0.006258017812864994,0.0017621804491471738,-0.06332553937395612,0.04074030366756188,0.013436871235851414,9.78155294462868,0.008913076610794726,9.998356973507958e-05,-0.007253810381094757,2.09064194778508,-0.5784932960664309,-1.2036772648990366
27180,5.025,0.9979722781258897,0.00625701393523594,0.0017662211214777188,-0.0633171566937896,0.009590527986092588,0.06591041527318724,9.724745904798693,0.009945538651140461,0.001441692156757478,-0.006437652089147186,2.0901123625065865,-0.5823460580962414,-1.198028917450248
27181,5.033,0.9979723340773029,0.006257528680719388,0.0017745819336952146,-0.06331599016102618,0.031382060770950446,0.05410563305197302,9.791883533536392,0.010279437400320819,0.0026285408588171914,-0.008214149541808966,2.0910869956977205,-0.5840526475371476,-1.1977614306690736
27182,5.042,0.9979732022157061,0.006250644317685601,0.0017691546472118657,-0.06330313733755755,0.009355278659937651,0.06749511980483738,9.724735263596557,0.008577528876272915,-0.0010873944375564932,-0.005475694073262557,2.091632693274738,-0.5794883578265049,-1.2056138395469134
27183,5.050,0.9979721274065583,0.006252067825152746,0.001768770972295544,-0.06331994959557564,0.02491892062870812,0.04243180129782963,9.753139529953216,0.010607748829219424,0.0005623988058124597,-0.012546334437650339,2.0852585222379467,-0.5782329410800046,-1.2020099841879477
27184,5.058,0.9979717111815586,0.006256621208248126,0.0017692320510641186,-0.06332604669769135,0.032299019172208204,0.06974077200922495,9.742879083259218,0.011305469570954813,0.0007174901808073743,-0.009953131708602582,2.085244160658569,-0.5794350459130291,-1.2000454101627538
27185,5.067,0.9979713023950769,0.006260930514424553,0.001769348171058757,-0.06333205943293582,0.031212598844941396,0.05748393447997474,9.791864825828721,0.011304724933108655,0.0007172706049030439,-0.009952536260168609,2.0874481332339423,-0.5848151692221739,-1.2009548477251522
27186,5.075,0.9979709088869536,0.0062658069117178875,0.001770050318999219,-0.06333775809863629,0.024738957988457287,0.0451663677686924,9.753127708214004,0.011303980489643678,0.0007170510710117734,-0.009951940956811902,2.085487735604909,-0.587491323421057,-1.1999671365124325
27187,5.083,0.9979707885351836,0.006261673901968407,0.0017730874657168273,-0.0633399781437308,0.001668621295085113,0.04541392716995373,9.734968214325322,0.009242872018484298,0.0012853666940090495,-0.009027232584514934,2.084055646970164,-0.5789885090371865,-1.2044531850704254
27188,5.092,0.9979711832339487,0.006256392203053565,0.0017715844216622347,-0.06333432307896758,-0.014968016374244698,0.058807760202870846,9.755538676749804,0.008908714012613563,9.88057328532303e-05,-0.007249951769018999,2.0845598580312505,-0.5807182775709082,-1.2066304986503966
27189,5.100,0.9979703334068223,0.006266564154384214,0.0017503914050567774,-0.0633472962604095,-0.022228118673293714,0.033283610573252076,9.765801776082242,0.013024339504787085,-0.004291780222667348,-0.011652198296386234,2.0870139454623873,-0.5770725586140482,-1.2083562811725947
27190,5.108,0.9979715211957809,0.006266268369655348,0.0017672416072797399,-0.06332814240131032,0.000738719033039208,0.03481578824530583,9.783953916498042,0.009944088245048563,0.0046946446203463,-0.00387936455538346,2.087505172892931,-0.5858658608050054,-1.2087575154895438
27191,5.117,0.9979694931920713,0.00627320701801525,0.001763419251995545,-0.06335951297328656,-0.05284107080945997,0.008090078921035596,9.7579121710846,0.01196293657135678,-0.00016556548704585344,-0.016057358357551454,2.087904702107765,-0.5786702063187213,-1.1966150087592928
27192,5.125,0.997969412105406,0.00627164393783549,0.0017538504506794481,-0.06336121047536931,-0.052761519476670515,0.008974867511438733,9.757911826742179,0.009934401126223203,-0.0018128949872758236,-0.00898703756891662,2.0896598372824196,-0.5816600274175063,-1.202921902339001
27193,5.133,0.9979699586585974,0.006270389318868058,0.0017573902423491212,-0.0633526275089191,-0.028747117882502865,0.02353239375637477,9.727065124722802,0.009937990461231339,0.0014409235992919216,-0.006432661829133708,2.087498763060023,-0.5753590154452973,-1.2078806905313417
27194,5.142,0.9979703185736282,0.00626467001424269,0.0017558136496890033,-0.06334756723104638,-0.036227040046371374,-0.002118294322147826,9.737342795532884,0.008905546801773037,9.796763504839437e-05,-0.007247464938018349,2.0877532659238676,-0.5802555153300946,-1.2092972874878969
27195,5.150,0.9979694222710247,0.006270683857350456,0.0017607384430651579,-0.06336095434993118,-0.02249335556006999,0.03840154690947287,9.765782383457957,0.011630600381412018,0.0019009987380859312,-0.011724099259688179,2.0857841824755217,-0.5795022652821943,-1.2071214106452886
27196,5.158,0.9979701089101916,0.006258604936319939,0.0017485615826891333,-0.06335167021021557,0.03368039936611729,0.01447535901364725,9.742804921739967,0.00753995087756142,-0.0024309494123751817,-0.006284795546024877,2.0908948524267243,-0.5807020522059372,-1.204875235077879
27197,5.167,0.9979695430911338,0.006271797019922346,0.0017771950913345058,-0.06335848169126439,0.02429025072585929,0.05438556004726202,9.753081787798555,0.012997399937517317,0.007683647460291357,-0.010131710869706512,2.084760805730294,-0.585789369798714,-1.2007210848029255
27198,5.175,0.9979704244496581,0.006264764224804792,0.0017710901315151938,-0.06334546465788618,0.03041453016670798,0.06855187943770981,9.791796105027162,0.008571145664807019,-0.0010881163473014492,-0.005468754260553347,2.0852495992011644,-0.5782213515335969,-1.2007893686951683
27199,5.183,0.9979693276114759,0.006264065196375832,0.0017837467926061661,-0.06336245640199227,0.07089007756539005,0.07039204858694965,9.740379223771146,0.009900699321383166,0.003653711367802055,-0.012575781704096666,2.0847794990091124,-0.57360606781876,-1.2032782081559517
27200,5.192,0.9979692066999363,0.006262065551504005,0.0017740939619598133,-0.06336482939567939,0.04042075253470514,0.044160464235558486,9.732509378148242,0.009930728541387341,-0.0018143603582203933,-0.008982410260074625,2.087434381642348,-0.5772286076828044,-1.1990737162045344
27201,5.200,0.9979690881037018,0.006257897076527452,0.001777120852735648,-0.06336702419335263,0.03125071261881246,0.08401545364676952,9.74276986316669,0.00923449399046828,0.0012824735842615262,-0.009021197470420263,2.094742343230334,-0.5772077464992704,-1.1968230676837315
27202,5.208,0.9979691170186515,0.006258686817854446,0.0017868109686398311,-0.0633662183098528,0.007092239014547405,0.0710634280291605,9.77361743261835,0.01026537364280852,0.0026256696302241356,-0.008205888960986413,2.086441597383757,-0.5798931723352796,-1.1968582507478618
27203,5.217,0.9979689986351086,0.0062545138574040616,0.0017898368458651138,-0.06336840935128082,0.006927971795127798,0.07185798749974479,9.773611740220243,0.009233436218336877,0.001282075027446975,-0.009020261362071758,2.0933255874652805,-0.5792233670215156,-1.2034065566927061
27204,5.225,0.9979682968055275,0.006267633546767489,0.001787973321528692,-0.06337821780549124,-0.023516019014596008,0.04572368059901706,9.765748438005327,0.013351258458534607,0.00014519321294384805,-0.01086444018729245,2.0917890427339745,-0.5842573727008165,-1.193603666082894
27205,5.233,0.9979693093358912,0.006262547727056734,0.001799760648351605,-0.06336244140829857,-0.0006791559820246164,0.04727575704297522,9.783901647587998,0.008903584809148874,0.003352129518016092,-0.0046908322005293985,2.0901887786849205,-0.5870841910030009,-1.2084821715885148
27206,5.242,0.9979692259863987,0.006259218525145434,0.0018036935465610456,-0.06336397128616081,-0.01645800753853599,0.07377320234859765,9.755434583887748,0.009231790663189075,0.001281336970364287,-0.009018890764215576,2.093806649463047,-0.5801906138702109,-1.2024172235334987
27207,5.250,0.9979691328942872,0.00625711254274391,0.0017936558013399578,-0.06336593037049934,-0.023834382305945326,0.048142109718188775,9.76573604137857,0.009927503731202951,-0.0018156866983447973,-0.008978357224455807,2.0879083390988984,-0.5776983236514627,-1.197112526345802
27208,5.258,0.9979687124888169,0.006261746184329553,0.0017948215101882146,-0.0633720604358362,-0.0008115271408814532,0.04966087967708796,9.783889822932458,0.011289480653064047,0.0007126440160667165,-0.009940022967129033,2.082775881089106,-0.5818415734883597,-1.1963782320888554
27209,5.267,0.9979690840350413,0.006255831108431682,0.0017930322024018797,-0.06336684403475243,-0.030211521913227075,0.036494376193258904,9.727020691018604,0.008898478085572252,9.609330300471171e-05,-0.0072408817840740845,2.082774977575213,-0.5691445152633977,-1.196254637052465
27210,5.275,0.9979691382145981,0.00625859972075408,0.0017892234515928772,-0.06336582501782113,-0.007216961649635052,0.03796062075490412,9.745175583759233,0.010956823237307041,-0.0004723559100417828,-0.008162232511869106,2.093598275284791,-0.5792604535700204,-1.2073107415818074
27211,5.283,0.9979684457941683,0.006271265110344184,0.0017864013991644916,-0.06337555682698003,0.0001780702196580974,0.06535399879824899,9.734854914995678,0.01334611858824851,0.00014363371865537452,-0.010860097753834124,2.0828118273978125,-0.57822598735216,-1.2012954617702134
27212,5.292,0.9979684979925739,0.00627191334391635,0.001795014603075075,-0.06337442733490294,-0.0009437304646809469,0.05324606066174676,9.7838709561474,0.010258747508044666,0.0026240361180495083,-0.008201987021701187,2.0940345865458037,-0.58212278965832,-1.2001997881799076
27213,5.300,0.9979682041286082,0.006263090977294449,0.0017927040626417824,-0.0633799925203087,0.008171124127611689,0.014920988223072836,9.773644001454297,0.008196784682047218,-6.435376843136593e-05,-0.009830325047015946,2.08820195082764,-0.5848429841335526,-1.203878970844443
27214,5.308,0.9979681077024231,0.006259556841241753,0.001796512364903946,-0.06338175210831204,-0.014860563555605843,0.014954202062670344,9.755484676470932,0.009226888509246432,0.0012796681827348165,-0.009015544012992063,2.09064733549536,-0.5780119905513648,-1.2044142698894034
27215,5.317,0.9979689441341921,0.006249825477704035,0.0018029719740218443,-0.06336935787306866,0.031969251231091,0.030062287326472422,9.74277506032225,0.007867665851232062,0.0020078458557442926,-0.005502855218469593,2.091823153603009,-0.5813718575197014,-1.1982698191236483
27216,5.325,0.9979682443484003,0.006262871265119189,0.0018010378697607007,-0.06337914466353103,0.031879871209322536,0.030925493674996862,9.742772654627377,0.01334269334337158,0.0001427510255226308,-0.010856857526576976,2.0901750779256405,-0.578765240599265,-1.206607993609945
27217,5.333,0.9979681277380026,0.006258663814100857,0.001804054364971595,-0.06338131060664522,0.015211073859174112,0.04451705085377528,9.76330926645377,0.009225205251394338,0.001279005019849679,-0.009014232889702305,2.0881811963594594,-0.5752941139854136,-1.2010398897083965
27218,5.342,0.9979680140664656,0.006256631437687516,0.0017943969530954727,-0.06338357518208304,0.006992436623994857,0.09741741337200427,9.72448353525992,0.00992199515460568,-0.0018177698245562968,-0.008972084748569083,2.093774221536739,-0.5845432246893398,-1.1979812865072044
27219,5.350,0.9979672566661855,0.006251599408156802,0.0017838293383583821,-0.06339629389719752,0.13590582022393288,0.23298965358484952,9.745438675485808,0.00922146306062115,-0.0019786218508978264,-0.011562491807210284,2.0879845180597614,-0.5858542712585978,-1.2075333306211777
27220,5.358,0.9979644501429088,0.00625379050812733,0.0017617141875195643,-0.0634408600064934,0.39287887636105523,0.6735216236888034,9.639947229072618,0.010906334424556904,-0.004781562038827889,-0.01939878870833513,2.0899064676439956,-0.5714089012256616,-1.2032615903384358
27221,5.367,0.9979588932411151,0.006227979712664925,0.0017160239189792288,-0.06353199927263102,0.6547667913679259,0.9960397617254753,9.485612907280688,0.004682441993001067,-0.010644337356889912,-0.030424736135355433,2.081632016472824,-0.5809647251016451,-1.206893720155123
27222,5.375,0.9979532508664282,0.0061631942072110585,0.001712359904818898,-0.063626974985843,0.08701523434646274,-0.13411590260932757,9.68141917450182,-0.005319391304256948,-0.0011583837396530558,-0.03119139585679489,2.091094184959462,-0.5833295303099076,-1.1987448766053452
27223,5.383,0.997950076319183,0.006136022716370847,0.0017156761680090194,-0.06367928120706695,-0.35820885773827327,-0.8279974769571321,10.083265352708425,0.0036573818148559144,0.0010412140378810112,-0.021042101118406036,2.088162994459689,-0.5803976569431614,-1.1985499839285012
27224,5.392,0.9979524565812722,0.006126106876195097,0.0016828025778711695,-0.0636438009033867,-0.504101771529369,-0.9628111003668528,10.131971337549462,0.008271763037561282,-0.007733639440395684,-8.66510755530928e-05,2.0866789827705543,-0.5742689194046795,-1.1959332841548798
27225,5.400,0.9979581541254657,0.006141297017225613,0.001698298774821798,-0.06355252053783182,-0.506408701735651,-0.7400681572085075,9.700809666440785,0.013797935175801846,0.004485991148793051,0.013444065240209697,2.0865075261913177,-0.5814437127074297,-1.2058768983103343
27226,5.408,0.9979661751273228,0.006207581148404279,0.001723827246491406,-0.06341930035606348,-0.4661762599205577,-0.33067577799164977,9.774949919095025,0.025861690435889866,0.0074641669882425914,0.02348694637383946,2.0903846944998907,-0.5875098666953095,-1.2018844275450131
27227,5.417,0.9979722966401974,0.0062517484791428535,0.0017446699000275058,-0.06331798248983876,-0.2908999363958864,0.1357895574653475,10.006756045139161,0.020669484628008782,0.006200773078946729,0.015824704144940534,2.087903171661984,-0.5750059440876089,-1.196405653370977
27228,5.425,0.997976370266551,0.006237325907000037,0.0017602146655756716,-0.06325473736773518,-0.1160578477541416,0.3508667709973342,9.681935773906028,0.006547483656363157,0.0037906705303228797,0.006702371379470951,2.076975368303359,-0.5846034903306604,-1.204451630527397
27229,5.433,0.9979752601308562,0.006269324074048965,0.00176993091215346,-0.06326881607056861,-0.04443863632362482,0.3929932396997008,9.589246234317576,0.01778056155231951,0.0034436046433727156,-0.011919521542047153,2.0870028819920416,-0.5821853732089219,-1.2068428677869234
27230,5.442,0.997971701511242,0.00629481003997546,0.001782458753084649,-0.06332204347706136,0.0534097081497394,0.31918279383674797,9.798785619801778,0.016007862673512247,0.004139397254986212,-0.021466785806715096,2.0886552215924308,-0.5747873114682505,-1.1990879712390612
27231,5.450,0.9979675939148969,0.006273156447411032,0.0017822804301400048,-0.06338889871551844,0.08389738949300898,0.1503103045821141,9.71943317007767,0.005015150460825877,0.00030009404947592394,-0.024551222170504476,2.088184325027441,-0.581646119961817,-1.2014678718744254
27232,5.458,0.9979637714606368,0.0062917290946658665,0.001803822138294608,-0.06344660134912898,0.003865537591516606,-0.03486372910395958,9.68608771800289,0.014274954025492297,0.005890195615240238,-0.022320708709725478,2.0909129187736553,-0.5775515462198327,-1.2073465980789793
27233,5.467,0.9979630305772088,0.006300150966849436,0.0018271054330608767,-0.06345675208111985,-0.03086675963682221,-0.021420741358816612,9.776176913015881,0.011931368018771269,0.006331912928545069,-0.010933389816840373,2.082339349554726,-0.5821529224789802,-1.2034590534752139
27234,5.475,0.9979647183408992,0.006298153159736876,0.0018393884676549098,-0.0634300470093794,0.04305481099716118,0.07356800588445607,9.820071907891117,0.009587661047256994,0.003515250495841922,-0.0020934127985978703,2.083565509438669,-0.5802068392351818,-1.2042010421107097
27235,5.483,0.9979675549206509,0.006297090942255356,0.001847442747833122,-0.06338527373654493,0.10741264212975307,0.1805318073241171,9.639454836043926,0.009958935686025414,0.0024958943762213473,0.002273810035822156,2.086981331150923,-0.5841105952691865,-1.2038948478254576
27236,5.492,0.9979702763210438,0.0063074645809477106,0.0018709989638762306,-0.06334068860643549,0.2503496112356289,0.36919682213243904,9.639480853050427,0.01234543665442998,0.006369446797909685,0.0021243784484647242,2.084091118843929,-0.5822085523017376,-1.2093055150260021
27237,5.500,0.9979729710766505,0.006317349918670961,0.001894526612290477,-0.06329653117954753,0.2791636577132866,0.38437004413068787,9.696295168055743,0.012344793943377988,0.006369256812541841,0.002124892826036627,2.08309178919959,-0.5763193085661481,-1.2061946818323328
27238,5.508,0.9979727038167187,0.0062757662375491656,0.0018943831022281532,-0.06330488533708832,0.3101535165489476,0.333599623975154,9.753363266373858,0.0002853411497355925,0.00012325711955665333,-0.010466340474741842,2.0848237414227144,-0.5790348672228176,-1.2093302929781637
27239,5.517,0.997971886630761,0.006253039894828806,0.0018760319945066227,-0.06332056135782199,0.25555975963639765,0.17449931208364863,9.640160228725975,0.005098014731305431,-0.004109500945076096,-0.01225844011229764,2.089453298543835,-0.5799997961622314,-1.2080664970279136
27240,5.525,0.9979686240053366,0.006238962987819029,0.0018811715217528207,-0.0633731965063901,0.21258802563126422,-0.06180367816339795,9.751718897549793,0.006739821502605997,0.0018007936852206057,-0.021141390568066215,2.0862402260820865,-0.5809253206438586,-1.2027097184115996
27241,5.533,0.9979661600639693,0.00621675241615458,0.0018718856318661141,-0.06341444157882169,0.09137329237746933,-0.26130915779234715,9.818943605533027,0.005052914011839303,-0.0019096884995354639,-0.018400244442690603,2.085531345610298,-0.5763169906568665,-1.2059327118558436
27242,5.542,0.9979646255067276,0.006222019680339227,0.001863215424309537,-0.06343832545549691,0.0069762443756120705,-0.3286581057437668,9.834289165715232,0.011595190427498405,-0.0013718072527931797,-0.014242930220068699,2.082138469632104,-0.576105311765353,-1.209377738712082
27243,5.550,0.997964429025466,0.006232877084385165,0.001855575034089882,-0.0634405744332451,-0.10875376813709903,-0.34444501186185733,9.79256502107957,0.01299558891181126,-0.0010436502929219984,-0.00906248296181265,2.08649712354107,-0.5770354720655433,-1.2044538809712868
27244,5.558,0.9979654112078334,0.006260417031674904,0.0018640324369606405,-0.06342216169797298,-0.09914989798026479,-0.17242178736421598,9.820350496581199,0.016781202558876652,0.0031591631876389864,-0.004032512164977635,2.089160471720251,-0.5872611012552911,-1.2014074226342173
27245,5.567,0.9979668598749388,0.006270750607850003,0.0018473279242495564,-0.06339883009732372,-0.11878433174592058,-0.014628252838942256,9.791264224162159,0.01303925062344198,-0.003243309577867292,-0.002917871813151738,2.083366092185406,-0.5788000092384885,-1.2103198113464964
27246,5.575,0.9979703960643324,0.006273091842280758,0.001855831882571704,-0.06334266165833724,-0.08414418226647918,0.1837901636658887,9.739014341153108,0.01065574845839225,0.0026643434476937367,0.004865183311613487,2.0793813391122895,-0.5799186693373769,-1.1995953607779832
27247,5.583,0.9979710675889235,0.0062935514678981695,0.0018410047754968742,-0.06333048370857632,-0.1017933179925026,0.27593961600863337,9.710144822894136,0.01542220969069827,-0.0026306504212292472,-0.005611268097870709,2.083271389386775,-0.5803860673967537,-1.1973650621915881
27248,5.592,0.9979706727595485,0.006298236148140815,0.0018416825158778021,-0.06333621980184546,-0.06510375940824935,0.3176668824427494,9.75654077103716,0.011263782086792348,0.00070322127477123,-0.009918682151895099,2.0823145853251015,-0.5789467866701183,-1.2000714621109727
27249,5.600,0.9979694595494311,0.006296941335538085,0.0018228116963114117,-0.06335600756008769,-0.07865582523946482,0.27866058774583574,9.72825315273678,0.010234106640536703,-0.0039046174036074404,-0.01327435007824653,2.094052585116315,-0.5799488021580371,-1.2026618797916104
27250,5.608,0.9979673674011567,0.006286410497213368,0.001811907229545674,-0.06339031185959808,-0.04210800980604209,0.1101322318502719,9.736916911260568,0.007803652089036249,-0.002320939397262841,-0.016722499242328694,2.0867340175488196,-0.5784909781571494,-1.2034616968051741
27251,5.617,0.9979655269159884,0.006297754838602021,0.001813312319796601,-0.06341811468120144,-0.06100544010736612,-0.020784092113617276,9.7193750841978,0.012943028039691334,0.0011507065069131031,-0.015200673225920863,2.093537208920253,-0.5847966259479215,-1.1989572457418718
27252,5.625,0.9979648684638316,0.0062781310885815355,0.0018143392715958117,-0.0634303914146015,-0.06731901216805687,-0.12481692097810686,9.779170878023214,0.005419360839925646,0.0003265773044517806,-0.011484060748106073,2.086513405280644,-0.5738826481701571,-1.2066811208738313
27253,5.633,0.9979649594985245,0.00628054192233444,0.001809611764251098,-0.06342885551176815,-0.04335096197737147,-0.11045605977597295,9.74827248743023,0.010932658175943567,-0.00047775813005479175,-0.008139222139636575,2.0896368407160457,-0.5787003391393815,-1.1997761162259661
27254,5.642,0.9979657926214226,0.006272874610583285,0.0018035151909609108,-0.06341667867818832,0.026619452757891342,-0.09435502246203596,9.753694943903648,0.008549609098141729,-0.0010908793218294911,-0.005445003102121733,2.0813328984250665,-0.576010277484809,-1.19937404573467
27255,5.650,0.9979673380496666,0.006281518614073539,0.0018313331485653682,-0.0633907006497233,0.024325509026987276,-0.02804349666711091,9.753369018286659,0.011960063426028544,0.007392644630281665,-0.0022415351803634367,2.088937990124193,-0.5838711014662942,-1.2043711343675723
27256,5.658,0.9979685605892584,0.006283451808371177,0.0018358624804462105,-0.06337112842398544,0.0991205400810972,0.08005893635707818,9.74802990860766,0.010604792415294537,0.001602725074877813,-0.0038189500492906117,2.096688514832831,-0.5737806601617687,-1.195864747650052
27257,5.667,0.9979694005318765,0.00627363783271609,0.0018423114337345187,-0.06335868495299456,0.07599754959469657,0.07999878011991626,9.729862896423509,0.007847774728287422,0.0020042593223970084,-0.005491214530563321,2.089627290747375,-0.5877215455868232,-1.198469740381261
27258,5.675,0.9979696303183089,0.006279234483503023,0.0018578835882413379,-0.0633540562648662,0.0434287794295186,0.11904840107570998,9.721764857514883,0.011257223968132276,0.003963784812642652,-0.007371769756235935,2.0906006645984103,-0.5818577988533304,-1.1980299837693602
27259,5.683,0.9979695191254419,0.006274925579641416,0.001860865875268641,-0.06335614716583296,0.035909104788442066,0.09349081447159699,9.732178213274988,0.009201318128019092,0.001269307708841206,-0.00899632456460047,2.0901325184547654,-0.5748035368332214,-1.2007861248021927
27260,5.692,0.9979698055533593,0.006251625902696812,0.0018525441312844356,-0.06335418263702237,-0.011967466175807968,0.06667761568465472,9.793996286098533,0.004763839190155697,-0.002037664596024436,-0.007927728316509088,2.091384803573063,-0.5821691478439512,-1.205101881716752
27261,5.700,0.9979679956181136,0.006265035944279795,0.0018408776562373632,-0.06338170253344026,-0.025425009064939712,0.027514642458815377,9.765767989515004,0.013637194089278186,-0.001949058842993039,-0.015146229361378036,2.0882076943641263,-0.5792349565679233,-1.2046646506291456
27262,5.708,0.9979691931648609,0.0062647875018677,0.001858357508570327,-0.063362358216876,-0.04851147815604978,0.02764123870103449,9.747602081654428,0.009900380907721726,0.0046988117885256985,-0.0038651491623050453,2.0988552817593984,-0.5752060334327146,-1.1916846857003658
27263,5.717,0.997969082370148,0.0062604689803104335,0.00186133791620276,-0.06336444257304935,-0.02785606552189923,0.09472210428847881,9.765384678779128,0.009199025553299305,0.00126863508826804,-0.008994704066867537,2.088862884118273,-0.5859709158695673,-1.1940971036020802
27264,5.725,0.9979693602273804,0.006270426059719522,0.0018515202304514055,-0.06335936929309813,-0.018456478509857963,0.05652147997506662,9.755326261128442,0.012656557483300947,-0.0022277184822105615,-0.0072728498759573445,2.0933131460461,-0.5784747527921785,-1.2017046485448628
27265,5.733,0.9979694530836544,0.006272812942757266,0.0018467873057759112,-0.0633578085664613,0.011910128610539809,0.08470437084955316,9.763047900805704,0.010926826518523024,-0.00047990720610608707,-0.008133129228832534,2.0832801260384017,-0.5830830827791708,-1.198560181363525
27266,5.742,0.9979703233760271,0.006265634198584282,0.0018411021129517255,-0.06334497479553554,0.05159953130910437,0.07363629043684765,9.760722524341737,0.008545533544093277,-0.001092012887064463,-0.005440108186496155,2.088897062763728,-0.5821088822026306,-1.1987725280322319
27267,5.750,0.9979700371646703,0.00625669523276586,0.001838734751016747,-0.06335043599555053,0.02138546789266367,0.047089094083702286,9.752994536747925,0.008169483575969697,-8.006166117179268e-05,-0.009805487484666144,2.0848290444124684,-0.5797742098150285,-1.2100557087317834
27268,5.758,0.9979697897693521,0.006250233533904049,0.0018234164968102832,-0.06335541366581002,0.04026797679509202,-0.03039416450723217,9.73291548881652,0.008870927025952505,-0.0031757382941017694,-0.009756057829371513,2.0796348706858208,-0.5730946294830336,-1.200879091308751
27269,5.767,0.9979679540622297,0.006261515808683896,0.001824795288025682,-0.06338316974388626,0.04876638528810633,-0.08142718913007291,9.771968347620644,0.012928507195070112,0.0011430901562250358,-0.01518928021880842,2.0845442201676687,-0.5745941758509894,-1.2044913369471268
27270,5.775,0.9979678235096193,0.006259082964223442,0.001814680688141773,-0.06338575592292789,-0.004419364192664189,-0.1085888619196971,9.746099388826114,0.009896758068200043,-0.0018282026752865636,-0.00894273680839422,2.090832696163137,-0.5762265921948858,-1.1963726478807104
27271,5.783,0.9979671420931204,0.006271565522671581,0.0018118197297365352,-0.0633953316708081,-0.03039250147439984,-0.05585480592302852,9.77661296987434,0.013302807283495973,0.00013124050252399686,-0.010822405157552038,2.088927485809315,-0.5809276385531401,-1.202934209944429
27272,5.792,0.9979676773971173,0.006270520401535948,0.001816556622904385,-0.06338687219395697,-0.053424576405370586,-0.05577409453428009,9.758456615614927,0.009894885007304663,0.0014354137443921002,-0.006402662143822559,2.088646247723333,-0.5755081107862088,-1.1978604022042338
27273,5.800,0.9979679473198352,0.006277496045687912,0.0018171684905241594,-0.06338191433136615,-0.07230156984102772,0.023290126963093915,9.778499806735752,0.011948760277409359,0.0008673682564402835,-0.007317404890401958,2.08404478682908,-0.5811717681745955,-1.2029675858529458
27274,5.808,0.997968664824138,0.006280992563489722,0.0018267848989064676,-0.06336999304464655,-0.09027811138396678,0.11520767147069953,9.749436606092544,0.010920602136782746,0.002783293968495726,-0.005590116205112521,2.091329734906587,-0.578435348334392,-1.1975688333717593
27275,5.817,0.9979689072804067,0.006285860546932482,0.0018404516944270834,-0.0633652964665741,-0.06971595407389805,0.18244783019485897,9.767138530325171,0.01124494635280561,0.003962309860570464,-0.007366453180944796,2.0872040499644515,-0.5840827803578079,-1.2009635859549936
27276,5.825,0.9979688031468166,0.006282155046748925,0.0018446118224341242,-0.06336718299643712,-0.06267353348516162,0.2096576081382858,9.756660423369667,0.009191164445334334,0.0012655142694422586,-0.0089894247661735,2.0989156364715233,-0.5799233051559399,-1.1999408319516291
27277,5.833,0.9979688699205022,0.006282409497236856,0.001852930367279442,-0.0633658634404942,-0.01497507623110944,0.23779072957163763,9.694780814833218,0.010217135246454444,0.00261372514122854,-0.008177292089310744,2.0893658188951556,-0.5803744778503458,-1.1960998295039758
27278,5.842,0.9979677930885477,0.00628415261705235,0.0018542581694408048,-0.06338260889629754,0.009026157130358389,0.16124264712900865,9.762482526995798,0.010542274337967382,0.0005276667491502907,-0.012491403784208857,2.0830021352291372,-0.5823066536384549,-1.193930580720804
27279,5.850,0.9979686348765396,0.006274296062915221,0.0018607058698622534,-0.06337014111738591,0.012023865698887524,0.10930735510817367,9.713843180980607,0.007837344891378375,0.0020025814895824915,-0.0054852398216255855,2.086419690716432,-0.5869451164461074,-1.1938615559920602
27280,5.858,0.9979683912238914,0.00626654560119022,0.0018599041347893046,-0.063374768487439,0.04335765739445461,0.05896516576978223,9.771101152637698,0.008162735736527144,-8.376810361311603e-05,-0.009799228388086596,2.0881646604583093,-0.5821088822026307,-1.1987778820956119
27281,5.867,0.9979681068879682,0.006257575778877903,0.00185752435066447,-0.06338020182283668,0.062191711683583395,-0.01854838768366618,9.75111146081231,0.008162209130254576,-8.392420628397512e-05,-0.009798806601844061,2.0796433023435563,-0.5801859780516476,-1.2020324892283996
27282,5.875,0.9979681903143727,0.006258401642912941,0.0018662589791412798,-0.06337855005406191,0.09447859888672427,-0.05599531848442356,9.759287615336776,0.010214067361543908,0.0026133302607526244,-0.008175375485359073,2.0862916577574295,-0.5856310028206763,-1.2097452491700835
27283,5.883,0.9979683954636571,0.006247733066677062,0.0018590897584592574,-0.06337658299791496,0.07991828787745137,-0.10801709565484802,9.780241424438076,0.007837185210372388,-0.0012629228234053338,-0.008021190636161005,2.092812097541205,-0.5826087309919492,-1.1999599528256195
27284,5.892,0.9979684205348137,0.006263746753478919,0.0018570067415425418,-0.06337466858154014,0.08721760442198125,-0.0807413214523911,9.769773916282398,0.013996219380393648,0.0002989764952093106,-0.008225927412406984,2.082599917893053,-0.5768029319904957,-1.2057053693161088
27285,5.900,0.9979685165006187,0.0062660881192221,0.0018522681637790956,-0.06337306459282696,0.0705525657257623,-0.06700960461569139,9.790241055592315,0.010915829024462196,-0.0004823395665065905,-0.008122796477084004,2.0866910683635282,-0.5801442556845798,-1.197586517508387
27286,5.908,0.997967826492242,0.006278773146556487,0.0018496927031757648,-0.0633827494751428,0.04760328935664633,-0.06692244932939687,9.772084181553847,0.013292461735330342,0.00012792745560418931,-0.010812738021247353,2.0979431098257426,-0.5735805708166629,-1.200496480930997
27287,5.917,0.9979684778437626,0.006297034005859631,0.0018479504956146434,-0.06337073198171767,0.02242891273023739,-0.0012179025304238896,9.753413804710954,0.014695926699564994,0.00046939477341394344,-0.0056360311690430405,2.0889273163682645,-0.583368934767694,-1.2029110314709355
27288,5.925,0.997967744681321,0.006307592314615765,0.0018592711361709604,-0.0633808959049437,-0.010125237838175587,0.03807208253926589,9.745216600019415,0.012586775529631566,0.0032221016770657245,-0.010863343197339064,2.088617270403002,-0.5815742647740887,-1.1938964864436057
27289,5.933,0.997968016724368,0.006314527939428767,0.0018598809924606204,-0.06337590373973231,-0.03641527861032595,0.09087611526181252,9.775627200173346,0.011938960564197175,0.0008659154773615223,-0.007309168166190796,2.0874627828631063,-0.5794628608244078,-1.202958825155285
27290,5.942,0.9979675120377272,0.006332136126552435,0.0018634940146322288,-0.06338198765708145,-0.09189475430775317,0.12919551138478333,9.749246175903313,0.014314803807612296,0.0014757131188558468,-0.00999859276367368,2.0789356473236578,-0.5836362434819651,-1.2054231168086713
27291,5.950,0.9979671195276596,0.006336152419050491,0.001863536045969151,-0.06338776496765527,-0.07751424304373919,0.18297870466822355,9.728238599515674,0.011235255836146015,0.0006939530779595936,-0.009895820684508122,2.08718994254665,-0.5816229408690016,-1.1990337796400397
27292,5.958,0.9979667590009424,0.006340774764428513,0.0018635826490220587,-0.06339297724710574,-0.10055310688705812,0.18295516566025116,9.710056719234217,0.011234529653007674,0.0006937376960737374,-0.009895238874890775,2.0840300185911804,-0.5882329839225494,-1.200947383491368
27293,5.967,0.9979664770543852,0.006331776372773037,0.0018611880284390328,-0.0633983853323378,-0.08486073587598088,0.15828687747112266,9.738706899636266,0.008155513259781325,-8.812796759161682e-05,-0.009792786126722134,2.086719300143236,-0.5848198050407372,-1.2014484479856442
27294,5.975,0.9979658625593091,0.006345228050243267,0.0018587295556079873,-0.06340678490259677,-0.08582985225834683,0.14642773711884163,9.787806492513242,0.013285974251210106,0.00012563460148889343,-0.010806941045324727,2.0847755400799826,-0.5792164132936709,-1.202736651469805
27295,5.983,0.9979667067420964,0.006335338998899535,0.001865173236555123,-0.06339429661177304,-0.06923743555439558,0.134563666831502,9.767347816094725,0.00782929182960459,0.002001066643305932,-0.005480685955331979,2.0825835683770584,-0.5809322743717034,-1.2034688580241673
27296,5.992,0.9979668898499975,0.006322858897007115,0.001870996212716234,-0.06339248844826682,0.004912500382095578,0.01976575420930492,9.773857129087778,0.007126511301321252,0.0018286066563069066,-0.008068024769532731,2.0852320750655955,-0.5735597096331289,-1.1983921768092467
27297,6.000,0.9979672731409218,0.006316767473227174,0.0018691684764503642,-0.06338711539081907,0.014295916078068106,-0.01867764651385487,9.763921723736486,0.008856155450822807,8.3430403004335e-05,-0.007203472914730225,2.085819874622652,-0.5795486234678255,-1.2120038726164066
27298,6.008,0.9979673119947826,0.006316852107525334,0.0018772727628369864,-0.06338625573682016,0.05384592346827561,-0.029675839718992323,9.761646475045705,0.010203371591655326,0.00261031494349264,-0.008169060071588536,2.086473364489968,-0.585061616752911,-1.201203791727532
27299,6.017,0.9979674102572883,0.006319160006975913,0.0018725266467548797,-0.06338461899487219,0.06950216417424367,-0.05423809009806915,9.790327653193794,0.010907862097230525,-0.0004846292973123591,-0.008114914100355183,2.08454724717102,-0.582410959556125,-1.2049054120290599
27300,6.025,0.9979688918704032,0.0062952564499718314,0.0018719098634580019,-0.06336368485695955,0.10066467607299967,-0.013583921510261467,9.748861633223969,0.004427457250779484,4.1506105349946085e-05,-0.0036011804430586335,2.0919105146429526,-0.5827060831817746,-1.210220261716141
27301,6.033,0.9979674416344447,0.0063177396772581456,0.0018708928795068522,-0.0633843148011041,0.08393936057061978,-3.869966423845092e-05,9.769301655007629,0.015656415653028895,0.0007335163211448529,-0.013491813134849845,2.0850681296860967,-0.5753729229009867,-1.2093632760006106
27302,6.042,0.9979682818594965,0.0063077458249112765,0.0018766673484070387,-0.06337190911339725,0.07755844639209582,-0.012757355014967713,9.730700336315488,0.007826350268927204,0.0020005628042882267,-0.005478885608718295,2.0884450458627133,-0.574098962880234,-1.2037350483414648
27303,6.050,0.9979676062949815,0.006320132962046014,0.0018737833759853452,-0.06338139822587745,0.06799458721456626,0.027199443329256567,9.74061624479169,0.013280184015390628,0.00012382833552379688,-0.010801558410203704,2.0855205193574236,-0.578011990551365,-1.204451748333063
27304,6.058,0.9979671753612306,0.006324000853399956,0.0018739843782361397,-0.06338779138985529,0.051260887713659664,0.04092418654485303,9.761048176010057,0.011227081363215048,0.0006913216181804944,-0.009889075236305195,2.08818944163204,-0.5850708883900373,-1.2021677913072024
27305,6.067,0.9979669893210408,0.006334695424850059,0.0018663179810726605,-0.06338987866029044,-0.005091230053300341,0.06639287804425079,9.783745433606773,0.012956585570365803,-0.0010532560191782413,-0.009023398376989693,2.087954586393222,-0.5799557558858819,-1.2034388662821114
27306,6.075,0.9979672861832884,0.0063421783251881945,0.0018674237004609705,-0.06338442403917188,-0.020840858167208508,0.09280531913651721,9.75504375180899,0.011928344886374632,0.0008646293030328037,-0.007300822843924038,2.089671990651814,-0.5865588452115851,-1.2045844070819054
27307,6.083,0.9979665167814328,0.006334833650518449,0.0018697930113566338,-0.06339720135660201,-0.051102681267112364,0.06628679859430427,9.747402643469067,0.008470107220938416,0.0010841741544751972,-0.011563144089253964,2.087918928134302,-0.5794211384573398,-1.198561040005692
27308,6.092,0.9979667502311067,0.006324812362277261,0.0018633878992091947,-0.06339471561008417,-0.06059463932362653,0.10604110445119594,9.757294250813484,0.007826383159803179,-0.001268690352114141,-0.008009180504193528,2.0898399288486518,-0.5786470272259056,-1.1941595002713872
27309,6.100,0.9979653005426448,0.006347262317700177,0.0018623626588377114,-0.06341531975182833,-0.0835471098262262,0.10600745593134261,9.739119180179761,0.015648561619853143,0.0007311166462688582,-0.013485625803758618,2.080591301977183,-0.5799047618816874,-1.198121698747681
27310,6.108,0.9979661292494397,0.006337932699684897,0.0018701721015642152,-0.06340298050009945,-0.05840500818575412,0.042473189808424655,9.757923310240024,0.007822185483024479,0.0019999199333377068,-0.005476634185839382,2.0866518239457896,-0.5798491320589302,-1.1922181271875065
27311,6.117,0.9979644752193143,0.0063536575081435155,0.001876840564856347,-0.06342723946383061,-0.051388576872694255,0.06972119032486784,9.747377183465819,0.013916210120456175,0.002474225285880152,-0.014349637011278477,2.0849701626666435,-0.5725600120544917,-1.1959620019008783
27312,6.125,0.9979649843153572,0.006352512617113011,0.0018821254529027558,-0.06341918690489891,-0.04204564021079793,0.03158569987151852,9.73748877568188,0.009872780716539296,0.0014321246459144863,-0.006386767434178775,2.08961214426284,-0.574517684844698,-1.196397796251122
27313,6.133,0.9979653699930611,0.006346387942719788,0.0018802904667129877,-0.06341378527146138,-0.009635382993390165,-0.005758316501548862,9.74577415664437,0.008848276799239217,8.112431395035885e-05,-0.007196521921819485,2.0920243385195234,-0.5830251350471318,-1.1923928551390677
27314,6.142,0.9979650595106455,0.006337959467118165,0.0018800567400660375,-0.06341952106694712,0.013328990789893911,-0.004069802957719351,9.763940107508061,0.0081447520494248,-9.41104936555386e-05,-0.009782957801315696,2.0835001906188912,-0.5698676324906377,-1.1952658370528135
27315,6.150,0.9979656203771833,0.006336429955388525,0.0018835812639201408,-0.06341074295595794,0.0299849676980186,-0.016065913266368328,9.743519249579576,0.009871336258224566,0.0014319721164718433,-0.006385793131940397,2.090633414462715,-0.5728667252265491,-1.202509959895292
27316,6.158,0.997966293974089,0.006341278537123742,0.001880420410136855,-0.0633997499775741,0.06729043719911684,0.03854620139789517,9.740582840149235,0.01160148159906129,-0.00031149113683967544,-0.005519182739375799,2.0891520061743045,-0.5806580119295878,-1.2002493890198698
27317,6.167,0.9979669942554661,0.00632886842185291,0.0018684475270375831,-0.06339032027880054,0.05068918253479786,0.052056590374502866,9.76099813770526,0.007502029093084792,-0.002446178284900864,-0.006228285435147739,2.0828563239729894,-0.5799928424343868,-1.2073823143026656
27318,6.175,0.9979672494298477,0.006333943138011878,0.001882150038645227,-0.0633853905957964,0.057815393610816924,0.07918678828901644,9.750438384253174,0.011214257915076707,0.003958235961292816,-0.007351812547483382,2.091845178879069,-0.5726110060586859,-1.2012827388108953
27319,6.183,0.9979681247479568,0.0063261286248053866,0.001875536204020144,-0.06337258435330624,0.04817120122407854,0.11909064448450797,9.76029128487598,0.008525220897741147,-0.0010952338514721035,-0.005417608232132375,2.092595020599532,-0.5784932960664309,-1.2036629873966902
27320,6.192,0.9979671915914871,0.00633166416370639,0.0018812487644139528,-0.06338655566447056,0.04094391916584522,0.09354470535516624,9.77084170043731,0.011537190304195099,0.0018630562515953798,-0.01165766040562253,2.087938711312169,-0.5772494688663385,-1.201267254715951
27321,6.200,0.9979672931037519,0.006333920974280641,0.0018764944220621938,-0.06338487287157626,0.010732183845257086,0.0670769197018234,9.763230244576523,0.01089575846739825,-0.0004877287614787137,-0.008103522313529093,2.08762803841502,-0.5844875948665824,-1.1921669493366955
27322,6.208,0.9979670167282703,0.006325601058834366,0.0018755222699043614,-0.06339008368772328,-0.019395063959305806,0.04046484686767984,9.75562420802036,0.008140905764123072,-9.647494461163982e-05,-0.009779636333862642,2.07740681712135,-0.580379113668909,-1.1966755254029602
27323,6.217,0.9979662790032042,0.0063203369101476736,0.0018648200125569653,-0.06340253748993235,-0.020248270663161042,0.028562939599115357,9.804766026932647,0.00916772823770388,-0.0020157598830711455,-0.011498677918383863,2.0869623443459937,-0.5748081726517845,-1.2012975719406176
27324,6.225,0.9979658779083205,0.006324570595542522,0.001865331309840392,-0.06340841329478547,-0.026441134195773562,0.0156292819094171,9.766187036448846,0.01121390379082688,0.0006871687402086213,-0.009878886193536267,2.0888688648722304,-0.5769450736035624,-1.1949152332496733
27325,6.233,0.9979650009217346,0.006330169887928601,0.0018701256762914604,-0.06342151460212388,-0.03372266904305859,-0.00981129134697882,9.776756677135813,0.011532988243077276,0.0018618983364098532,-0.011655008385167778,2.084983846481819,-0.5811230920796828,-1.1978338620320987
27326,6.242,0.9979649146200942,0.0063284010011844805,0.001861436922629063,-0.06342330471254574,-0.02654866189757636,0.017421171484131553,9.766183711985585,0.009869465398923779,-0.0018397918204437922,-0.008910444454340383,2.094062835269617,-0.5865542093930219,-1.2040640365045139
27327,6.250,0.9979652217664373,0.006337361865602743,0.0018489927082415165,-0.06341794079923548,0.013299247169529922,0.0066384706423901,9.763938742284486,0.012623049927321713,-0.0022305081022248687,-0.007233173140410343,2.0871882934921344,-0.5796675859880769,-1.1988081993202784
27328,6.258,0.9979664425556202,0.006337346591334891,0.0018670708121913823,-0.0633981988517368,-0.009763874480547175,0.006510733272049553,9.745773556308093,0.009860034624770267,0.00470228735898017,-0.0038532983863401827,2.089164108711384,-0.5862892185880326,-1.2019049402207265
27329,6.267,0.9979662605364488,0.006347978395361654,0.0018593985553400213,-0.0634002258529245,-0.002742510502008929,0.03379782029832194,9.73519156468344,0.012941531462033973,-0.0010563471808051636,-0.009008651513286298,2.0837170303430925,-0.5774008821165316,-1.1915303526188519
27330,6.275,0.9979663776063904,0.006351037332797921,0.0018559407193253856,-0.06339817801817223,0.020279672818196964,0.03581376270338494,9.753352830744673,0.010890444029193296,-0.0004889729785618085,-0.00809897017403311,2.0996444526181253,-0.5801627989588322,-1.1994449138437882
27331,6.283,0.9979665901724459,0.006340281598186585,0.0018487352893281567,-0.06339611901897337,-0.012171419309628149,0.074623748321256,9.745002908130523,0.007816638519055013,-0.0012735919943868852,-0.007998809744146976,2.0842621348764334,-0.5813811291568276,-1.199301636839465
27332,6.292,0.9979660875534843,0.0063577531338148,0.0018525907166625493,-0.06340216854271043,-0.005020964846907327,0.10188050204804416,9.734407616330026,0.014281548276683759,0.0014696585694424697,-0.009974542156334894,2.091629293501076,-0.577042425793388,-1.205148771823295
27333,6.300,0.9979667897449443,0.006345320653460824,0.0018406121435107178,-0.06339270950915528,-0.021714208339389047,0.11550478691668267,9.754799478256608,0.007496677739845895,-0.002448281967115442,-0.006221086430974971,2.096711223349419,-0.5808905520046352,-1.198971130358148
27334,6.308,0.9979673918229928,0.00636159846989857,0.0018530870018915316,-0.06338123532627979,-0.021765425195225282,0.11637568148675015,9.754789017251104,0.013956590384865297,0.0035671718402286827,-0.00566980555359108,2.0882415510715853,-0.5800113857086392,-1.2092960359596596
27335,6.317,0.9979672905351267,0.006357101740564188,0.0018560144250361367,-0.06338319564279458,-0.02196842059216254,0.11731378028404862,9.7547773220172,0.009156614126715402,0.0012517415341992957,-0.00896475997948296,2.081551522756625,-0.5835458450199844,-1.195882684399265
27336,6.325,0.9979667532649225,0.0063569286383212634,0.0018507474908163353,-0.06339182573394093,0.000959452869611967,0.11916627760248404,9.772932260500685,0.010183267107344634,-0.0006683994536873402,-0.010681818667863208,2.0884392684380173,-0.580195249688774,-1.2029447328620635
27337,6.333,0.9979670317794946,0.006363740610335061,0.0018513532684124002,-0.06338673976271056,-0.019599442158021004,0.05353415440637802,9.755560837731048,0.011909132208638486,0.0008623823374695707,-0.007286481481196158,2.0860175750449788,-0.5799766170694157,-1.2056502516714611
27338,6.342,0.9979675328754919,0.006344860441973402,0.00184710389634852,-0.06338086682566392,0.010505973243580137,0.08168336536001586,9.763119209904058,0.005763970824363095,-0.0007076294835082606,-0.007087410436993604,2.0916343084410447,-0.5819319719503404,-1.2058347841719756
27339,6.350,0.9979670821650347,0.006331168515604411,0.0018392963332260835,-0.06338955915001336,-0.009945427994713112,0.015671062457940067,9.74576294618638,0.007109351689531679,-0.001454088297356659,-0.010581072543071552,2.0908468035809387,-0.5786864316836922,-1.1983024541956642
27340,6.358,0.9979666906399484,0.006335469812191958,0.0018401770159315622,-0.06339526752020792,-0.010836529184600636,0.0038813957938120675,9.79492485149493,0.011203374401360214,0.0006834850206693786,-0.009871045614702855,2.084712994101979,-0.5803559345760934,-1.1941807537836016
27341,6.367,0.997966444849283,0.006328494535491305,0.0018246831170383683,-0.06340028109811753,0.022732413911715623,-0.020791431040721127,9.754138992542972,0.00883960478884858,-0.003195764921530149,-0.009711303098726903,2.0838048997061884,-0.5714112191349432,-1.2035503306318245
27342,6.375,0.99796532752128,0.006327452102399422,0.0018378769625369063,-0.06341758922812818,0.022717965889636954,-0.020032224020341178,9.754140615516999,0.009788643508427047,0.0035977635467061794,-0.012515754409429924,2.0911090718060965,-0.5745594072117659,-1.2007813038983688
27343,6.383,0.9979656370888067,0.006336378201523786,0.0018254331545620754,-0.06341218569816186,0.03603194267009949,0.021073101592447765,9.782084424265443,0.012614619665428534,-0.002231260017919476,-0.007223684871765127,2.092508817235058,-0.5861941843074887,-1.191870907550828
27344,6.392,0.9979650344775346,0.006334245969003666,0.0018350576520869723,-0.06342160398217314,0.00592088854907113,-0.005474460625385189,9.774533625551388,0.009469034814831093,0.0024235945747028537,-0.010738069364967563,2.083707988697574,-0.5790981999203114,-1.190293512194627
27345,6.400,0.9979648249338734,0.0063427050401268,0.0018404334500783546,-0.06342390000775472,0.02961669738572361,0.009018567711921204,9.743529449092417,0.012221949831654077,0.002035662749388886,-0.009059744458535173,2.086251221776012,-0.5767890245348064,-1.2042138604078738
27346,6.408,0.9979650561428125,0.006347783732396393,0.0018551332067786336,-0.06341932544851865,-0.004106282963926932,0.03546615163985113,9.784301645068354,0.011194062007559537,0.003955968148600375,-0.007343109846899983,2.093038555010497,-0.5801442556845797,-1.1975401156257606
27347,6.417,0.9979651614276678,0.0063499794370494465,0.001850371755105587,-0.0634175879560723,0.026762331804408627,0.07632694328733067,9.742670300033517,0.010881046020362987,-0.0004910387734442462,-0.008090300102508205,2.082059574138105,-0.5813741754289831,-1.198585329733937
27348,6.425,0.9979654150974635,0.006355290527115358,0.0018651619833126778,-0.06341263062229602,0.03283413911210655,0.09108120800033759,9.781211724756382,0.011192712236019482,0.003955655031300939,-0.007342348482734625,2.0908788248487253,-0.5801929317794924,-1.2026827628855743
27349,6.433,0.9979655511392986,0.0063596138769933955,0.001847348590626446,-0.06341057761727838,0.001160158859247732,0.14249781147827878,9.723620929376997,0.011589732257179212,-0.0035850798768703143,-0.008027958608603778,2.07919377023453,-0.5878049903209593,-1.2073349135043867
27350,6.442,0.9979654705422618,0.0063535925642361464,0.001862965201049958,-0.06341199277384613,-0.039498561410820775,0.14245695316596638,9.77499961886965,0.008437949414710901,0.00434227927355246,-0.009019921732448623,2.0874644996940424,-0.580441697219511,-1.2031936768644433
27351,6.450,0.9979654017469365,0.0063511897386304755,0.001852831971361879,-0.06341361303905153,-0.006121428363343016,0.1176976708234333,9.73422858863468,0.00985725281274169,-0.0018450707805064582,-0.008896556983730111,2.0845372172910834,-0.57263186724222,-1.203533387331698
27352,6.458,0.9979641193951783,0.006345365930379637,0.0018599782898898124,-0.06343416438936905,-0.05297930371176539,0.10372976649618855,9.747066074030354,0.008759251636441145,0.0022402013480860793,-0.0133195303540407,2.0850001451654987,-0.5777261385628415,-1.2000634197819926
27353,6.467,0.9979642256722492,0.006347547946473978,0.001855214966110422,-0.0634324135666082,-0.043436508670097636,0.06541905232420597,9.737314145923055,0.010877780219737482,-0.0004916574638832831,-0.008087132263843931,2.081806669496461,-0.5791654192894766,-1.197387359555095
27354,6.475,0.9979633442533036,0.006353469886937027,0.0018606105355472061,-0.06344552841290932,-0.027661131588947712,0.04109919517252978,9.766109684119368,0.011510938011149937,0.0018531815757715877,-0.011640106767948993,2.0947922614040015,-0.5780050368235202,-1.203651560901249
